$date
	Wed Nov 05 13:24:39 2025
$end
$version
	ModelSim Version 2020.1
$end
$timescale
	1ps
$end

$scope module i2c_slave_tb $end
$var reg 1 ! clk $end
$var reg 1 " rst_n $end
$var reg 1 # scl $end
$var wire 1 $ sda $end
$var reg 8 % reg_addr [7:0] $end
$var reg 8 & reg_data_in [7:0] $end
$var reg 1 ' reg_write $end
$var wire 1 ( reg_data_out [7] $end
$var wire 1 ) reg_data_out [6] $end
$var wire 1 * reg_data_out [5] $end
$var wire 1 + reg_data_out [4] $end
$var wire 1 , reg_data_out [3] $end
$var wire 1 - reg_data_out [2] $end
$var wire 1 . reg_data_out [1] $end
$var wire 1 / reg_data_out [0] $end
$var wire 1 0 reg_valid $end
$var wire 1 1 reg_read_req $end
$var wire 1 2 reg_read_addr [7] $end
$var wire 1 3 reg_read_addr [6] $end
$var wire 1 4 reg_read_addr [5] $end
$var wire 1 5 reg_read_addr [4] $end
$var wire 1 6 reg_read_addr [3] $end
$var wire 1 7 reg_read_addr [2] $end
$var wire 1 8 reg_read_addr [1] $end
$var wire 1 9 reg_read_addr [0] $end
$var integer 32 : test_pass $end
$var integer 32 ; test_fail $end
$var integer 32 < test_counter $end
$var reg 1 = sda_drive $end

$scope task initialize $end
$upscope $end

$scope task test_reset $end
$upscope $end

$scope task test_register_write $end
$var reg 8 > data [7:0] $end
$upscope $end

$scope task test_i2c_write $end
$upscope $end

$scope task test_i2c_read $end
$upscope $end

$scope task test_i2c_multi_read $end
$upscope $end

$scope task i2c_start $end
$upscope $end

$scope task i2c_stop $end
$upscope $end

$scope task i2c_send_byte $end
$var reg 8 ? data [7:0] $end
$var integer 32 @ result $end
$var integer 32 A i $end
$upscope $end

$scope task i2c_read_byte $end
$var integer 32 B i $end
$upscope $end

$scope task i2c_clock_pulse $end
$upscope $end

$scope task report_results $end
$upscope $end

$scope module dut $end
$var parameter 7 C SLAVE_ADDRESS $end
$var parameter 32 D REGISTERS_COUNT $end
$var wire 1 E clk $end
$var wire 1 F rst_n $end
$var wire 1 G scl $end
$var wire 1 $ sda $end
$var wire 1 H reg_addr [7] $end
$var wire 1 I reg_addr [6] $end
$var wire 1 J reg_addr [5] $end
$var wire 1 K reg_addr [4] $end
$var wire 1 L reg_addr [3] $end
$var wire 1 M reg_addr [2] $end
$var wire 1 N reg_addr [1] $end
$var wire 1 O reg_addr [0] $end
$var wire 1 P reg_data_in [7] $end
$var wire 1 Q reg_data_in [6] $end
$var wire 1 R reg_data_in [5] $end
$var wire 1 S reg_data_in [4] $end
$var wire 1 T reg_data_in [3] $end
$var wire 1 U reg_data_in [2] $end
$var wire 1 V reg_data_in [1] $end
$var wire 1 W reg_data_in [0] $end
$var wire 1 X reg_write $end
$var reg 8 Y reg_data_out [7:0] $end
$var reg 1 Z reg_valid $end
$var reg 1 [ reg_read_req $end
$var reg 8 \ reg_read_addr [7:0] $end
$var reg 1 ] sda_out $end
$var reg 1 ^ sda_oe $end
$var reg 1 _ sda_sync $end
$var reg 1 ` scl_sync $end
$var reg 1 a sda_falling $end
$var reg 1 b sda_rising $end
$var reg 1 c scl_falling $end
$var reg 1 d scl_rising $end
$var reg 1 e sda_delayed $end
$var reg 1 f scl_delayed $end
$var reg 4 g current_state [3:0] $end
$var reg 4 h next_state [3:0] $end
$var reg 8 i shift_reg [7:0] $end
$var wire 1 j shifted_data [7] $end
$var wire 1 k shifted_data [6] $end
$var wire 1 l shifted_data [5] $end
$var wire 1 m shifted_data [4] $end
$var wire 1 n shifted_data [3] $end
$var wire 1 o shifted_data [2] $end
$var wire 1 p shifted_data [1] $end
$var wire 1 q shifted_data [0] $end
$var reg 3 r bit_counter [2:0] $end
$var reg 1 s address_matched $end
$var reg 1 t read_mode $end
$var reg 8 u current_reg_addr [7:0] $end
$var wire 1 v next_reg_addr [7] $end
$var wire 1 w next_reg_addr [6] $end
$var wire 1 x next_reg_addr [5] $end
$var wire 1 y next_reg_addr [4] $end
$var wire 1 z next_reg_addr [3] $end
$var wire 1 { next_reg_addr [2] $end
$var wire 1 | next_reg_addr [1] $end
$var wire 1 } next_reg_addr [0] $end
$upscope $end
$upscope $end
$enddefinitions $end
#0
$dumpvars
0!
1"
1#
b0 %
b0 &
0'
1=
bx Y
xZ
x[
bx \
x]
x^
x_
x`
xa
xb
xc
xd
xe
xf
bx g
bx h
bx i
bx r
xs
xt
bx u
bx >
bx ?
b1010000 C
b10000000 D
b0 :
b0 ;
b0 <
b0 @
bx A
bx B
x$
x/
x.
x-
x,
x+
x*
x)
x(
x0
x1
x9
x8
x7
x6
x5
x4
x3
x2
xq
xp
xo
xn
xm
xl
xk
xj
x}
x|
x{
xz
xy
xx
xw
xv
0E
1F
1G
0O
0N
0M
0L
0K
0J
0I
0H
0W
0V
0U
0T
0S
0R
0Q
0P
0X
$end
#10000
1!
1E
1`
0Z
0[
00
01
#20000
0!
0E
#30000
1!
1E
1f
0c
#40000
0!
0E
#50000
1!
1E
0d
#60000
0!
0E
#70000
1!
1E
#80000
0!
0E
#90000
1!
1E
#100000
0"
0!
0F
0E
1_
1e
0a
0b
b0 g
b0 r
b0 i
0t
b0 u
0s
b0 Y
b0 \
1]
0^
09
08
07
06
05
04
03
02
0/
0.
0-
0,
0+
0*
0)
0(
1}
0|
0{
0z
0y
0x
0w
0v
1$
1q
0p
0o
0n
0m
0l
0k
0j
b0 h
#110000
1!
1E
#120000
0!
0E
#130000
1!
1E
#140000
0!
0E
#150000
1!
1E
#160000
0!
0E
#170000
1!
1E
#180000
0!
0E
#190000
1!
1E
#200000
0!
0E
#210000
1!
1E
#220000
0!
0E
#230000
1!
1E
#240000
0!
0E
#250000
1!
1E
#260000
0!
0E
#270000
1!
1E
#280000
0!
0E
#290000
1!
1E
#300000
1"
0!
1F
0E
#310000
1!
1E
#320000
0!
0E
#330000
1!
1E
#340000
0!
0E
#350000
1!
1E
#360000
0!
0E
#370000
1!
1E
#380000
0!
0E
#390000
1!
1E
#400000
0!
0E
#410000
1!
1E
#420000
0!
0E
#430000
1!
1E
#440000
0!
0E
#450000
1!
1E
#460000
0!
0E
#470000
1!
1E
#480000
0!
0E
#490000
1!
1E
#500000
0!
0E
#510000
1!
1E
#520000
0!
0E
#530000
1!
1E
#540000
0!
0E
#550000
1!
1E
#560000
0!
0E
#570000
1!
1E
#580000
0!
0E
#590000
1!
1E
#600000
0!
0E
#610000
1!
1E
#620000
0!
0E
#630000
1!
1E
#640000
0!
0E
#650000
1!
1E
#660000
0!
0E
#670000
1!
1E
#680000
0!
0E
#690000
1!
1E
#700000
0!
0E
#710000
1!
1E
#720000
0!
0E
#730000
1!
1E
#740000
0!
0E
#750000
1!
1E
#760000
0!
0E
#770000
1!
1E
#780000
0!
0E
#790000
1!
1E
#800000
0!
0E
#810000
1!
1E
#820000
0!
0E
#830000
1!
1E
#840000
0!
0E
#850000
1!
1E
#860000
0!
0E
#870000
1!
1E
#880000
0!
0E
#890000
1!
1E
#900000
0!
0E
#910000
1!
1E
#920000
0!
0E
#930000
1!
1E
#940000
0!
0E
#950000
1!
1E
#960000
0!
0E
#970000
1!
1E
#980000
0!
0E
#990000
1!
1E
#1000000
0!
0E
#1010000
1!
1E
#1020000
0!
0E
#1030000
1!
1E
#1040000
0!
0E
#1050000
1!
1E
#1060000
0!
0E
#1070000
1!
1E
#1080000
0!
0E
#1090000
1!
1E
#1100000
0!
0E
#1110000
1!
1E
#1120000
0!
0E
#1130000
1!
1E
#1140000
0!
0E
#1150000
1!
1E
#1160000
0!
0E
#1170000
1!
1E
#1180000
0!
0E
#1190000
1!
1E
#1200000
0!
0E
#1210000
1!
1E
#1220000
0!
0E
#1230000
1!
1E
#1240000
0!
0E
#1250000
1!
1E
#1260000
0!
0E
#1270000
1!
1E
#1280000
0!
0E
#1290000
1!
1E
#1300000
b1 <
b1 :
b10 :
0!
0E
#1310000
1!
1E
#1320000
0!
0E
#1330000
1!
1E
#1340000
0!
0E
#1350000
1!
1E
#1360000
0!
0E
#1370000
1!
1E
#1380000
0!
0E
#1390000
1!
1E
#1400000
0!
0E
#1410000
1!
1E
#1420000
0!
0E
#1430000
1!
1E
#1440000
0!
0E
#1450000
1!
1E
#1460000
0!
0E
#1470000
1!
1E
#1480000
0!
0E
#1490000
1!
1E
#1500000
0!
0E
#1510000
1!
1E
#1520000
0!
0E
#1530000
1!
1E
#1540000
0!
0E
#1550000
1!
1E
#1560000
0!
0E
#1570000
1!
1E
#1580000
0!
0E
#1590000
1!
1E
#1600000
0!
0E
#1610000
1!
1E
#1620000
0!
0E
#1630000
1!
1E
#1640000
0!
0E
#1650000
1!
1E
#1660000
0!
0E
#1670000
1!
1E
#1680000
0!
0E
#1690000
1!
1E
#1700000
0!
0E
#1710000
1!
1E
#1720000
0!
0E
#1730000
1!
1E
#1740000
0!
0E
#1750000
1!
1E
#1760000
0!
0E
#1770000
1!
1E
#1780000
0!
0E
#1790000
1!
1E
#1800000
0!
0E
#1810000
1!
1E
#1820000
0!
0E
#1830000
1!
1E
#1840000
0!
0E
#1850000
1!
1E
#1860000
0!
0E
#1870000
1!
1E
#1880000
0!
0E
#1890000
1!
1E
#1900000
0!
0E
#1910000
1!
1E
#1920000
0!
0E
#1930000
1!
1E
#1940000
0!
0E
#1950000
1!
1E
#1960000
0!
0E
#1970000
1!
1E
#1980000
0!
0E
#1990000
1!
1E
#2000000
0!
0E
#2010000
1!
1E
#2020000
0!
0E
#2030000
1!
1E
#2040000
0!
0E
#2050000
1!
1E
#2060000
0!
0E
#2070000
1!
1E
#2080000
0!
0E
#2090000
1!
1E
#2100000
0!
0E
#2110000
1!
1E
#2120000
0!
0E
#2130000
1!
1E
#2140000
0!
0E
#2150000
1!
1E
#2160000
0!
0E
#2170000
1!
1E
#2180000
0!
0E
#2190000
1!
1E
#2200000
0!
0E
#2210000
1!
1E
#2220000
0!
0E
#2230000
1!
1E
#2240000
0!
0E
#2250000
1!
1E
#2260000
0!
0E
#2270000
1!
1E
#2280000
0!
0E
#2290000
1!
1E
#2300000
b0 >
b11000000 &
1'
0!
1Q
1P
1X
0E
#2310000
1!
1E
1Z
10
#2320000
0!
0E
#2330000
1!
1E
0Z
1Z
#2340000
0!
0E
#2350000
1!
1E
0Z
1Z
#2360000
0!
0E
#2370000
1!
1E
0Z
1Z
#2380000
0!
0E
#2390000
1!
1E
0Z
1Z
#2400000
0'
0!
0X
0E
#2410000
1!
1E
0Z
00
#2420000
0!
0E
#2430000
1!
1E
#2440000
0!
0E
#2450000
1!
1E
#2460000
0!
0E
#2470000
1!
1E
#2480000
0!
0E
#2490000
1!
1E
#2500000
b11 :
b10 <
0!
0E
#2510000
1!
1E
#2520000
0!
0E
#2530000
1!
1E
#2540000
0!
0E
#2550000
1!
1E
#2560000
0!
0E
#2570000
1!
1E
#2580000
0!
0E
#2590000
1!
1E
#2600000
0!
0E
#2610000
1!
1E
#2620000
0!
0E
#2630000
1!
1E
#2640000
0!
0E
#2650000
1!
1E
#2660000
0!
0E
#2670000
1!
1E
#2680000
0!
0E
#2690000
1!
1E
#2700000
0!
0E
#2710000
1!
1E
#2720000
0!
0E
#2730000
1!
1E
#2740000
0!
0E
#2750000
1!
1E
#2760000
0!
0E
#2770000
1!
1E
#2780000
0!
0E
#2790000
1!
1E
#2800000
0!
0E
#2810000
1!
1E
#2820000
0!
0E
#2830000
1!
1E
#2840000
0!
0E
#2850000
1!
1E
#2860000
0!
0E
#2870000
1!
1E
#2880000
0!
0E
#2890000
1!
1E
#2900000
0!
0E
#2910000
1!
1E
#2920000
0!
0E
#2930000
1!
1E
#2940000
0!
0E
#2950000
1!
1E
#2960000
0!
0E
#2970000
1!
1E
#2980000
0!
0E
#2990000
1!
1E
#3000000
0!
0E
#3010000
1!
1E
#3020000
0!
0E
#3030000
1!
1E
#3040000
0!
0E
#3050000
1!
1E
#3060000
0!
0E
#3070000
1!
1E
#3080000
0!
0E
#3090000
1!
1E
#3100000
0!
0E
#3110000
1!
1E
#3120000
0!
0E
#3130000
1!
1E
#3140000
0!
0E
#3150000
1!
1E
#3160000
0!
0E
#3170000
1!
1E
#3180000
0!
0E
#3190000
1!
1E
#3200000
0!
0E
#3210000
1!
1E
#3220000
0!
0E
#3230000
1!
1E
#3240000
0!
0E
#3250000
1!
1E
#3260000
0!
0E
#3270000
1!
1E
#3280000
0!
0E
#3290000
1!
1E
#3300000
0!
0E
#3310000
1!
1E
#3320000
0!
0E
#3330000
1!
1E
#3340000
0!
0E
#3350000
1!
1E
#3360000
0!
0E
#3370000
1!
1E
#3380000
0!
0E
#3390000
1!
1E
#3400000
0!
0E
#3410000
1!
1E
#3420000
0!
0E
#3430000
1!
1E
#3440000
0!
0E
#3450000
1!
1E
#3460000
0!
0E
#3470000
1!
1E
#3480000
0!
0E
#3490000
1!
1E
#3500000
b1 >
b1 %
b11000001 &
1'
0!
1W
1O
1X
0E
#3510000
1!
1E
1Z
10
#3520000
0!
0E
#3530000
1!
1E
0Z
1Z
#3540000
0!
0E
#3550000
1!
1E
0Z
1Z
#3560000
0!
0E
#3570000
1!
1E
0Z
1Z
#3580000
0!
0E
#3590000
1!
1E
0Z
1Z
#3600000
0'
0!
0X
0E
#3610000
1!
1E
0Z
00
#3620000
0!
0E
#3630000
1!
1E
#3640000
0!
0E
#3650000
1!
1E
#3660000
0!
0E
#3670000
1!
1E
#3680000
0!
0E
#3690000
1!
1E
#3700000
b100 :
b11 <
0!
0E
#3710000
1!
1E
#3720000
0!
0E
#3730000
1!
1E
#3740000
0!
0E
#3750000
1!
1E
#3760000
0!
0E
#3770000
1!
1E
#3780000
0!
0E
#3790000
1!
1E
#3800000
0!
0E
#3810000
1!
1E
#3820000
0!
0E
#3830000
1!
1E
#3840000
0!
0E
#3850000
1!
1E
#3860000
0!
0E
#3870000
1!
1E
#3880000
0!
0E
#3890000
1!
1E
#3900000
0!
0E
#3910000
1!
1E
#3920000
0!
0E
#3930000
1!
1E
#3940000
0!
0E
#3950000
1!
1E
#3960000
0!
0E
#3970000
1!
1E
#3980000
0!
0E
#3990000
1!
1E
#4000000
0!
0E
#4010000
1!
1E
#4020000
0!
0E
#4030000
1!
1E
#4040000
0!
0E
#4050000
1!
1E
#4060000
0!
0E
#4070000
1!
1E
#4080000
0!
0E
#4090000
1!
1E
#4100000
0!
0E
#4110000
1!
1E
#4120000
0!
0E
#4130000
1!
1E
#4140000
0!
0E
#4150000
1!
1E
#4160000
0!
0E
#4170000
1!
1E
#4180000
0!
0E
#4190000
1!
1E
#4200000
0!
0E
#4210000
1!
1E
#4220000
0!
0E
#4230000
1!
1E
#4240000
0!
0E
#4250000
1!
1E
#4260000
0!
0E
#4270000
1!
1E
#4280000
0!
0E
#4290000
1!
1E
#4300000
0!
0E
#4310000
1!
1E
#4320000
0!
0E
#4330000
1!
1E
#4340000
0!
0E
#4350000
1!
1E
#4360000
0!
0E
#4370000
1!
1E
#4380000
0!
0E
#4390000
1!
1E
#4400000
0!
0E
#4410000
1!
1E
#4420000
0!
0E
#4430000
1!
1E
#4440000
0!
0E
#4450000
1!
1E
#4460000
0!
0E
#4470000
1!
1E
#4480000
0!
0E
#4490000
1!
1E
#4500000
0!
0E
#4510000
1!
1E
#4520000
0!
0E
#4530000
1!
1E
#4540000
0!
0E
#4550000
1!
1E
#4560000
0!
0E
#4570000
1!
1E
#4580000
0!
0E
#4590000
1!
1E
#4600000
0!
0E
#4610000
1!
1E
#4620000
0!
0E
#4630000
1!
1E
#4640000
0!
0E
#4650000
1!
1E
#4660000
0!
0E
#4670000
1!
1E
#4680000
0!
0E
#4690000
1!
1E
#4700000
b10 >
b10 %
b11000010 &
1'
0!
0W
1V
0O
1N
1X
0E
#4710000
1!
1E
1Z
10
#4720000
0!
0E
#4730000
1!
1E
0Z
1Z
#4740000
0!
0E
#4750000
1!
1E
0Z
1Z
#4760000
0!
0E
#4770000
1!
1E
0Z
1Z
#4780000
0!
0E
#4790000
1!
1E
0Z
1Z
#4800000
0'
0!
0X
0E
#4810000
1!
1E
0Z
00
#4820000
0!
0E
#4830000
1!
1E
#4840000
0!
0E
#4850000
1!
1E
#4860000
0!
0E
#4870000
1!
1E
#4880000
0!
0E
#4890000
1!
1E
#4900000
b101 :
b100 <
0!
0E
#4910000
1!
1E
#4920000
0!
0E
#4930000
1!
1E
#4940000
0!
0E
#4950000
1!
1E
#4960000
0!
0E
#4970000
1!
1E
#4980000
0!
0E
#4990000
1!
1E
#5000000
0!
0E
#5010000
1!
1E
#5020000
0!
0E
#5030000
1!
1E
#5040000
0!
0E
#5050000
1!
1E
#5060000
0!
0E
#5070000
1!
1E
#5080000
0!
0E
#5090000
1!
1E
#5100000
0!
0E
#5110000
1!
1E
#5120000
0!
0E
#5130000
1!
1E
#5140000
0!
0E
#5150000
1!
1E
#5160000
0!
0E
#5170000
1!
1E
#5180000
0!
0E
#5190000
1!
1E
#5200000
0!
0E
#5210000
1!
1E
#5220000
0!
0E
#5230000
1!
1E
#5240000
0!
0E
#5250000
1!
1E
#5260000
0!
0E
#5270000
1!
1E
#5280000
0!
0E
#5290000
1!
1E
#5300000
0!
0E
#5310000
1!
1E
#5320000
0!
0E
#5330000
1!
1E
#5340000
0!
0E
#5350000
1!
1E
#5360000
0!
0E
#5370000
1!
1E
#5380000
0!
0E
#5390000
1!
1E
#5400000
0!
0E
#5410000
1!
1E
#5420000
0!
0E
#5430000
1!
1E
#5440000
0!
0E
#5450000
1!
1E
#5460000
0!
0E
#5470000
1!
1E
#5480000
0!
0E
#5490000
1!
1E
#5500000
0!
0E
#5510000
1!
1E
#5520000
0!
0E
#5530000
1!
1E
#5540000
0!
0E
#5550000
1!
1E
#5560000
0!
0E
#5570000
1!
1E
#5580000
0!
0E
#5590000
1!
1E
#5600000
0!
0E
#5610000
1!
1E
#5620000
0!
0E
#5630000
1!
1E
#5640000
0!
0E
#5650000
1!
1E
#5660000
0!
0E
#5670000
1!
1E
#5680000
0!
0E
#5690000
1!
1E
#5700000
0!
0E
#5710000
1!
1E
#5720000
0!
0E
#5730000
1!
1E
#5740000
0!
0E
#5750000
1!
1E
#5760000
0!
0E
#5770000
1!
1E
#5780000
0!
0E
#5790000
1!
1E
#5800000
0!
0E
#5810000
1!
1E
#5820000
0!
0E
#5830000
1!
1E
#5840000
0!
0E
#5850000
1!
1E
#5860000
0!
0E
#5870000
1!
1E
#5880000
0!
0E
#5890000
1!
1E
#5900000
b11 >
b11 %
b11000011 &
1'
0!
1W
1O
1X
0E
#5910000
1!
1E
1Z
10
#5920000
0!
0E
#5930000
1!
1E
0Z
1Z
#5940000
0!
0E
#5950000
1!
1E
0Z
1Z
#5960000
0!
0E
#5970000
1!
1E
0Z
1Z
#5980000
0!
0E
#5990000
1!
1E
0Z
1Z
#6000000
0'
0!
0X
0E
#6010000
1!
1E
0Z
00
#6020000
0!
0E
#6030000
1!
1E
#6040000
0!
0E
#6050000
1!
1E
#6060000
0!
0E
#6070000
1!
1E
#6080000
0!
0E
#6090000
1!
1E
#6100000
b110 :
b101 <
0!
0E
#6110000
1!
1E
#6120000
0!
0E
#6130000
1!
1E
#6140000
0!
0E
#6150000
1!
1E
#6160000
0!
0E
#6170000
1!
1E
#6180000
0!
0E
#6190000
1!
1E
#6200000
0!
0E
#6210000
1!
1E
#6220000
0!
0E
#6230000
1!
1E
#6240000
0!
0E
#6250000
1!
1E
#6260000
0!
0E
#6270000
1!
1E
#6280000
0!
0E
#6290000
1!
1E
#6300000
0!
0E
#6310000
1!
1E
#6320000
0!
0E
#6330000
1!
1E
#6340000
0!
0E
#6350000
1!
1E
#6360000
0!
0E
#6370000
1!
1E
#6380000
0!
0E
#6390000
1!
1E
#6400000
0!
0E
#6410000
1!
1E
#6420000
0!
0E
#6430000
1!
1E
#6440000
0!
0E
#6450000
1!
1E
#6460000
0!
0E
#6470000
1!
1E
#6480000
0!
0E
#6490000
1!
1E
#6500000
0!
0E
#6510000
1!
1E
#6520000
0!
0E
#6530000
1!
1E
#6540000
0!
0E
#6550000
1!
1E
#6560000
0!
0E
#6570000
1!
1E
#6580000
0!
0E
#6590000
1!
1E
#6600000
0!
0E
#6610000
1!
1E
#6620000
0!
0E
#6630000
1!
1E
#6640000
0!
0E
#6650000
1!
1E
#6660000
0!
0E
#6670000
1!
1E
#6680000
0!
0E
#6690000
1!
1E
#6700000
0!
0E
#6710000
1!
1E
#6720000
0!
0E
#6730000
1!
1E
#6740000
0!
0E
#6750000
1!
1E
#6760000
0!
0E
#6770000
1!
1E
#6780000
0!
0E
#6790000
1!
1E
#6800000
0!
0E
#6810000
1!
1E
#6820000
0!
0E
#6830000
1!
1E
#6840000
0!
0E
#6850000
1!
1E
#6860000
0!
0E
#6870000
1!
1E
#6880000
0!
0E
#6890000
1!
1E
#6900000
0!
0E
#6910000
1!
1E
#6920000
0!
0E
#6930000
1!
1E
#6940000
0!
0E
#6950000
1!
1E
#6960000
0!
0E
#6970000
1!
1E
#6980000
0!
0E
#6990000
1!
1E
#7000000
0!
0E
#7010000
1!
1E
#7020000
0!
0E
#7030000
1!
1E
#7040000
0!
0E
#7050000
1!
1E
#7060000
0!
0E
#7070000
1!
1E
#7080000
0!
0E
#7090000
1!
1E
#7100000
b100 >
b100 %
b11000100 &
1'
0!
0W
0V
1U
0O
0N
1M
1X
0E
#7110000
1!
1E
1Z
10
#7120000
0!
0E
#7130000
1!
1E
0Z
1Z
#7140000
0!
0E
#7150000
1!
1E
0Z
1Z
#7160000
0!
0E
#7170000
1!
1E
0Z
1Z
#7180000
0!
0E
#7190000
1!
1E
0Z
1Z
#7200000
0'
0!
0X
0E
#7210000
1!
1E
0Z
00
#7220000
0!
0E
#7230000
1!
1E
#7240000
0!
0E
#7250000
1!
1E
#7260000
0!
0E
#7270000
1!
1E
#7280000
0!
0E
#7290000
1!
1E
#7300000
b111 :
b110 <
0!
0E
#7310000
1!
1E
#7320000
0!
0E
#7330000
1!
1E
#7340000
0!
0E
#7350000
1!
1E
#7360000
0!
0E
#7370000
1!
1E
#7380000
0!
0E
#7390000
1!
1E
#7400000
0!
0E
#7410000
1!
1E
#7420000
0!
0E
#7430000
1!
1E
#7440000
0!
0E
#7450000
1!
1E
#7460000
0!
0E
#7470000
1!
1E
#7480000
0!
0E
#7490000
1!
1E
#7500000
0!
0E
#7510000
1!
1E
#7520000
0!
0E
#7530000
1!
1E
#7540000
0!
0E
#7550000
1!
1E
#7560000
0!
0E
#7570000
1!
1E
#7580000
0!
0E
#7590000
1!
1E
#7600000
0!
0E
#7610000
1!
1E
#7620000
0!
0E
#7630000
1!
1E
#7640000
0!
0E
#7650000
1!
1E
#7660000
0!
0E
#7670000
1!
1E
#7680000
0!
0E
#7690000
1!
1E
#7700000
0!
0E
#7710000
1!
1E
#7720000
0!
0E
#7730000
1!
1E
#7740000
0!
0E
#7750000
1!
1E
#7760000
0!
0E
#7770000
1!
1E
#7780000
0!
0E
#7790000
1!
1E
#7800000
0!
0E
#7810000
1!
1E
#7820000
0!
0E
#7830000
1!
1E
#7840000
0!
0E
#7850000
1!
1E
#7860000
0!
0E
#7870000
1!
1E
#7880000
0!
0E
#7890000
1!
1E
#7900000
0!
0E
#7910000
1!
1E
#7920000
0!
0E
#7930000
1!
1E
#7940000
0!
0E
#7950000
1!
1E
#7960000
0!
0E
#7970000
1!
1E
#7980000
0!
0E
#7990000
1!
1E
#8000000
0!
0E
#8010000
1!
1E
#8020000
0!
0E
#8030000
1!
1E
#8040000
0!
0E
#8050000
1!
1E
#8060000
0!
0E
#8070000
1!
1E
#8080000
0!
0E
#8090000
1!
1E
#8100000
0!
0E
#8110000
1!
1E
#8120000
0!
0E
#8130000
1!
1E
#8140000
0!
0E
#8150000
1!
1E
#8160000
0!
0E
#8170000
1!
1E
#8180000
0!
0E
#8190000
1!
1E
#8200000
0!
0E
#8210000
1!
1E
#8220000
0!
0E
#8230000
1!
1E
#8240000
0!
0E
#8250000
1!
1E
#8260000
0!
0E
#8270000
1!
1E
#8280000
0!
0E
#8290000
1!
1E
#8300000
b101 >
b101 %
b11000101 &
1'
0!
1W
1O
1X
0E
#8310000
1!
1E
1Z
10
#8320000
0!
0E
#8330000
1!
1E
0Z
1Z
#8340000
0!
0E
#8350000
1!
1E
0Z
1Z
#8360000
0!
0E
#8370000
1!
1E
0Z
1Z
#8380000
0!
0E
#8390000
1!
1E
0Z
1Z
#8400000
0'
0!
0X
0E
#8410000
1!
1E
0Z
00
#8420000
0!
0E
#8430000
1!
1E
#8440000
0!
0E
#8450000
1!
1E
#8460000
0!
0E
#8470000
1!
1E
#8480000
0!
0E
#8490000
1!
1E
#8500000
b1000 :
b111 <
0!
0E
#8510000
1!
1E
#8520000
0!
0E
#8530000
1!
1E
#8540000
0!
0E
#8550000
1!
1E
#8560000
0!
0E
#8570000
1!
1E
#8580000
0!
0E
#8590000
1!
1E
#8600000
0!
0E
#8610000
1!
1E
#8620000
0!
0E
#8630000
1!
1E
#8640000
0!
0E
#8650000
1!
1E
#8660000
0!
0E
#8670000
1!
1E
#8680000
0!
0E
#8690000
1!
1E
#8700000
0!
0E
#8710000
1!
1E
#8720000
0!
0E
#8730000
1!
1E
#8740000
0!
0E
#8750000
1!
1E
#8760000
0!
0E
#8770000
1!
1E
#8780000
0!
0E
#8790000
1!
1E
#8800000
0!
0E
#8810000
1!
1E
#8820000
0!
0E
#8830000
1!
1E
#8840000
0!
0E
#8850000
1!
1E
#8860000
0!
0E
#8870000
1!
1E
#8880000
0!
0E
#8890000
1!
1E
#8900000
0!
0E
#8910000
1!
1E
#8920000
0!
0E
#8930000
1!
1E
#8940000
0!
0E
#8950000
1!
1E
#8960000
0!
0E
#8970000
1!
1E
#8980000
0!
0E
#8990000
1!
1E
#9000000
0!
0E
#9010000
1!
1E
#9020000
0!
0E
#9030000
1!
1E
#9040000
0!
0E
#9050000
1!
1E
#9060000
0!
0E
#9070000
1!
1E
#9080000
0!
0E
#9090000
1!
1E
#9100000
0!
0E
#9110000
1!
1E
#9120000
0!
0E
#9130000
1!
1E
#9140000
0!
0E
#9150000
1!
1E
#9160000
0!
0E
#9170000
1!
1E
#9180000
0!
0E
#9190000
1!
1E
#9200000
0!
0E
#9210000
1!
1E
#9220000
0!
0E
#9230000
1!
1E
#9240000
0!
0E
#9250000
1!
1E
#9260000
0!
0E
#9270000
1!
1E
#9280000
0!
0E
#9290000
1!
1E
#9300000
0!
0E
#9310000
1!
1E
#9320000
0!
0E
#9330000
1!
1E
#9340000
0!
0E
#9350000
1!
1E
#9360000
0!
0E
#9370000
1!
1E
#9380000
0!
0E
#9390000
1!
1E
#9400000
0!
0E
#9410000
1!
1E
#9420000
0!
0E
#9430000
1!
1E
#9440000
0!
0E
#9450000
1!
1E
#9460000
0!
0E
#9470000
1!
1E
#9480000
0!
0E
#9490000
1!
1E
#9500000
b110 >
b110 %
b11000110 &
1'
0!
0W
1V
0O
1N
1X
0E
#9510000
1!
1E
1Z
10
#9520000
0!
0E
#9530000
1!
1E
0Z
1Z
#9540000
0!
0E
#9550000
1!
1E
0Z
1Z
#9560000
0!
0E
#9570000
1!
1E
0Z
1Z
#9580000
0!
0E
#9590000
1!
1E
0Z
1Z
#9600000
0'
0!
0X
0E
#9610000
1!
1E
0Z
00
#9620000
0!
0E
#9630000
1!
1E
#9640000
0!
0E
#9650000
1!
1E
#9660000
0!
0E
#9670000
1!
1E
#9680000
0!
0E
#9690000
1!
1E
#9700000
b1001 :
b1000 <
0!
0E
#9710000
1!
1E
#9720000
0!
0E
#9730000
1!
1E
#9740000
0!
0E
#9750000
1!
1E
#9760000
0!
0E
#9770000
1!
1E
#9780000
0!
0E
#9790000
1!
1E
#9800000
0!
0E
#9810000
1!
1E
#9820000
0!
0E
#9830000
1!
1E
#9840000
0!
0E
#9850000
1!
1E
#9860000
0!
0E
#9870000
1!
1E
#9880000
0!
0E
#9890000
1!
1E
#9900000
0!
0E
#9910000
1!
1E
#9920000
0!
0E
#9930000
1!
1E
#9940000
0!
0E
#9950000
1!
1E
#9960000
0!
0E
#9970000
1!
1E
#9980000
0!
0E
#9990000
1!
1E
#10000000
0!
0E
#10010000
1!
1E
#10020000
0!
0E
#10030000
1!
1E
#10040000
0!
0E
#10050000
1!
1E
#10060000
0!
0E
#10070000
1!
1E
#10080000
0!
0E
#10090000
1!
1E
#10100000
0!
0E
#10110000
1!
1E
#10120000
0!
0E
#10130000
1!
1E
#10140000
0!
0E
#10150000
1!
1E
#10160000
0!
0E
#10170000
1!
1E
#10180000
0!
0E
#10190000
1!
1E
#10200000
0!
0E
#10210000
1!
1E
#10220000
0!
0E
#10230000
1!
1E
#10240000
0!
0E
#10250000
1!
1E
#10260000
0!
0E
#10270000
1!
1E
#10280000
0!
0E
#10290000
1!
1E
#10300000
0!
0E
#10310000
1!
1E
#10320000
0!
0E
#10330000
1!
1E
#10340000
0!
0E
#10350000
1!
1E
#10360000
0!
0E
#10370000
1!
1E
#10380000
0!
0E
#10390000
1!
1E
#10400000
0!
0E
#10410000
1!
1E
#10420000
0!
0E
#10430000
1!
1E
#10440000
0!
0E
#10450000
1!
1E
#10460000
0!
0E
#10470000
1!
1E
#10480000
0!
0E
#10490000
1!
1E
#10500000
0!
0E
#10510000
1!
1E
#10520000
0!
0E
#10530000
1!
1E
#10540000
0!
0E
#10550000
1!
1E
#10560000
0!
0E
#10570000
1!
1E
#10580000
0!
0E
#10590000
1!
1E
#10600000
0!
0E
#10610000
1!
1E
#10620000
0!
0E
#10630000
1!
1E
#10640000
0!
0E
#10650000
1!
1E
#10660000
0!
0E
#10670000
1!
1E
#10680000
0!
0E
#10690000
1!
1E
#10700000
b111 >
b111 %
b11000111 &
1'
0!
1W
1O
1X
0E
#10710000
1!
1E
1Z
10
#10720000
0!
0E
#10730000
1!
1E
0Z
1Z
#10740000
0!
0E
#10750000
1!
1E
0Z
1Z
#10760000
0!
0E
#10770000
1!
1E
0Z
1Z
#10780000
0!
0E
#10790000
1!
1E
0Z
1Z
#10800000
0'
0!
0X
0E
#10810000
1!
1E
0Z
00
#10820000
0!
0E
#10830000
1!
1E
#10840000
0!
0E
#10850000
1!
1E
#10860000
0!
0E
#10870000
1!
1E
#10880000
0!
0E
#10890000
1!
1E
#10900000
b1010 :
b1001 <
0!
0E
#10910000
1!
1E
#10920000
0!
0E
#10930000
1!
1E
#10940000
0!
0E
#10950000
1!
1E
#10960000
0!
0E
#10970000
1!
1E
#10980000
0!
0E
#10990000
1!
1E
#11000000
0!
0E
#11010000
1!
1E
#11020000
0!
0E
#11030000
1!
1E
#11040000
0!
0E
#11050000
1!
1E
#11060000
0!
0E
#11070000
1!
1E
#11080000
0!
0E
#11090000
1!
1E
#11100000
0!
0E
#11110000
1!
1E
#11120000
0!
0E
#11130000
1!
1E
#11140000
0!
0E
#11150000
1!
1E
#11160000
0!
0E
#11170000
1!
1E
#11180000
0!
0E
#11190000
1!
1E
#11200000
0!
0E
#11210000
1!
1E
#11220000
0!
0E
#11230000
1!
1E
#11240000
0!
0E
#11250000
1!
1E
#11260000
0!
0E
#11270000
1!
1E
#11280000
0!
0E
#11290000
1!
1E
#11300000
0!
0E
#11310000
1!
1E
#11320000
0!
0E
#11330000
1!
1E
#11340000
0!
0E
#11350000
1!
1E
#11360000
0!
0E
#11370000
1!
1E
#11380000
0!
0E
#11390000
1!
1E
#11400000
0!
0E
#11410000
1!
1E
#11420000
0!
0E
#11430000
1!
1E
#11440000
0!
0E
#11450000
1!
1E
#11460000
0!
0E
#11470000
1!
1E
#11480000
0!
0E
#11490000
1!
1E
#11500000
0!
0E
#11510000
1!
1E
#11520000
0!
0E
#11530000
1!
1E
#11540000
0!
0E
#11550000
1!
1E
#11560000
0!
0E
#11570000
1!
1E
#11580000
0!
0E
#11590000
1!
1E
#11600000
0!
0E
#11610000
1!
1E
#11620000
0!
0E
#11630000
1!
1E
#11640000
0!
0E
#11650000
1!
1E
#11660000
0!
0E
#11670000
1!
1E
#11680000
0!
0E
#11690000
1!
1E
#11700000
0!
0E
#11710000
1!
1E
#11720000
0!
0E
#11730000
1!
1E
#11740000
0!
0E
#11750000
1!
1E
#11760000
0!
0E
#11770000
1!
1E
#11780000
0!
0E
#11790000
1!
1E
#11800000
0!
0E
#11810000
1!
1E
#11820000
0!
0E
#11830000
1!
1E
#11840000
0!
0E
#11850000
1!
1E
#11860000
0!
0E
#11870000
1!
1E
#11880000
0!
0E
#11890000
1!
1E
#11900000
b1000 >
b1000 %
b11001000 &
1'
0!
0W
0V
0U
1T
0O
0N
0M
1L
1X
0E
#11910000
1!
1E
1Z
10
#11920000
0!
0E
#11930000
1!
1E
0Z
1Z
#11940000
0!
0E
#11950000
1!
1E
0Z
1Z
#11960000
0!
0E
#11970000
1!
1E
0Z
1Z
#11980000
0!
0E
#11990000
1!
1E
0Z
1Z
#12000000
0'
0!
0X
0E
#12010000
1!
1E
0Z
00
#12020000
0!
0E
#12030000
1!
1E
#12040000
0!
0E
#12050000
1!
1E
#12060000
0!
0E
#12070000
1!
1E
#12080000
0!
0E
#12090000
1!
1E
#12100000
b1011 :
b1010 <
0!
0E
#12110000
1!
1E
#12120000
0!
0E
#12130000
1!
1E
#12140000
0!
0E
#12150000
1!
1E
#12160000
0!
0E
#12170000
1!
1E
#12180000
0!
0E
#12190000
1!
1E
#12200000
0!
0E
#12210000
1!
1E
#12220000
0!
0E
#12230000
1!
1E
#12240000
0!
0E
#12250000
1!
1E
#12260000
0!
0E
#12270000
1!
1E
#12280000
0!
0E
#12290000
1!
1E
#12300000
0!
0E
#12310000
1!
1E
#12320000
0!
0E
#12330000
1!
1E
#12340000
0!
0E
#12350000
1!
1E
#12360000
0!
0E
#12370000
1!
1E
#12380000
0!
0E
#12390000
1!
1E
#12400000
0!
0E
#12410000
1!
1E
#12420000
0!
0E
#12430000
1!
1E
#12440000
0!
0E
#12450000
1!
1E
#12460000
0!
0E
#12470000
1!
1E
#12480000
0!
0E
#12490000
1!
1E
#12500000
0!
0E
#12510000
1!
1E
#12520000
0!
0E
#12530000
1!
1E
#12540000
0!
0E
#12550000
1!
1E
#12560000
0!
0E
#12570000
1!
1E
#12580000
0!
0E
#12590000
1!
1E
#12600000
0!
0E
#12610000
1!
1E
#12620000
0!
0E
#12630000
1!
1E
#12640000
0!
0E
#12650000
1!
1E
#12660000
0!
0E
#12670000
1!
1E
#12680000
0!
0E
#12690000
1!
1E
#12700000
0!
0E
#12710000
1!
1E
#12720000
0!
0E
#12730000
1!
1E
#12740000
0!
0E
#12750000
1!
1E
#12760000
0!
0E
#12770000
1!
1E
#12780000
0!
0E
#12790000
1!
1E
#12800000
0!
0E
#12810000
1!
1E
#12820000
0!
0E
#12830000
1!
1E
#12840000
0!
0E
#12850000
1!
1E
#12860000
0!
0E
#12870000
1!
1E
#12880000
0!
0E
#12890000
1!
1E
#12900000
0!
0E
#12910000
1!
1E
#12920000
0!
0E
#12930000
1!
1E
#12940000
0!
0E
#12950000
1!
1E
#12960000
0!
0E
#12970000
1!
1E
#12980000
0!
0E
#12990000
1!
1E
#13000000
0!
0E
#13010000
1!
1E
#13020000
0!
0E
#13030000
1!
1E
#13040000
0!
0E
#13050000
1!
1E
#13060000
0!
0E
#13070000
1!
1E
#13080000
0!
0E
#13090000
1!
1E
#13100000
b1001 >
b1001 %
b11001001 &
1'
0!
1W
1O
1X
0E
#13110000
1!
1E
1Z
10
#13120000
0!
0E
#13130000
1!
1E
0Z
1Z
#13140000
0!
0E
#13150000
1!
1E
0Z
1Z
#13160000
0!
0E
#13170000
1!
1E
0Z
1Z
#13180000
0!
0E
#13190000
1!
1E
0Z
1Z
#13200000
0'
0!
0X
0E
#13210000
1!
1E
0Z
00
#13220000
0!
0E
#13230000
1!
1E
#13240000
0!
0E
#13250000
1!
1E
#13260000
0!
0E
#13270000
1!
1E
#13280000
0!
0E
#13290000
1!
1E
#13300000
b1100 :
b1011 <
0!
0E
#13310000
1!
1E
#13320000
0!
0E
#13330000
1!
1E
#13340000
0!
0E
#13350000
1!
1E
#13360000
0!
0E
#13370000
1!
1E
#13380000
0!
0E
#13390000
1!
1E
#13400000
0!
0E
#13410000
1!
1E
#13420000
0!
0E
#13430000
1!
1E
#13440000
0!
0E
#13450000
1!
1E
#13460000
0!
0E
#13470000
1!
1E
#13480000
0!
0E
#13490000
1!
1E
#13500000
0!
0E
#13510000
1!
1E
#13520000
0!
0E
#13530000
1!
1E
#13540000
0!
0E
#13550000
1!
1E
#13560000
0!
0E
#13570000
1!
1E
#13580000
0!
0E
#13590000
1!
1E
#13600000
0!
0E
#13610000
1!
1E
#13620000
0!
0E
#13630000
1!
1E
#13640000
0!
0E
#13650000
1!
1E
#13660000
0!
0E
#13670000
1!
1E
#13680000
0!
0E
#13690000
1!
1E
#13700000
0!
0E
#13710000
1!
1E
#13720000
0!
0E
#13730000
1!
1E
#13740000
0!
0E
#13750000
1!
1E
#13760000
0!
0E
#13770000
1!
1E
#13780000
0!
0E
#13790000
1!
1E
#13800000
0!
0E
#13810000
1!
1E
#13820000
0!
0E
#13830000
1!
1E
#13840000
0!
0E
#13850000
1!
1E
#13860000
0!
0E
#13870000
1!
1E
#13880000
0!
0E
#13890000
1!
1E
#13900000
0!
0E
#13910000
1!
1E
#13920000
0!
0E
#13930000
1!
1E
#13940000
0!
0E
#13950000
1!
1E
#13960000
0!
0E
#13970000
1!
1E
#13980000
0!
0E
#13990000
1!
1E
#14000000
0!
0E
#14010000
1!
1E
#14020000
0!
0E
#14030000
1!
1E
#14040000
0!
0E
#14050000
1!
1E
#14060000
0!
0E
#14070000
1!
1E
#14080000
0!
0E
#14090000
1!
1E
#14100000
0!
0E
#14110000
1!
1E
#14120000
0!
0E
#14130000
1!
1E
#14140000
0!
0E
#14150000
1!
1E
#14160000
0!
0E
#14170000
1!
1E
#14180000
0!
0E
#14190000
1!
1E
#14200000
0!
0E
#14210000
1!
1E
#14220000
0!
0E
#14230000
1!
1E
#14240000
0!
0E
#14250000
1!
1E
#14260000
0!
0E
#14270000
1!
1E
#14280000
0!
0E
#14290000
1!
1E
#14300000
b1010 >
b1010 %
b11001010 &
1'
0!
0W
1V
0O
1N
1X
0E
#14310000
1!
1E
1Z
10
#14320000
0!
0E
#14330000
1!
1E
0Z
1Z
#14340000
0!
0E
#14350000
1!
1E
0Z
1Z
#14360000
0!
0E
#14370000
1!
1E
0Z
1Z
#14380000
0!
0E
#14390000
1!
1E
0Z
1Z
#14400000
0'
0!
0X
0E
#14410000
1!
1E
0Z
00
#14420000
0!
0E
#14430000
1!
1E
#14440000
0!
0E
#14450000
1!
1E
#14460000
0!
0E
#14470000
1!
1E
#14480000
0!
0E
#14490000
1!
1E
#14500000
b1101 :
b1100 <
0!
0E
#14510000
1!
1E
#14520000
0!
0E
#14530000
1!
1E
#14540000
0!
0E
#14550000
1!
1E
#14560000
0!
0E
#14570000
1!
1E
#14580000
0!
0E
#14590000
1!
1E
#14600000
0!
0E
#14610000
1!
1E
#14620000
0!
0E
#14630000
1!
1E
#14640000
0!
0E
#14650000
1!
1E
#14660000
0!
0E
#14670000
1!
1E
#14680000
0!
0E
#14690000
1!
1E
#14700000
0!
0E
#14710000
1!
1E
#14720000
0!
0E
#14730000
1!
1E
#14740000
0!
0E
#14750000
1!
1E
#14760000
0!
0E
#14770000
1!
1E
#14780000
0!
0E
#14790000
1!
1E
#14800000
0!
0E
#14810000
1!
1E
#14820000
0!
0E
#14830000
1!
1E
#14840000
0!
0E
#14850000
1!
1E
#14860000
0!
0E
#14870000
1!
1E
#14880000
0!
0E
#14890000
1!
1E
#14900000
0!
0E
#14910000
1!
1E
#14920000
0!
0E
#14930000
1!
1E
#14940000
0!
0E
#14950000
1!
1E
#14960000
0!
0E
#14970000
1!
1E
#14980000
0!
0E
#14990000
1!
1E
#15000000
0!
0E
#15010000
1!
1E
#15020000
0!
0E
#15030000
1!
1E
#15040000
0!
0E
#15050000
1!
1E
#15060000
0!
0E
#15070000
1!
1E
#15080000
0!
0E
#15090000
1!
1E
#15100000
0!
0E
#15110000
1!
1E
#15120000
0!
0E
#15130000
1!
1E
#15140000
0!
0E
#15150000
1!
1E
#15160000
0!
0E
#15170000
1!
1E
#15180000
0!
0E
#15190000
1!
1E
#15200000
0!
0E
#15210000
1!
1E
#15220000
0!
0E
#15230000
1!
1E
#15240000
0!
0E
#15250000
1!
1E
#15260000
0!
0E
#15270000
1!
1E
#15280000
0!
0E
#15290000
1!
1E
#15300000
0!
0E
#15310000
1!
1E
#15320000
0!
0E
#15330000
1!
1E
#15340000
0!
0E
#15350000
1!
1E
#15360000
0!
0E
#15370000
1!
1E
#15380000
0!
0E
#15390000
1!
1E
#15400000
0!
0E
#15410000
1!
1E
#15420000
0!
0E
#15430000
1!
1E
#15440000
0!
0E
#15450000
1!
1E
#15460000
0!
0E
#15470000
1!
1E
#15480000
0!
0E
#15490000
1!
1E
#15500000
b1011 >
b1011 %
b11001011 &
1'
0!
1W
1O
1X
0E
#15510000
1!
1E
1Z
10
#15520000
0!
0E
#15530000
1!
1E
0Z
1Z
#15540000
0!
0E
#15550000
1!
1E
0Z
1Z
#15560000
0!
0E
#15570000
1!
1E
0Z
1Z
#15580000
0!
0E
#15590000
1!
1E
0Z
1Z
#15600000
0'
0!
0X
0E
#15610000
1!
1E
0Z
00
#15620000
0!
0E
#15630000
1!
1E
#15640000
0!
0E
#15650000
1!
1E
#15660000
0!
0E
#15670000
1!
1E
#15680000
0!
0E
#15690000
1!
1E
#15700000
b1110 :
b1101 <
0!
0E
#15710000
1!
1E
#15720000
0!
0E
#15730000
1!
1E
#15740000
0!
0E
#15750000
1!
1E
#15760000
0!
0E
#15770000
1!
1E
#15780000
0!
0E
#15790000
1!
1E
#15800000
0!
0E
#15810000
1!
1E
#15820000
0!
0E
#15830000
1!
1E
#15840000
0!
0E
#15850000
1!
1E
#15860000
0!
0E
#15870000
1!
1E
#15880000
0!
0E
#15890000
1!
1E
#15900000
0!
0E
#15910000
1!
1E
#15920000
0!
0E
#15930000
1!
1E
#15940000
0!
0E
#15950000
1!
1E
#15960000
0!
0E
#15970000
1!
1E
#15980000
0!
0E
#15990000
1!
1E
#16000000
0!
0E
#16010000
1!
1E
#16020000
0!
0E
#16030000
1!
1E
#16040000
0!
0E
#16050000
1!
1E
#16060000
0!
0E
#16070000
1!
1E
#16080000
0!
0E
#16090000
1!
1E
#16100000
0!
0E
#16110000
1!
1E
#16120000
0!
0E
#16130000
1!
1E
#16140000
0!
0E
#16150000
1!
1E
#16160000
0!
0E
#16170000
1!
1E
#16180000
0!
0E
#16190000
1!
1E
#16200000
0!
0E
#16210000
1!
1E
#16220000
0!
0E
#16230000
1!
1E
#16240000
0!
0E
#16250000
1!
1E
#16260000
0!
0E
#16270000
1!
1E
#16280000
0!
0E
#16290000
1!
1E
#16300000
0!
0E
#16310000
1!
1E
#16320000
0!
0E
#16330000
1!
1E
#16340000
0!
0E
#16350000
1!
1E
#16360000
0!
0E
#16370000
1!
1E
#16380000
0!
0E
#16390000
1!
1E
#16400000
0!
0E
#16410000
1!
1E
#16420000
0!
0E
#16430000
1!
1E
#16440000
0!
0E
#16450000
1!
1E
#16460000
0!
0E
#16470000
1!
1E
#16480000
0!
0E
#16490000
1!
1E
#16500000
0!
0E
#16510000
1!
1E
#16520000
0!
0E
#16530000
1!
1E
#16540000
0!
0E
#16550000
1!
1E
#16560000
0!
0E
#16570000
1!
1E
#16580000
0!
0E
#16590000
1!
1E
#16600000
0!
0E
#16610000
1!
1E
#16620000
0!
0E
#16630000
1!
1E
#16640000
0!
0E
#16650000
1!
1E
#16660000
0!
0E
#16670000
1!
1E
#16680000
0!
0E
#16690000
1!
1E
#16700000
b1100 >
b1100 %
b11001100 &
1'
0!
0W
0V
1U
0O
0N
1M
1X
0E
#16710000
1!
1E
1Z
10
#16720000
0!
0E
#16730000
1!
1E
0Z
1Z
#16740000
0!
0E
#16750000
1!
1E
0Z
1Z
#16760000
0!
0E
#16770000
1!
1E
0Z
1Z
#16780000
0!
0E
#16790000
1!
1E
0Z
1Z
#16800000
0'
0!
0X
0E
#16810000
1!
1E
0Z
00
#16820000
0!
0E
#16830000
1!
1E
#16840000
0!
0E
#16850000
1!
1E
#16860000
0!
0E
#16870000
1!
1E
#16880000
0!
0E
#16890000
1!
1E
#16900000
b1111 :
b1110 <
0!
0E
#16910000
1!
1E
#16920000
0!
0E
#16930000
1!
1E
#16940000
0!
0E
#16950000
1!
1E
#16960000
0!
0E
#16970000
1!
1E
#16980000
0!
0E
#16990000
1!
1E
#17000000
0!
0E
#17010000
1!
1E
#17020000
0!
0E
#17030000
1!
1E
#17040000
0!
0E
#17050000
1!
1E
#17060000
0!
0E
#17070000
1!
1E
#17080000
0!
0E
#17090000
1!
1E
#17100000
0!
0E
#17110000
1!
1E
#17120000
0!
0E
#17130000
1!
1E
#17140000
0!
0E
#17150000
1!
1E
#17160000
0!
0E
#17170000
1!
1E
#17180000
0!
0E
#17190000
1!
1E
#17200000
0!
0E
#17210000
1!
1E
#17220000
0!
0E
#17230000
1!
1E
#17240000
0!
0E
#17250000
1!
1E
#17260000
0!
0E
#17270000
1!
1E
#17280000
0!
0E
#17290000
1!
1E
#17300000
0!
0E
#17310000
1!
1E
#17320000
0!
0E
#17330000
1!
1E
#17340000
0!
0E
#17350000
1!
1E
#17360000
0!
0E
#17370000
1!
1E
#17380000
0!
0E
#17390000
1!
1E
#17400000
0!
0E
#17410000
1!
1E
#17420000
0!
0E
#17430000
1!
1E
#17440000
0!
0E
#17450000
1!
1E
#17460000
0!
0E
#17470000
1!
1E
#17480000
0!
0E
#17490000
1!
1E
#17500000
0!
0E
#17510000
1!
1E
#17520000
0!
0E
#17530000
1!
1E
#17540000
0!
0E
#17550000
1!
1E
#17560000
0!
0E
#17570000
1!
1E
#17580000
0!
0E
#17590000
1!
1E
#17600000
0!
0E
#17610000
1!
1E
#17620000
0!
0E
#17630000
1!
1E
#17640000
0!
0E
#17650000
1!
1E
#17660000
0!
0E
#17670000
1!
1E
#17680000
0!
0E
#17690000
1!
1E
#17700000
0!
0E
#17710000
1!
1E
#17720000
0!
0E
#17730000
1!
1E
#17740000
0!
0E
#17750000
1!
1E
#17760000
0!
0E
#17770000
1!
1E
#17780000
0!
0E
#17790000
1!
1E
#17800000
0!
0E
#17810000
1!
1E
#17820000
0!
0E
#17830000
1!
1E
#17840000
0!
0E
#17850000
1!
1E
#17860000
0!
0E
#17870000
1!
1E
#17880000
0!
0E
#17890000
1!
1E
#17900000
b1101 >
b1101 %
b11001101 &
1'
0!
1W
1O
1X
0E
#17910000
1!
1E
1Z
10
#17920000
0!
0E
#17930000
1!
1E
0Z
1Z
#17940000
0!
0E
#17950000
1!
1E
0Z
1Z
#17960000
0!
0E
#17970000
1!
1E
0Z
1Z
#17980000
0!
0E
#17990000
1!
1E
0Z
1Z
#18000000
0'
0!
0X
0E
#18010000
1!
1E
0Z
00
#18020000
0!
0E
#18030000
1!
1E
#18040000
0!
0E
#18050000
1!
1E
#18060000
0!
0E
#18070000
1!
1E
#18080000
0!
0E
#18090000
1!
1E
#18100000
b10000 :
b1111 <
0!
0E
#18110000
1!
1E
#18120000
0!
0E
#18130000
1!
1E
#18140000
0!
0E
#18150000
1!
1E
#18160000
0!
0E
#18170000
1!
1E
#18180000
0!
0E
#18190000
1!
1E
#18200000
0!
0E
#18210000
1!
1E
#18220000
0!
0E
#18230000
1!
1E
#18240000
0!
0E
#18250000
1!
1E
#18260000
0!
0E
#18270000
1!
1E
#18280000
0!
0E
#18290000
1!
1E
#18300000
0!
0E
#18310000
1!
1E
#18320000
0!
0E
#18330000
1!
1E
#18340000
0!
0E
#18350000
1!
1E
#18360000
0!
0E
#18370000
1!
1E
#18380000
0!
0E
#18390000
1!
1E
#18400000
0!
0E
#18410000
1!
1E
#18420000
0!
0E
#18430000
1!
1E
#18440000
0!
0E
#18450000
1!
1E
#18460000
0!
0E
#18470000
1!
1E
#18480000
0!
0E
#18490000
1!
1E
#18500000
0!
0E
#18510000
1!
1E
#18520000
0!
0E
#18530000
1!
1E
#18540000
0!
0E
#18550000
1!
1E
#18560000
0!
0E
#18570000
1!
1E
#18580000
0!
0E
#18590000
1!
1E
#18600000
0!
0E
#18610000
1!
1E
#18620000
0!
0E
#18630000
1!
1E
#18640000
0!
0E
#18650000
1!
1E
#18660000
0!
0E
#18670000
1!
1E
#18680000
0!
0E
#18690000
1!
1E
#18700000
0!
0E
#18710000
1!
1E
#18720000
0!
0E
#18730000
1!
1E
#18740000
0!
0E
#18750000
1!
1E
#18760000
0!
0E
#18770000
1!
1E
#18780000
0!
0E
#18790000
1!
1E
#18800000
0!
0E
#18810000
1!
1E
#18820000
0!
0E
#18830000
1!
1E
#18840000
0!
0E
#18850000
1!
1E
#18860000
0!
0E
#18870000
1!
1E
#18880000
0!
0E
#18890000
1!
1E
#18900000
0!
0E
#18910000
1!
1E
#18920000
0!
0E
#18930000
1!
1E
#18940000
0!
0E
#18950000
1!
1E
#18960000
0!
0E
#18970000
1!
1E
#18980000
0!
0E
#18990000
1!
1E
#19000000
0!
0E
#19010000
1!
1E
#19020000
0!
0E
#19030000
1!
1E
#19040000
0!
0E
#19050000
1!
1E
#19060000
0!
0E
#19070000
1!
1E
#19080000
0!
0E
#19090000
1!
1E
#19100000
b1110 >
b1110 %
b11001110 &
1'
0!
0W
1V
0O
1N
1X
0E
#19110000
1!
1E
1Z
10
#19120000
0!
0E
#19130000
1!
1E
0Z
1Z
#19140000
0!
0E
#19150000
1!
1E
0Z
1Z
#19160000
0!
0E
#19170000
1!
1E
0Z
1Z
#19180000
0!
0E
#19190000
1!
1E
0Z
1Z
#19200000
0'
0!
0X
0E
#19210000
1!
1E
0Z
00
#19220000
0!
0E
#19230000
1!
1E
#19240000
0!
0E
#19250000
1!
1E
#19260000
0!
0E
#19270000
1!
1E
#19280000
0!
0E
#19290000
1!
1E
#19300000
b10001 :
b10000 <
0!
0E
#19310000
1!
1E
#19320000
0!
0E
#19330000
1!
1E
#19340000
0!
0E
#19350000
1!
1E
#19360000
0!
0E
#19370000
1!
1E
#19380000
0!
0E
#19390000
1!
1E
#19400000
0!
0E
#19410000
1!
1E
#19420000
0!
0E
#19430000
1!
1E
#19440000
0!
0E
#19450000
1!
1E
#19460000
0!
0E
#19470000
1!
1E
#19480000
0!
0E
#19490000
1!
1E
#19500000
0!
0E
#19510000
1!
1E
#19520000
0!
0E
#19530000
1!
1E
#19540000
0!
0E
#19550000
1!
1E
#19560000
0!
0E
#19570000
1!
1E
#19580000
0!
0E
#19590000
1!
1E
#19600000
0!
0E
#19610000
1!
1E
#19620000
0!
0E
#19630000
1!
1E
#19640000
0!
0E
#19650000
1!
1E
#19660000
0!
0E
#19670000
1!
1E
#19680000
0!
0E
#19690000
1!
1E
#19700000
0!
0E
#19710000
1!
1E
#19720000
0!
0E
#19730000
1!
1E
#19740000
0!
0E
#19750000
1!
1E
#19760000
0!
0E
#19770000
1!
1E
#19780000
0!
0E
#19790000
1!
1E
#19800000
0!
0E
#19810000
1!
1E
#19820000
0!
0E
#19830000
1!
1E
#19840000
0!
0E
#19850000
1!
1E
#19860000
0!
0E
#19870000
1!
1E
#19880000
0!
0E
#19890000
1!
1E
#19900000
0!
0E
#19910000
1!
1E
#19920000
0!
0E
#19930000
1!
1E
#19940000
0!
0E
#19950000
1!
1E
#19960000
0!
0E
#19970000
1!
1E
#19980000
0!
0E
#19990000
1!
1E
#20000000
0!
0E
#20010000
1!
1E
#20020000
0!
0E
#20030000
1!
1E
#20040000
0!
0E
#20050000
1!
1E
#20060000
0!
0E
#20070000
1!
1E
#20080000
0!
0E
#20090000
1!
1E
#20100000
0!
0E
#20110000
1!
1E
#20120000
0!
0E
#20130000
1!
1E
#20140000
0!
0E
#20150000
1!
1E
#20160000
0!
0E
#20170000
1!
1E
#20180000
0!
0E
#20190000
1!
1E
#20200000
0!
0E
#20210000
1!
1E
#20220000
0!
0E
#20230000
1!
1E
#20240000
0!
0E
#20250000
1!
1E
#20260000
0!
0E
#20270000
1!
1E
#20280000
0!
0E
#20290000
1!
1E
#20300000
b1111 >
b1111 %
b11001111 &
1'
0!
1W
1O
1X
0E
#20310000
1!
1E
1Z
10
#20320000
0!
0E
#20330000
1!
1E
0Z
1Z
#20340000
0!
0E
#20350000
1!
1E
0Z
1Z
#20360000
0!
0E
#20370000
1!
1E
0Z
1Z
#20380000
0!
0E
#20390000
1!
1E
0Z
1Z
#20400000
0'
0!
0X
0E
#20410000
1!
1E
0Z
00
#20420000
0!
0E
#20430000
1!
1E
#20440000
0!
0E
#20450000
1!
1E
#20460000
0!
0E
#20470000
1!
1E
#20480000
0!
0E
#20490000
1!
1E
#20500000
b10010 :
b10001 <
0!
0E
#20510000
1!
1E
#20520000
0!
0E
#20530000
1!
1E
#20540000
0!
0E
#20550000
1!
1E
#20560000
0!
0E
#20570000
1!
1E
#20580000
0!
0E
#20590000
1!
1E
#20600000
0!
0E
#20610000
1!
1E
#20620000
0!
0E
#20630000
1!
1E
#20640000
0!
0E
#20650000
1!
1E
#20660000
0!
0E
#20670000
1!
1E
#20680000
0!
0E
#20690000
1!
1E
#20700000
0!
0E
#20710000
1!
1E
#20720000
0!
0E
#20730000
1!
1E
#20740000
0!
0E
#20750000
1!
1E
#20760000
0!
0E
#20770000
1!
1E
#20780000
0!
0E
#20790000
1!
1E
#20800000
0!
0E
#20810000
1!
1E
#20820000
0!
0E
#20830000
1!
1E
#20840000
0!
0E
#20850000
1!
1E
#20860000
0!
0E
#20870000
1!
1E
#20880000
0!
0E
#20890000
1!
1E
#20900000
0!
0E
#20910000
1!
1E
#20920000
0!
0E
#20930000
1!
1E
#20940000
0!
0E
#20950000
1!
1E
#20960000
0!
0E
#20970000
1!
1E
#20980000
0!
0E
#20990000
1!
1E
#21000000
0!
0E
#21010000
1!
1E
#21020000
0!
0E
#21030000
1!
1E
#21040000
0!
0E
#21050000
1!
1E
#21060000
0!
0E
#21070000
1!
1E
#21080000
0!
0E
#21090000
1!
1E
#21100000
0!
0E
#21110000
1!
1E
#21120000
0!
0E
#21130000
1!
1E
#21140000
0!
0E
#21150000
1!
1E
#21160000
0!
0E
#21170000
1!
1E
#21180000
0!
0E
#21190000
1!
1E
#21200000
0!
0E
#21210000
1!
1E
#21220000
0!
0E
#21230000
1!
1E
#21240000
0!
0E
#21250000
1!
1E
#21260000
0!
0E
#21270000
1!
1E
#21280000
0!
0E
#21290000
1!
1E
#21300000
0!
0E
#21310000
1!
1E
#21320000
0!
0E
#21330000
1!
1E
#21340000
0!
0E
#21350000
1!
1E
#21360000
0!
0E
#21370000
1!
1E
#21380000
0!
0E
#21390000
1!
1E
#21400000
0!
0E
#21410000
1!
1E
#21420000
0!
0E
#21430000
1!
1E
#21440000
0!
0E
#21450000
1!
1E
#21460000
0!
0E
#21470000
1!
1E
#21480000
0!
0E
#21490000
1!
1E
#21500000
b10000 >
b10000 %
b11010000 &
1'
0!
0W
0V
0U
0T
1S
0O
0N
0M
0L
1K
1X
0E
#21510000
1!
1E
1Z
10
#21520000
0!
0E
#21530000
1!
1E
0Z
1Z
#21540000
0!
0E
#21550000
1!
1E
0Z
1Z
#21560000
0!
0E
#21570000
1!
1E
0Z
1Z
#21580000
0!
0E
#21590000
1!
1E
0Z
1Z
#21600000
0'
0!
0X
0E
#21610000
1!
1E
0Z
00
#21620000
0!
0E
#21630000
1!
1E
#21640000
0!
0E
#21650000
1!
1E
#21660000
0!
0E
#21670000
1!
1E
#21680000
0!
0E
#21690000
1!
1E
#21700000
b10011 :
b10010 <
0!
0E
#21710000
1!
1E
#21720000
0!
0E
#21730000
1!
1E
#21740000
0!
0E
#21750000
1!
1E
#21760000
0!
0E
#21770000
1!
1E
#21780000
0!
0E
#21790000
1!
1E
#21800000
0!
0E
#21810000
1!
1E
#21820000
0!
0E
#21830000
1!
1E
#21840000
0!
0E
#21850000
1!
1E
#21860000
0!
0E
#21870000
1!
1E
#21880000
0!
0E
#21890000
1!
1E
#21900000
0!
0E
#21910000
1!
1E
#21920000
0!
0E
#21930000
1!
1E
#21940000
0!
0E
#21950000
1!
1E
#21960000
0!
0E
#21970000
1!
1E
#21980000
0!
0E
#21990000
1!
1E
#22000000
0!
0E
#22010000
1!
1E
#22020000
0!
0E
#22030000
1!
1E
#22040000
0!
0E
#22050000
1!
1E
#22060000
0!
0E
#22070000
1!
1E
#22080000
0!
0E
#22090000
1!
1E
#22100000
0!
0E
#22110000
1!
1E
#22120000
0!
0E
#22130000
1!
1E
#22140000
0!
0E
#22150000
1!
1E
#22160000
0!
0E
#22170000
1!
1E
#22180000
0!
0E
#22190000
1!
1E
#22200000
0!
0E
#22210000
1!
1E
#22220000
0!
0E
#22230000
1!
1E
#22240000
0!
0E
#22250000
1!
1E
#22260000
0!
0E
#22270000
1!
1E
#22280000
0!
0E
#22290000
1!
1E
#22300000
0!
0E
#22310000
1!
1E
#22320000
0!
0E
#22330000
1!
1E
#22340000
0!
0E
#22350000
1!
1E
#22360000
0!
0E
#22370000
1!
1E
#22380000
0!
0E
#22390000
1!
1E
#22400000
0!
0E
#22410000
1!
1E
#22420000
0!
0E
#22430000
1!
1E
#22440000
0!
0E
#22450000
1!
1E
#22460000
0!
0E
#22470000
1!
1E
#22480000
0!
0E
#22490000
1!
1E
#22500000
0!
0E
#22510000
1!
1E
#22520000
0!
0E
#22530000
1!
1E
#22540000
0!
0E
#22550000
1!
1E
#22560000
0!
0E
#22570000
1!
1E
#22580000
0!
0E
#22590000
1!
1E
#22600000
0!
0E
#22610000
1!
1E
#22620000
0!
0E
#22630000
1!
1E
#22640000
0!
0E
#22650000
1!
1E
#22660000
0!
0E
#22670000
1!
1E
#22680000
0!
0E
#22690000
1!
1E
#22700000
b10001 >
b10001 %
b11010001 &
1'
0!
1W
1O
1X
0E
#22710000
1!
1E
1Z
10
#22720000
0!
0E
#22730000
1!
1E
0Z
1Z
#22740000
0!
0E
#22750000
1!
1E
0Z
1Z
#22760000
0!
0E
#22770000
1!
1E
0Z
1Z
#22780000
0!
0E
#22790000
1!
1E
0Z
1Z
#22800000
0'
0!
0X
0E
#22810000
1!
1E
0Z
00
#22820000
0!
0E
#22830000
1!
1E
#22840000
0!
0E
#22850000
1!
1E
#22860000
0!
0E
#22870000
1!
1E
#22880000
0!
0E
#22890000
1!
1E
#22900000
b10100 :
b10011 <
0!
0E
#22910000
1!
1E
#22920000
0!
0E
#22930000
1!
1E
#22940000
0!
0E
#22950000
1!
1E
#22960000
0!
0E
#22970000
1!
1E
#22980000
0!
0E
#22990000
1!
1E
#23000000
0!
0E
#23010000
1!
1E
#23020000
0!
0E
#23030000
1!
1E
#23040000
0!
0E
#23050000
1!
1E
#23060000
0!
0E
#23070000
1!
1E
#23080000
0!
0E
#23090000
1!
1E
#23100000
0!
0E
#23110000
1!
1E
#23120000
0!
0E
#23130000
1!
1E
#23140000
0!
0E
#23150000
1!
1E
#23160000
0!
0E
#23170000
1!
1E
#23180000
0!
0E
#23190000
1!
1E
#23200000
0!
0E
#23210000
1!
1E
#23220000
0!
0E
#23230000
1!
1E
#23240000
0!
0E
#23250000
1!
1E
#23260000
0!
0E
#23270000
1!
1E
#23280000
0!
0E
#23290000
1!
1E
#23300000
0!
0E
#23310000
1!
1E
#23320000
0!
0E
#23330000
1!
1E
#23340000
0!
0E
#23350000
1!
1E
#23360000
0!
0E
#23370000
1!
1E
#23380000
0!
0E
#23390000
1!
1E
#23400000
0!
0E
#23410000
1!
1E
#23420000
0!
0E
#23430000
1!
1E
#23440000
0!
0E
#23450000
1!
1E
#23460000
0!
0E
#23470000
1!
1E
#23480000
0!
0E
#23490000
1!
1E
#23500000
0!
0E
#23510000
1!
1E
#23520000
0!
0E
#23530000
1!
1E
#23540000
0!
0E
#23550000
1!
1E
#23560000
0!
0E
#23570000
1!
1E
#23580000
0!
0E
#23590000
1!
1E
#23600000
0!
0E
#23610000
1!
1E
#23620000
0!
0E
#23630000
1!
1E
#23640000
0!
0E
#23650000
1!
1E
#23660000
0!
0E
#23670000
1!
1E
#23680000
0!
0E
#23690000
1!
1E
#23700000
0!
0E
#23710000
1!
1E
#23720000
0!
0E
#23730000
1!
1E
#23740000
0!
0E
#23750000
1!
1E
#23760000
0!
0E
#23770000
1!
1E
#23780000
0!
0E
#23790000
1!
1E
#23800000
0!
0E
#23810000
1!
1E
#23820000
0!
0E
#23830000
1!
1E
#23840000
0!
0E
#23850000
1!
1E
#23860000
0!
0E
#23870000
1!
1E
#23880000
0!
0E
#23890000
1!
1E
#23900000
b10010 >
b10010 %
b11010010 &
1'
0!
0W
1V
0O
1N
1X
0E
#23910000
1!
1E
1Z
10
#23920000
0!
0E
#23930000
1!
1E
0Z
1Z
#23940000
0!
0E
#23950000
1!
1E
0Z
1Z
#23960000
0!
0E
#23970000
1!
1E
0Z
1Z
#23980000
0!
0E
#23990000
1!
1E
0Z
1Z
#24000000
0'
0!
0X
0E
#24010000
1!
1E
0Z
00
#24020000
0!
0E
#24030000
1!
1E
#24040000
0!
0E
#24050000
1!
1E
#24060000
0!
0E
#24070000
1!
1E
#24080000
0!
0E
#24090000
1!
1E
#24100000
b10101 :
b10100 <
0!
0E
#24110000
1!
1E
#24120000
0!
0E
#24130000
1!
1E
#24140000
0!
0E
#24150000
1!
1E
#24160000
0!
0E
#24170000
1!
1E
#24180000
0!
0E
#24190000
1!
1E
#24200000
0!
0E
#24210000
1!
1E
#24220000
0!
0E
#24230000
1!
1E
#24240000
0!
0E
#24250000
1!
1E
#24260000
0!
0E
#24270000
1!
1E
#24280000
0!
0E
#24290000
1!
1E
#24300000
0!
0E
#24310000
1!
1E
#24320000
0!
0E
#24330000
1!
1E
#24340000
0!
0E
#24350000
1!
1E
#24360000
0!
0E
#24370000
1!
1E
#24380000
0!
0E
#24390000
1!
1E
#24400000
0!
0E
#24410000
1!
1E
#24420000
0!
0E
#24430000
1!
1E
#24440000
0!
0E
#24450000
1!
1E
#24460000
0!
0E
#24470000
1!
1E
#24480000
0!
0E
#24490000
1!
1E
#24500000
0!
0E
#24510000
1!
1E
#24520000
0!
0E
#24530000
1!
1E
#24540000
0!
0E
#24550000
1!
1E
#24560000
0!
0E
#24570000
1!
1E
#24580000
0!
0E
#24590000
1!
1E
#24600000
0!
0E
#24610000
1!
1E
#24620000
0!
0E
#24630000
1!
1E
#24640000
0!
0E
#24650000
1!
1E
#24660000
0!
0E
#24670000
1!
1E
#24680000
0!
0E
#24690000
1!
1E
#24700000
0!
0E
#24710000
1!
1E
#24720000
0!
0E
#24730000
1!
1E
#24740000
0!
0E
#24750000
1!
1E
#24760000
0!
0E
#24770000
1!
1E
#24780000
0!
0E
#24790000
1!
1E
#24800000
0!
0E
#24810000
1!
1E
#24820000
0!
0E
#24830000
1!
1E
#24840000
0!
0E
#24850000
1!
1E
#24860000
0!
0E
#24870000
1!
1E
#24880000
0!
0E
#24890000
1!
1E
#24900000
0!
0E
#24910000
1!
1E
#24920000
0!
0E
#24930000
1!
1E
#24940000
0!
0E
#24950000
1!
1E
#24960000
0!
0E
#24970000
1!
1E
#24980000
0!
0E
#24990000
1!
1E
#25000000
0!
0E
#25010000
1!
1E
#25020000
0!
0E
#25030000
1!
1E
#25040000
0!
0E
#25050000
1!
1E
#25060000
0!
0E
#25070000
1!
1E
#25080000
0!
0E
#25090000
1!
1E
#25100000
b10011 >
b10011 %
b11010011 &
1'
0!
1W
1O
1X
0E
#25110000
1!
1E
1Z
10
#25120000
0!
0E
#25130000
1!
1E
0Z
1Z
#25140000
0!
0E
#25150000
1!
1E
0Z
1Z
#25160000
0!
0E
#25170000
1!
1E
0Z
1Z
#25180000
0!
0E
#25190000
1!
1E
0Z
1Z
#25200000
0'
0!
0X
0E
#25210000
1!
1E
0Z
00
#25220000
0!
0E
#25230000
1!
1E
#25240000
0!
0E
#25250000
1!
1E
#25260000
0!
0E
#25270000
1!
1E
#25280000
0!
0E
#25290000
1!
1E
#25300000
b10110 :
b10101 <
0!
0E
#25310000
1!
1E
#25320000
0!
0E
#25330000
1!
1E
#25340000
0!
0E
#25350000
1!
1E
#25360000
0!
0E
#25370000
1!
1E
#25380000
0!
0E
#25390000
1!
1E
#25400000
0!
0E
#25410000
1!
1E
#25420000
0!
0E
#25430000
1!
1E
#25440000
0!
0E
#25450000
1!
1E
#25460000
0!
0E
#25470000
1!
1E
#25480000
0!
0E
#25490000
1!
1E
#25500000
0!
0E
#25510000
1!
1E
#25520000
0!
0E
#25530000
1!
1E
#25540000
0!
0E
#25550000
1!
1E
#25560000
0!
0E
#25570000
1!
1E
#25580000
0!
0E
#25590000
1!
1E
#25600000
0!
0E
#25610000
1!
1E
#25620000
0!
0E
#25630000
1!
1E
#25640000
0!
0E
#25650000
1!
1E
#25660000
0!
0E
#25670000
1!
1E
#25680000
0!
0E
#25690000
1!
1E
#25700000
0!
0E
#25710000
1!
1E
#25720000
0!
0E
#25730000
1!
1E
#25740000
0!
0E
#25750000
1!
1E
#25760000
0!
0E
#25770000
1!
1E
#25780000
0!
0E
#25790000
1!
1E
#25800000
0!
0E
#25810000
1!
1E
#25820000
0!
0E
#25830000
1!
1E
#25840000
0!
0E
#25850000
1!
1E
#25860000
0!
0E
#25870000
1!
1E
#25880000
0!
0E
#25890000
1!
1E
#25900000
0!
0E
#25910000
1!
1E
#25920000
0!
0E
#25930000
1!
1E
#25940000
0!
0E
#25950000
1!
1E
#25960000
0!
0E
#25970000
1!
1E
#25980000
0!
0E
#25990000
1!
1E
#26000000
0!
0E
#26010000
1!
1E
#26020000
0!
0E
#26030000
1!
1E
#26040000
0!
0E
#26050000
1!
1E
#26060000
0!
0E
#26070000
1!
1E
#26080000
0!
0E
#26090000
1!
1E
#26100000
0!
0E
#26110000
1!
1E
#26120000
0!
0E
#26130000
1!
1E
#26140000
0!
0E
#26150000
1!
1E
#26160000
0!
0E
#26170000
1!
1E
#26180000
0!
0E
#26190000
1!
1E
#26200000
0!
0E
#26210000
1!
1E
#26220000
0!
0E
#26230000
1!
1E
#26240000
0!
0E
#26250000
1!
1E
#26260000
0!
0E
#26270000
1!
1E
#26280000
0!
0E
#26290000
1!
1E
#26300000
b10100 >
b10100 %
b11010100 &
1'
0!
0W
0V
1U
0O
0N
1M
1X
0E
#26310000
1!
1E
1Z
10
#26320000
0!
0E
#26330000
1!
1E
0Z
1Z
#26340000
0!
0E
#26350000
1!
1E
0Z
1Z
#26360000
0!
0E
#26370000
1!
1E
0Z
1Z
#26380000
0!
0E
#26390000
1!
1E
0Z
1Z
#26400000
0'
0!
0X
0E
#26410000
1!
1E
0Z
00
#26420000
0!
0E
#26430000
1!
1E
#26440000
0!
0E
#26450000
1!
1E
#26460000
0!
0E
#26470000
1!
1E
#26480000
0!
0E
#26490000
1!
1E
#26500000
b10111 :
b10110 <
0!
0E
#26510000
1!
1E
#26520000
0!
0E
#26530000
1!
1E
#26540000
0!
0E
#26550000
1!
1E
#26560000
0!
0E
#26570000
1!
1E
#26580000
0!
0E
#26590000
1!
1E
#26600000
0!
0E
#26610000
1!
1E
#26620000
0!
0E
#26630000
1!
1E
#26640000
0!
0E
#26650000
1!
1E
#26660000
0!
0E
#26670000
1!
1E
#26680000
0!
0E
#26690000
1!
1E
#26700000
0!
0E
#26710000
1!
1E
#26720000
0!
0E
#26730000
1!
1E
#26740000
0!
0E
#26750000
1!
1E
#26760000
0!
0E
#26770000
1!
1E
#26780000
0!
0E
#26790000
1!
1E
#26800000
0!
0E
#26810000
1!
1E
#26820000
0!
0E
#26830000
1!
1E
#26840000
0!
0E
#26850000
1!
1E
#26860000
0!
0E
#26870000
1!
1E
#26880000
0!
0E
#26890000
1!
1E
#26900000
0!
0E
#26910000
1!
1E
#26920000
0!
0E
#26930000
1!
1E
#26940000
0!
0E
#26950000
1!
1E
#26960000
0!
0E
#26970000
1!
1E
#26980000
0!
0E
#26990000
1!
1E
#27000000
0!
0E
#27010000
1!
1E
#27020000
0!
0E
#27030000
1!
1E
#27040000
0!
0E
#27050000
1!
1E
#27060000
0!
0E
#27070000
1!
1E
#27080000
0!
0E
#27090000
1!
1E
#27100000
0!
0E
#27110000
1!
1E
#27120000
0!
0E
#27130000
1!
1E
#27140000
0!
0E
#27150000
1!
1E
#27160000
0!
0E
#27170000
1!
1E
#27180000
0!
0E
#27190000
1!
1E
#27200000
0!
0E
#27210000
1!
1E
#27220000
0!
0E
#27230000
1!
1E
#27240000
0!
0E
#27250000
1!
1E
#27260000
0!
0E
#27270000
1!
1E
#27280000
0!
0E
#27290000
1!
1E
#27300000
0!
0E
#27310000
1!
1E
#27320000
0!
0E
#27330000
1!
1E
#27340000
0!
0E
#27350000
1!
1E
#27360000
0!
0E
#27370000
1!
1E
#27380000
0!
0E
#27390000
1!
1E
#27400000
0!
0E
#27410000
1!
1E
#27420000
0!
0E
#27430000
1!
1E
#27440000
0!
0E
#27450000
1!
1E
#27460000
0!
0E
#27470000
1!
1E
#27480000
0!
0E
#27490000
1!
1E
#27500000
b10101 >
b10101 %
b11010101 &
1'
0!
1W
1O
1X
0E
#27510000
1!
1E
1Z
10
#27520000
0!
0E
#27530000
1!
1E
0Z
1Z
#27540000
0!
0E
#27550000
1!
1E
0Z
1Z
#27560000
0!
0E
#27570000
1!
1E
0Z
1Z
#27580000
0!
0E
#27590000
1!
1E
0Z
1Z
#27600000
0'
0!
0X
0E
#27610000
1!
1E
0Z
00
#27620000
0!
0E
#27630000
1!
1E
#27640000
0!
0E
#27650000
1!
1E
#27660000
0!
0E
#27670000
1!
1E
#27680000
0!
0E
#27690000
1!
1E
#27700000
b11000 :
b10111 <
0!
0E
#27710000
1!
1E
#27720000
0!
0E
#27730000
1!
1E
#27740000
0!
0E
#27750000
1!
1E
#27760000
0!
0E
#27770000
1!
1E
#27780000
0!
0E
#27790000
1!
1E
#27800000
0!
0E
#27810000
1!
1E
#27820000
0!
0E
#27830000
1!
1E
#27840000
0!
0E
#27850000
1!
1E
#27860000
0!
0E
#27870000
1!
1E
#27880000
0!
0E
#27890000
1!
1E
#27900000
0!
0E
#27910000
1!
1E
#27920000
0!
0E
#27930000
1!
1E
#27940000
0!
0E
#27950000
1!
1E
#27960000
0!
0E
#27970000
1!
1E
#27980000
0!
0E
#27990000
1!
1E
#28000000
0!
0E
#28010000
1!
1E
#28020000
0!
0E
#28030000
1!
1E
#28040000
0!
0E
#28050000
1!
1E
#28060000
0!
0E
#28070000
1!
1E
#28080000
0!
0E
#28090000
1!
1E
#28100000
0!
0E
#28110000
1!
1E
#28120000
0!
0E
#28130000
1!
1E
#28140000
0!
0E
#28150000
1!
1E
#28160000
0!
0E
#28170000
1!
1E
#28180000
0!
0E
#28190000
1!
1E
#28200000
0!
0E
#28210000
1!
1E
#28220000
0!
0E
#28230000
1!
1E
#28240000
0!
0E
#28250000
1!
1E
#28260000
0!
0E
#28270000
1!
1E
#28280000
0!
0E
#28290000
1!
1E
#28300000
0!
0E
#28310000
1!
1E
#28320000
0!
0E
#28330000
1!
1E
#28340000
0!
0E
#28350000
1!
1E
#28360000
0!
0E
#28370000
1!
1E
#28380000
0!
0E
#28390000
1!
1E
#28400000
0!
0E
#28410000
1!
1E
#28420000
0!
0E
#28430000
1!
1E
#28440000
0!
0E
#28450000
1!
1E
#28460000
0!
0E
#28470000
1!
1E
#28480000
0!
0E
#28490000
1!
1E
#28500000
0!
0E
#28510000
1!
1E
#28520000
0!
0E
#28530000
1!
1E
#28540000
0!
0E
#28550000
1!
1E
#28560000
0!
0E
#28570000
1!
1E
#28580000
0!
0E
#28590000
1!
1E
#28600000
0!
0E
#28610000
1!
1E
#28620000
0!
0E
#28630000
1!
1E
#28640000
0!
0E
#28650000
1!
1E
#28660000
0!
0E
#28670000
1!
1E
#28680000
0!
0E
#28690000
1!
1E
#28700000
b10110 >
b10110 %
b11010110 &
1'
0!
0W
1V
0O
1N
1X
0E
#28710000
1!
1E
1Z
10
#28720000
0!
0E
#28730000
1!
1E
0Z
1Z
#28740000
0!
0E
#28750000
1!
1E
0Z
1Z
#28760000
0!
0E
#28770000
1!
1E
0Z
1Z
#28780000
0!
0E
#28790000
1!
1E
0Z
1Z
#28800000
0'
0!
0X
0E
#28810000
1!
1E
0Z
00
#28820000
0!
0E
#28830000
1!
1E
#28840000
0!
0E
#28850000
1!
1E
#28860000
0!
0E
#28870000
1!
1E
#28880000
0!
0E
#28890000
1!
1E
#28900000
b11001 :
b11000 <
0!
0E
#28910000
1!
1E
#28920000
0!
0E
#28930000
1!
1E
#28940000
0!
0E
#28950000
1!
1E
#28960000
0!
0E
#28970000
1!
1E
#28980000
0!
0E
#28990000
1!
1E
#29000000
0!
0E
#29010000
1!
1E
#29020000
0!
0E
#29030000
1!
1E
#29040000
0!
0E
#29050000
1!
1E
#29060000
0!
0E
#29070000
1!
1E
#29080000
0!
0E
#29090000
1!
1E
#29100000
0!
0E
#29110000
1!
1E
#29120000
0!
0E
#29130000
1!
1E
#29140000
0!
0E
#29150000
1!
1E
#29160000
0!
0E
#29170000
1!
1E
#29180000
0!
0E
#29190000
1!
1E
#29200000
0!
0E
#29210000
1!
1E
#29220000
0!
0E
#29230000
1!
1E
#29240000
0!
0E
#29250000
1!
1E
#29260000
0!
0E
#29270000
1!
1E
#29280000
0!
0E
#29290000
1!
1E
#29300000
0!
0E
#29310000
1!
1E
#29320000
0!
0E
#29330000
1!
1E
#29340000
0!
0E
#29350000
1!
1E
#29360000
0!
0E
#29370000
1!
1E
#29380000
0!
0E
#29390000
1!
1E
#29400000
0!
0E
#29410000
1!
1E
#29420000
0!
0E
#29430000
1!
1E
#29440000
0!
0E
#29450000
1!
1E
#29460000
0!
0E
#29470000
1!
1E
#29480000
0!
0E
#29490000
1!
1E
#29500000
0!
0E
#29510000
1!
1E
#29520000
0!
0E
#29530000
1!
1E
#29540000
0!
0E
#29550000
1!
1E
#29560000
0!
0E
#29570000
1!
1E
#29580000
0!
0E
#29590000
1!
1E
#29600000
0!
0E
#29610000
1!
1E
#29620000
0!
0E
#29630000
1!
1E
#29640000
0!
0E
#29650000
1!
1E
#29660000
0!
0E
#29670000
1!
1E
#29680000
0!
0E
#29690000
1!
1E
#29700000
0!
0E
#29710000
1!
1E
#29720000
0!
0E
#29730000
1!
1E
#29740000
0!
0E
#29750000
1!
1E
#29760000
0!
0E
#29770000
1!
1E
#29780000
0!
0E
#29790000
1!
1E
#29800000
0!
0E
#29810000
1!
1E
#29820000
0!
0E
#29830000
1!
1E
#29840000
0!
0E
#29850000
1!
1E
#29860000
0!
0E
#29870000
1!
1E
#29880000
0!
0E
#29890000
1!
1E
#29900000
b10111 >
b10111 %
b11010111 &
1'
0!
1W
1O
1X
0E
#29910000
1!
1E
1Z
10
#29920000
0!
0E
#29930000
1!
1E
0Z
1Z
#29940000
0!
0E
#29950000
1!
1E
0Z
1Z
#29960000
0!
0E
#29970000
1!
1E
0Z
1Z
#29980000
0!
0E
#29990000
1!
1E
0Z
1Z
#30000000
0'
0!
0X
0E
#30010000
1!
1E
0Z
00
#30020000
0!
0E
#30030000
1!
1E
#30040000
0!
0E
#30050000
1!
1E
#30060000
0!
0E
#30070000
1!
1E
#30080000
0!
0E
#30090000
1!
1E
#30100000
b11010 :
b11001 <
0!
0E
#30110000
1!
1E
#30120000
0!
0E
#30130000
1!
1E
#30140000
0!
0E
#30150000
1!
1E
#30160000
0!
0E
#30170000
1!
1E
#30180000
0!
0E
#30190000
1!
1E
#30200000
0!
0E
#30210000
1!
1E
#30220000
0!
0E
#30230000
1!
1E
#30240000
0!
0E
#30250000
1!
1E
#30260000
0!
0E
#30270000
1!
1E
#30280000
0!
0E
#30290000
1!
1E
#30300000
0!
0E
#30310000
1!
1E
#30320000
0!
0E
#30330000
1!
1E
#30340000
0!
0E
#30350000
1!
1E
#30360000
0!
0E
#30370000
1!
1E
#30380000
0!
0E
#30390000
1!
1E
#30400000
0!
0E
#30410000
1!
1E
#30420000
0!
0E
#30430000
1!
1E
#30440000
0!
0E
#30450000
1!
1E
#30460000
0!
0E
#30470000
1!
1E
#30480000
0!
0E
#30490000
1!
1E
#30500000
0!
0E
#30510000
1!
1E
#30520000
0!
0E
#30530000
1!
1E
#30540000
0!
0E
#30550000
1!
1E
#30560000
0!
0E
#30570000
1!
1E
#30580000
0!
0E
#30590000
1!
1E
#30600000
0!
0E
#30610000
1!
1E
#30620000
0!
0E
#30630000
1!
1E
#30640000
0!
0E
#30650000
1!
1E
#30660000
0!
0E
#30670000
1!
1E
#30680000
0!
0E
#30690000
1!
1E
#30700000
0!
0E
#30710000
1!
1E
#30720000
0!
0E
#30730000
1!
1E
#30740000
0!
0E
#30750000
1!
1E
#30760000
0!
0E
#30770000
1!
1E
#30780000
0!
0E
#30790000
1!
1E
#30800000
0!
0E
#30810000
1!
1E
#30820000
0!
0E
#30830000
1!
1E
#30840000
0!
0E
#30850000
1!
1E
#30860000
0!
0E
#30870000
1!
1E
#30880000
0!
0E
#30890000
1!
1E
#30900000
0!
0E
#30910000
1!
1E
#30920000
0!
0E
#30930000
1!
1E
#30940000
0!
0E
#30950000
1!
1E
#30960000
0!
0E
#30970000
1!
1E
#30980000
0!
0E
#30990000
1!
1E
#31000000
0!
0E
#31010000
1!
1E
#31020000
0!
0E
#31030000
1!
1E
#31040000
0!
0E
#31050000
1!
1E
#31060000
0!
0E
#31070000
1!
1E
#31080000
0!
0E
#31090000
1!
1E
#31100000
b11000 >
b11000 %
b11011000 &
1'
0!
0W
0V
0U
1T
0O
0N
0M
1L
1X
0E
#31110000
1!
1E
1Z
10
#31120000
0!
0E
#31130000
1!
1E
0Z
1Z
#31140000
0!
0E
#31150000
1!
1E
0Z
1Z
#31160000
0!
0E
#31170000
1!
1E
0Z
1Z
#31180000
0!
0E
#31190000
1!
1E
0Z
1Z
#31200000
0'
0!
0X
0E
#31210000
1!
1E
0Z
00
#31220000
0!
0E
#31230000
1!
1E
#31240000
0!
0E
#31250000
1!
1E
#31260000
0!
0E
#31270000
1!
1E
#31280000
0!
0E
#31290000
1!
1E
#31300000
b11011 :
b11010 <
0!
0E
#31310000
1!
1E
#31320000
0!
0E
#31330000
1!
1E
#31340000
0!
0E
#31350000
1!
1E
#31360000
0!
0E
#31370000
1!
1E
#31380000
0!
0E
#31390000
1!
1E
#31400000
0!
0E
#31410000
1!
1E
#31420000
0!
0E
#31430000
1!
1E
#31440000
0!
0E
#31450000
1!
1E
#31460000
0!
0E
#31470000
1!
1E
#31480000
0!
0E
#31490000
1!
1E
#31500000
0!
0E
#31510000
1!
1E
#31520000
0!
0E
#31530000
1!
1E
#31540000
0!
0E
#31550000
1!
1E
#31560000
0!
0E
#31570000
1!
1E
#31580000
0!
0E
#31590000
1!
1E
#31600000
0!
0E
#31610000
1!
1E
#31620000
0!
0E
#31630000
1!
1E
#31640000
0!
0E
#31650000
1!
1E
#31660000
0!
0E
#31670000
1!
1E
#31680000
0!
0E
#31690000
1!
1E
#31700000
0!
0E
#31710000
1!
1E
#31720000
0!
0E
#31730000
1!
1E
#31740000
0!
0E
#31750000
1!
1E
#31760000
0!
0E
#31770000
1!
1E
#31780000
0!
0E
#31790000
1!
1E
#31800000
0!
0E
#31810000
1!
1E
#31820000
0!
0E
#31830000
1!
1E
#31840000
0!
0E
#31850000
1!
1E
#31860000
0!
0E
#31870000
1!
1E
#31880000
0!
0E
#31890000
1!
1E
#31900000
0!
0E
#31910000
1!
1E
#31920000
0!
0E
#31930000
1!
1E
#31940000
0!
0E
#31950000
1!
1E
#31960000
0!
0E
#31970000
1!
1E
#31980000
0!
0E
#31990000
1!
1E
#32000000
0!
0E
#32010000
1!
1E
#32020000
0!
0E
#32030000
1!
1E
#32040000
0!
0E
#32050000
1!
1E
#32060000
0!
0E
#32070000
1!
1E
#32080000
0!
0E
#32090000
1!
1E
#32100000
0!
0E
#32110000
1!
1E
#32120000
0!
0E
#32130000
1!
1E
#32140000
0!
0E
#32150000
1!
1E
#32160000
0!
0E
#32170000
1!
1E
#32180000
0!
0E
#32190000
1!
1E
#32200000
0!
0E
#32210000
1!
1E
#32220000
0!
0E
#32230000
1!
1E
#32240000
0!
0E
#32250000
1!
1E
#32260000
0!
0E
#32270000
1!
1E
#32280000
0!
0E
#32290000
1!
1E
#32300000
b11001 >
b11001 %
b11011001 &
1'
0!
1W
1O
1X
0E
#32310000
1!
1E
1Z
10
#32320000
0!
0E
#32330000
1!
1E
0Z
1Z
#32340000
0!
0E
#32350000
1!
1E
0Z
1Z
#32360000
0!
0E
#32370000
1!
1E
0Z
1Z
#32380000
0!
0E
#32390000
1!
1E
0Z
1Z
#32400000
0'
0!
0X
0E
#32410000
1!
1E
0Z
00
#32420000
0!
0E
#32430000
1!
1E
#32440000
0!
0E
#32450000
1!
1E
#32460000
0!
0E
#32470000
1!
1E
#32480000
0!
0E
#32490000
1!
1E
#32500000
b11100 :
b11011 <
0!
0E
#32510000
1!
1E
#32520000
0!
0E
#32530000
1!
1E
#32540000
0!
0E
#32550000
1!
1E
#32560000
0!
0E
#32570000
1!
1E
#32580000
0!
0E
#32590000
1!
1E
#32600000
0!
0E
#32610000
1!
1E
#32620000
0!
0E
#32630000
1!
1E
#32640000
0!
0E
#32650000
1!
1E
#32660000
0!
0E
#32670000
1!
1E
#32680000
0!
0E
#32690000
1!
1E
#32700000
0!
0E
#32710000
1!
1E
#32720000
0!
0E
#32730000
1!
1E
#32740000
0!
0E
#32750000
1!
1E
#32760000
0!
0E
#32770000
1!
1E
#32780000
0!
0E
#32790000
1!
1E
#32800000
0!
0E
#32810000
1!
1E
#32820000
0!
0E
#32830000
1!
1E
#32840000
0!
0E
#32850000
1!
1E
#32860000
0!
0E
#32870000
1!
1E
#32880000
0!
0E
#32890000
1!
1E
#32900000
0!
0E
#32910000
1!
1E
#32920000
0!
0E
#32930000
1!
1E
#32940000
0!
0E
#32950000
1!
1E
#32960000
0!
0E
#32970000
1!
1E
#32980000
0!
0E
#32990000
1!
1E
#33000000
0!
0E
#33010000
1!
1E
#33020000
0!
0E
#33030000
1!
1E
#33040000
0!
0E
#33050000
1!
1E
#33060000
0!
0E
#33070000
1!
1E
#33080000
0!
0E
#33090000
1!
1E
#33100000
0!
0E
#33110000
1!
1E
#33120000
0!
0E
#33130000
1!
1E
#33140000
0!
0E
#33150000
1!
1E
#33160000
0!
0E
#33170000
1!
1E
#33180000
0!
0E
#33190000
1!
1E
#33200000
0!
0E
#33210000
1!
1E
#33220000
0!
0E
#33230000
1!
1E
#33240000
0!
0E
#33250000
1!
1E
#33260000
0!
0E
#33270000
1!
1E
#33280000
0!
0E
#33290000
1!
1E
#33300000
0!
0E
#33310000
1!
1E
#33320000
0!
0E
#33330000
1!
1E
#33340000
0!
0E
#33350000
1!
1E
#33360000
0!
0E
#33370000
1!
1E
#33380000
0!
0E
#33390000
1!
1E
#33400000
0!
0E
#33410000
1!
1E
#33420000
0!
0E
#33430000
1!
1E
#33440000
0!
0E
#33450000
1!
1E
#33460000
0!
0E
#33470000
1!
1E
#33480000
0!
0E
#33490000
1!
1E
#33500000
b11010 >
b11010 %
b11011010 &
1'
0!
0W
1V
0O
1N
1X
0E
#33510000
1!
1E
1Z
10
#33520000
0!
0E
#33530000
1!
1E
0Z
1Z
#33540000
0!
0E
#33550000
1!
1E
0Z
1Z
#33560000
0!
0E
#33570000
1!
1E
0Z
1Z
#33580000
0!
0E
#33590000
1!
1E
0Z
1Z
#33600000
0'
0!
0X
0E
#33610000
1!
1E
0Z
00
#33620000
0!
0E
#33630000
1!
1E
#33640000
0!
0E
#33650000
1!
1E
#33660000
0!
0E
#33670000
1!
1E
#33680000
0!
0E
#33690000
1!
1E
#33700000
b11101 :
b11100 <
0!
0E
#33710000
1!
1E
#33720000
0!
0E
#33730000
1!
1E
#33740000
0!
0E
#33750000
1!
1E
#33760000
0!
0E
#33770000
1!
1E
#33780000
0!
0E
#33790000
1!
1E
#33800000
0!
0E
#33810000
1!
1E
#33820000
0!
0E
#33830000
1!
1E
#33840000
0!
0E
#33850000
1!
1E
#33860000
0!
0E
#33870000
1!
1E
#33880000
0!
0E
#33890000
1!
1E
#33900000
0!
0E
#33910000
1!
1E
#33920000
0!
0E
#33930000
1!
1E
#33940000
0!
0E
#33950000
1!
1E
#33960000
0!
0E
#33970000
1!
1E
#33980000
0!
0E
#33990000
1!
1E
#34000000
0!
0E
#34010000
1!
1E
#34020000
0!
0E
#34030000
1!
1E
#34040000
0!
0E
#34050000
1!
1E
#34060000
0!
0E
#34070000
1!
1E
#34080000
0!
0E
#34090000
1!
1E
#34100000
0!
0E
#34110000
1!
1E
#34120000
0!
0E
#34130000
1!
1E
#34140000
0!
0E
#34150000
1!
1E
#34160000
0!
0E
#34170000
1!
1E
#34180000
0!
0E
#34190000
1!
1E
#34200000
0!
0E
#34210000
1!
1E
#34220000
0!
0E
#34230000
1!
1E
#34240000
0!
0E
#34250000
1!
1E
#34260000
0!
0E
#34270000
1!
1E
#34280000
0!
0E
#34290000
1!
1E
#34300000
0!
0E
#34310000
1!
1E
#34320000
0!
0E
#34330000
1!
1E
#34340000
0!
0E
#34350000
1!
1E
#34360000
0!
0E
#34370000
1!
1E
#34380000
0!
0E
#34390000
1!
1E
#34400000
0!
0E
#34410000
1!
1E
#34420000
0!
0E
#34430000
1!
1E
#34440000
0!
0E
#34450000
1!
1E
#34460000
0!
0E
#34470000
1!
1E
#34480000
0!
0E
#34490000
1!
1E
#34500000
0!
0E
#34510000
1!
1E
#34520000
0!
0E
#34530000
1!
1E
#34540000
0!
0E
#34550000
1!
1E
#34560000
0!
0E
#34570000
1!
1E
#34580000
0!
0E
#34590000
1!
1E
#34600000
0!
0E
#34610000
1!
1E
#34620000
0!
0E
#34630000
1!
1E
#34640000
0!
0E
#34650000
1!
1E
#34660000
0!
0E
#34670000
1!
1E
#34680000
0!
0E
#34690000
1!
1E
#34700000
b11011 >
b11011 %
b11011011 &
1'
0!
1W
1O
1X
0E
#34710000
1!
1E
1Z
10
#34720000
0!
0E
#34730000
1!
1E
0Z
1Z
#34740000
0!
0E
#34750000
1!
1E
0Z
1Z
#34760000
0!
0E
#34770000
1!
1E
0Z
1Z
#34780000
0!
0E
#34790000
1!
1E
0Z
1Z
#34800000
0'
0!
0X
0E
#34810000
1!
1E
0Z
00
#34820000
0!
0E
#34830000
1!
1E
#34840000
0!
0E
#34850000
1!
1E
#34860000
0!
0E
#34870000
1!
1E
#34880000
0!
0E
#34890000
1!
1E
#34900000
b11110 :
b11101 <
0!
0E
#34910000
1!
1E
#34920000
0!
0E
#34930000
1!
1E
#34940000
0!
0E
#34950000
1!
1E
#34960000
0!
0E
#34970000
1!
1E
#34980000
0!
0E
#34990000
1!
1E
#35000000
0!
0E
#35010000
1!
1E
#35020000
0!
0E
#35030000
1!
1E
#35040000
0!
0E
#35050000
1!
1E
#35060000
0!
0E
#35070000
1!
1E
#35080000
0!
0E
#35090000
1!
1E
#35100000
0!
0E
#35110000
1!
1E
#35120000
0!
0E
#35130000
1!
1E
#35140000
0!
0E
#35150000
1!
1E
#35160000
0!
0E
#35170000
1!
1E
#35180000
0!
0E
#35190000
1!
1E
#35200000
0!
0E
#35210000
1!
1E
#35220000
0!
0E
#35230000
1!
1E
#35240000
0!
0E
#35250000
1!
1E
#35260000
0!
0E
#35270000
1!
1E
#35280000
0!
0E
#35290000
1!
1E
#35300000
0!
0E
#35310000
1!
1E
#35320000
0!
0E
#35330000
1!
1E
#35340000
0!
0E
#35350000
1!
1E
#35360000
0!
0E
#35370000
1!
1E
#35380000
0!
0E
#35390000
1!
1E
#35400000
0!
0E
#35410000
1!
1E
#35420000
0!
0E
#35430000
1!
1E
#35440000
0!
0E
#35450000
1!
1E
#35460000
0!
0E
#35470000
1!
1E
#35480000
0!
0E
#35490000
1!
1E
#35500000
0!
0E
#35510000
1!
1E
#35520000
0!
0E
#35530000
1!
1E
#35540000
0!
0E
#35550000
1!
1E
#35560000
0!
0E
#35570000
1!
1E
#35580000
0!
0E
#35590000
1!
1E
#35600000
0!
0E
#35610000
1!
1E
#35620000
0!
0E
#35630000
1!
1E
#35640000
0!
0E
#35650000
1!
1E
#35660000
0!
0E
#35670000
1!
1E
#35680000
0!
0E
#35690000
1!
1E
#35700000
0!
0E
#35710000
1!
1E
#35720000
0!
0E
#35730000
1!
1E
#35740000
0!
0E
#35750000
1!
1E
#35760000
0!
0E
#35770000
1!
1E
#35780000
0!
0E
#35790000
1!
1E
#35800000
0!
0E
#35810000
1!
1E
#35820000
0!
0E
#35830000
1!
1E
#35840000
0!
0E
#35850000
1!
1E
#35860000
0!
0E
#35870000
1!
1E
#35880000
0!
0E
#35890000
1!
1E
#35900000
b11100 >
b11100 %
b11011100 &
1'
0!
0W
0V
1U
0O
0N
1M
1X
0E
#35910000
1!
1E
1Z
10
#35920000
0!
0E
#35930000
1!
1E
0Z
1Z
#35940000
0!
0E
#35950000
1!
1E
0Z
1Z
#35960000
0!
0E
#35970000
1!
1E
0Z
1Z
#35980000
0!
0E
#35990000
1!
1E
0Z
1Z
#36000000
0'
0!
0X
0E
#36010000
1!
1E
0Z
00
#36020000
0!
0E
#36030000
1!
1E
#36040000
0!
0E
#36050000
1!
1E
#36060000
0!
0E
#36070000
1!
1E
#36080000
0!
0E
#36090000
1!
1E
#36100000
b11111 :
b11110 <
0!
0E
#36110000
1!
1E
#36120000
0!
0E
#36130000
1!
1E
#36140000
0!
0E
#36150000
1!
1E
#36160000
0!
0E
#36170000
1!
1E
#36180000
0!
0E
#36190000
1!
1E
#36200000
0!
0E
#36210000
1!
1E
#36220000
0!
0E
#36230000
1!
1E
#36240000
0!
0E
#36250000
1!
1E
#36260000
0!
0E
#36270000
1!
1E
#36280000
0!
0E
#36290000
1!
1E
#36300000
0!
0E
#36310000
1!
1E
#36320000
0!
0E
#36330000
1!
1E
#36340000
0!
0E
#36350000
1!
1E
#36360000
0!
0E
#36370000
1!
1E
#36380000
0!
0E
#36390000
1!
1E
#36400000
0!
0E
#36410000
1!
1E
#36420000
0!
0E
#36430000
1!
1E
#36440000
0!
0E
#36450000
1!
1E
#36460000
0!
0E
#36470000
1!
1E
#36480000
0!
0E
#36490000
1!
1E
#36500000
0!
0E
#36510000
1!
1E
#36520000
0!
0E
#36530000
1!
1E
#36540000
0!
0E
#36550000
1!
1E
#36560000
0!
0E
#36570000
1!
1E
#36580000
0!
0E
#36590000
1!
1E
#36600000
0!
0E
#36610000
1!
1E
#36620000
0!
0E
#36630000
1!
1E
#36640000
0!
0E
#36650000
1!
1E
#36660000
0!
0E
#36670000
1!
1E
#36680000
0!
0E
#36690000
1!
1E
#36700000
0!
0E
#36710000
1!
1E
#36720000
0!
0E
#36730000
1!
1E
#36740000
0!
0E
#36750000
1!
1E
#36760000
0!
0E
#36770000
1!
1E
#36780000
0!
0E
#36790000
1!
1E
#36800000
0!
0E
#36810000
1!
1E
#36820000
0!
0E
#36830000
1!
1E
#36840000
0!
0E
#36850000
1!
1E
#36860000
0!
0E
#36870000
1!
1E
#36880000
0!
0E
#36890000
1!
1E
#36900000
0!
0E
#36910000
1!
1E
#36920000
0!
0E
#36930000
1!
1E
#36940000
0!
0E
#36950000
1!
1E
#36960000
0!
0E
#36970000
1!
1E
#36980000
0!
0E
#36990000
1!
1E
#37000000
0!
0E
#37010000
1!
1E
#37020000
0!
0E
#37030000
1!
1E
#37040000
0!
0E
#37050000
1!
1E
#37060000
0!
0E
#37070000
1!
1E
#37080000
0!
0E
#37090000
1!
1E
#37100000
b11101 >
b11101 %
b11011101 &
1'
0!
1W
1O
1X
0E
#37110000
1!
1E
1Z
10
#37120000
0!
0E
#37130000
1!
1E
0Z
1Z
#37140000
0!
0E
#37150000
1!
1E
0Z
1Z
#37160000
0!
0E
#37170000
1!
1E
0Z
1Z
#37180000
0!
0E
#37190000
1!
1E
0Z
1Z
#37200000
0'
0!
0X
0E
#37210000
1!
1E
0Z
00
#37220000
0!
0E
#37230000
1!
1E
#37240000
0!
0E
#37250000
1!
1E
#37260000
0!
0E
#37270000
1!
1E
#37280000
0!
0E
#37290000
1!
1E
#37300000
b100000 :
b11111 <
0!
0E
#37310000
1!
1E
#37320000
0!
0E
#37330000
1!
1E
#37340000
0!
0E
#37350000
1!
1E
#37360000
0!
0E
#37370000
1!
1E
#37380000
0!
0E
#37390000
1!
1E
#37400000
0!
0E
#37410000
1!
1E
#37420000
0!
0E
#37430000
1!
1E
#37440000
0!
0E
#37450000
1!
1E
#37460000
0!
0E
#37470000
1!
1E
#37480000
0!
0E
#37490000
1!
1E
#37500000
0!
0E
#37510000
1!
1E
#37520000
0!
0E
#37530000
1!
1E
#37540000
0!
0E
#37550000
1!
1E
#37560000
0!
0E
#37570000
1!
1E
#37580000
0!
0E
#37590000
1!
1E
#37600000
0!
0E
#37610000
1!
1E
#37620000
0!
0E
#37630000
1!
1E
#37640000
0!
0E
#37650000
1!
1E
#37660000
0!
0E
#37670000
1!
1E
#37680000
0!
0E
#37690000
1!
1E
#37700000
0!
0E
#37710000
1!
1E
#37720000
0!
0E
#37730000
1!
1E
#37740000
0!
0E
#37750000
1!
1E
#37760000
0!
0E
#37770000
1!
1E
#37780000
0!
0E
#37790000
1!
1E
#37800000
0!
0E
#37810000
1!
1E
#37820000
0!
0E
#37830000
1!
1E
#37840000
0!
0E
#37850000
1!
1E
#37860000
0!
0E
#37870000
1!
1E
#37880000
0!
0E
#37890000
1!
1E
#37900000
0!
0E
#37910000
1!
1E
#37920000
0!
0E
#37930000
1!
1E
#37940000
0!
0E
#37950000
1!
1E
#37960000
0!
0E
#37970000
1!
1E
#37980000
0!
0E
#37990000
1!
1E
#38000000
0!
0E
#38010000
1!
1E
#38020000
0!
0E
#38030000
1!
1E
#38040000
0!
0E
#38050000
1!
1E
#38060000
0!
0E
#38070000
1!
1E
#38080000
0!
0E
#38090000
1!
1E
#38100000
0!
0E
#38110000
1!
1E
#38120000
0!
0E
#38130000
1!
1E
#38140000
0!
0E
#38150000
1!
1E
#38160000
0!
0E
#38170000
1!
1E
#38180000
0!
0E
#38190000
1!
1E
#38200000
0!
0E
#38210000
1!
1E
#38220000
0!
0E
#38230000
1!
1E
#38240000
0!
0E
#38250000
1!
1E
#38260000
0!
0E
#38270000
1!
1E
#38280000
0!
0E
#38290000
1!
1E
#38300000
b11110 >
b11110 %
b11011110 &
1'
0!
0W
1V
0O
1N
1X
0E
#38310000
1!
1E
1Z
10
#38320000
0!
0E
#38330000
1!
1E
0Z
1Z
#38340000
0!
0E
#38350000
1!
1E
0Z
1Z
#38360000
0!
0E
#38370000
1!
1E
0Z
1Z
#38380000
0!
0E
#38390000
1!
1E
0Z
1Z
#38400000
0'
0!
0X
0E
#38410000
1!
1E
0Z
00
#38420000
0!
0E
#38430000
1!
1E
#38440000
0!
0E
#38450000
1!
1E
#38460000
0!
0E
#38470000
1!
1E
#38480000
0!
0E
#38490000
1!
1E
#38500000
b100001 :
b100000 <
0!
0E
#38510000
1!
1E
#38520000
0!
0E
#38530000
1!
1E
#38540000
0!
0E
#38550000
1!
1E
#38560000
0!
0E
#38570000
1!
1E
#38580000
0!
0E
#38590000
1!
1E
#38600000
0!
0E
#38610000
1!
1E
#38620000
0!
0E
#38630000
1!
1E
#38640000
0!
0E
#38650000
1!
1E
#38660000
0!
0E
#38670000
1!
1E
#38680000
0!
0E
#38690000
1!
1E
#38700000
0!
0E
#38710000
1!
1E
#38720000
0!
0E
#38730000
1!
1E
#38740000
0!
0E
#38750000
1!
1E
#38760000
0!
0E
#38770000
1!
1E
#38780000
0!
0E
#38790000
1!
1E
#38800000
0!
0E
#38810000
1!
1E
#38820000
0!
0E
#38830000
1!
1E
#38840000
0!
0E
#38850000
1!
1E
#38860000
0!
0E
#38870000
1!
1E
#38880000
0!
0E
#38890000
1!
1E
#38900000
0!
0E
#38910000
1!
1E
#38920000
0!
0E
#38930000
1!
1E
#38940000
0!
0E
#38950000
1!
1E
#38960000
0!
0E
#38970000
1!
1E
#38980000
0!
0E
#38990000
1!
1E
#39000000
0!
0E
#39010000
1!
1E
#39020000
0!
0E
#39030000
1!
1E
#39040000
0!
0E
#39050000
1!
1E
#39060000
0!
0E
#39070000
1!
1E
#39080000
0!
0E
#39090000
1!
1E
#39100000
0!
0E
#39110000
1!
1E
#39120000
0!
0E
#39130000
1!
1E
#39140000
0!
0E
#39150000
1!
1E
#39160000
0!
0E
#39170000
1!
1E
#39180000
0!
0E
#39190000
1!
1E
#39200000
0!
0E
#39210000
1!
1E
#39220000
0!
0E
#39230000
1!
1E
#39240000
0!
0E
#39250000
1!
1E
#39260000
0!
0E
#39270000
1!
1E
#39280000
0!
0E
#39290000
1!
1E
#39300000
0!
0E
#39310000
1!
1E
#39320000
0!
0E
#39330000
1!
1E
#39340000
0!
0E
#39350000
1!
1E
#39360000
0!
0E
#39370000
1!
1E
#39380000
0!
0E
#39390000
1!
1E
#39400000
0!
0E
#39410000
1!
1E
#39420000
0!
0E
#39430000
1!
1E
#39440000
0!
0E
#39450000
1!
1E
#39460000
0!
0E
#39470000
1!
1E
#39480000
0!
0E
#39490000
1!
1E
#39500000
b11111 >
b11111 %
b11011111 &
1'
0!
1W
1O
1X
0E
#39510000
1!
1E
1Z
10
#39520000
0!
0E
#39530000
1!
1E
0Z
1Z
#39540000
0!
0E
#39550000
1!
1E
0Z
1Z
#39560000
0!
0E
#39570000
1!
1E
0Z
1Z
#39580000
0!
0E
#39590000
1!
1E
0Z
1Z
#39600000
0'
0!
0X
0E
#39610000
1!
1E
0Z
00
#39620000
0!
0E
#39630000
1!
1E
#39640000
0!
0E
#39650000
1!
1E
#39660000
0!
0E
#39670000
1!
1E
#39680000
0!
0E
#39690000
1!
1E
#39700000
b100010 :
b100001 <
0!
0E
#39710000
1!
1E
#39720000
0!
0E
#39730000
1!
1E
#39740000
0!
0E
#39750000
1!
1E
#39760000
0!
0E
#39770000
1!
1E
#39780000
0!
0E
#39790000
1!
1E
#39800000
0!
0E
#39810000
1!
1E
#39820000
0!
0E
#39830000
1!
1E
#39840000
0!
0E
#39850000
1!
1E
#39860000
0!
0E
#39870000
1!
1E
#39880000
0!
0E
#39890000
1!
1E
#39900000
0!
0E
#39910000
1!
1E
#39920000
0!
0E
#39930000
1!
1E
#39940000
0!
0E
#39950000
1!
1E
#39960000
0!
0E
#39970000
1!
1E
#39980000
0!
0E
#39990000
1!
1E
#40000000
0!
0E
#40010000
1!
1E
#40020000
0!
0E
#40030000
1!
1E
#40040000
0!
0E
#40050000
1!
1E
#40060000
0!
0E
#40070000
1!
1E
#40080000
0!
0E
#40090000
1!
1E
#40100000
0!
0E
#40110000
1!
1E
#40120000
0!
0E
#40130000
1!
1E
#40140000
0!
0E
#40150000
1!
1E
#40160000
0!
0E
#40170000
1!
1E
#40180000
0!
0E
#40190000
1!
1E
#40200000
0!
0E
#40210000
1!
1E
#40220000
0!
0E
#40230000
1!
1E
#40240000
0!
0E
#40250000
1!
1E
#40260000
0!
0E
#40270000
1!
1E
#40280000
0!
0E
#40290000
1!
1E
#40300000
0!
0E
#40310000
1!
1E
#40320000
0!
0E
#40330000
1!
1E
#40340000
0!
0E
#40350000
1!
1E
#40360000
0!
0E
#40370000
1!
1E
#40380000
0!
0E
#40390000
1!
1E
#40400000
0!
0E
#40410000
1!
1E
#40420000
0!
0E
#40430000
1!
1E
#40440000
0!
0E
#40450000
1!
1E
#40460000
0!
0E
#40470000
1!
1E
#40480000
0!
0E
#40490000
1!
1E
#40500000
0!
0E
#40510000
1!
1E
#40520000
0!
0E
#40530000
1!
1E
#40540000
0!
0E
#40550000
1!
1E
#40560000
0!
0E
#40570000
1!
1E
#40580000
0!
0E
#40590000
1!
1E
#40600000
0!
0E
#40610000
1!
1E
#40620000
0!
0E
#40630000
1!
1E
#40640000
0!
0E
#40650000
1!
1E
#40660000
0!
0E
#40670000
1!
1E
#40680000
0!
0E
#40690000
1!
1E
#40700000
b100000 >
b100000 %
b11100000 &
1'
0!
0W
0V
0U
0T
0S
1R
0O
0N
0M
0L
0K
1J
1X
0E
#40710000
1!
1E
1Z
10
#40720000
0!
0E
#40730000
1!
1E
0Z
1Z
#40740000
0!
0E
#40750000
1!
1E
0Z
1Z
#40760000
0!
0E
#40770000
1!
1E
0Z
1Z
#40780000
0!
0E
#40790000
1!
1E
0Z
1Z
#40800000
0'
0!
0X
0E
#40810000
1!
1E
0Z
00
#40820000
0!
0E
#40830000
1!
1E
#40840000
0!
0E
#40850000
1!
1E
#40860000
0!
0E
#40870000
1!
1E
#40880000
0!
0E
#40890000
1!
1E
#40900000
b100011 :
b100010 <
0!
0E
#40910000
1!
1E
#40920000
0!
0E
#40930000
1!
1E
#40940000
0!
0E
#40950000
1!
1E
#40960000
0!
0E
#40970000
1!
1E
#40980000
0!
0E
#40990000
1!
1E
#41000000
0!
0E
#41010000
1!
1E
#41020000
0!
0E
#41030000
1!
1E
#41040000
0!
0E
#41050000
1!
1E
#41060000
0!
0E
#41070000
1!
1E
#41080000
0!
0E
#41090000
1!
1E
#41100000
0!
0E
#41110000
1!
1E
#41120000
0!
0E
#41130000
1!
1E
#41140000
0!
0E
#41150000
1!
1E
#41160000
0!
0E
#41170000
1!
1E
#41180000
0!
0E
#41190000
1!
1E
#41200000
0!
0E
#41210000
1!
1E
#41220000
0!
0E
#41230000
1!
1E
#41240000
0!
0E
#41250000
1!
1E
#41260000
0!
0E
#41270000
1!
1E
#41280000
0!
0E
#41290000
1!
1E
#41300000
0!
0E
#41310000
1!
1E
#41320000
0!
0E
#41330000
1!
1E
#41340000
0!
0E
#41350000
1!
1E
#41360000
0!
0E
#41370000
1!
1E
#41380000
0!
0E
#41390000
1!
1E
#41400000
0!
0E
#41410000
1!
1E
#41420000
0!
0E
#41430000
1!
1E
#41440000
0!
0E
#41450000
1!
1E
#41460000
0!
0E
#41470000
1!
1E
#41480000
0!
0E
#41490000
1!
1E
#41500000
0!
0E
#41510000
1!
1E
#41520000
0!
0E
#41530000
1!
1E
#41540000
0!
0E
#41550000
1!
1E
#41560000
0!
0E
#41570000
1!
1E
#41580000
0!
0E
#41590000
1!
1E
#41600000
0!
0E
#41610000
1!
1E
#41620000
0!
0E
#41630000
1!
1E
#41640000
0!
0E
#41650000
1!
1E
#41660000
0!
0E
#41670000
1!
1E
#41680000
0!
0E
#41690000
1!
1E
#41700000
0!
0E
#41710000
1!
1E
#41720000
0!
0E
#41730000
1!
1E
#41740000
0!
0E
#41750000
1!
1E
#41760000
0!
0E
#41770000
1!
1E
#41780000
0!
0E
#41790000
1!
1E
#41800000
0!
0E
#41810000
1!
1E
#41820000
0!
0E
#41830000
1!
1E
#41840000
0!
0E
#41850000
1!
1E
#41860000
0!
0E
#41870000
1!
1E
#41880000
0!
0E
#41890000
1!
1E
#41900000
b100001 >
b100001 %
b11100001 &
1'
0!
1W
1O
1X
0E
#41910000
1!
1E
1Z
10
#41920000
0!
0E
#41930000
1!
1E
0Z
1Z
#41940000
0!
0E
#41950000
1!
1E
0Z
1Z
#41960000
0!
0E
#41970000
1!
1E
0Z
1Z
#41980000
0!
0E
#41990000
1!
1E
0Z
1Z
#42000000
0'
0!
0X
0E
#42010000
1!
1E
0Z
00
#42020000
0!
0E
#42030000
1!
1E
#42040000
0!
0E
#42050000
1!
1E
#42060000
0!
0E
#42070000
1!
1E
#42080000
0!
0E
#42090000
1!
1E
#42100000
b100100 :
b100011 <
0!
0E
#42110000
1!
1E
#42120000
0!
0E
#42130000
1!
1E
#42140000
0!
0E
#42150000
1!
1E
#42160000
0!
0E
#42170000
1!
1E
#42180000
0!
0E
#42190000
1!
1E
#42200000
0!
0E
#42210000
1!
1E
#42220000
0!
0E
#42230000
1!
1E
#42240000
0!
0E
#42250000
1!
1E
#42260000
0!
0E
#42270000
1!
1E
#42280000
0!
0E
#42290000
1!
1E
#42300000
0!
0E
#42310000
1!
1E
#42320000
0!
0E
#42330000
1!
1E
#42340000
0!
0E
#42350000
1!
1E
#42360000
0!
0E
#42370000
1!
1E
#42380000
0!
0E
#42390000
1!
1E
#42400000
0!
0E
#42410000
1!
1E
#42420000
0!
0E
#42430000
1!
1E
#42440000
0!
0E
#42450000
1!
1E
#42460000
0!
0E
#42470000
1!
1E
#42480000
0!
0E
#42490000
1!
1E
#42500000
0!
0E
#42510000
1!
1E
#42520000
0!
0E
#42530000
1!
1E
#42540000
0!
0E
#42550000
1!
1E
#42560000
0!
0E
#42570000
1!
1E
#42580000
0!
0E
#42590000
1!
1E
#42600000
0!
0E
#42610000
1!
1E
#42620000
0!
0E
#42630000
1!
1E
#42640000
0!
0E
#42650000
1!
1E
#42660000
0!
0E
#42670000
1!
1E
#42680000
0!
0E
#42690000
1!
1E
#42700000
0!
0E
#42710000
1!
1E
#42720000
0!
0E
#42730000
1!
1E
#42740000
0!
0E
#42750000
1!
1E
#42760000
0!
0E
#42770000
1!
1E
#42780000
0!
0E
#42790000
1!
1E
#42800000
0!
0E
#42810000
1!
1E
#42820000
0!
0E
#42830000
1!
1E
#42840000
0!
0E
#42850000
1!
1E
#42860000
0!
0E
#42870000
1!
1E
#42880000
0!
0E
#42890000
1!
1E
#42900000
0!
0E
#42910000
1!
1E
#42920000
0!
0E
#42930000
1!
1E
#42940000
0!
0E
#42950000
1!
1E
#42960000
0!
0E
#42970000
1!
1E
#42980000
0!
0E
#42990000
1!
1E
#43000000
0!
0E
#43010000
1!
1E
#43020000
0!
0E
#43030000
1!
1E
#43040000
0!
0E
#43050000
1!
1E
#43060000
0!
0E
#43070000
1!
1E
#43080000
0!
0E
#43090000
1!
1E
#43100000
b100010 >
b100010 %
b11100010 &
1'
0!
0W
1V
0O
1N
1X
0E
#43110000
1!
1E
1Z
10
#43120000
0!
0E
#43130000
1!
1E
0Z
1Z
#43140000
0!
0E
#43150000
1!
1E
0Z
1Z
#43160000
0!
0E
#43170000
1!
1E
0Z
1Z
#43180000
0!
0E
#43190000
1!
1E
0Z
1Z
#43200000
0'
0!
0X
0E
#43210000
1!
1E
0Z
00
#43220000
0!
0E
#43230000
1!
1E
#43240000
0!
0E
#43250000
1!
1E
#43260000
0!
0E
#43270000
1!
1E
#43280000
0!
0E
#43290000
1!
1E
#43300000
b100101 :
b100100 <
0!
0E
#43310000
1!
1E
#43320000
0!
0E
#43330000
1!
1E
#43340000
0!
0E
#43350000
1!
1E
#43360000
0!
0E
#43370000
1!
1E
#43380000
0!
0E
#43390000
1!
1E
#43400000
0!
0E
#43410000
1!
1E
#43420000
0!
0E
#43430000
1!
1E
#43440000
0!
0E
#43450000
1!
1E
#43460000
0!
0E
#43470000
1!
1E
#43480000
0!
0E
#43490000
1!
1E
#43500000
0!
0E
#43510000
1!
1E
#43520000
0!
0E
#43530000
1!
1E
#43540000
0!
0E
#43550000
1!
1E
#43560000
0!
0E
#43570000
1!
1E
#43580000
0!
0E
#43590000
1!
1E
#43600000
0!
0E
#43610000
1!
1E
#43620000
0!
0E
#43630000
1!
1E
#43640000
0!
0E
#43650000
1!
1E
#43660000
0!
0E
#43670000
1!
1E
#43680000
0!
0E
#43690000
1!
1E
#43700000
0!
0E
#43710000
1!
1E
#43720000
0!
0E
#43730000
1!
1E
#43740000
0!
0E
#43750000
1!
1E
#43760000
0!
0E
#43770000
1!
1E
#43780000
0!
0E
#43790000
1!
1E
#43800000
0!
0E
#43810000
1!
1E
#43820000
0!
0E
#43830000
1!
1E
#43840000
0!
0E
#43850000
1!
1E
#43860000
0!
0E
#43870000
1!
1E
#43880000
0!
0E
#43890000
1!
1E
#43900000
0!
0E
#43910000
1!
1E
#43920000
0!
0E
#43930000
1!
1E
#43940000
0!
0E
#43950000
1!
1E
#43960000
0!
0E
#43970000
1!
1E
#43980000
0!
0E
#43990000
1!
1E
#44000000
0!
0E
#44010000
1!
1E
#44020000
0!
0E
#44030000
1!
1E
#44040000
0!
0E
#44050000
1!
1E
#44060000
0!
0E
#44070000
1!
1E
#44080000
0!
0E
#44090000
1!
1E
#44100000
0!
0E
#44110000
1!
1E
#44120000
0!
0E
#44130000
1!
1E
#44140000
0!
0E
#44150000
1!
1E
#44160000
0!
0E
#44170000
1!
1E
#44180000
0!
0E
#44190000
1!
1E
#44200000
0!
0E
#44210000
1!
1E
#44220000
0!
0E
#44230000
1!
1E
#44240000
0!
0E
#44250000
1!
1E
#44260000
0!
0E
#44270000
1!
1E
#44280000
0!
0E
#44290000
1!
1E
#44300000
b100011 >
b100011 %
b11100011 &
1'
0!
1W
1O
1X
0E
#44310000
1!
1E
1Z
10
#44320000
0!
0E
#44330000
1!
1E
0Z
1Z
#44340000
0!
0E
#44350000
1!
1E
0Z
1Z
#44360000
0!
0E
#44370000
1!
1E
0Z
1Z
#44380000
0!
0E
#44390000
1!
1E
0Z
1Z
#44400000
0'
0!
0X
0E
#44410000
1!
1E
0Z
00
#44420000
0!
0E
#44430000
1!
1E
#44440000
0!
0E
#44450000
1!
1E
#44460000
0!
0E
#44470000
1!
1E
#44480000
0!
0E
#44490000
1!
1E
#44500000
b100110 :
b100101 <
0!
0E
#44510000
1!
1E
#44520000
0!
0E
#44530000
1!
1E
#44540000
0!
0E
#44550000
1!
1E
#44560000
0!
0E
#44570000
1!
1E
#44580000
0!
0E
#44590000
1!
1E
#44600000
0!
0E
#44610000
1!
1E
#44620000
0!
0E
#44630000
1!
1E
#44640000
0!
0E
#44650000
1!
1E
#44660000
0!
0E
#44670000
1!
1E
#44680000
0!
0E
#44690000
1!
1E
#44700000
0!
0E
#44710000
1!
1E
#44720000
0!
0E
#44730000
1!
1E
#44740000
0!
0E
#44750000
1!
1E
#44760000
0!
0E
#44770000
1!
1E
#44780000
0!
0E
#44790000
1!
1E
#44800000
0!
0E
#44810000
1!
1E
#44820000
0!
0E
#44830000
1!
1E
#44840000
0!
0E
#44850000
1!
1E
#44860000
0!
0E
#44870000
1!
1E
#44880000
0!
0E
#44890000
1!
1E
#44900000
0!
0E
#44910000
1!
1E
#44920000
0!
0E
#44930000
1!
1E
#44940000
0!
0E
#44950000
1!
1E
#44960000
0!
0E
#44970000
1!
1E
#44980000
0!
0E
#44990000
1!
1E
#45000000
0!
0E
#45010000
1!
1E
#45020000
0!
0E
#45030000
1!
1E
#45040000
0!
0E
#45050000
1!
1E
#45060000
0!
0E
#45070000
1!
1E
#45080000
0!
0E
#45090000
1!
1E
#45100000
0!
0E
#45110000
1!
1E
#45120000
0!
0E
#45130000
1!
1E
#45140000
0!
0E
#45150000
1!
1E
#45160000
0!
0E
#45170000
1!
1E
#45180000
0!
0E
#45190000
1!
1E
#45200000
0!
0E
#45210000
1!
1E
#45220000
0!
0E
#45230000
1!
1E
#45240000
0!
0E
#45250000
1!
1E
#45260000
0!
0E
#45270000
1!
1E
#45280000
0!
0E
#45290000
1!
1E
#45300000
0!
0E
#45310000
1!
1E
#45320000
0!
0E
#45330000
1!
1E
#45340000
0!
0E
#45350000
1!
1E
#45360000
0!
0E
#45370000
1!
1E
#45380000
0!
0E
#45390000
1!
1E
#45400000
0!
0E
#45410000
1!
1E
#45420000
0!
0E
#45430000
1!
1E
#45440000
0!
0E
#45450000
1!
1E
#45460000
0!
0E
#45470000
1!
1E
#45480000
0!
0E
#45490000
1!
1E
#45500000
b100100 >
b100100 %
b11100100 &
1'
0!
0W
0V
1U
0O
0N
1M
1X
0E
#45510000
1!
1E
1Z
10
#45520000
0!
0E
#45530000
1!
1E
0Z
1Z
#45540000
0!
0E
#45550000
1!
1E
0Z
1Z
#45560000
0!
0E
#45570000
1!
1E
0Z
1Z
#45580000
0!
0E
#45590000
1!
1E
0Z
1Z
#45600000
0'
0!
0X
0E
#45610000
1!
1E
0Z
00
#45620000
0!
0E
#45630000
1!
1E
#45640000
0!
0E
#45650000
1!
1E
#45660000
0!
0E
#45670000
1!
1E
#45680000
0!
0E
#45690000
1!
1E
#45700000
b100111 :
b100110 <
0!
0E
#45710000
1!
1E
#45720000
0!
0E
#45730000
1!
1E
#45740000
0!
0E
#45750000
1!
1E
#45760000
0!
0E
#45770000
1!
1E
#45780000
0!
0E
#45790000
1!
1E
#45800000
0!
0E
#45810000
1!
1E
#45820000
0!
0E
#45830000
1!
1E
#45840000
0!
0E
#45850000
1!
1E
#45860000
0!
0E
#45870000
1!
1E
#45880000
0!
0E
#45890000
1!
1E
#45900000
0!
0E
#45910000
1!
1E
#45920000
0!
0E
#45930000
1!
1E
#45940000
0!
0E
#45950000
1!
1E
#45960000
0!
0E
#45970000
1!
1E
#45980000
0!
0E
#45990000
1!
1E
#46000000
0!
0E
#46010000
1!
1E
#46020000
0!
0E
#46030000
1!
1E
#46040000
0!
0E
#46050000
1!
1E
#46060000
0!
0E
#46070000
1!
1E
#46080000
0!
0E
#46090000
1!
1E
#46100000
0!
0E
#46110000
1!
1E
#46120000
0!
0E
#46130000
1!
1E
#46140000
0!
0E
#46150000
1!
1E
#46160000
0!
0E
#46170000
1!
1E
#46180000
0!
0E
#46190000
1!
1E
#46200000
0!
0E
#46210000
1!
1E
#46220000
0!
0E
#46230000
1!
1E
#46240000
0!
0E
#46250000
1!
1E
#46260000
0!
0E
#46270000
1!
1E
#46280000
0!
0E
#46290000
1!
1E
#46300000
0!
0E
#46310000
1!
1E
#46320000
0!
0E
#46330000
1!
1E
#46340000
0!
0E
#46350000
1!
1E
#46360000
0!
0E
#46370000
1!
1E
#46380000
0!
0E
#46390000
1!
1E
#46400000
0!
0E
#46410000
1!
1E
#46420000
0!
0E
#46430000
1!
1E
#46440000
0!
0E
#46450000
1!
1E
#46460000
0!
0E
#46470000
1!
1E
#46480000
0!
0E
#46490000
1!
1E
#46500000
0!
0E
#46510000
1!
1E
#46520000
0!
0E
#46530000
1!
1E
#46540000
0!
0E
#46550000
1!
1E
#46560000
0!
0E
#46570000
1!
1E
#46580000
0!
0E
#46590000
1!
1E
#46600000
0!
0E
#46610000
1!
1E
#46620000
0!
0E
#46630000
1!
1E
#46640000
0!
0E
#46650000
1!
1E
#46660000
0!
0E
#46670000
1!
1E
#46680000
0!
0E
#46690000
1!
1E
#46700000
b100101 >
b100101 %
b11100101 &
1'
0!
1W
1O
1X
0E
#46710000
1!
1E
1Z
10
#46720000
0!
0E
#46730000
1!
1E
0Z
1Z
#46740000
0!
0E
#46750000
1!
1E
0Z
1Z
#46760000
0!
0E
#46770000
1!
1E
0Z
1Z
#46780000
0!
0E
#46790000
1!
1E
0Z
1Z
#46800000
0'
0!
0X
0E
#46810000
1!
1E
0Z
00
#46820000
0!
0E
#46830000
1!
1E
#46840000
0!
0E
#46850000
1!
1E
#46860000
0!
0E
#46870000
1!
1E
#46880000
0!
0E
#46890000
1!
1E
#46900000
b101000 :
b100111 <
0!
0E
#46910000
1!
1E
#46920000
0!
0E
#46930000
1!
1E
#46940000
0!
0E
#46950000
1!
1E
#46960000
0!
0E
#46970000
1!
1E
#46980000
0!
0E
#46990000
1!
1E
#47000000
0!
0E
#47010000
1!
1E
#47020000
0!
0E
#47030000
1!
1E
#47040000
0!
0E
#47050000
1!
1E
#47060000
0!
0E
#47070000
1!
1E
#47080000
0!
0E
#47090000
1!
1E
#47100000
0!
0E
#47110000
1!
1E
#47120000
0!
0E
#47130000
1!
1E
#47140000
0!
0E
#47150000
1!
1E
#47160000
0!
0E
#47170000
1!
1E
#47180000
0!
0E
#47190000
1!
1E
#47200000
0!
0E
#47210000
1!
1E
#47220000
0!
0E
#47230000
1!
1E
#47240000
0!
0E
#47250000
1!
1E
#47260000
0!
0E
#47270000
1!
1E
#47280000
0!
0E
#47290000
1!
1E
#47300000
0!
0E
#47310000
1!
1E
#47320000
0!
0E
#47330000
1!
1E
#47340000
0!
0E
#47350000
1!
1E
#47360000
0!
0E
#47370000
1!
1E
#47380000
0!
0E
#47390000
1!
1E
#47400000
0!
0E
#47410000
1!
1E
#47420000
0!
0E
#47430000
1!
1E
#47440000
0!
0E
#47450000
1!
1E
#47460000
0!
0E
#47470000
1!
1E
#47480000
0!
0E
#47490000
1!
1E
#47500000
0!
0E
#47510000
1!
1E
#47520000
0!
0E
#47530000
1!
1E
#47540000
0!
0E
#47550000
1!
1E
#47560000
0!
0E
#47570000
1!
1E
#47580000
0!
0E
#47590000
1!
1E
#47600000
0!
0E
#47610000
1!
1E
#47620000
0!
0E
#47630000
1!
1E
#47640000
0!
0E
#47650000
1!
1E
#47660000
0!
0E
#47670000
1!
1E
#47680000
0!
0E
#47690000
1!
1E
#47700000
0!
0E
#47710000
1!
1E
#47720000
0!
0E
#47730000
1!
1E
#47740000
0!
0E
#47750000
1!
1E
#47760000
0!
0E
#47770000
1!
1E
#47780000
0!
0E
#47790000
1!
1E
#47800000
0!
0E
#47810000
1!
1E
#47820000
0!
0E
#47830000
1!
1E
#47840000
0!
0E
#47850000
1!
1E
#47860000
0!
0E
#47870000
1!
1E
#47880000
0!
0E
#47890000
1!
1E
#47900000
b100110 >
b100110 %
b11100110 &
1'
0!
0W
1V
0O
1N
1X
0E
#47910000
1!
1E
1Z
10
#47920000
0!
0E
#47930000
1!
1E
0Z
1Z
#47940000
0!
0E
#47950000
1!
1E
0Z
1Z
#47960000
0!
0E
#47970000
1!
1E
0Z
1Z
#47980000
0!
0E
#47990000
1!
1E
0Z
1Z
#48000000
0'
0!
0X
0E
#48010000
1!
1E
0Z
00
#48020000
0!
0E
#48030000
1!
1E
#48040000
0!
0E
#48050000
1!
1E
#48060000
0!
0E
#48070000
1!
1E
#48080000
0!
0E
#48090000
1!
1E
#48100000
b101001 :
b101000 <
0!
0E
#48110000
1!
1E
#48120000
0!
0E
#48130000
1!
1E
#48140000
0!
0E
#48150000
1!
1E
#48160000
0!
0E
#48170000
1!
1E
#48180000
0!
0E
#48190000
1!
1E
#48200000
0!
0E
#48210000
1!
1E
#48220000
0!
0E
#48230000
1!
1E
#48240000
0!
0E
#48250000
1!
1E
#48260000
0!
0E
#48270000
1!
1E
#48280000
0!
0E
#48290000
1!
1E
#48300000
0!
0E
#48310000
1!
1E
#48320000
0!
0E
#48330000
1!
1E
#48340000
0!
0E
#48350000
1!
1E
#48360000
0!
0E
#48370000
1!
1E
#48380000
0!
0E
#48390000
1!
1E
#48400000
0!
0E
#48410000
1!
1E
#48420000
0!
0E
#48430000
1!
1E
#48440000
0!
0E
#48450000
1!
1E
#48460000
0!
0E
#48470000
1!
1E
#48480000
0!
0E
#48490000
1!
1E
#48500000
0!
0E
#48510000
1!
1E
#48520000
0!
0E
#48530000
1!
1E
#48540000
0!
0E
#48550000
1!
1E
#48560000
0!
0E
#48570000
1!
1E
#48580000
0!
0E
#48590000
1!
1E
#48600000
0!
0E
#48610000
1!
1E
#48620000
0!
0E
#48630000
1!
1E
#48640000
0!
0E
#48650000
1!
1E
#48660000
0!
0E
#48670000
1!
1E
#48680000
0!
0E
#48690000
1!
1E
#48700000
0!
0E
#48710000
1!
1E
#48720000
0!
0E
#48730000
1!
1E
#48740000
0!
0E
#48750000
1!
1E
#48760000
0!
0E
#48770000
1!
1E
#48780000
0!
0E
#48790000
1!
1E
#48800000
0!
0E
#48810000
1!
1E
#48820000
0!
0E
#48830000
1!
1E
#48840000
0!
0E
#48850000
1!
1E
#48860000
0!
0E
#48870000
1!
1E
#48880000
0!
0E
#48890000
1!
1E
#48900000
0!
0E
#48910000
1!
1E
#48920000
0!
0E
#48930000
1!
1E
#48940000
0!
0E
#48950000
1!
1E
#48960000
0!
0E
#48970000
1!
1E
#48980000
0!
0E
#48990000
1!
1E
#49000000
0!
0E
#49010000
1!
1E
#49020000
0!
0E
#49030000
1!
1E
#49040000
0!
0E
#49050000
1!
1E
#49060000
0!
0E
#49070000
1!
1E
#49080000
0!
0E
#49090000
1!
1E
#49100000
b100111 >
b100111 %
b11100111 &
1'
0!
1W
1O
1X
0E
#49110000
1!
1E
1Z
10
#49120000
0!
0E
#49130000
1!
1E
0Z
1Z
#49140000
0!
0E
#49150000
1!
1E
0Z
1Z
#49160000
0!
0E
#49170000
1!
1E
0Z
1Z
#49180000
0!
0E
#49190000
1!
1E
0Z
1Z
#49200000
0'
0!
0X
0E
#49210000
1!
1E
0Z
00
#49220000
0!
0E
#49230000
1!
1E
#49240000
0!
0E
#49250000
1!
1E
#49260000
0!
0E
#49270000
1!
1E
#49280000
0!
0E
#49290000
1!
1E
#49300000
b101010 :
b101001 <
0!
0E
#49310000
1!
1E
#49320000
0!
0E
#49330000
1!
1E
#49340000
0!
0E
#49350000
1!
1E
#49360000
0!
0E
#49370000
1!
1E
#49380000
0!
0E
#49390000
1!
1E
#49400000
0!
0E
#49410000
1!
1E
#49420000
0!
0E
#49430000
1!
1E
#49440000
0!
0E
#49450000
1!
1E
#49460000
0!
0E
#49470000
1!
1E
#49480000
0!
0E
#49490000
1!
1E
#49500000
0!
0E
#49510000
1!
1E
#49520000
0!
0E
#49530000
1!
1E
#49540000
0!
0E
#49550000
1!
1E
#49560000
0!
0E
#49570000
1!
1E
#49580000
0!
0E
#49590000
1!
1E
#49600000
0!
0E
#49610000
1!
1E
#49620000
0!
0E
#49630000
1!
1E
#49640000
0!
0E
#49650000
1!
1E
#49660000
0!
0E
#49670000
1!
1E
#49680000
0!
0E
#49690000
1!
1E
#49700000
0!
0E
#49710000
1!
1E
#49720000
0!
0E
#49730000
1!
1E
#49740000
0!
0E
#49750000
1!
1E
#49760000
0!
0E
#49770000
1!
1E
#49780000
0!
0E
#49790000
1!
1E
#49800000
0!
0E
#49810000
1!
1E
#49820000
0!
0E
#49830000
1!
1E
#49840000
0!
0E
#49850000
1!
1E
#49860000
0!
0E
#49870000
1!
1E
#49880000
0!
0E
#49890000
1!
1E
#49900000
0!
0E
#49910000
1!
1E
#49920000
0!
0E
#49930000
1!
1E
#49940000
0!
0E
#49950000
1!
1E
#49960000
0!
0E
#49970000
1!
1E
#49980000
0!
0E
#49990000
1!
1E
#50000000
0!
0E
#50010000
1!
1E
#50020000
0!
0E
#50030000
1!
1E
#50040000
0!
0E
#50050000
1!
1E
#50060000
0!
0E
#50070000
1!
1E
#50080000
0!
0E
#50090000
1!
1E
#50100000
0!
0E
#50110000
1!
1E
#50120000
0!
0E
#50130000
1!
1E
#50140000
0!
0E
#50150000
1!
1E
#50160000
0!
0E
#50170000
1!
1E
#50180000
0!
0E
#50190000
1!
1E
#50200000
0!
0E
#50210000
1!
1E
#50220000
0!
0E
#50230000
1!
1E
#50240000
0!
0E
#50250000
1!
1E
#50260000
0!
0E
#50270000
1!
1E
#50280000
0!
0E
#50290000
1!
1E
#50300000
b101000 >
b101000 %
b11101000 &
1'
0!
0W
0V
0U
1T
0O
0N
0M
1L
1X
0E
#50310000
1!
1E
1Z
10
#50320000
0!
0E
#50330000
1!
1E
0Z
1Z
#50340000
0!
0E
#50350000
1!
1E
0Z
1Z
#50360000
0!
0E
#50370000
1!
1E
0Z
1Z
#50380000
0!
0E
#50390000
1!
1E
0Z
1Z
#50400000
0'
0!
0X
0E
#50410000
1!
1E
0Z
00
#50420000
0!
0E
#50430000
1!
1E
#50440000
0!
0E
#50450000
1!
1E
#50460000
0!
0E
#50470000
1!
1E
#50480000
0!
0E
#50490000
1!
1E
#50500000
b101011 :
b101010 <
0!
0E
#50510000
1!
1E
#50520000
0!
0E
#50530000
1!
1E
#50540000
0!
0E
#50550000
1!
1E
#50560000
0!
0E
#50570000
1!
1E
#50580000
0!
0E
#50590000
1!
1E
#50600000
0!
0E
#50610000
1!
1E
#50620000
0!
0E
#50630000
1!
1E
#50640000
0!
0E
#50650000
1!
1E
#50660000
0!
0E
#50670000
1!
1E
#50680000
0!
0E
#50690000
1!
1E
#50700000
0!
0E
#50710000
1!
1E
#50720000
0!
0E
#50730000
1!
1E
#50740000
0!
0E
#50750000
1!
1E
#50760000
0!
0E
#50770000
1!
1E
#50780000
0!
0E
#50790000
1!
1E
#50800000
0!
0E
#50810000
1!
1E
#50820000
0!
0E
#50830000
1!
1E
#50840000
0!
0E
#50850000
1!
1E
#50860000
0!
0E
#50870000
1!
1E
#50880000
0!
0E
#50890000
1!
1E
#50900000
0!
0E
#50910000
1!
1E
#50920000
0!
0E
#50930000
1!
1E
#50940000
0!
0E
#50950000
1!
1E
#50960000
0!
0E
#50970000
1!
1E
#50980000
0!
0E
#50990000
1!
1E
#51000000
0!
0E
#51010000
1!
1E
#51020000
0!
0E
#51030000
1!
1E
#51040000
0!
0E
#51050000
1!
1E
#51060000
0!
0E
#51070000
1!
1E
#51080000
0!
0E
#51090000
1!
1E
#51100000
0!
0E
#51110000
1!
1E
#51120000
0!
0E
#51130000
1!
1E
#51140000
0!
0E
#51150000
1!
1E
#51160000
0!
0E
#51170000
1!
1E
#51180000
0!
0E
#51190000
1!
1E
#51200000
0!
0E
#51210000
1!
1E
#51220000
0!
0E
#51230000
1!
1E
#51240000
0!
0E
#51250000
1!
1E
#51260000
0!
0E
#51270000
1!
1E
#51280000
0!
0E
#51290000
1!
1E
#51300000
0!
0E
#51310000
1!
1E
#51320000
0!
0E
#51330000
1!
1E
#51340000
0!
0E
#51350000
1!
1E
#51360000
0!
0E
#51370000
1!
1E
#51380000
0!
0E
#51390000
1!
1E
#51400000
0!
0E
#51410000
1!
1E
#51420000
0!
0E
#51430000
1!
1E
#51440000
0!
0E
#51450000
1!
1E
#51460000
0!
0E
#51470000
1!
1E
#51480000
0!
0E
#51490000
1!
1E
#51500000
b101001 >
b101001 %
b11101001 &
1'
0!
1W
1O
1X
0E
#51510000
1!
1E
1Z
10
#51520000
0!
0E
#51530000
1!
1E
0Z
1Z
#51540000
0!
0E
#51550000
1!
1E
0Z
1Z
#51560000
0!
0E
#51570000
1!
1E
0Z
1Z
#51580000
0!
0E
#51590000
1!
1E
0Z
1Z
#51600000
0'
0!
0X
0E
#51610000
1!
1E
0Z
00
#51620000
0!
0E
#51630000
1!
1E
#51640000
0!
0E
#51650000
1!
1E
#51660000
0!
0E
#51670000
1!
1E
#51680000
0!
0E
#51690000
1!
1E
#51700000
b101100 :
b101011 <
0!
0E
#51710000
1!
1E
#51720000
0!
0E
#51730000
1!
1E
#51740000
0!
0E
#51750000
1!
1E
#51760000
0!
0E
#51770000
1!
1E
#51780000
0!
0E
#51790000
1!
1E
#51800000
0!
0E
#51810000
1!
1E
#51820000
0!
0E
#51830000
1!
1E
#51840000
0!
0E
#51850000
1!
1E
#51860000
0!
0E
#51870000
1!
1E
#51880000
0!
0E
#51890000
1!
1E
#51900000
0!
0E
#51910000
1!
1E
#51920000
0!
0E
#51930000
1!
1E
#51940000
0!
0E
#51950000
1!
1E
#51960000
0!
0E
#51970000
1!
1E
#51980000
0!
0E
#51990000
1!
1E
#52000000
0!
0E
#52010000
1!
1E
#52020000
0!
0E
#52030000
1!
1E
#52040000
0!
0E
#52050000
1!
1E
#52060000
0!
0E
#52070000
1!
1E
#52080000
0!
0E
#52090000
1!
1E
#52100000
0!
0E
#52110000
1!
1E
#52120000
0!
0E
#52130000
1!
1E
#52140000
0!
0E
#52150000
1!
1E
#52160000
0!
0E
#52170000
1!
1E
#52180000
0!
0E
#52190000
1!
1E
#52200000
0!
0E
#52210000
1!
1E
#52220000
0!
0E
#52230000
1!
1E
#52240000
0!
0E
#52250000
1!
1E
#52260000
0!
0E
#52270000
1!
1E
#52280000
0!
0E
#52290000
1!
1E
#52300000
0!
0E
#52310000
1!
1E
#52320000
0!
0E
#52330000
1!
1E
#52340000
0!
0E
#52350000
1!
1E
#52360000
0!
0E
#52370000
1!
1E
#52380000
0!
0E
#52390000
1!
1E
#52400000
0!
0E
#52410000
1!
1E
#52420000
0!
0E
#52430000
1!
1E
#52440000
0!
0E
#52450000
1!
1E
#52460000
0!
0E
#52470000
1!
1E
#52480000
0!
0E
#52490000
1!
1E
#52500000
0!
0E
#52510000
1!
1E
#52520000
0!
0E
#52530000
1!
1E
#52540000
0!
0E
#52550000
1!
1E
#52560000
0!
0E
#52570000
1!
1E
#52580000
0!
0E
#52590000
1!
1E
#52600000
0!
0E
#52610000
1!
1E
#52620000
0!
0E
#52630000
1!
1E
#52640000
0!
0E
#52650000
1!
1E
#52660000
0!
0E
#52670000
1!
1E
#52680000
0!
0E
#52690000
1!
1E
#52700000
b101010 >
b101010 %
b11101010 &
1'
0!
0W
1V
0O
1N
1X
0E
#52710000
1!
1E
1Z
10
#52720000
0!
0E
#52730000
1!
1E
0Z
1Z
#52740000
0!
0E
#52750000
1!
1E
0Z
1Z
#52760000
0!
0E
#52770000
1!
1E
0Z
1Z
#52780000
0!
0E
#52790000
1!
1E
0Z
1Z
#52800000
0'
0!
0X
0E
#52810000
1!
1E
0Z
00
#52820000
0!
0E
#52830000
1!
1E
#52840000
0!
0E
#52850000
1!
1E
#52860000
0!
0E
#52870000
1!
1E
#52880000
0!
0E
#52890000
1!
1E
#52900000
b101101 :
b101100 <
0!
0E
#52910000
1!
1E
#52920000
0!
0E
#52930000
1!
1E
#52940000
0!
0E
#52950000
1!
1E
#52960000
0!
0E
#52970000
1!
1E
#52980000
0!
0E
#52990000
1!
1E
#53000000
0!
0E
#53010000
1!
1E
#53020000
0!
0E
#53030000
1!
1E
#53040000
0!
0E
#53050000
1!
1E
#53060000
0!
0E
#53070000
1!
1E
#53080000
0!
0E
#53090000
1!
1E
#53100000
0!
0E
#53110000
1!
1E
#53120000
0!
0E
#53130000
1!
1E
#53140000
0!
0E
#53150000
1!
1E
#53160000
0!
0E
#53170000
1!
1E
#53180000
0!
0E
#53190000
1!
1E
#53200000
0!
0E
#53210000
1!
1E
#53220000
0!
0E
#53230000
1!
1E
#53240000
0!
0E
#53250000
1!
1E
#53260000
0!
0E
#53270000
1!
1E
#53280000
0!
0E
#53290000
1!
1E
#53300000
0!
0E
#53310000
1!
1E
#53320000
0!
0E
#53330000
1!
1E
#53340000
0!
0E
#53350000
1!
1E
#53360000
0!
0E
#53370000
1!
1E
#53380000
0!
0E
#53390000
1!
1E
#53400000
0!
0E
#53410000
1!
1E
#53420000
0!
0E
#53430000
1!
1E
#53440000
0!
0E
#53450000
1!
1E
#53460000
0!
0E
#53470000
1!
1E
#53480000
0!
0E
#53490000
1!
1E
#53500000
0!
0E
#53510000
1!
1E
#53520000
0!
0E
#53530000
1!
1E
#53540000
0!
0E
#53550000
1!
1E
#53560000
0!
0E
#53570000
1!
1E
#53580000
0!
0E
#53590000
1!
1E
#53600000
0!
0E
#53610000
1!
1E
#53620000
0!
0E
#53630000
1!
1E
#53640000
0!
0E
#53650000
1!
1E
#53660000
0!
0E
#53670000
1!
1E
#53680000
0!
0E
#53690000
1!
1E
#53700000
0!
0E
#53710000
1!
1E
#53720000
0!
0E
#53730000
1!
1E
#53740000
0!
0E
#53750000
1!
1E
#53760000
0!
0E
#53770000
1!
1E
#53780000
0!
0E
#53790000
1!
1E
#53800000
0!
0E
#53810000
1!
1E
#53820000
0!
0E
#53830000
1!
1E
#53840000
0!
0E
#53850000
1!
1E
#53860000
0!
0E
#53870000
1!
1E
#53880000
0!
0E
#53890000
1!
1E
#53900000
b101011 >
b101011 %
b11101011 &
1'
0!
1W
1O
1X
0E
#53910000
1!
1E
1Z
10
#53920000
0!
0E
#53930000
1!
1E
0Z
1Z
#53940000
0!
0E
#53950000
1!
1E
0Z
1Z
#53960000
0!
0E
#53970000
1!
1E
0Z
1Z
#53980000
0!
0E
#53990000
1!
1E
0Z
1Z
#54000000
0'
0!
0X
0E
#54010000
1!
1E
0Z
00
#54020000
0!
0E
#54030000
1!
1E
#54040000
0!
0E
#54050000
1!
1E
#54060000
0!
0E
#54070000
1!
1E
#54080000
0!
0E
#54090000
1!
1E
#54100000
b101110 :
b101101 <
0!
0E
#54110000
1!
1E
#54120000
0!
0E
#54130000
1!
1E
#54140000
0!
0E
#54150000
1!
1E
#54160000
0!
0E
#54170000
1!
1E
#54180000
0!
0E
#54190000
1!
1E
#54200000
0!
0E
#54210000
1!
1E
#54220000
0!
0E
#54230000
1!
1E
#54240000
0!
0E
#54250000
1!
1E
#54260000
0!
0E
#54270000
1!
1E
#54280000
0!
0E
#54290000
1!
1E
#54300000
0!
0E
#54310000
1!
1E
#54320000
0!
0E
#54330000
1!
1E
#54340000
0!
0E
#54350000
1!
1E
#54360000
0!
0E
#54370000
1!
1E
#54380000
0!
0E
#54390000
1!
1E
#54400000
0!
0E
#54410000
1!
1E
#54420000
0!
0E
#54430000
1!
1E
#54440000
0!
0E
#54450000
1!
1E
#54460000
0!
0E
#54470000
1!
1E
#54480000
0!
0E
#54490000
1!
1E
#54500000
0!
0E
#54510000
1!
1E
#54520000
0!
0E
#54530000
1!
1E
#54540000
0!
0E
#54550000
1!
1E
#54560000
0!
0E
#54570000
1!
1E
#54580000
0!
0E
#54590000
1!
1E
#54600000
0!
0E
#54610000
1!
1E
#54620000
0!
0E
#54630000
1!
1E
#54640000
0!
0E
#54650000
1!
1E
#54660000
0!
0E
#54670000
1!
1E
#54680000
0!
0E
#54690000
1!
1E
#54700000
0!
0E
#54710000
1!
1E
#54720000
0!
0E
#54730000
1!
1E
#54740000
0!
0E
#54750000
1!
1E
#54760000
0!
0E
#54770000
1!
1E
#54780000
0!
0E
#54790000
1!
1E
#54800000
0!
0E
#54810000
1!
1E
#54820000
0!
0E
#54830000
1!
1E
#54840000
0!
0E
#54850000
1!
1E
#54860000
0!
0E
#54870000
1!
1E
#54880000
0!
0E
#54890000
1!
1E
#54900000
0!
0E
#54910000
1!
1E
#54920000
0!
0E
#54930000
1!
1E
#54940000
0!
0E
#54950000
1!
1E
#54960000
0!
0E
#54970000
1!
1E
#54980000
0!
0E
#54990000
1!
1E
#55000000
0!
0E
#55010000
1!
1E
#55020000
0!
0E
#55030000
1!
1E
#55040000
0!
0E
#55050000
1!
1E
#55060000
0!
0E
#55070000
1!
1E
#55080000
0!
0E
#55090000
1!
1E
#55100000
b101100 >
b101100 %
b11101100 &
1'
0!
0W
0V
1U
0O
0N
1M
1X
0E
#55110000
1!
1E
1Z
10
#55120000
0!
0E
#55130000
1!
1E
0Z
1Z
#55140000
0!
0E
#55150000
1!
1E
0Z
1Z
#55160000
0!
0E
#55170000
1!
1E
0Z
1Z
#55180000
0!
0E
#55190000
1!
1E
0Z
1Z
#55200000
0'
0!
0X
0E
#55210000
1!
1E
0Z
00
#55220000
0!
0E
#55230000
1!
1E
#55240000
0!
0E
#55250000
1!
1E
#55260000
0!
0E
#55270000
1!
1E
#55280000
0!
0E
#55290000
1!
1E
#55300000
b101111 :
b101110 <
0!
0E
#55310000
1!
1E
#55320000
0!
0E
#55330000
1!
1E
#55340000
0!
0E
#55350000
1!
1E
#55360000
0!
0E
#55370000
1!
1E
#55380000
0!
0E
#55390000
1!
1E
#55400000
0!
0E
#55410000
1!
1E
#55420000
0!
0E
#55430000
1!
1E
#55440000
0!
0E
#55450000
1!
1E
#55460000
0!
0E
#55470000
1!
1E
#55480000
0!
0E
#55490000
1!
1E
#55500000
0!
0E
#55510000
1!
1E
#55520000
0!
0E
#55530000
1!
1E
#55540000
0!
0E
#55550000
1!
1E
#55560000
0!
0E
#55570000
1!
1E
#55580000
0!
0E
#55590000
1!
1E
#55600000
0!
0E
#55610000
1!
1E
#55620000
0!
0E
#55630000
1!
1E
#55640000
0!
0E
#55650000
1!
1E
#55660000
0!
0E
#55670000
1!
1E
#55680000
0!
0E
#55690000
1!
1E
#55700000
0!
0E
#55710000
1!
1E
#55720000
0!
0E
#55730000
1!
1E
#55740000
0!
0E
#55750000
1!
1E
#55760000
0!
0E
#55770000
1!
1E
#55780000
0!
0E
#55790000
1!
1E
#55800000
0!
0E
#55810000
1!
1E
#55820000
0!
0E
#55830000
1!
1E
#55840000
0!
0E
#55850000
1!
1E
#55860000
0!
0E
#55870000
1!
1E
#55880000
0!
0E
#55890000
1!
1E
#55900000
0!
0E
#55910000
1!
1E
#55920000
0!
0E
#55930000
1!
1E
#55940000
0!
0E
#55950000
1!
1E
#55960000
0!
0E
#55970000
1!
1E
#55980000
0!
0E
#55990000
1!
1E
#56000000
0!
0E
#56010000
1!
1E
#56020000
0!
0E
#56030000
1!
1E
#56040000
0!
0E
#56050000
1!
1E
#56060000
0!
0E
#56070000
1!
1E
#56080000
0!
0E
#56090000
1!
1E
#56100000
0!
0E
#56110000
1!
1E
#56120000
0!
0E
#56130000
1!
1E
#56140000
0!
0E
#56150000
1!
1E
#56160000
0!
0E
#56170000
1!
1E
#56180000
0!
0E
#56190000
1!
1E
#56200000
0!
0E
#56210000
1!
1E
#56220000
0!
0E
#56230000
1!
1E
#56240000
0!
0E
#56250000
1!
1E
#56260000
0!
0E
#56270000
1!
1E
#56280000
0!
0E
#56290000
1!
1E
#56300000
b101101 >
b101101 %
b11101101 &
1'
0!
1W
1O
1X
0E
#56310000
1!
1E
1Z
10
#56320000
0!
0E
#56330000
1!
1E
0Z
1Z
#56340000
0!
0E
#56350000
1!
1E
0Z
1Z
#56360000
0!
0E
#56370000
1!
1E
0Z
1Z
#56380000
0!
0E
#56390000
1!
1E
0Z
1Z
#56400000
0'
0!
0X
0E
#56410000
1!
1E
0Z
00
#56420000
0!
0E
#56430000
1!
1E
#56440000
0!
0E
#56450000
1!
1E
#56460000
0!
0E
#56470000
1!
1E
#56480000
0!
0E
#56490000
1!
1E
#56500000
b110000 :
b101111 <
0!
0E
#56510000
1!
1E
#56520000
0!
0E
#56530000
1!
1E
#56540000
0!
0E
#56550000
1!
1E
#56560000
0!
0E
#56570000
1!
1E
#56580000
0!
0E
#56590000
1!
1E
#56600000
0!
0E
#56610000
1!
1E
#56620000
0!
0E
#56630000
1!
1E
#56640000
0!
0E
#56650000
1!
1E
#56660000
0!
0E
#56670000
1!
1E
#56680000
0!
0E
#56690000
1!
1E
#56700000
0!
0E
#56710000
1!
1E
#56720000
0!
0E
#56730000
1!
1E
#56740000
0!
0E
#56750000
1!
1E
#56760000
0!
0E
#56770000
1!
1E
#56780000
0!
0E
#56790000
1!
1E
#56800000
0!
0E
#56810000
1!
1E
#56820000
0!
0E
#56830000
1!
1E
#56840000
0!
0E
#56850000
1!
1E
#56860000
0!
0E
#56870000
1!
1E
#56880000
0!
0E
#56890000
1!
1E
#56900000
0!
0E
#56910000
1!
1E
#56920000
0!
0E
#56930000
1!
1E
#56940000
0!
0E
#56950000
1!
1E
#56960000
0!
0E
#56970000
1!
1E
#56980000
0!
0E
#56990000
1!
1E
#57000000
0!
0E
#57010000
1!
1E
#57020000
0!
0E
#57030000
1!
1E
#57040000
0!
0E
#57050000
1!
1E
#57060000
0!
0E
#57070000
1!
1E
#57080000
0!
0E
#57090000
1!
1E
#57100000
0!
0E
#57110000
1!
1E
#57120000
0!
0E
#57130000
1!
1E
#57140000
0!
0E
#57150000
1!
1E
#57160000
0!
0E
#57170000
1!
1E
#57180000
0!
0E
#57190000
1!
1E
#57200000
0!
0E
#57210000
1!
1E
#57220000
0!
0E
#57230000
1!
1E
#57240000
0!
0E
#57250000
1!
1E
#57260000
0!
0E
#57270000
1!
1E
#57280000
0!
0E
#57290000
1!
1E
#57300000
0!
0E
#57310000
1!
1E
#57320000
0!
0E
#57330000
1!
1E
#57340000
0!
0E
#57350000
1!
1E
#57360000
0!
0E
#57370000
1!
1E
#57380000
0!
0E
#57390000
1!
1E
#57400000
0!
0E
#57410000
1!
1E
#57420000
0!
0E
#57430000
1!
1E
#57440000
0!
0E
#57450000
1!
1E
#57460000
0!
0E
#57470000
1!
1E
#57480000
0!
0E
#57490000
1!
1E
#57500000
b101110 >
b101110 %
b11101110 &
1'
0!
0W
1V
0O
1N
1X
0E
#57510000
1!
1E
1Z
10
#57520000
0!
0E
#57530000
1!
1E
0Z
1Z
#57540000
0!
0E
#57550000
1!
1E
0Z
1Z
#57560000
0!
0E
#57570000
1!
1E
0Z
1Z
#57580000
0!
0E
#57590000
1!
1E
0Z
1Z
#57600000
0'
0!
0X
0E
#57610000
1!
1E
0Z
00
#57620000
0!
0E
#57630000
1!
1E
#57640000
0!
0E
#57650000
1!
1E
#57660000
0!
0E
#57670000
1!
1E
#57680000
0!
0E
#57690000
1!
1E
#57700000
b110001 :
b110000 <
0!
0E
#57710000
1!
1E
#57720000
0!
0E
#57730000
1!
1E
#57740000
0!
0E
#57750000
1!
1E
#57760000
0!
0E
#57770000
1!
1E
#57780000
0!
0E
#57790000
1!
1E
#57800000
0!
0E
#57810000
1!
1E
#57820000
0!
0E
#57830000
1!
1E
#57840000
0!
0E
#57850000
1!
1E
#57860000
0!
0E
#57870000
1!
1E
#57880000
0!
0E
#57890000
1!
1E
#57900000
0!
0E
#57910000
1!
1E
#57920000
0!
0E
#57930000
1!
1E
#57940000
0!
0E
#57950000
1!
1E
#57960000
0!
0E
#57970000
1!
1E
#57980000
0!
0E
#57990000
1!
1E
#58000000
0!
0E
#58010000
1!
1E
#58020000
0!
0E
#58030000
1!
1E
#58040000
0!
0E
#58050000
1!
1E
#58060000
0!
0E
#58070000
1!
1E
#58080000
0!
0E
#58090000
1!
1E
#58100000
0!
0E
#58110000
1!
1E
#58120000
0!
0E
#58130000
1!
1E
#58140000
0!
0E
#58150000
1!
1E
#58160000
0!
0E
#58170000
1!
1E
#58180000
0!
0E
#58190000
1!
1E
#58200000
0!
0E
#58210000
1!
1E
#58220000
0!
0E
#58230000
1!
1E
#58240000
0!
0E
#58250000
1!
1E
#58260000
0!
0E
#58270000
1!
1E
#58280000
0!
0E
#58290000
1!
1E
#58300000
0!
0E
#58310000
1!
1E
#58320000
0!
0E
#58330000
1!
1E
#58340000
0!
0E
#58350000
1!
1E
#58360000
0!
0E
#58370000
1!
1E
#58380000
0!
0E
#58390000
1!
1E
#58400000
0!
0E
#58410000
1!
1E
#58420000
0!
0E
#58430000
1!
1E
#58440000
0!
0E
#58450000
1!
1E
#58460000
0!
0E
#58470000
1!
1E
#58480000
0!
0E
#58490000
1!
1E
#58500000
0!
0E
#58510000
1!
1E
#58520000
0!
0E
#58530000
1!
1E
#58540000
0!
0E
#58550000
1!
1E
#58560000
0!
0E
#58570000
1!
1E
#58580000
0!
0E
#58590000
1!
1E
#58600000
0!
0E
#58610000
1!
1E
#58620000
0!
0E
#58630000
1!
1E
#58640000
0!
0E
#58650000
1!
1E
#58660000
0!
0E
#58670000
1!
1E
#58680000
0!
0E
#58690000
1!
1E
#58700000
b101111 >
b101111 %
b11101111 &
1'
0!
1W
1O
1X
0E
#58710000
1!
1E
1Z
10
#58720000
0!
0E
#58730000
1!
1E
0Z
1Z
#58740000
0!
0E
#58750000
1!
1E
0Z
1Z
#58760000
0!
0E
#58770000
1!
1E
0Z
1Z
#58780000
0!
0E
#58790000
1!
1E
0Z
1Z
#58800000
0'
0!
0X
0E
#58810000
1!
1E
0Z
00
#58820000
0!
0E
#58830000
1!
1E
#58840000
0!
0E
#58850000
1!
1E
#58860000
0!
0E
#58870000
1!
1E
#58880000
0!
0E
#58890000
1!
1E
#58900000
b110010 :
b110001 <
0!
0E
#58910000
1!
1E
#58920000
0!
0E
#58930000
1!
1E
#58940000
0!
0E
#58950000
1!
1E
#58960000
0!
0E
#58970000
1!
1E
#58980000
0!
0E
#58990000
1!
1E
#59000000
0!
0E
#59010000
1!
1E
#59020000
0!
0E
#59030000
1!
1E
#59040000
0!
0E
#59050000
1!
1E
#59060000
0!
0E
#59070000
1!
1E
#59080000
0!
0E
#59090000
1!
1E
#59100000
0!
0E
#59110000
1!
1E
#59120000
0!
0E
#59130000
1!
1E
#59140000
0!
0E
#59150000
1!
1E
#59160000
0!
0E
#59170000
1!
1E
#59180000
0!
0E
#59190000
1!
1E
#59200000
0!
0E
#59210000
1!
1E
#59220000
0!
0E
#59230000
1!
1E
#59240000
0!
0E
#59250000
1!
1E
#59260000
0!
0E
#59270000
1!
1E
#59280000
0!
0E
#59290000
1!
1E
#59300000
0!
0E
#59310000
1!
1E
#59320000
0!
0E
#59330000
1!
1E
#59340000
0!
0E
#59350000
1!
1E
#59360000
0!
0E
#59370000
1!
1E
#59380000
0!
0E
#59390000
1!
1E
#59400000
0!
0E
#59410000
1!
1E
#59420000
0!
0E
#59430000
1!
1E
#59440000
0!
0E
#59450000
1!
1E
#59460000
0!
0E
#59470000
1!
1E
#59480000
0!
0E
#59490000
1!
1E
#59500000
0!
0E
#59510000
1!
1E
#59520000
0!
0E
#59530000
1!
1E
#59540000
0!
0E
#59550000
1!
1E
#59560000
0!
0E
#59570000
1!
1E
#59580000
0!
0E
#59590000
1!
1E
#59600000
0!
0E
#59610000
1!
1E
#59620000
0!
0E
#59630000
1!
1E
#59640000
0!
0E
#59650000
1!
1E
#59660000
0!
0E
#59670000
1!
1E
#59680000
0!
0E
#59690000
1!
1E
#59700000
0!
0E
#59710000
1!
1E
#59720000
0!
0E
#59730000
1!
1E
#59740000
0!
0E
#59750000
1!
1E
#59760000
0!
0E
#59770000
1!
1E
#59780000
0!
0E
#59790000
1!
1E
#59800000
0!
0E
#59810000
1!
1E
#59820000
0!
0E
#59830000
1!
1E
#59840000
0!
0E
#59850000
1!
1E
#59860000
0!
0E
#59870000
1!
1E
#59880000
0!
0E
#59890000
1!
1E
#59900000
b110000 >
b110000 %
b11110000 &
1'
0!
0W
0V
0U
0T
1S
0O
0N
0M
0L
1K
1X
0E
#59910000
1!
1E
1Z
10
#59920000
0!
0E
#59930000
1!
1E
0Z
1Z
#59940000
0!
0E
#59950000
1!
1E
0Z
1Z
#59960000
0!
0E
#59970000
1!
1E
0Z
1Z
#59980000
0!
0E
#59990000
1!
1E
0Z
1Z
#60000000
0'
0!
0X
0E
#60010000
1!
1E
0Z
00
#60020000
0!
0E
#60030000
1!
1E
#60040000
0!
0E
#60050000
1!
1E
#60060000
0!
0E
#60070000
1!
1E
#60080000
0!
0E
#60090000
1!
1E
#60100000
b110011 :
b110010 <
0!
0E
#60110000
1!
1E
#60120000
0!
0E
#60130000
1!
1E
#60140000
0!
0E
#60150000
1!
1E
#60160000
0!
0E
#60170000
1!
1E
#60180000
0!
0E
#60190000
1!
1E
#60200000
0!
0E
#60210000
1!
1E
#60220000
0!
0E
#60230000
1!
1E
#60240000
0!
0E
#60250000
1!
1E
#60260000
0!
0E
#60270000
1!
1E
#60280000
0!
0E
#60290000
1!
1E
#60300000
0!
0E
#60310000
1!
1E
#60320000
0!
0E
#60330000
1!
1E
#60340000
0!
0E
#60350000
1!
1E
#60360000
0!
0E
#60370000
1!
1E
#60380000
0!
0E
#60390000
1!
1E
#60400000
0!
0E
#60410000
1!
1E
#60420000
0!
0E
#60430000
1!
1E
#60440000
0!
0E
#60450000
1!
1E
#60460000
0!
0E
#60470000
1!
1E
#60480000
0!
0E
#60490000
1!
1E
#60500000
0!
0E
#60510000
1!
1E
#60520000
0!
0E
#60530000
1!
1E
#60540000
0!
0E
#60550000
1!
1E
#60560000
0!
0E
#60570000
1!
1E
#60580000
0!
0E
#60590000
1!
1E
#60600000
0!
0E
#60610000
1!
1E
#60620000
0!
0E
#60630000
1!
1E
#60640000
0!
0E
#60650000
1!
1E
#60660000
0!
0E
#60670000
1!
1E
#60680000
0!
0E
#60690000
1!
1E
#60700000
0!
0E
#60710000
1!
1E
#60720000
0!
0E
#60730000
1!
1E
#60740000
0!
0E
#60750000
1!
1E
#60760000
0!
0E
#60770000
1!
1E
#60780000
0!
0E
#60790000
1!
1E
#60800000
0!
0E
#60810000
1!
1E
#60820000
0!
0E
#60830000
1!
1E
#60840000
0!
0E
#60850000
1!
1E
#60860000
0!
0E
#60870000
1!
1E
#60880000
0!
0E
#60890000
1!
1E
#60900000
0!
0E
#60910000
1!
1E
#60920000
0!
0E
#60930000
1!
1E
#60940000
0!
0E
#60950000
1!
1E
#60960000
0!
0E
#60970000
1!
1E
#60980000
0!
0E
#60990000
1!
1E
#61000000
0!
0E
#61010000
1!
1E
#61020000
0!
0E
#61030000
1!
1E
#61040000
0!
0E
#61050000
1!
1E
#61060000
0!
0E
#61070000
1!
1E
#61080000
0!
0E
#61090000
1!
1E
#61100000
b110001 >
b110001 %
b11110001 &
1'
0!
1W
1O
1X
0E
#61110000
1!
1E
1Z
10
#61120000
0!
0E
#61130000
1!
1E
0Z
1Z
#61140000
0!
0E
#61150000
1!
1E
0Z
1Z
#61160000
0!
0E
#61170000
1!
1E
0Z
1Z
#61180000
0!
0E
#61190000
1!
1E
0Z
1Z
#61200000
0'
0!
0X
0E
#61210000
1!
1E
0Z
00
#61220000
0!
0E
#61230000
1!
1E
#61240000
0!
0E
#61250000
1!
1E
#61260000
0!
0E
#61270000
1!
1E
#61280000
0!
0E
#61290000
1!
1E
#61300000
b110100 :
b110011 <
0!
0E
#61310000
1!
1E
#61320000
0!
0E
#61330000
1!
1E
#61340000
0!
0E
#61350000
1!
1E
#61360000
0!
0E
#61370000
1!
1E
#61380000
0!
0E
#61390000
1!
1E
#61400000
0!
0E
#61410000
1!
1E
#61420000
0!
0E
#61430000
1!
1E
#61440000
0!
0E
#61450000
1!
1E
#61460000
0!
0E
#61470000
1!
1E
#61480000
0!
0E
#61490000
1!
1E
#61500000
0!
0E
#61510000
1!
1E
#61520000
0!
0E
#61530000
1!
1E
#61540000
0!
0E
#61550000
1!
1E
#61560000
0!
0E
#61570000
1!
1E
#61580000
0!
0E
#61590000
1!
1E
#61600000
0!
0E
#61610000
1!
1E
#61620000
0!
0E
#61630000
1!
1E
#61640000
0!
0E
#61650000
1!
1E
#61660000
0!
0E
#61670000
1!
1E
#61680000
0!
0E
#61690000
1!
1E
#61700000
0!
0E
#61710000
1!
1E
#61720000
0!
0E
#61730000
1!
1E
#61740000
0!
0E
#61750000
1!
1E
#61760000
0!
0E
#61770000
1!
1E
#61780000
0!
0E
#61790000
1!
1E
#61800000
0!
0E
#61810000
1!
1E
#61820000
0!
0E
#61830000
1!
1E
#61840000
0!
0E
#61850000
1!
1E
#61860000
0!
0E
#61870000
1!
1E
#61880000
0!
0E
#61890000
1!
1E
#61900000
0!
0E
#61910000
1!
1E
#61920000
0!
0E
#61930000
1!
1E
#61940000
0!
0E
#61950000
1!
1E
#61960000
0!
0E
#61970000
1!
1E
#61980000
0!
0E
#61990000
1!
1E
#62000000
0!
0E
#62010000
1!
1E
#62020000
0!
0E
#62030000
1!
1E
#62040000
0!
0E
#62050000
1!
1E
#62060000
0!
0E
#62070000
1!
1E
#62080000
0!
0E
#62090000
1!
1E
#62100000
0!
0E
#62110000
1!
1E
#62120000
0!
0E
#62130000
1!
1E
#62140000
0!
0E
#62150000
1!
1E
#62160000
0!
0E
#62170000
1!
1E
#62180000
0!
0E
#62190000
1!
1E
#62200000
0!
0E
#62210000
1!
1E
#62220000
0!
0E
#62230000
1!
1E
#62240000
0!
0E
#62250000
1!
1E
#62260000
0!
0E
#62270000
1!
1E
#62280000
0!
0E
#62290000
1!
1E
#62300000
b110010 >
b110010 %
b11110010 &
1'
0!
0W
1V
0O
1N
1X
0E
#62310000
1!
1E
1Z
10
#62320000
0!
0E
#62330000
1!
1E
0Z
1Z
#62340000
0!
0E
#62350000
1!
1E
0Z
1Z
#62360000
0!
0E
#62370000
1!
1E
0Z
1Z
#62380000
0!
0E
#62390000
1!
1E
0Z
1Z
#62400000
0'
0!
0X
0E
#62410000
1!
1E
0Z
00
#62420000
0!
0E
#62430000
1!
1E
#62440000
0!
0E
#62450000
1!
1E
#62460000
0!
0E
#62470000
1!
1E
#62480000
0!
0E
#62490000
1!
1E
#62500000
b110101 :
b110100 <
0!
0E
#62510000
1!
1E
#62520000
0!
0E
#62530000
1!
1E
#62540000
0!
0E
#62550000
1!
1E
#62560000
0!
0E
#62570000
1!
1E
#62580000
0!
0E
#62590000
1!
1E
#62600000
0!
0E
#62610000
1!
1E
#62620000
0!
0E
#62630000
1!
1E
#62640000
0!
0E
#62650000
1!
1E
#62660000
0!
0E
#62670000
1!
1E
#62680000
0!
0E
#62690000
1!
1E
#62700000
0!
0E
#62710000
1!
1E
#62720000
0!
0E
#62730000
1!
1E
#62740000
0!
0E
#62750000
1!
1E
#62760000
0!
0E
#62770000
1!
1E
#62780000
0!
0E
#62790000
1!
1E
#62800000
0!
0E
#62810000
1!
1E
#62820000
0!
0E
#62830000
1!
1E
#62840000
0!
0E
#62850000
1!
1E
#62860000
0!
0E
#62870000
1!
1E
#62880000
0!
0E
#62890000
1!
1E
#62900000
0!
0E
#62910000
1!
1E
#62920000
0!
0E
#62930000
1!
1E
#62940000
0!
0E
#62950000
1!
1E
#62960000
0!
0E
#62970000
1!
1E
#62980000
0!
0E
#62990000
1!
1E
#63000000
0!
0E
#63010000
1!
1E
#63020000
0!
0E
#63030000
1!
1E
#63040000
0!
0E
#63050000
1!
1E
#63060000
0!
0E
#63070000
1!
1E
#63080000
0!
0E
#63090000
1!
1E
#63100000
0!
0E
#63110000
1!
1E
#63120000
0!
0E
#63130000
1!
1E
#63140000
0!
0E
#63150000
1!
1E
#63160000
0!
0E
#63170000
1!
1E
#63180000
0!
0E
#63190000
1!
1E
#63200000
0!
0E
#63210000
1!
1E
#63220000
0!
0E
#63230000
1!
1E
#63240000
0!
0E
#63250000
1!
1E
#63260000
0!
0E
#63270000
1!
1E
#63280000
0!
0E
#63290000
1!
1E
#63300000
0!
0E
#63310000
1!
1E
#63320000
0!
0E
#63330000
1!
1E
#63340000
0!
0E
#63350000
1!
1E
#63360000
0!
0E
#63370000
1!
1E
#63380000
0!
0E
#63390000
1!
1E
#63400000
0!
0E
#63410000
1!
1E
#63420000
0!
0E
#63430000
1!
1E
#63440000
0!
0E
#63450000
1!
1E
#63460000
0!
0E
#63470000
1!
1E
#63480000
0!
0E
#63490000
1!
1E
#63500000
b110011 >
b110011 %
b11110011 &
1'
0!
1W
1O
1X
0E
#63510000
1!
1E
1Z
10
#63520000
0!
0E
#63530000
1!
1E
0Z
1Z
#63540000
0!
0E
#63550000
1!
1E
0Z
1Z
#63560000
0!
0E
#63570000
1!
1E
0Z
1Z
#63580000
0!
0E
#63590000
1!
1E
0Z
1Z
#63600000
0'
0!
0X
0E
#63610000
1!
1E
0Z
00
#63620000
0!
0E
#63630000
1!
1E
#63640000
0!
0E
#63650000
1!
1E
#63660000
0!
0E
#63670000
1!
1E
#63680000
0!
0E
#63690000
1!
1E
#63700000
b110110 :
b110101 <
0!
0E
#63710000
1!
1E
#63720000
0!
0E
#63730000
1!
1E
#63740000
0!
0E
#63750000
1!
1E
#63760000
0!
0E
#63770000
1!
1E
#63780000
0!
0E
#63790000
1!
1E
#63800000
0!
0E
#63810000
1!
1E
#63820000
0!
0E
#63830000
1!
1E
#63840000
0!
0E
#63850000
1!
1E
#63860000
0!
0E
#63870000
1!
1E
#63880000
0!
0E
#63890000
1!
1E
#63900000
0!
0E
#63910000
1!
1E
#63920000
0!
0E
#63930000
1!
1E
#63940000
0!
0E
#63950000
1!
1E
#63960000
0!
0E
#63970000
1!
1E
#63980000
0!
0E
#63990000
1!
1E
#64000000
0!
0E
#64010000
1!
1E
#64020000
0!
0E
#64030000
1!
1E
#64040000
0!
0E
#64050000
1!
1E
#64060000
0!
0E
#64070000
1!
1E
#64080000
0!
0E
#64090000
1!
1E
#64100000
0!
0E
#64110000
1!
1E
#64120000
0!
0E
#64130000
1!
1E
#64140000
0!
0E
#64150000
1!
1E
#64160000
0!
0E
#64170000
1!
1E
#64180000
0!
0E
#64190000
1!
1E
#64200000
0!
0E
#64210000
1!
1E
#64220000
0!
0E
#64230000
1!
1E
#64240000
0!
0E
#64250000
1!
1E
#64260000
0!
0E
#64270000
1!
1E
#64280000
0!
0E
#64290000
1!
1E
#64300000
0!
0E
#64310000
1!
1E
#64320000
0!
0E
#64330000
1!
1E
#64340000
0!
0E
#64350000
1!
1E
#64360000
0!
0E
#64370000
1!
1E
#64380000
0!
0E
#64390000
1!
1E
#64400000
0!
0E
#64410000
1!
1E
#64420000
0!
0E
#64430000
1!
1E
#64440000
0!
0E
#64450000
1!
1E
#64460000
0!
0E
#64470000
1!
1E
#64480000
0!
0E
#64490000
1!
1E
#64500000
0!
0E
#64510000
1!
1E
#64520000
0!
0E
#64530000
1!
1E
#64540000
0!
0E
#64550000
1!
1E
#64560000
0!
0E
#64570000
1!
1E
#64580000
0!
0E
#64590000
1!
1E
#64600000
0!
0E
#64610000
1!
1E
#64620000
0!
0E
#64630000
1!
1E
#64640000
0!
0E
#64650000
1!
1E
#64660000
0!
0E
#64670000
1!
1E
#64680000
0!
0E
#64690000
1!
1E
#64700000
b110100 >
b110100 %
b11110100 &
1'
0!
0W
0V
1U
0O
0N
1M
1X
0E
#64710000
1!
1E
1Z
10
#64720000
0!
0E
#64730000
1!
1E
0Z
1Z
#64740000
0!
0E
#64750000
1!
1E
0Z
1Z
#64760000
0!
0E
#64770000
1!
1E
0Z
1Z
#64780000
0!
0E
#64790000
1!
1E
0Z
1Z
#64800000
0'
0!
0X
0E
#64810000
1!
1E
0Z
00
#64820000
0!
0E
#64830000
1!
1E
#64840000
0!
0E
#64850000
1!
1E
#64860000
0!
0E
#64870000
1!
1E
#64880000
0!
0E
#64890000
1!
1E
#64900000
b110111 :
b110110 <
0!
0E
#64910000
1!
1E
#64920000
0!
0E
#64930000
1!
1E
#64940000
0!
0E
#64950000
1!
1E
#64960000
0!
0E
#64970000
1!
1E
#64980000
0!
0E
#64990000
1!
1E
#65000000
0!
0E
#65010000
1!
1E
#65020000
0!
0E
#65030000
1!
1E
#65040000
0!
0E
#65050000
1!
1E
#65060000
0!
0E
#65070000
1!
1E
#65080000
0!
0E
#65090000
1!
1E
#65100000
0!
0E
#65110000
1!
1E
#65120000
0!
0E
#65130000
1!
1E
#65140000
0!
0E
#65150000
1!
1E
#65160000
0!
0E
#65170000
1!
1E
#65180000
0!
0E
#65190000
1!
1E
#65200000
0!
0E
#65210000
1!
1E
#65220000
0!
0E
#65230000
1!
1E
#65240000
0!
0E
#65250000
1!
1E
#65260000
0!
0E
#65270000
1!
1E
#65280000
0!
0E
#65290000
1!
1E
#65300000
0!
0E
#65310000
1!
1E
#65320000
0!
0E
#65330000
1!
1E
#65340000
0!
0E
#65350000
1!
1E
#65360000
0!
0E
#65370000
1!
1E
#65380000
0!
0E
#65390000
1!
1E
#65400000
0!
0E
#65410000
1!
1E
#65420000
0!
0E
#65430000
1!
1E
#65440000
0!
0E
#65450000
1!
1E
#65460000
0!
0E
#65470000
1!
1E
#65480000
0!
0E
#65490000
1!
1E
#65500000
0!
0E
#65510000
1!
1E
#65520000
0!
0E
#65530000
1!
1E
#65540000
0!
0E
#65550000
1!
1E
#65560000
0!
0E
#65570000
1!
1E
#65580000
0!
0E
#65590000
1!
1E
#65600000
0!
0E
#65610000
1!
1E
#65620000
0!
0E
#65630000
1!
1E
#65640000
0!
0E
#65650000
1!
1E
#65660000
0!
0E
#65670000
1!
1E
#65680000
0!
0E
#65690000
1!
1E
#65700000
0!
0E
#65710000
1!
1E
#65720000
0!
0E
#65730000
1!
1E
#65740000
0!
0E
#65750000
1!
1E
#65760000
0!
0E
#65770000
1!
1E
#65780000
0!
0E
#65790000
1!
1E
#65800000
0!
0E
#65810000
1!
1E
#65820000
0!
0E
#65830000
1!
1E
#65840000
0!
0E
#65850000
1!
1E
#65860000
0!
0E
#65870000
1!
1E
#65880000
0!
0E
#65890000
1!
1E
#65900000
b110101 >
b110101 %
b11110101 &
1'
0!
1W
1O
1X
0E
#65910000
1!
1E
1Z
10
#65920000
0!
0E
#65930000
1!
1E
0Z
1Z
#65940000
0!
0E
#65950000
1!
1E
0Z
1Z
#65960000
0!
0E
#65970000
1!
1E
0Z
1Z
#65980000
0!
0E
#65990000
1!
1E
0Z
1Z
#66000000
0'
0!
0X
0E
#66010000
1!
1E
0Z
00
#66020000
0!
0E
#66030000
1!
1E
#66040000
0!
0E
#66050000
1!
1E
#66060000
0!
0E
#66070000
1!
1E
#66080000
0!
0E
#66090000
1!
1E
#66100000
b111000 :
b110111 <
0!
0E
#66110000
1!
1E
#66120000
0!
0E
#66130000
1!
1E
#66140000
0!
0E
#66150000
1!
1E
#66160000
0!
0E
#66170000
1!
1E
#66180000
0!
0E
#66190000
1!
1E
#66200000
0!
0E
#66210000
1!
1E
#66220000
0!
0E
#66230000
1!
1E
#66240000
0!
0E
#66250000
1!
1E
#66260000
0!
0E
#66270000
1!
1E
#66280000
0!
0E
#66290000
1!
1E
#66300000
0!
0E
#66310000
1!
1E
#66320000
0!
0E
#66330000
1!
1E
#66340000
0!
0E
#66350000
1!
1E
#66360000
0!
0E
#66370000
1!
1E
#66380000
0!
0E
#66390000
1!
1E
#66400000
0!
0E
#66410000
1!
1E
#66420000
0!
0E
#66430000
1!
1E
#66440000
0!
0E
#66450000
1!
1E
#66460000
0!
0E
#66470000
1!
1E
#66480000
0!
0E
#66490000
1!
1E
#66500000
0!
0E
#66510000
1!
1E
#66520000
0!
0E
#66530000
1!
1E
#66540000
0!
0E
#66550000
1!
1E
#66560000
0!
0E
#66570000
1!
1E
#66580000
0!
0E
#66590000
1!
1E
#66600000
0!
0E
#66610000
1!
1E
#66620000
0!
0E
#66630000
1!
1E
#66640000
0!
0E
#66650000
1!
1E
#66660000
0!
0E
#66670000
1!
1E
#66680000
0!
0E
#66690000
1!
1E
#66700000
0!
0E
#66710000
1!
1E
#66720000
0!
0E
#66730000
1!
1E
#66740000
0!
0E
#66750000
1!
1E
#66760000
0!
0E
#66770000
1!
1E
#66780000
0!
0E
#66790000
1!
1E
#66800000
0!
0E
#66810000
1!
1E
#66820000
0!
0E
#66830000
1!
1E
#66840000
0!
0E
#66850000
1!
1E
#66860000
0!
0E
#66870000
1!
1E
#66880000
0!
0E
#66890000
1!
1E
#66900000
0!
0E
#66910000
1!
1E
#66920000
0!
0E
#66930000
1!
1E
#66940000
0!
0E
#66950000
1!
1E
#66960000
0!
0E
#66970000
1!
1E
#66980000
0!
0E
#66990000
1!
1E
#67000000
0!
0E
#67010000
1!
1E
#67020000
0!
0E
#67030000
1!
1E
#67040000
0!
0E
#67050000
1!
1E
#67060000
0!
0E
#67070000
1!
1E
#67080000
0!
0E
#67090000
1!
1E
#67100000
b110110 >
b110110 %
b11110110 &
1'
0!
0W
1V
0O
1N
1X
0E
#67110000
1!
1E
1Z
10
#67120000
0!
0E
#67130000
1!
1E
0Z
1Z
#67140000
0!
0E
#67150000
1!
1E
0Z
1Z
#67160000
0!
0E
#67170000
1!
1E
0Z
1Z
#67180000
0!
0E
#67190000
1!
1E
0Z
1Z
#67200000
0'
0!
0X
0E
#67210000
1!
1E
0Z
00
#67220000
0!
0E
#67230000
1!
1E
#67240000
0!
0E
#67250000
1!
1E
#67260000
0!
0E
#67270000
1!
1E
#67280000
0!
0E
#67290000
1!
1E
#67300000
b111001 :
b111000 <
0!
0E
#67310000
1!
1E
#67320000
0!
0E
#67330000
1!
1E
#67340000
0!
0E
#67350000
1!
1E
#67360000
0!
0E
#67370000
1!
1E
#67380000
0!
0E
#67390000
1!
1E
#67400000
0!
0E
#67410000
1!
1E
#67420000
0!
0E
#67430000
1!
1E
#67440000
0!
0E
#67450000
1!
1E
#67460000
0!
0E
#67470000
1!
1E
#67480000
0!
0E
#67490000
1!
1E
#67500000
0!
0E
#67510000
1!
1E
#67520000
0!
0E
#67530000
1!
1E
#67540000
0!
0E
#67550000
1!
1E
#67560000
0!
0E
#67570000
1!
1E
#67580000
0!
0E
#67590000
1!
1E
#67600000
0!
0E
#67610000
1!
1E
#67620000
0!
0E
#67630000
1!
1E
#67640000
0!
0E
#67650000
1!
1E
#67660000
0!
0E
#67670000
1!
1E
#67680000
0!
0E
#67690000
1!
1E
#67700000
0!
0E
#67710000
1!
1E
#67720000
0!
0E
#67730000
1!
1E
#67740000
0!
0E
#67750000
1!
1E
#67760000
0!
0E
#67770000
1!
1E
#67780000
0!
0E
#67790000
1!
1E
#67800000
0!
0E
#67810000
1!
1E
#67820000
0!
0E
#67830000
1!
1E
#67840000
0!
0E
#67850000
1!
1E
#67860000
0!
0E
#67870000
1!
1E
#67880000
0!
0E
#67890000
1!
1E
#67900000
0!
0E
#67910000
1!
1E
#67920000
0!
0E
#67930000
1!
1E
#67940000
0!
0E
#67950000
1!
1E
#67960000
0!
0E
#67970000
1!
1E
#67980000
0!
0E
#67990000
1!
1E
#68000000
0!
0E
#68010000
1!
1E
#68020000
0!
0E
#68030000
1!
1E
#68040000
0!
0E
#68050000
1!
1E
#68060000
0!
0E
#68070000
1!
1E
#68080000
0!
0E
#68090000
1!
1E
#68100000
0!
0E
#68110000
1!
1E
#68120000
0!
0E
#68130000
1!
1E
#68140000
0!
0E
#68150000
1!
1E
#68160000
0!
0E
#68170000
1!
1E
#68180000
0!
0E
#68190000
1!
1E
#68200000
0!
0E
#68210000
1!
1E
#68220000
0!
0E
#68230000
1!
1E
#68240000
0!
0E
#68250000
1!
1E
#68260000
0!
0E
#68270000
1!
1E
#68280000
0!
0E
#68290000
1!
1E
#68300000
b110111 >
b110111 %
b11110111 &
1'
0!
1W
1O
1X
0E
#68310000
1!
1E
1Z
10
#68320000
0!
0E
#68330000
1!
1E
0Z
1Z
#68340000
0!
0E
#68350000
1!
1E
0Z
1Z
#68360000
0!
0E
#68370000
1!
1E
0Z
1Z
#68380000
0!
0E
#68390000
1!
1E
0Z
1Z
#68400000
0'
0!
0X
0E
#68410000
1!
1E
0Z
00
#68420000
0!
0E
#68430000
1!
1E
#68440000
0!
0E
#68450000
1!
1E
#68460000
0!
0E
#68470000
1!
1E
#68480000
0!
0E
#68490000
1!
1E
#68500000
b111010 :
b111001 <
0!
0E
#68510000
1!
1E
#68520000
0!
0E
#68530000
1!
1E
#68540000
0!
0E
#68550000
1!
1E
#68560000
0!
0E
#68570000
1!
1E
#68580000
0!
0E
#68590000
1!
1E
#68600000
0!
0E
#68610000
1!
1E
#68620000
0!
0E
#68630000
1!
1E
#68640000
0!
0E
#68650000
1!
1E
#68660000
0!
0E
#68670000
1!
1E
#68680000
0!
0E
#68690000
1!
1E
#68700000
0!
0E
#68710000
1!
1E
#68720000
0!
0E
#68730000
1!
1E
#68740000
0!
0E
#68750000
1!
1E
#68760000
0!
0E
#68770000
1!
1E
#68780000
0!
0E
#68790000
1!
1E
#68800000
0!
0E
#68810000
1!
1E
#68820000
0!
0E
#68830000
1!
1E
#68840000
0!
0E
#68850000
1!
1E
#68860000
0!
0E
#68870000
1!
1E
#68880000
0!
0E
#68890000
1!
1E
#68900000
0!
0E
#68910000
1!
1E
#68920000
0!
0E
#68930000
1!
1E
#68940000
0!
0E
#68950000
1!
1E
#68960000
0!
0E
#68970000
1!
1E
#68980000
0!
0E
#68990000
1!
1E
#69000000
0!
0E
#69010000
1!
1E
#69020000
0!
0E
#69030000
1!
1E
#69040000
0!
0E
#69050000
1!
1E
#69060000
0!
0E
#69070000
1!
1E
#69080000
0!
0E
#69090000
1!
1E
#69100000
0!
0E
#69110000
1!
1E
#69120000
0!
0E
#69130000
1!
1E
#69140000
0!
0E
#69150000
1!
1E
#69160000
0!
0E
#69170000
1!
1E
#69180000
0!
0E
#69190000
1!
1E
#69200000
0!
0E
#69210000
1!
1E
#69220000
0!
0E
#69230000
1!
1E
#69240000
0!
0E
#69250000
1!
1E
#69260000
0!
0E
#69270000
1!
1E
#69280000
0!
0E
#69290000
1!
1E
#69300000
0!
0E
#69310000
1!
1E
#69320000
0!
0E
#69330000
1!
1E
#69340000
0!
0E
#69350000
1!
1E
#69360000
0!
0E
#69370000
1!
1E
#69380000
0!
0E
#69390000
1!
1E
#69400000
0!
0E
#69410000
1!
1E
#69420000
0!
0E
#69430000
1!
1E
#69440000
0!
0E
#69450000
1!
1E
#69460000
0!
0E
#69470000
1!
1E
#69480000
0!
0E
#69490000
1!
1E
#69500000
b111000 >
b111000 %
b11111000 &
1'
0!
0W
0V
0U
1T
0O
0N
0M
1L
1X
0E
#69510000
1!
1E
1Z
10
#69520000
0!
0E
#69530000
1!
1E
0Z
1Z
#69540000
0!
0E
#69550000
1!
1E
0Z
1Z
#69560000
0!
0E
#69570000
1!
1E
0Z
1Z
#69580000
0!
0E
#69590000
1!
1E
0Z
1Z
#69600000
0'
0!
0X
0E
#69610000
1!
1E
0Z
00
#69620000
0!
0E
#69630000
1!
1E
#69640000
0!
0E
#69650000
1!
1E
#69660000
0!
0E
#69670000
1!
1E
#69680000
0!
0E
#69690000
1!
1E
#69700000
b111011 :
b111010 <
0!
0E
#69710000
1!
1E
#69720000
0!
0E
#69730000
1!
1E
#69740000
0!
0E
#69750000
1!
1E
#69760000
0!
0E
#69770000
1!
1E
#69780000
0!
0E
#69790000
1!
1E
#69800000
0!
0E
#69810000
1!
1E
#69820000
0!
0E
#69830000
1!
1E
#69840000
0!
0E
#69850000
1!
1E
#69860000
0!
0E
#69870000
1!
1E
#69880000
0!
0E
#69890000
1!
1E
#69900000
0!
0E
#69910000
1!
1E
#69920000
0!
0E
#69930000
1!
1E
#69940000
0!
0E
#69950000
1!
1E
#69960000
0!
0E
#69970000
1!
1E
#69980000
0!
0E
#69990000
1!
1E
#70000000
0!
0E
#70010000
1!
1E
#70020000
0!
0E
#70030000
1!
1E
#70040000
0!
0E
#70050000
1!
1E
#70060000
0!
0E
#70070000
1!
1E
#70080000
0!
0E
#70090000
1!
1E
#70100000
0!
0E
#70110000
1!
1E
#70120000
0!
0E
#70130000
1!
1E
#70140000
0!
0E
#70150000
1!
1E
#70160000
0!
0E
#70170000
1!
1E
#70180000
0!
0E
#70190000
1!
1E
#70200000
0!
0E
#70210000
1!
1E
#70220000
0!
0E
#70230000
1!
1E
#70240000
0!
0E
#70250000
1!
1E
#70260000
0!
0E
#70270000
1!
1E
#70280000
0!
0E
#70290000
1!
1E
#70300000
0!
0E
#70310000
1!
1E
#70320000
0!
0E
#70330000
1!
1E
#70340000
0!
0E
#70350000
1!
1E
#70360000
0!
0E
#70370000
1!
1E
#70380000
0!
0E
#70390000
1!
1E
#70400000
0!
0E
#70410000
1!
1E
#70420000
0!
0E
#70430000
1!
1E
#70440000
0!
0E
#70450000
1!
1E
#70460000
0!
0E
#70470000
1!
1E
#70480000
0!
0E
#70490000
1!
1E
#70500000
0!
0E
#70510000
1!
1E
#70520000
0!
0E
#70530000
1!
1E
#70540000
0!
0E
#70550000
1!
1E
#70560000
0!
0E
#70570000
1!
1E
#70580000
0!
0E
#70590000
1!
1E
#70600000
0!
0E
#70610000
1!
1E
#70620000
0!
0E
#70630000
1!
1E
#70640000
0!
0E
#70650000
1!
1E
#70660000
0!
0E
#70670000
1!
1E
#70680000
0!
0E
#70690000
1!
1E
#70700000
b111001 >
b111001 %
b11111001 &
1'
0!
1W
1O
1X
0E
#70710000
1!
1E
1Z
10
#70720000
0!
0E
#70730000
1!
1E
0Z
1Z
#70740000
0!
0E
#70750000
1!
1E
0Z
1Z
#70760000
0!
0E
#70770000
1!
1E
0Z
1Z
#70780000
0!
0E
#70790000
1!
1E
0Z
1Z
#70800000
0'
0!
0X
0E
#70810000
1!
1E
0Z
00
#70820000
0!
0E
#70830000
1!
1E
#70840000
0!
0E
#70850000
1!
1E
#70860000
0!
0E
#70870000
1!
1E
#70880000
0!
0E
#70890000
1!
1E
#70900000
b111100 :
b111011 <
0!
0E
#70910000
1!
1E
#70920000
0!
0E
#70930000
1!
1E
#70940000
0!
0E
#70950000
1!
1E
#70960000
0!
0E
#70970000
1!
1E
#70980000
0!
0E
#70990000
1!
1E
#71000000
0!
0E
#71010000
1!
1E
#71020000
0!
0E
#71030000
1!
1E
#71040000
0!
0E
#71050000
1!
1E
#71060000
0!
0E
#71070000
1!
1E
#71080000
0!
0E
#71090000
1!
1E
#71100000
0!
0E
#71110000
1!
1E
#71120000
0!
0E
#71130000
1!
1E
#71140000
0!
0E
#71150000
1!
1E
#71160000
0!
0E
#71170000
1!
1E
#71180000
0!
0E
#71190000
1!
1E
#71200000
0!
0E
#71210000
1!
1E
#71220000
0!
0E
#71230000
1!
1E
#71240000
0!
0E
#71250000
1!
1E
#71260000
0!
0E
#71270000
1!
1E
#71280000
0!
0E
#71290000
1!
1E
#71300000
0!
0E
#71310000
1!
1E
#71320000
0!
0E
#71330000
1!
1E
#71340000
0!
0E
#71350000
1!
1E
#71360000
0!
0E
#71370000
1!
1E
#71380000
0!
0E
#71390000
1!
1E
#71400000
0!
0E
#71410000
1!
1E
#71420000
0!
0E
#71430000
1!
1E
#71440000
0!
0E
#71450000
1!
1E
#71460000
0!
0E
#71470000
1!
1E
#71480000
0!
0E
#71490000
1!
1E
#71500000
0!
0E
#71510000
1!
1E
#71520000
0!
0E
#71530000
1!
1E
#71540000
0!
0E
#71550000
1!
1E
#71560000
0!
0E
#71570000
1!
1E
#71580000
0!
0E
#71590000
1!
1E
#71600000
0!
0E
#71610000
1!
1E
#71620000
0!
0E
#71630000
1!
1E
#71640000
0!
0E
#71650000
1!
1E
#71660000
0!
0E
#71670000
1!
1E
#71680000
0!
0E
#71690000
1!
1E
#71700000
0!
0E
#71710000
1!
1E
#71720000
0!
0E
#71730000
1!
1E
#71740000
0!
0E
#71750000
1!
1E
#71760000
0!
0E
#71770000
1!
1E
#71780000
0!
0E
#71790000
1!
1E
#71800000
0!
0E
#71810000
1!
1E
#71820000
0!
0E
#71830000
1!
1E
#71840000
0!
0E
#71850000
1!
1E
#71860000
0!
0E
#71870000
1!
1E
#71880000
0!
0E
#71890000
1!
1E
#71900000
b111010 >
b111010 %
b11111010 &
1'
0!
0W
1V
0O
1N
1X
0E
#71910000
1!
1E
1Z
10
#71920000
0!
0E
#71930000
1!
1E
0Z
1Z
#71940000
0!
0E
#71950000
1!
1E
0Z
1Z
#71960000
0!
0E
#71970000
1!
1E
0Z
1Z
#71980000
0!
0E
#71990000
1!
1E
0Z
1Z
#72000000
0'
0!
0X
0E
#72010000
1!
1E
0Z
00
#72020000
0!
0E
#72030000
1!
1E
#72040000
0!
0E
#72050000
1!
1E
#72060000
0!
0E
#72070000
1!
1E
#72080000
0!
0E
#72090000
1!
1E
#72100000
b111101 :
b111100 <
0!
0E
#72110000
1!
1E
#72120000
0!
0E
#72130000
1!
1E
#72140000
0!
0E
#72150000
1!
1E
#72160000
0!
0E
#72170000
1!
1E
#72180000
0!
0E
#72190000
1!
1E
#72200000
0!
0E
#72210000
1!
1E
#72220000
0!
0E
#72230000
1!
1E
#72240000
0!
0E
#72250000
1!
1E
#72260000
0!
0E
#72270000
1!
1E
#72280000
0!
0E
#72290000
1!
1E
#72300000
0!
0E
#72310000
1!
1E
#72320000
0!
0E
#72330000
1!
1E
#72340000
0!
0E
#72350000
1!
1E
#72360000
0!
0E
#72370000
1!
1E
#72380000
0!
0E
#72390000
1!
1E
#72400000
0!
0E
#72410000
1!
1E
#72420000
0!
0E
#72430000
1!
1E
#72440000
0!
0E
#72450000
1!
1E
#72460000
0!
0E
#72470000
1!
1E
#72480000
0!
0E
#72490000
1!
1E
#72500000
0!
0E
#72510000
1!
1E
#72520000
0!
0E
#72530000
1!
1E
#72540000
0!
0E
#72550000
1!
1E
#72560000
0!
0E
#72570000
1!
1E
#72580000
0!
0E
#72590000
1!
1E
#72600000
0!
0E
#72610000
1!
1E
#72620000
0!
0E
#72630000
1!
1E
#72640000
0!
0E
#72650000
1!
1E
#72660000
0!
0E
#72670000
1!
1E
#72680000
0!
0E
#72690000
1!
1E
#72700000
0!
0E
#72710000
1!
1E
#72720000
0!
0E
#72730000
1!
1E
#72740000
0!
0E
#72750000
1!
1E
#72760000
0!
0E
#72770000
1!
1E
#72780000
0!
0E
#72790000
1!
1E
#72800000
0!
0E
#72810000
1!
1E
#72820000
0!
0E
#72830000
1!
1E
#72840000
0!
0E
#72850000
1!
1E
#72860000
0!
0E
#72870000
1!
1E
#72880000
0!
0E
#72890000
1!
1E
#72900000
0!
0E
#72910000
1!
1E
#72920000
0!
0E
#72930000
1!
1E
#72940000
0!
0E
#72950000
1!
1E
#72960000
0!
0E
#72970000
1!
1E
#72980000
0!
0E
#72990000
1!
1E
#73000000
0!
0E
#73010000
1!
1E
#73020000
0!
0E
#73030000
1!
1E
#73040000
0!
0E
#73050000
1!
1E
#73060000
0!
0E
#73070000
1!
1E
#73080000
0!
0E
#73090000
1!
1E
#73100000
b111011 >
b111011 %
b11111011 &
1'
0!
1W
1O
1X
0E
#73110000
1!
1E
1Z
10
#73120000
0!
0E
#73130000
1!
1E
0Z
1Z
#73140000
0!
0E
#73150000
1!
1E
0Z
1Z
#73160000
0!
0E
#73170000
1!
1E
0Z
1Z
#73180000
0!
0E
#73190000
1!
1E
0Z
1Z
#73200000
0'
0!
0X
0E
#73210000
1!
1E
0Z
00
#73220000
0!
0E
#73230000
1!
1E
#73240000
0!
0E
#73250000
1!
1E
#73260000
0!
0E
#73270000
1!
1E
#73280000
0!
0E
#73290000
1!
1E
#73300000
b111110 :
b111101 <
0!
0E
#73310000
1!
1E
#73320000
0!
0E
#73330000
1!
1E
#73340000
0!
0E
#73350000
1!
1E
#73360000
0!
0E
#73370000
1!
1E
#73380000
0!
0E
#73390000
1!
1E
#73400000
0!
0E
#73410000
1!
1E
#73420000
0!
0E
#73430000
1!
1E
#73440000
0!
0E
#73450000
1!
1E
#73460000
0!
0E
#73470000
1!
1E
#73480000
0!
0E
#73490000
1!
1E
#73500000
0!
0E
#73510000
1!
1E
#73520000
0!
0E
#73530000
1!
1E
#73540000
0!
0E
#73550000
1!
1E
#73560000
0!
0E
#73570000
1!
1E
#73580000
0!
0E
#73590000
1!
1E
#73600000
0!
0E
#73610000
1!
1E
#73620000
0!
0E
#73630000
1!
1E
#73640000
0!
0E
#73650000
1!
1E
#73660000
0!
0E
#73670000
1!
1E
#73680000
0!
0E
#73690000
1!
1E
#73700000
0!
0E
#73710000
1!
1E
#73720000
0!
0E
#73730000
1!
1E
#73740000
0!
0E
#73750000
1!
1E
#73760000
0!
0E
#73770000
1!
1E
#73780000
0!
0E
#73790000
1!
1E
#73800000
0!
0E
#73810000
1!
1E
#73820000
0!
0E
#73830000
1!
1E
#73840000
0!
0E
#73850000
1!
1E
#73860000
0!
0E
#73870000
1!
1E
#73880000
0!
0E
#73890000
1!
1E
#73900000
0!
0E
#73910000
1!
1E
#73920000
0!
0E
#73930000
1!
1E
#73940000
0!
0E
#73950000
1!
1E
#73960000
0!
0E
#73970000
1!
1E
#73980000
0!
0E
#73990000
1!
1E
#74000000
0!
0E
#74010000
1!
1E
#74020000
0!
0E
#74030000
1!
1E
#74040000
0!
0E
#74050000
1!
1E
#74060000
0!
0E
#74070000
1!
1E
#74080000
0!
0E
#74090000
1!
1E
#74100000
0!
0E
#74110000
1!
1E
#74120000
0!
0E
#74130000
1!
1E
#74140000
0!
0E
#74150000
1!
1E
#74160000
0!
0E
#74170000
1!
1E
#74180000
0!
0E
#74190000
1!
1E
#74200000
0!
0E
#74210000
1!
1E
#74220000
0!
0E
#74230000
1!
1E
#74240000
0!
0E
#74250000
1!
1E
#74260000
0!
0E
#74270000
1!
1E
#74280000
0!
0E
#74290000
1!
1E
#74300000
b111100 >
b111100 %
b11111100 &
1'
0!
0W
0V
1U
0O
0N
1M
1X
0E
#74310000
1!
1E
1Z
10
#74320000
0!
0E
#74330000
1!
1E
0Z
1Z
#74340000
0!
0E
#74350000
1!
1E
0Z
1Z
#74360000
0!
0E
#74370000
1!
1E
0Z
1Z
#74380000
0!
0E
#74390000
1!
1E
0Z
1Z
#74400000
0'
0!
0X
0E
#74410000
1!
1E
0Z
00
#74420000
0!
0E
#74430000
1!
1E
#74440000
0!
0E
#74450000
1!
1E
#74460000
0!
0E
#74470000
1!
1E
#74480000
0!
0E
#74490000
1!
1E
#74500000
b111111 :
b111110 <
0!
0E
#74510000
1!
1E
#74520000
0!
0E
#74530000
1!
1E
#74540000
0!
0E
#74550000
1!
1E
#74560000
0!
0E
#74570000
1!
1E
#74580000
0!
0E
#74590000
1!
1E
#74600000
0!
0E
#74610000
1!
1E
#74620000
0!
0E
#74630000
1!
1E
#74640000
0!
0E
#74650000
1!
1E
#74660000
0!
0E
#74670000
1!
1E
#74680000
0!
0E
#74690000
1!
1E
#74700000
0!
0E
#74710000
1!
1E
#74720000
0!
0E
#74730000
1!
1E
#74740000
0!
0E
#74750000
1!
1E
#74760000
0!
0E
#74770000
1!
1E
#74780000
0!
0E
#74790000
1!
1E
#74800000
0!
0E
#74810000
1!
1E
#74820000
0!
0E
#74830000
1!
1E
#74840000
0!
0E
#74850000
1!
1E
#74860000
0!
0E
#74870000
1!
1E
#74880000
0!
0E
#74890000
1!
1E
#74900000
0!
0E
#74910000
1!
1E
#74920000
0!
0E
#74930000
1!
1E
#74940000
0!
0E
#74950000
1!
1E
#74960000
0!
0E
#74970000
1!
1E
#74980000
0!
0E
#74990000
1!
1E
#75000000
0!
0E
#75010000
1!
1E
#75020000
0!
0E
#75030000
1!
1E
#75040000
0!
0E
#75050000
1!
1E
#75060000
0!
0E
#75070000
1!
1E
#75080000
0!
0E
#75090000
1!
1E
#75100000
0!
0E
#75110000
1!
1E
#75120000
0!
0E
#75130000
1!
1E
#75140000
0!
0E
#75150000
1!
1E
#75160000
0!
0E
#75170000
1!
1E
#75180000
0!
0E
#75190000
1!
1E
#75200000
0!
0E
#75210000
1!
1E
#75220000
0!
0E
#75230000
1!
1E
#75240000
0!
0E
#75250000
1!
1E
#75260000
0!
0E
#75270000
1!
1E
#75280000
0!
0E
#75290000
1!
1E
#75300000
0!
0E
#75310000
1!
1E
#75320000
0!
0E
#75330000
1!
1E
#75340000
0!
0E
#75350000
1!
1E
#75360000
0!
0E
#75370000
1!
1E
#75380000
0!
0E
#75390000
1!
1E
#75400000
0!
0E
#75410000
1!
1E
#75420000
0!
0E
#75430000
1!
1E
#75440000
0!
0E
#75450000
1!
1E
#75460000
0!
0E
#75470000
1!
1E
#75480000
0!
0E
#75490000
1!
1E
#75500000
b111101 >
b111101 %
b11111101 &
1'
0!
1W
1O
1X
0E
#75510000
1!
1E
1Z
10
#75520000
0!
0E
#75530000
1!
1E
0Z
1Z
#75540000
0!
0E
#75550000
1!
1E
0Z
1Z
#75560000
0!
0E
#75570000
1!
1E
0Z
1Z
#75580000
0!
0E
#75590000
1!
1E
0Z
1Z
#75600000
0'
0!
0X
0E
#75610000
1!
1E
0Z
00
#75620000
0!
0E
#75630000
1!
1E
#75640000
0!
0E
#75650000
1!
1E
#75660000
0!
0E
#75670000
1!
1E
#75680000
0!
0E
#75690000
1!
1E
#75700000
b1000000 :
b111111 <
0!
0E
#75710000
1!
1E
#75720000
0!
0E
#75730000
1!
1E
#75740000
0!
0E
#75750000
1!
1E
#75760000
0!
0E
#75770000
1!
1E
#75780000
0!
0E
#75790000
1!
1E
#75800000
0!
0E
#75810000
1!
1E
#75820000
0!
0E
#75830000
1!
1E
#75840000
0!
0E
#75850000
1!
1E
#75860000
0!
0E
#75870000
1!
1E
#75880000
0!
0E
#75890000
1!
1E
#75900000
0!
0E
#75910000
1!
1E
#75920000
0!
0E
#75930000
1!
1E
#75940000
0!
0E
#75950000
1!
1E
#75960000
0!
0E
#75970000
1!
1E
#75980000
0!
0E
#75990000
1!
1E
#76000000
0!
0E
#76010000
1!
1E
#76020000
0!
0E
#76030000
1!
1E
#76040000
0!
0E
#76050000
1!
1E
#76060000
0!
0E
#76070000
1!
1E
#76080000
0!
0E
#76090000
1!
1E
#76100000
0!
0E
#76110000
1!
1E
#76120000
0!
0E
#76130000
1!
1E
#76140000
0!
0E
#76150000
1!
1E
#76160000
0!
0E
#76170000
1!
1E
#76180000
0!
0E
#76190000
1!
1E
#76200000
0!
0E
#76210000
1!
1E
#76220000
0!
0E
#76230000
1!
1E
#76240000
0!
0E
#76250000
1!
1E
#76260000
0!
0E
#76270000
1!
1E
#76280000
0!
0E
#76290000
1!
1E
#76300000
0!
0E
#76310000
1!
1E
#76320000
0!
0E
#76330000
1!
1E
#76340000
0!
0E
#76350000
1!
1E
#76360000
0!
0E
#76370000
1!
1E
#76380000
0!
0E
#76390000
1!
1E
#76400000
0!
0E
#76410000
1!
1E
#76420000
0!
0E
#76430000
1!
1E
#76440000
0!
0E
#76450000
1!
1E
#76460000
0!
0E
#76470000
1!
1E
#76480000
0!
0E
#76490000
1!
1E
#76500000
0!
0E
#76510000
1!
1E
#76520000
0!
0E
#76530000
1!
1E
#76540000
0!
0E
#76550000
1!
1E
#76560000
0!
0E
#76570000
1!
1E
#76580000
0!
0E
#76590000
1!
1E
#76600000
0!
0E
#76610000
1!
1E
#76620000
0!
0E
#76630000
1!
1E
#76640000
0!
0E
#76650000
1!
1E
#76660000
0!
0E
#76670000
1!
1E
#76680000
0!
0E
#76690000
1!
1E
#76700000
b111110 >
b111110 %
b11111110 &
1'
0!
0W
1V
0O
1N
1X
0E
#76710000
1!
1E
1Z
10
#76720000
0!
0E
#76730000
1!
1E
0Z
1Z
#76740000
0!
0E
#76750000
1!
1E
0Z
1Z
#76760000
0!
0E
#76770000
1!
1E
0Z
1Z
#76780000
0!
0E
#76790000
1!
1E
0Z
1Z
#76800000
0'
0!
0X
0E
#76810000
1!
1E
0Z
00
#76820000
0!
0E
#76830000
1!
1E
#76840000
0!
0E
#76850000
1!
1E
#76860000
0!
0E
#76870000
1!
1E
#76880000
0!
0E
#76890000
1!
1E
#76900000
b1000001 :
b1000000 <
0!
0E
#76910000
1!
1E
#76920000
0!
0E
#76930000
1!
1E
#76940000
0!
0E
#76950000
1!
1E
#76960000
0!
0E
#76970000
1!
1E
#76980000
0!
0E
#76990000
1!
1E
#77000000
0!
0E
#77010000
1!
1E
#77020000
0!
0E
#77030000
1!
1E
#77040000
0!
0E
#77050000
1!
1E
#77060000
0!
0E
#77070000
1!
1E
#77080000
0!
0E
#77090000
1!
1E
#77100000
0!
0E
#77110000
1!
1E
#77120000
0!
0E
#77130000
1!
1E
#77140000
0!
0E
#77150000
1!
1E
#77160000
0!
0E
#77170000
1!
1E
#77180000
0!
0E
#77190000
1!
1E
#77200000
0!
0E
#77210000
1!
1E
#77220000
0!
0E
#77230000
1!
1E
#77240000
0!
0E
#77250000
1!
1E
#77260000
0!
0E
#77270000
1!
1E
#77280000
0!
0E
#77290000
1!
1E
#77300000
0!
0E
#77310000
1!
1E
#77320000
0!
0E
#77330000
1!
1E
#77340000
0!
0E
#77350000
1!
1E
#77360000
0!
0E
#77370000
1!
1E
#77380000
0!
0E
#77390000
1!
1E
#77400000
0!
0E
#77410000
1!
1E
#77420000
0!
0E
#77430000
1!
1E
#77440000
0!
0E
#77450000
1!
1E
#77460000
0!
0E
#77470000
1!
1E
#77480000
0!
0E
#77490000
1!
1E
#77500000
0!
0E
#77510000
1!
1E
#77520000
0!
0E
#77530000
1!
1E
#77540000
0!
0E
#77550000
1!
1E
#77560000
0!
0E
#77570000
1!
1E
#77580000
0!
0E
#77590000
1!
1E
#77600000
0!
0E
#77610000
1!
1E
#77620000
0!
0E
#77630000
1!
1E
#77640000
0!
0E
#77650000
1!
1E
#77660000
0!
0E
#77670000
1!
1E
#77680000
0!
0E
#77690000
1!
1E
#77700000
0!
0E
#77710000
1!
1E
#77720000
0!
0E
#77730000
1!
1E
#77740000
0!
0E
#77750000
1!
1E
#77760000
0!
0E
#77770000
1!
1E
#77780000
0!
0E
#77790000
1!
1E
#77800000
0!
0E
#77810000
1!
1E
#77820000
0!
0E
#77830000
1!
1E
#77840000
0!
0E
#77850000
1!
1E
#77860000
0!
0E
#77870000
1!
1E
#77880000
0!
0E
#77890000
1!
1E
#77900000
b111111 >
b111111 %
b11111111 &
1'
0!
1W
1O
1X
0E
#77910000
1!
1E
1Z
10
#77920000
0!
0E
#77930000
1!
1E
0Z
1Z
#77940000
0!
0E
#77950000
1!
1E
0Z
1Z
#77960000
0!
0E
#77970000
1!
1E
0Z
1Z
#77980000
0!
0E
#77990000
1!
1E
0Z
1Z
#78000000
0'
0!
0X
0E
#78010000
1!
1E
0Z
00
#78020000
0!
0E
#78030000
1!
1E
#78040000
0!
0E
#78050000
1!
1E
#78060000
0!
0E
#78070000
1!
1E
#78080000
0!
0E
#78090000
1!
1E
#78100000
b1000010 :
b1000001 <
0!
0E
#78110000
1!
1E
#78120000
0!
0E
#78130000
1!
1E
#78140000
0!
0E
#78150000
1!
1E
#78160000
0!
0E
#78170000
1!
1E
#78180000
0!
0E
#78190000
1!
1E
#78200000
0!
0E
#78210000
1!
1E
#78220000
0!
0E
#78230000
1!
1E
#78240000
0!
0E
#78250000
1!
1E
#78260000
0!
0E
#78270000
1!
1E
#78280000
0!
0E
#78290000
1!
1E
#78300000
0!
0E
#78310000
1!
1E
#78320000
0!
0E
#78330000
1!
1E
#78340000
0!
0E
#78350000
1!
1E
#78360000
0!
0E
#78370000
1!
1E
#78380000
0!
0E
#78390000
1!
1E
#78400000
0!
0E
#78410000
1!
1E
#78420000
0!
0E
#78430000
1!
1E
#78440000
0!
0E
#78450000
1!
1E
#78460000
0!
0E
#78470000
1!
1E
#78480000
0!
0E
#78490000
1!
1E
#78500000
0!
0E
#78510000
1!
1E
#78520000
0!
0E
#78530000
1!
1E
#78540000
0!
0E
#78550000
1!
1E
#78560000
0!
0E
#78570000
1!
1E
#78580000
0!
0E
#78590000
1!
1E
#78600000
0!
0E
#78610000
1!
1E
#78620000
0!
0E
#78630000
1!
1E
#78640000
0!
0E
#78650000
1!
1E
#78660000
0!
0E
#78670000
1!
1E
#78680000
0!
0E
#78690000
1!
1E
#78700000
0!
0E
#78710000
1!
1E
#78720000
0!
0E
#78730000
1!
1E
#78740000
0!
0E
#78750000
1!
1E
#78760000
0!
0E
#78770000
1!
1E
#78780000
0!
0E
#78790000
1!
1E
#78800000
0!
0E
#78810000
1!
1E
#78820000
0!
0E
#78830000
1!
1E
#78840000
0!
0E
#78850000
1!
1E
#78860000
0!
0E
#78870000
1!
1E
#78880000
0!
0E
#78890000
1!
1E
#78900000
0!
0E
#78910000
1!
1E
#78920000
0!
0E
#78930000
1!
1E
#78940000
0!
0E
#78950000
1!
1E
#78960000
0!
0E
#78970000
1!
1E
#78980000
0!
0E
#78990000
1!
1E
#79000000
0!
0E
#79010000
1!
1E
#79020000
0!
0E
#79030000
1!
1E
#79040000
0!
0E
#79050000
1!
1E
#79060000
0!
0E
#79070000
1!
1E
#79080000
0!
0E
#79090000
1!
1E
#79100000
b1000000 >
b1000000 %
b0 &
1'
0!
0W
0V
0U
0T
0S
0R
0Q
0P
0O
0N
0M
0L
0K
0J
1I
1X
0E
#79110000
1!
1E
1Z
10
#79120000
0!
0E
#79130000
1!
1E
0Z
1Z
#79140000
0!
0E
#79150000
1!
1E
0Z
1Z
#79160000
0!
0E
#79170000
1!
1E
0Z
1Z
#79180000
0!
0E
#79190000
1!
1E
0Z
1Z
#79200000
0'
0!
0X
0E
#79210000
1!
1E
0Z
00
#79220000
0!
0E
#79230000
1!
1E
#79240000
0!
0E
#79250000
1!
1E
#79260000
0!
0E
#79270000
1!
1E
#79280000
0!
0E
#79290000
1!
1E
#79300000
b1000011 :
b1000010 <
0!
0E
#79310000
1!
1E
#79320000
0!
0E
#79330000
1!
1E
#79340000
0!
0E
#79350000
1!
1E
#79360000
0!
0E
#79370000
1!
1E
#79380000
0!
0E
#79390000
1!
1E
#79400000
0!
0E
#79410000
1!
1E
#79420000
0!
0E
#79430000
1!
1E
#79440000
0!
0E
#79450000
1!
1E
#79460000
0!
0E
#79470000
1!
1E
#79480000
0!
0E
#79490000
1!
1E
#79500000
0!
0E
#79510000
1!
1E
#79520000
0!
0E
#79530000
1!
1E
#79540000
0!
0E
#79550000
1!
1E
#79560000
0!
0E
#79570000
1!
1E
#79580000
0!
0E
#79590000
1!
1E
#79600000
0!
0E
#79610000
1!
1E
#79620000
0!
0E
#79630000
1!
1E
#79640000
0!
0E
#79650000
1!
1E
#79660000
0!
0E
#79670000
1!
1E
#79680000
0!
0E
#79690000
1!
1E
#79700000
0!
0E
#79710000
1!
1E
#79720000
0!
0E
#79730000
1!
1E
#79740000
0!
0E
#79750000
1!
1E
#79760000
0!
0E
#79770000
1!
1E
#79780000
0!
0E
#79790000
1!
1E
#79800000
0!
0E
#79810000
1!
1E
#79820000
0!
0E
#79830000
1!
1E
#79840000
0!
0E
#79850000
1!
1E
#79860000
0!
0E
#79870000
1!
1E
#79880000
0!
0E
#79890000
1!
1E
#79900000
0!
0E
#79910000
1!
1E
#79920000
0!
0E
#79930000
1!
1E
#79940000
0!
0E
#79950000
1!
1E
#79960000
0!
0E
#79970000
1!
1E
#79980000
0!
0E
#79990000
1!
1E
#80000000
0!
0E
#80010000
1!
1E
#80020000
0!
0E
#80030000
1!
1E
#80040000
0!
0E
#80050000
1!
1E
#80060000
0!
0E
#80070000
1!
1E
#80080000
0!
0E
#80090000
1!
1E
#80100000
0!
0E
#80110000
1!
1E
#80120000
0!
0E
#80130000
1!
1E
#80140000
0!
0E
#80150000
1!
1E
#80160000
0!
0E
#80170000
1!
1E
#80180000
0!
0E
#80190000
1!
1E
#80200000
0!
0E
#80210000
1!
1E
#80220000
0!
0E
#80230000
1!
1E
#80240000
0!
0E
#80250000
1!
1E
#80260000
0!
0E
#80270000
1!
1E
#80280000
0!
0E
#80290000
1!
1E
#80300000
b1000001 >
b1000001 %
b1 &
1'
0!
1W
1O
1X
0E
#80310000
1!
1E
1Z
10
#80320000
0!
0E
#80330000
1!
1E
0Z
1Z
#80340000
0!
0E
#80350000
1!
1E
0Z
1Z
#80360000
0!
0E
#80370000
1!
1E
0Z
1Z
#80380000
0!
0E
#80390000
1!
1E
0Z
1Z
#80400000
0'
0!
0X
0E
#80410000
1!
1E
0Z
00
#80420000
0!
0E
#80430000
1!
1E
#80440000
0!
0E
#80450000
1!
1E
#80460000
0!
0E
#80470000
1!
1E
#80480000
0!
0E
#80490000
1!
1E
#80500000
b1000100 :
b1000011 <
0!
0E
#80510000
1!
1E
#80520000
0!
0E
#80530000
1!
1E
#80540000
0!
0E
#80550000
1!
1E
#80560000
0!
0E
#80570000
1!
1E
#80580000
0!
0E
#80590000
1!
1E
#80600000
0!
0E
#80610000
1!
1E
#80620000
0!
0E
#80630000
1!
1E
#80640000
0!
0E
#80650000
1!
1E
#80660000
0!
0E
#80670000
1!
1E
#80680000
0!
0E
#80690000
1!
1E
#80700000
0!
0E
#80710000
1!
1E
#80720000
0!
0E
#80730000
1!
1E
#80740000
0!
0E
#80750000
1!
1E
#80760000
0!
0E
#80770000
1!
1E
#80780000
0!
0E
#80790000
1!
1E
#80800000
0!
0E
#80810000
1!
1E
#80820000
0!
0E
#80830000
1!
1E
#80840000
0!
0E
#80850000
1!
1E
#80860000
0!
0E
#80870000
1!
1E
#80880000
0!
0E
#80890000
1!
1E
#80900000
0!
0E
#80910000
1!
1E
#80920000
0!
0E
#80930000
1!
1E
#80940000
0!
0E
#80950000
1!
1E
#80960000
0!
0E
#80970000
1!
1E
#80980000
0!
0E
#80990000
1!
1E
#81000000
0!
0E
#81010000
1!
1E
#81020000
0!
0E
#81030000
1!
1E
#81040000
0!
0E
#81050000
1!
1E
#81060000
0!
0E
#81070000
1!
1E
#81080000
0!
0E
#81090000
1!
1E
#81100000
0!
0E
#81110000
1!
1E
#81120000
0!
0E
#81130000
1!
1E
#81140000
0!
0E
#81150000
1!
1E
#81160000
0!
0E
#81170000
1!
1E
#81180000
0!
0E
#81190000
1!
1E
#81200000
0!
0E
#81210000
1!
1E
#81220000
0!
0E
#81230000
1!
1E
#81240000
0!
0E
#81250000
1!
1E
#81260000
0!
0E
#81270000
1!
1E
#81280000
0!
0E
#81290000
1!
1E
#81300000
0!
0E
#81310000
1!
1E
#81320000
0!
0E
#81330000
1!
1E
#81340000
0!
0E
#81350000
1!
1E
#81360000
0!
0E
#81370000
1!
1E
#81380000
0!
0E
#81390000
1!
1E
#81400000
0!
0E
#81410000
1!
1E
#81420000
0!
0E
#81430000
1!
1E
#81440000
0!
0E
#81450000
1!
1E
#81460000
0!
0E
#81470000
1!
1E
#81480000
0!
0E
#81490000
1!
1E
#81500000
b1000010 >
b1000010 %
b10 &
1'
0!
0W
1V
0O
1N
1X
0E
#81510000
1!
1E
1Z
10
#81520000
0!
0E
#81530000
1!
1E
0Z
1Z
#81540000
0!
0E
#81550000
1!
1E
0Z
1Z
#81560000
0!
0E
#81570000
1!
1E
0Z
1Z
#81580000
0!
0E
#81590000
1!
1E
0Z
1Z
#81600000
0'
0!
0X
0E
#81610000
1!
1E
0Z
00
#81620000
0!
0E
#81630000
1!
1E
#81640000
0!
0E
#81650000
1!
1E
#81660000
0!
0E
#81670000
1!
1E
#81680000
0!
0E
#81690000
1!
1E
#81700000
b1000101 :
b1000100 <
0!
0E
#81710000
1!
1E
#81720000
0!
0E
#81730000
1!
1E
#81740000
0!
0E
#81750000
1!
1E
#81760000
0!
0E
#81770000
1!
1E
#81780000
0!
0E
#81790000
1!
1E
#81800000
0!
0E
#81810000
1!
1E
#81820000
0!
0E
#81830000
1!
1E
#81840000
0!
0E
#81850000
1!
1E
#81860000
0!
0E
#81870000
1!
1E
#81880000
0!
0E
#81890000
1!
1E
#81900000
0!
0E
#81910000
1!
1E
#81920000
0!
0E
#81930000
1!
1E
#81940000
0!
0E
#81950000
1!
1E
#81960000
0!
0E
#81970000
1!
1E
#81980000
0!
0E
#81990000
1!
1E
#82000000
0!
0E
#82010000
1!
1E
#82020000
0!
0E
#82030000
1!
1E
#82040000
0!
0E
#82050000
1!
1E
#82060000
0!
0E
#82070000
1!
1E
#82080000
0!
0E
#82090000
1!
1E
#82100000
0!
0E
#82110000
1!
1E
#82120000
0!
0E
#82130000
1!
1E
#82140000
0!
0E
#82150000
1!
1E
#82160000
0!
0E
#82170000
1!
1E
#82180000
0!
0E
#82190000
1!
1E
#82200000
0!
0E
#82210000
1!
1E
#82220000
0!
0E
#82230000
1!
1E
#82240000
0!
0E
#82250000
1!
1E
#82260000
0!
0E
#82270000
1!
1E
#82280000
0!
0E
#82290000
1!
1E
#82300000
0!
0E
#82310000
1!
1E
#82320000
0!
0E
#82330000
1!
1E
#82340000
0!
0E
#82350000
1!
1E
#82360000
0!
0E
#82370000
1!
1E
#82380000
0!
0E
#82390000
1!
1E
#82400000
0!
0E
#82410000
1!
1E
#82420000
0!
0E
#82430000
1!
1E
#82440000
0!
0E
#82450000
1!
1E
#82460000
0!
0E
#82470000
1!
1E
#82480000
0!
0E
#82490000
1!
1E
#82500000
0!
0E
#82510000
1!
1E
#82520000
0!
0E
#82530000
1!
1E
#82540000
0!
0E
#82550000
1!
1E
#82560000
0!
0E
#82570000
1!
1E
#82580000
0!
0E
#82590000
1!
1E
#82600000
0!
0E
#82610000
1!
1E
#82620000
0!
0E
#82630000
1!
1E
#82640000
0!
0E
#82650000
1!
1E
#82660000
0!
0E
#82670000
1!
1E
#82680000
0!
0E
#82690000
1!
1E
#82700000
b1000011 >
b1000011 %
b11 &
1'
0!
1W
1O
1X
0E
#82710000
1!
1E
1Z
10
#82720000
0!
0E
#82730000
1!
1E
0Z
1Z
#82740000
0!
0E
#82750000
1!
1E
0Z
1Z
#82760000
0!
0E
#82770000
1!
1E
0Z
1Z
#82780000
0!
0E
#82790000
1!
1E
0Z
1Z
#82800000
0'
0!
0X
0E
#82810000
1!
1E
0Z
00
#82820000
0!
0E
#82830000
1!
1E
#82840000
0!
0E
#82850000
1!
1E
#82860000
0!
0E
#82870000
1!
1E
#82880000
0!
0E
#82890000
1!
1E
#82900000
b1000110 :
b1000101 <
0!
0E
#82910000
1!
1E
#82920000
0!
0E
#82930000
1!
1E
#82940000
0!
0E
#82950000
1!
1E
#82960000
0!
0E
#82970000
1!
1E
#82980000
0!
0E
#82990000
1!
1E
#83000000
0!
0E
#83010000
1!
1E
#83020000
0!
0E
#83030000
1!
1E
#83040000
0!
0E
#83050000
1!
1E
#83060000
0!
0E
#83070000
1!
1E
#83080000
0!
0E
#83090000
1!
1E
#83100000
0!
0E
#83110000
1!
1E
#83120000
0!
0E
#83130000
1!
1E
#83140000
0!
0E
#83150000
1!
1E
#83160000
0!
0E
#83170000
1!
1E
#83180000
0!
0E
#83190000
1!
1E
#83200000
0!
0E
#83210000
1!
1E
#83220000
0!
0E
#83230000
1!
1E
#83240000
0!
0E
#83250000
1!
1E
#83260000
0!
0E
#83270000
1!
1E
#83280000
0!
0E
#83290000
1!
1E
#83300000
0!
0E
#83310000
1!
1E
#83320000
0!
0E
#83330000
1!
1E
#83340000
0!
0E
#83350000
1!
1E
#83360000
0!
0E
#83370000
1!
1E
#83380000
0!
0E
#83390000
1!
1E
#83400000
0!
0E
#83410000
1!
1E
#83420000
0!
0E
#83430000
1!
1E
#83440000
0!
0E
#83450000
1!
1E
#83460000
0!
0E
#83470000
1!
1E
#83480000
0!
0E
#83490000
1!
1E
#83500000
0!
0E
#83510000
1!
1E
#83520000
0!
0E
#83530000
1!
1E
#83540000
0!
0E
#83550000
1!
1E
#83560000
0!
0E
#83570000
1!
1E
#83580000
0!
0E
#83590000
1!
1E
#83600000
0!
0E
#83610000
1!
1E
#83620000
0!
0E
#83630000
1!
1E
#83640000
0!
0E
#83650000
1!
1E
#83660000
0!
0E
#83670000
1!
1E
#83680000
0!
0E
#83690000
1!
1E
#83700000
0!
0E
#83710000
1!
1E
#83720000
0!
0E
#83730000
1!
1E
#83740000
0!
0E
#83750000
1!
1E
#83760000
0!
0E
#83770000
1!
1E
#83780000
0!
0E
#83790000
1!
1E
#83800000
0!
0E
#83810000
1!
1E
#83820000
0!
0E
#83830000
1!
1E
#83840000
0!
0E
#83850000
1!
1E
#83860000
0!
0E
#83870000
1!
1E
#83880000
0!
0E
#83890000
1!
1E
#83900000
b1000100 >
b1000100 %
b100 &
1'
0!
0W
0V
1U
0O
0N
1M
1X
0E
#83910000
1!
1E
1Z
10
#83920000
0!
0E
#83930000
1!
1E
0Z
1Z
#83940000
0!
0E
#83950000
1!
1E
0Z
1Z
#83960000
0!
0E
#83970000
1!
1E
0Z
1Z
#83980000
0!
0E
#83990000
1!
1E
0Z
1Z
#84000000
0'
0!
0X
0E
#84010000
1!
1E
0Z
00
#84020000
0!
0E
#84030000
1!
1E
#84040000
0!
0E
#84050000
1!
1E
#84060000
0!
0E
#84070000
1!
1E
#84080000
0!
0E
#84090000
1!
1E
#84100000
b1000111 :
b1000110 <
0!
0E
#84110000
1!
1E
#84120000
0!
0E
#84130000
1!
1E
#84140000
0!
0E
#84150000
1!
1E
#84160000
0!
0E
#84170000
1!
1E
#84180000
0!
0E
#84190000
1!
1E
#84200000
0!
0E
#84210000
1!
1E
#84220000
0!
0E
#84230000
1!
1E
#84240000
0!
0E
#84250000
1!
1E
#84260000
0!
0E
#84270000
1!
1E
#84280000
0!
0E
#84290000
1!
1E
#84300000
0!
0E
#84310000
1!
1E
#84320000
0!
0E
#84330000
1!
1E
#84340000
0!
0E
#84350000
1!
1E
#84360000
0!
0E
#84370000
1!
1E
#84380000
0!
0E
#84390000
1!
1E
#84400000
0!
0E
#84410000
1!
1E
#84420000
0!
0E
#84430000
1!
1E
#84440000
0!
0E
#84450000
1!
1E
#84460000
0!
0E
#84470000
1!
1E
#84480000
0!
0E
#84490000
1!
1E
#84500000
0!
0E
#84510000
1!
1E
#84520000
0!
0E
#84530000
1!
1E
#84540000
0!
0E
#84550000
1!
1E
#84560000
0!
0E
#84570000
1!
1E
#84580000
0!
0E
#84590000
1!
1E
#84600000
0!
0E
#84610000
1!
1E
#84620000
0!
0E
#84630000
1!
1E
#84640000
0!
0E
#84650000
1!
1E
#84660000
0!
0E
#84670000
1!
1E
#84680000
0!
0E
#84690000
1!
1E
#84700000
0!
0E
#84710000
1!
1E
#84720000
0!
0E
#84730000
1!
1E
#84740000
0!
0E
#84750000
1!
1E
#84760000
0!
0E
#84770000
1!
1E
#84780000
0!
0E
#84790000
1!
1E
#84800000
0!
0E
#84810000
1!
1E
#84820000
0!
0E
#84830000
1!
1E
#84840000
0!
0E
#84850000
1!
1E
#84860000
0!
0E
#84870000
1!
1E
#84880000
0!
0E
#84890000
1!
1E
#84900000
0!
0E
#84910000
1!
1E
#84920000
0!
0E
#84930000
1!
1E
#84940000
0!
0E
#84950000
1!
1E
#84960000
0!
0E
#84970000
1!
1E
#84980000
0!
0E
#84990000
1!
1E
#85000000
0!
0E
#85010000
1!
1E
#85020000
0!
0E
#85030000
1!
1E
#85040000
0!
0E
#85050000
1!
1E
#85060000
0!
0E
#85070000
1!
1E
#85080000
0!
0E
#85090000
1!
1E
#85100000
b1000101 >
b1000101 %
b101 &
1'
0!
1W
1O
1X
0E
#85110000
1!
1E
1Z
10
#85120000
0!
0E
#85130000
1!
1E
0Z
1Z
#85140000
0!
0E
#85150000
1!
1E
0Z
1Z
#85160000
0!
0E
#85170000
1!
1E
0Z
1Z
#85180000
0!
0E
#85190000
1!
1E
0Z
1Z
#85200000
0'
0!
0X
0E
#85210000
1!
1E
0Z
00
#85220000
0!
0E
#85230000
1!
1E
#85240000
0!
0E
#85250000
1!
1E
#85260000
0!
0E
#85270000
1!
1E
#85280000
0!
0E
#85290000
1!
1E
#85300000
b1001000 :
b1000111 <
0!
0E
#85310000
1!
1E
#85320000
0!
0E
#85330000
1!
1E
#85340000
0!
0E
#85350000
1!
1E
#85360000
0!
0E
#85370000
1!
1E
#85380000
0!
0E
#85390000
1!
1E
#85400000
0!
0E
#85410000
1!
1E
#85420000
0!
0E
#85430000
1!
1E
#85440000
0!
0E
#85450000
1!
1E
#85460000
0!
0E
#85470000
1!
1E
#85480000
0!
0E
#85490000
1!
1E
#85500000
0!
0E
#85510000
1!
1E
#85520000
0!
0E
#85530000
1!
1E
#85540000
0!
0E
#85550000
1!
1E
#85560000
0!
0E
#85570000
1!
1E
#85580000
0!
0E
#85590000
1!
1E
#85600000
0!
0E
#85610000
1!
1E
#85620000
0!
0E
#85630000
1!
1E
#85640000
0!
0E
#85650000
1!
1E
#85660000
0!
0E
#85670000
1!
1E
#85680000
0!
0E
#85690000
1!
1E
#85700000
0!
0E
#85710000
1!
1E
#85720000
0!
0E
#85730000
1!
1E
#85740000
0!
0E
#85750000
1!
1E
#85760000
0!
0E
#85770000
1!
1E
#85780000
0!
0E
#85790000
1!
1E
#85800000
0!
0E
#85810000
1!
1E
#85820000
0!
0E
#85830000
1!
1E
#85840000
0!
0E
#85850000
1!
1E
#85860000
0!
0E
#85870000
1!
1E
#85880000
0!
0E
#85890000
1!
1E
#85900000
0!
0E
#85910000
1!
1E
#85920000
0!
0E
#85930000
1!
1E
#85940000
0!
0E
#85950000
1!
1E
#85960000
0!
0E
#85970000
1!
1E
#85980000
0!
0E
#85990000
1!
1E
#86000000
0!
0E
#86010000
1!
1E
#86020000
0!
0E
#86030000
1!
1E
#86040000
0!
0E
#86050000
1!
1E
#86060000
0!
0E
#86070000
1!
1E
#86080000
0!
0E
#86090000
1!
1E
#86100000
0!
0E
#86110000
1!
1E
#86120000
0!
0E
#86130000
1!
1E
#86140000
0!
0E
#86150000
1!
1E
#86160000
0!
0E
#86170000
1!
1E
#86180000
0!
0E
#86190000
1!
1E
#86200000
0!
0E
#86210000
1!
1E
#86220000
0!
0E
#86230000
1!
1E
#86240000
0!
0E
#86250000
1!
1E
#86260000
0!
0E
#86270000
1!
1E
#86280000
0!
0E
#86290000
1!
1E
#86300000
b1000110 >
b1000110 %
b110 &
1'
0!
0W
1V
0O
1N
1X
0E
#86310000
1!
1E
1Z
10
#86320000
0!
0E
#86330000
1!
1E
0Z
1Z
#86340000
0!
0E
#86350000
1!
1E
0Z
1Z
#86360000
0!
0E
#86370000
1!
1E
0Z
1Z
#86380000
0!
0E
#86390000
1!
1E
0Z
1Z
#86400000
0'
0!
0X
0E
#86410000
1!
1E
0Z
00
#86420000
0!
0E
#86430000
1!
1E
#86440000
0!
0E
#86450000
1!
1E
#86460000
0!
0E
#86470000
1!
1E
#86480000
0!
0E
#86490000
1!
1E
#86500000
b1001001 :
b1001000 <
0!
0E
#86510000
1!
1E
#86520000
0!
0E
#86530000
1!
1E
#86540000
0!
0E
#86550000
1!
1E
#86560000
0!
0E
#86570000
1!
1E
#86580000
0!
0E
#86590000
1!
1E
#86600000
0!
0E
#86610000
1!
1E
#86620000
0!
0E
#86630000
1!
1E
#86640000
0!
0E
#86650000
1!
1E
#86660000
0!
0E
#86670000
1!
1E
#86680000
0!
0E
#86690000
1!
1E
#86700000
0!
0E
#86710000
1!
1E
#86720000
0!
0E
#86730000
1!
1E
#86740000
0!
0E
#86750000
1!
1E
#86760000
0!
0E
#86770000
1!
1E
#86780000
0!
0E
#86790000
1!
1E
#86800000
0!
0E
#86810000
1!
1E
#86820000
0!
0E
#86830000
1!
1E
#86840000
0!
0E
#86850000
1!
1E
#86860000
0!
0E
#86870000
1!
1E
#86880000
0!
0E
#86890000
1!
1E
#86900000
0!
0E
#86910000
1!
1E
#86920000
0!
0E
#86930000
1!
1E
#86940000
0!
0E
#86950000
1!
1E
#86960000
0!
0E
#86970000
1!
1E
#86980000
0!
0E
#86990000
1!
1E
#87000000
0!
0E
#87010000
1!
1E
#87020000
0!
0E
#87030000
1!
1E
#87040000
0!
0E
#87050000
1!
1E
#87060000
0!
0E
#87070000
1!
1E
#87080000
0!
0E
#87090000
1!
1E
#87100000
0!
0E
#87110000
1!
1E
#87120000
0!
0E
#87130000
1!
1E
#87140000
0!
0E
#87150000
1!
1E
#87160000
0!
0E
#87170000
1!
1E
#87180000
0!
0E
#87190000
1!
1E
#87200000
0!
0E
#87210000
1!
1E
#87220000
0!
0E
#87230000
1!
1E
#87240000
0!
0E
#87250000
1!
1E
#87260000
0!
0E
#87270000
1!
1E
#87280000
0!
0E
#87290000
1!
1E
#87300000
0!
0E
#87310000
1!
1E
#87320000
0!
0E
#87330000
1!
1E
#87340000
0!
0E
#87350000
1!
1E
#87360000
0!
0E
#87370000
1!
1E
#87380000
0!
0E
#87390000
1!
1E
#87400000
0!
0E
#87410000
1!
1E
#87420000
0!
0E
#87430000
1!
1E
#87440000
0!
0E
#87450000
1!
1E
#87460000
0!
0E
#87470000
1!
1E
#87480000
0!
0E
#87490000
1!
1E
#87500000
b1000111 >
b1000111 %
b111 &
1'
0!
1W
1O
1X
0E
#87510000
1!
1E
1Z
10
#87520000
0!
0E
#87530000
1!
1E
0Z
1Z
#87540000
0!
0E
#87550000
1!
1E
0Z
1Z
#87560000
0!
0E
#87570000
1!
1E
0Z
1Z
#87580000
0!
0E
#87590000
1!
1E
0Z
1Z
#87600000
0'
0!
0X
0E
#87610000
1!
1E
0Z
00
#87620000
0!
0E
#87630000
1!
1E
#87640000
0!
0E
#87650000
1!
1E
#87660000
0!
0E
#87670000
1!
1E
#87680000
0!
0E
#87690000
1!
1E
#87700000
b1001010 :
b1001001 <
0!
0E
#87710000
1!
1E
#87720000
0!
0E
#87730000
1!
1E
#87740000
0!
0E
#87750000
1!
1E
#87760000
0!
0E
#87770000
1!
1E
#87780000
0!
0E
#87790000
1!
1E
#87800000
0!
0E
#87810000
1!
1E
#87820000
0!
0E
#87830000
1!
1E
#87840000
0!
0E
#87850000
1!
1E
#87860000
0!
0E
#87870000
1!
1E
#87880000
0!
0E
#87890000
1!
1E
#87900000
0!
0E
#87910000
1!
1E
#87920000
0!
0E
#87930000
1!
1E
#87940000
0!
0E
#87950000
1!
1E
#87960000
0!
0E
#87970000
1!
1E
#87980000
0!
0E
#87990000
1!
1E
#88000000
0!
0E
#88010000
1!
1E
#88020000
0!
0E
#88030000
1!
1E
#88040000
0!
0E
#88050000
1!
1E
#88060000
0!
0E
#88070000
1!
1E
#88080000
0!
0E
#88090000
1!
1E
#88100000
0!
0E
#88110000
1!
1E
#88120000
0!
0E
#88130000
1!
1E
#88140000
0!
0E
#88150000
1!
1E
#88160000
0!
0E
#88170000
1!
1E
#88180000
0!
0E
#88190000
1!
1E
#88200000
0!
0E
#88210000
1!
1E
#88220000
0!
0E
#88230000
1!
1E
#88240000
0!
0E
#88250000
1!
1E
#88260000
0!
0E
#88270000
1!
1E
#88280000
0!
0E
#88290000
1!
1E
#88300000
0!
0E
#88310000
1!
1E
#88320000
0!
0E
#88330000
1!
1E
#88340000
0!
0E
#88350000
1!
1E
#88360000
0!
0E
#88370000
1!
1E
#88380000
0!
0E
#88390000
1!
1E
#88400000
0!
0E
#88410000
1!
1E
#88420000
0!
0E
#88430000
1!
1E
#88440000
0!
0E
#88450000
1!
1E
#88460000
0!
0E
#88470000
1!
1E
#88480000
0!
0E
#88490000
1!
1E
#88500000
0!
0E
#88510000
1!
1E
#88520000
0!
0E
#88530000
1!
1E
#88540000
0!
0E
#88550000
1!
1E
#88560000
0!
0E
#88570000
1!
1E
#88580000
0!
0E
#88590000
1!
1E
#88600000
0!
0E
#88610000
1!
1E
#88620000
0!
0E
#88630000
1!
1E
#88640000
0!
0E
#88650000
1!
1E
#88660000
0!
0E
#88670000
1!
1E
#88680000
0!
0E
#88690000
1!
1E
#88700000
b1001000 >
b1001000 %
b1000 &
1'
0!
0W
0V
0U
1T
0O
0N
0M
1L
1X
0E
#88710000
1!
1E
1Z
10
#88720000
0!
0E
#88730000
1!
1E
0Z
1Z
#88740000
0!
0E
#88750000
1!
1E
0Z
1Z
#88760000
0!
0E
#88770000
1!
1E
0Z
1Z
#88780000
0!
0E
#88790000
1!
1E
0Z
1Z
#88800000
0'
0!
0X
0E
#88810000
1!
1E
0Z
00
#88820000
0!
0E
#88830000
1!
1E
#88840000
0!
0E
#88850000
1!
1E
#88860000
0!
0E
#88870000
1!
1E
#88880000
0!
0E
#88890000
1!
1E
#88900000
b1001011 :
b1001010 <
0!
0E
#88910000
1!
1E
#88920000
0!
0E
#88930000
1!
1E
#88940000
0!
0E
#88950000
1!
1E
#88960000
0!
0E
#88970000
1!
1E
#88980000
0!
0E
#88990000
1!
1E
#89000000
0!
0E
#89010000
1!
1E
#89020000
0!
0E
#89030000
1!
1E
#89040000
0!
0E
#89050000
1!
1E
#89060000
0!
0E
#89070000
1!
1E
#89080000
0!
0E
#89090000
1!
1E
#89100000
0!
0E
#89110000
1!
1E
#89120000
0!
0E
#89130000
1!
1E
#89140000
0!
0E
#89150000
1!
1E
#89160000
0!
0E
#89170000
1!
1E
#89180000
0!
0E
#89190000
1!
1E
#89200000
0!
0E
#89210000
1!
1E
#89220000
0!
0E
#89230000
1!
1E
#89240000
0!
0E
#89250000
1!
1E
#89260000
0!
0E
#89270000
1!
1E
#89280000
0!
0E
#89290000
1!
1E
#89300000
0!
0E
#89310000
1!
1E
#89320000
0!
0E
#89330000
1!
1E
#89340000
0!
0E
#89350000
1!
1E
#89360000
0!
0E
#89370000
1!
1E
#89380000
0!
0E
#89390000
1!
1E
#89400000
0!
0E
#89410000
1!
1E
#89420000
0!
0E
#89430000
1!
1E
#89440000
0!
0E
#89450000
1!
1E
#89460000
0!
0E
#89470000
1!
1E
#89480000
0!
0E
#89490000
1!
1E
#89500000
0!
0E
#89510000
1!
1E
#89520000
0!
0E
#89530000
1!
1E
#89540000
0!
0E
#89550000
1!
1E
#89560000
0!
0E
#89570000
1!
1E
#89580000
0!
0E
#89590000
1!
1E
#89600000
0!
0E
#89610000
1!
1E
#89620000
0!
0E
#89630000
1!
1E
#89640000
0!
0E
#89650000
1!
1E
#89660000
0!
0E
#89670000
1!
1E
#89680000
0!
0E
#89690000
1!
1E
#89700000
0!
0E
#89710000
1!
1E
#89720000
0!
0E
#89730000
1!
1E
#89740000
0!
0E
#89750000
1!
1E
#89760000
0!
0E
#89770000
1!
1E
#89780000
0!
0E
#89790000
1!
1E
#89800000
0!
0E
#89810000
1!
1E
#89820000
0!
0E
#89830000
1!
1E
#89840000
0!
0E
#89850000
1!
1E
#89860000
0!
0E
#89870000
1!
1E
#89880000
0!
0E
#89890000
1!
1E
#89900000
b1001001 >
b1001001 %
b1001 &
1'
0!
1W
1O
1X
0E
#89910000
1!
1E
1Z
10
#89920000
0!
0E
#89930000
1!
1E
0Z
1Z
#89940000
0!
0E
#89950000
1!
1E
0Z
1Z
#89960000
0!
0E
#89970000
1!
1E
0Z
1Z
#89980000
0!
0E
#89990000
1!
1E
0Z
1Z
#90000000
0'
0!
0X
0E
#90010000
1!
1E
0Z
00
#90020000
0!
0E
#90030000
1!
1E
#90040000
0!
0E
#90050000
1!
1E
#90060000
0!
0E
#90070000
1!
1E
#90080000
0!
0E
#90090000
1!
1E
#90100000
b1001100 :
b1001011 <
0!
0E
#90110000
1!
1E
#90120000
0!
0E
#90130000
1!
1E
#90140000
0!
0E
#90150000
1!
1E
#90160000
0!
0E
#90170000
1!
1E
#90180000
0!
0E
#90190000
1!
1E
#90200000
0!
0E
#90210000
1!
1E
#90220000
0!
0E
#90230000
1!
1E
#90240000
0!
0E
#90250000
1!
1E
#90260000
0!
0E
#90270000
1!
1E
#90280000
0!
0E
#90290000
1!
1E
#90300000
0!
0E
#90310000
1!
1E
#90320000
0!
0E
#90330000
1!
1E
#90340000
0!
0E
#90350000
1!
1E
#90360000
0!
0E
#90370000
1!
1E
#90380000
0!
0E
#90390000
1!
1E
#90400000
0!
0E
#90410000
1!
1E
#90420000
0!
0E
#90430000
1!
1E
#90440000
0!
0E
#90450000
1!
1E
#90460000
0!
0E
#90470000
1!
1E
#90480000
0!
0E
#90490000
1!
1E
#90500000
0!
0E
#90510000
1!
1E
#90520000
0!
0E
#90530000
1!
1E
#90540000
0!
0E
#90550000
1!
1E
#90560000
0!
0E
#90570000
1!
1E
#90580000
0!
0E
#90590000
1!
1E
#90600000
0!
0E
#90610000
1!
1E
#90620000
0!
0E
#90630000
1!
1E
#90640000
0!
0E
#90650000
1!
1E
#90660000
0!
0E
#90670000
1!
1E
#90680000
0!
0E
#90690000
1!
1E
#90700000
0!
0E
#90710000
1!
1E
#90720000
0!
0E
#90730000
1!
1E
#90740000
0!
0E
#90750000
1!
1E
#90760000
0!
0E
#90770000
1!
1E
#90780000
0!
0E
#90790000
1!
1E
#90800000
0!
0E
#90810000
1!
1E
#90820000
0!
0E
#90830000
1!
1E
#90840000
0!
0E
#90850000
1!
1E
#90860000
0!
0E
#90870000
1!
1E
#90880000
0!
0E
#90890000
1!
1E
#90900000
0!
0E
#90910000
1!
1E
#90920000
0!
0E
#90930000
1!
1E
#90940000
0!
0E
#90950000
1!
1E
#90960000
0!
0E
#90970000
1!
1E
#90980000
0!
0E
#90990000
1!
1E
#91000000
0!
0E
#91010000
1!
1E
#91020000
0!
0E
#91030000
1!
1E
#91040000
0!
0E
#91050000
1!
1E
#91060000
0!
0E
#91070000
1!
1E
#91080000
0!
0E
#91090000
1!
1E
#91100000
b1001010 >
b1001010 %
b1010 &
1'
0!
0W
1V
0O
1N
1X
0E
#91110000
1!
1E
1Z
10
#91120000
0!
0E
#91130000
1!
1E
0Z
1Z
#91140000
0!
0E
#91150000
1!
1E
0Z
1Z
#91160000
0!
0E
#91170000
1!
1E
0Z
1Z
#91180000
0!
0E
#91190000
1!
1E
0Z
1Z
#91200000
0'
0!
0X
0E
#91210000
1!
1E
0Z
00
#91220000
0!
0E
#91230000
1!
1E
#91240000
0!
0E
#91250000
1!
1E
#91260000
0!
0E
#91270000
1!
1E
#91280000
0!
0E
#91290000
1!
1E
#91300000
b1001101 :
b1001100 <
0!
0E
#91310000
1!
1E
#91320000
0!
0E
#91330000
1!
1E
#91340000
0!
0E
#91350000
1!
1E
#91360000
0!
0E
#91370000
1!
1E
#91380000
0!
0E
#91390000
1!
1E
#91400000
0!
0E
#91410000
1!
1E
#91420000
0!
0E
#91430000
1!
1E
#91440000
0!
0E
#91450000
1!
1E
#91460000
0!
0E
#91470000
1!
1E
#91480000
0!
0E
#91490000
1!
1E
#91500000
0!
0E
#91510000
1!
1E
#91520000
0!
0E
#91530000
1!
1E
#91540000
0!
0E
#91550000
1!
1E
#91560000
0!
0E
#91570000
1!
1E
#91580000
0!
0E
#91590000
1!
1E
#91600000
0!
0E
#91610000
1!
1E
#91620000
0!
0E
#91630000
1!
1E
#91640000
0!
0E
#91650000
1!
1E
#91660000
0!
0E
#91670000
1!
1E
#91680000
0!
0E
#91690000
1!
1E
#91700000
0!
0E
#91710000
1!
1E
#91720000
0!
0E
#91730000
1!
1E
#91740000
0!
0E
#91750000
1!
1E
#91760000
0!
0E
#91770000
1!
1E
#91780000
0!
0E
#91790000
1!
1E
#91800000
0!
0E
#91810000
1!
1E
#91820000
0!
0E
#91830000
1!
1E
#91840000
0!
0E
#91850000
1!
1E
#91860000
0!
0E
#91870000
1!
1E
#91880000
0!
0E
#91890000
1!
1E
#91900000
0!
0E
#91910000
1!
1E
#91920000
0!
0E
#91930000
1!
1E
#91940000
0!
0E
#91950000
1!
1E
#91960000
0!
0E
#91970000
1!
1E
#91980000
0!
0E
#91990000
1!
1E
#92000000
0!
0E
#92010000
1!
1E
#92020000
0!
0E
#92030000
1!
1E
#92040000
0!
0E
#92050000
1!
1E
#92060000
0!
0E
#92070000
1!
1E
#92080000
0!
0E
#92090000
1!
1E
#92100000
0!
0E
#92110000
1!
1E
#92120000
0!
0E
#92130000
1!
1E
#92140000
0!
0E
#92150000
1!
1E
#92160000
0!
0E
#92170000
1!
1E
#92180000
0!
0E
#92190000
1!
1E
#92200000
0!
0E
#92210000
1!
1E
#92220000
0!
0E
#92230000
1!
1E
#92240000
0!
0E
#92250000
1!
1E
#92260000
0!
0E
#92270000
1!
1E
#92280000
0!
0E
#92290000
1!
1E
#92300000
b1001011 >
b1001011 %
b1011 &
1'
0!
1W
1O
1X
0E
#92310000
1!
1E
1Z
10
#92320000
0!
0E
#92330000
1!
1E
0Z
1Z
#92340000
0!
0E
#92350000
1!
1E
0Z
1Z
#92360000
0!
0E
#92370000
1!
1E
0Z
1Z
#92380000
0!
0E
#92390000
1!
1E
0Z
1Z
#92400000
0'
0!
0X
0E
#92410000
1!
1E
0Z
00
#92420000
0!
0E
#92430000
1!
1E
#92440000
0!
0E
#92450000
1!
1E
#92460000
0!
0E
#92470000
1!
1E
#92480000
0!
0E
#92490000
1!
1E
#92500000
b1001110 :
b1001101 <
0!
0E
#92510000
1!
1E
#92520000
0!
0E
#92530000
1!
1E
#92540000
0!
0E
#92550000
1!
1E
#92560000
0!
0E
#92570000
1!
1E
#92580000
0!
0E
#92590000
1!
1E
#92600000
0!
0E
#92610000
1!
1E
#92620000
0!
0E
#92630000
1!
1E
#92640000
0!
0E
#92650000
1!
1E
#92660000
0!
0E
#92670000
1!
1E
#92680000
0!
0E
#92690000
1!
1E
#92700000
0!
0E
#92710000
1!
1E
#92720000
0!
0E
#92730000
1!
1E
#92740000
0!
0E
#92750000
1!
1E
#92760000
0!
0E
#92770000
1!
1E
#92780000
0!
0E
#92790000
1!
1E
#92800000
0!
0E
#92810000
1!
1E
#92820000
0!
0E
#92830000
1!
1E
#92840000
0!
0E
#92850000
1!
1E
#92860000
0!
0E
#92870000
1!
1E
#92880000
0!
0E
#92890000
1!
1E
#92900000
0!
0E
#92910000
1!
1E
#92920000
0!
0E
#92930000
1!
1E
#92940000
0!
0E
#92950000
1!
1E
#92960000
0!
0E
#92970000
1!
1E
#92980000
0!
0E
#92990000
1!
1E
#93000000
0!
0E
#93010000
1!
1E
#93020000
0!
0E
#93030000
1!
1E
#93040000
0!
0E
#93050000
1!
1E
#93060000
0!
0E
#93070000
1!
1E
#93080000
0!
0E
#93090000
1!
1E
#93100000
0!
0E
#93110000
1!
1E
#93120000
0!
0E
#93130000
1!
1E
#93140000
0!
0E
#93150000
1!
1E
#93160000
0!
0E
#93170000
1!
1E
#93180000
0!
0E
#93190000
1!
1E
#93200000
0!
0E
#93210000
1!
1E
#93220000
0!
0E
#93230000
1!
1E
#93240000
0!
0E
#93250000
1!
1E
#93260000
0!
0E
#93270000
1!
1E
#93280000
0!
0E
#93290000
1!
1E
#93300000
0!
0E
#93310000
1!
1E
#93320000
0!
0E
#93330000
1!
1E
#93340000
0!
0E
#93350000
1!
1E
#93360000
0!
0E
#93370000
1!
1E
#93380000
0!
0E
#93390000
1!
1E
#93400000
0!
0E
#93410000
1!
1E
#93420000
0!
0E
#93430000
1!
1E
#93440000
0!
0E
#93450000
1!
1E
#93460000
0!
0E
#93470000
1!
1E
#93480000
0!
0E
#93490000
1!
1E
#93500000
b1001100 >
b1001100 %
b1100 &
1'
0!
0W
0V
1U
0O
0N
1M
1X
0E
#93510000
1!
1E
1Z
10
#93520000
0!
0E
#93530000
1!
1E
0Z
1Z
#93540000
0!
0E
#93550000
1!
1E
0Z
1Z
#93560000
0!
0E
#93570000
1!
1E
0Z
1Z
#93580000
0!
0E
#93590000
1!
1E
0Z
1Z
#93600000
0'
0!
0X
0E
#93610000
1!
1E
0Z
00
#93620000
0!
0E
#93630000
1!
1E
#93640000
0!
0E
#93650000
1!
1E
#93660000
0!
0E
#93670000
1!
1E
#93680000
0!
0E
#93690000
1!
1E
#93700000
b1001111 :
b1001110 <
0!
0E
#93710000
1!
1E
#93720000
0!
0E
#93730000
1!
1E
#93740000
0!
0E
#93750000
1!
1E
#93760000
0!
0E
#93770000
1!
1E
#93780000
0!
0E
#93790000
1!
1E
#93800000
0!
0E
#93810000
1!
1E
#93820000
0!
0E
#93830000
1!
1E
#93840000
0!
0E
#93850000
1!
1E
#93860000
0!
0E
#93870000
1!
1E
#93880000
0!
0E
#93890000
1!
1E
#93900000
0!
0E
#93910000
1!
1E
#93920000
0!
0E
#93930000
1!
1E
#93940000
0!
0E
#93950000
1!
1E
#93960000
0!
0E
#93970000
1!
1E
#93980000
0!
0E
#93990000
1!
1E
#94000000
0!
0E
#94010000
1!
1E
#94020000
0!
0E
#94030000
1!
1E
#94040000
0!
0E
#94050000
1!
1E
#94060000
0!
0E
#94070000
1!
1E
#94080000
0!
0E
#94090000
1!
1E
#94100000
0!
0E
#94110000
1!
1E
#94120000
0!
0E
#94130000
1!
1E
#94140000
0!
0E
#94150000
1!
1E
#94160000
0!
0E
#94170000
1!
1E
#94180000
0!
0E
#94190000
1!
1E
#94200000
0!
0E
#94210000
1!
1E
#94220000
0!
0E
#94230000
1!
1E
#94240000
0!
0E
#94250000
1!
1E
#94260000
0!
0E
#94270000
1!
1E
#94280000
0!
0E
#94290000
1!
1E
#94300000
0!
0E
#94310000
1!
1E
#94320000
0!
0E
#94330000
1!
1E
#94340000
0!
0E
#94350000
1!
1E
#94360000
0!
0E
#94370000
1!
1E
#94380000
0!
0E
#94390000
1!
1E
#94400000
0!
0E
#94410000
1!
1E
#94420000
0!
0E
#94430000
1!
1E
#94440000
0!
0E
#94450000
1!
1E
#94460000
0!
0E
#94470000
1!
1E
#94480000
0!
0E
#94490000
1!
1E
#94500000
0!
0E
#94510000
1!
1E
#94520000
0!
0E
#94530000
1!
1E
#94540000
0!
0E
#94550000
1!
1E
#94560000
0!
0E
#94570000
1!
1E
#94580000
0!
0E
#94590000
1!
1E
#94600000
0!
0E
#94610000
1!
1E
#94620000
0!
0E
#94630000
1!
1E
#94640000
0!
0E
#94650000
1!
1E
#94660000
0!
0E
#94670000
1!
1E
#94680000
0!
0E
#94690000
1!
1E
#94700000
b1001101 >
b1001101 %
b1101 &
1'
0!
1W
1O
1X
0E
#94710000
1!
1E
1Z
10
#94720000
0!
0E
#94730000
1!
1E
0Z
1Z
#94740000
0!
0E
#94750000
1!
1E
0Z
1Z
#94760000
0!
0E
#94770000
1!
1E
0Z
1Z
#94780000
0!
0E
#94790000
1!
1E
0Z
1Z
#94800000
0'
0!
0X
0E
#94810000
1!
1E
0Z
00
#94820000
0!
0E
#94830000
1!
1E
#94840000
0!
0E
#94850000
1!
1E
#94860000
0!
0E
#94870000
1!
1E
#94880000
0!
0E
#94890000
1!
1E
#94900000
b1010000 :
b1001111 <
0!
0E
#94910000
1!
1E
#94920000
0!
0E
#94930000
1!
1E
#94940000
0!
0E
#94950000
1!
1E
#94960000
0!
0E
#94970000
1!
1E
#94980000
0!
0E
#94990000
1!
1E
#95000000
0!
0E
#95010000
1!
1E
#95020000
0!
0E
#95030000
1!
1E
#95040000
0!
0E
#95050000
1!
1E
#95060000
0!
0E
#95070000
1!
1E
#95080000
0!
0E
#95090000
1!
1E
#95100000
0!
0E
#95110000
1!
1E
#95120000
0!
0E
#95130000
1!
1E
#95140000
0!
0E
#95150000
1!
1E
#95160000
0!
0E
#95170000
1!
1E
#95180000
0!
0E
#95190000
1!
1E
#95200000
0!
0E
#95210000
1!
1E
#95220000
0!
0E
#95230000
1!
1E
#95240000
0!
0E
#95250000
1!
1E
#95260000
0!
0E
#95270000
1!
1E
#95280000
0!
0E
#95290000
1!
1E
#95300000
0!
0E
#95310000
1!
1E
#95320000
0!
0E
#95330000
1!
1E
#95340000
0!
0E
#95350000
1!
1E
#95360000
0!
0E
#95370000
1!
1E
#95380000
0!
0E
#95390000
1!
1E
#95400000
0!
0E
#95410000
1!
1E
#95420000
0!
0E
#95430000
1!
1E
#95440000
0!
0E
#95450000
1!
1E
#95460000
0!
0E
#95470000
1!
1E
#95480000
0!
0E
#95490000
1!
1E
#95500000
0!
0E
#95510000
1!
1E
#95520000
0!
0E
#95530000
1!
1E
#95540000
0!
0E
#95550000
1!
1E
#95560000
0!
0E
#95570000
1!
1E
#95580000
0!
0E
#95590000
1!
1E
#95600000
0!
0E
#95610000
1!
1E
#95620000
0!
0E
#95630000
1!
1E
#95640000
0!
0E
#95650000
1!
1E
#95660000
0!
0E
#95670000
1!
1E
#95680000
0!
0E
#95690000
1!
1E
#95700000
0!
0E
#95710000
1!
1E
#95720000
0!
0E
#95730000
1!
1E
#95740000
0!
0E
#95750000
1!
1E
#95760000
0!
0E
#95770000
1!
1E
#95780000
0!
0E
#95790000
1!
1E
#95800000
0!
0E
#95810000
1!
1E
#95820000
0!
0E
#95830000
1!
1E
#95840000
0!
0E
#95850000
1!
1E
#95860000
0!
0E
#95870000
1!
1E
#95880000
0!
0E
#95890000
1!
1E
#95900000
b1001110 >
b1001110 %
b1110 &
1'
0!
0W
1V
0O
1N
1X
0E
#95910000
1!
1E
1Z
10
#95920000
0!
0E
#95930000
1!
1E
0Z
1Z
#95940000
0!
0E
#95950000
1!
1E
0Z
1Z
#95960000
0!
0E
#95970000
1!
1E
0Z
1Z
#95980000
0!
0E
#95990000
1!
1E
0Z
1Z
#96000000
0'
0!
0X
0E
#96010000
1!
1E
0Z
00
#96020000
0!
0E
#96030000
1!
1E
#96040000
0!
0E
#96050000
1!
1E
#96060000
0!
0E
#96070000
1!
1E
#96080000
0!
0E
#96090000
1!
1E
#96100000
b1010001 :
b1010000 <
0!
0E
#96110000
1!
1E
#96120000
0!
0E
#96130000
1!
1E
#96140000
0!
0E
#96150000
1!
1E
#96160000
0!
0E
#96170000
1!
1E
#96180000
0!
0E
#96190000
1!
1E
#96200000
0!
0E
#96210000
1!
1E
#96220000
0!
0E
#96230000
1!
1E
#96240000
0!
0E
#96250000
1!
1E
#96260000
0!
0E
#96270000
1!
1E
#96280000
0!
0E
#96290000
1!
1E
#96300000
0!
0E
#96310000
1!
1E
#96320000
0!
0E
#96330000
1!
1E
#96340000
0!
0E
#96350000
1!
1E
#96360000
0!
0E
#96370000
1!
1E
#96380000
0!
0E
#96390000
1!
1E
#96400000
0!
0E
#96410000
1!
1E
#96420000
0!
0E
#96430000
1!
1E
#96440000
0!
0E
#96450000
1!
1E
#96460000
0!
0E
#96470000
1!
1E
#96480000
0!
0E
#96490000
1!
1E
#96500000
0!
0E
#96510000
1!
1E
#96520000
0!
0E
#96530000
1!
1E
#96540000
0!
0E
#96550000
1!
1E
#96560000
0!
0E
#96570000
1!
1E
#96580000
0!
0E
#96590000
1!
1E
#96600000
0!
0E
#96610000
1!
1E
#96620000
0!
0E
#96630000
1!
1E
#96640000
0!
0E
#96650000
1!
1E
#96660000
0!
0E
#96670000
1!
1E
#96680000
0!
0E
#96690000
1!
1E
#96700000
0!
0E
#96710000
1!
1E
#96720000
0!
0E
#96730000
1!
1E
#96740000
0!
0E
#96750000
1!
1E
#96760000
0!
0E
#96770000
1!
1E
#96780000
0!
0E
#96790000
1!
1E
#96800000
0!
0E
#96810000
1!
1E
#96820000
0!
0E
#96830000
1!
1E
#96840000
0!
0E
#96850000
1!
1E
#96860000
0!
0E
#96870000
1!
1E
#96880000
0!
0E
#96890000
1!
1E
#96900000
0!
0E
#96910000
1!
1E
#96920000
0!
0E
#96930000
1!
1E
#96940000
0!
0E
#96950000
1!
1E
#96960000
0!
0E
#96970000
1!
1E
#96980000
0!
0E
#96990000
1!
1E
#97000000
0!
0E
#97010000
1!
1E
#97020000
0!
0E
#97030000
1!
1E
#97040000
0!
0E
#97050000
1!
1E
#97060000
0!
0E
#97070000
1!
1E
#97080000
0!
0E
#97090000
1!
1E
#97100000
b1001111 >
b1001111 %
b1111 &
1'
0!
1W
1O
1X
0E
#97110000
1!
1E
1Z
10
#97120000
0!
0E
#97130000
1!
1E
0Z
1Z
#97140000
0!
0E
#97150000
1!
1E
0Z
1Z
#97160000
0!
0E
#97170000
1!
1E
0Z
1Z
#97180000
0!
0E
#97190000
1!
1E
0Z
1Z
#97200000
0'
0!
0X
0E
#97210000
1!
1E
0Z
00
#97220000
0!
0E
#97230000
1!
1E
#97240000
0!
0E
#97250000
1!
1E
#97260000
0!
0E
#97270000
1!
1E
#97280000
0!
0E
#97290000
1!
1E
#97300000
b1010010 :
b1010001 <
0!
0E
#97310000
1!
1E
#97320000
0!
0E
#97330000
1!
1E
#97340000
0!
0E
#97350000
1!
1E
#97360000
0!
0E
#97370000
1!
1E
#97380000
0!
0E
#97390000
1!
1E
#97400000
0!
0E
#97410000
1!
1E
#97420000
0!
0E
#97430000
1!
1E
#97440000
0!
0E
#97450000
1!
1E
#97460000
0!
0E
#97470000
1!
1E
#97480000
0!
0E
#97490000
1!
1E
#97500000
0!
0E
#97510000
1!
1E
#97520000
0!
0E
#97530000
1!
1E
#97540000
0!
0E
#97550000
1!
1E
#97560000
0!
0E
#97570000
1!
1E
#97580000
0!
0E
#97590000
1!
1E
#97600000
0!
0E
#97610000
1!
1E
#97620000
0!
0E
#97630000
1!
1E
#97640000
0!
0E
#97650000
1!
1E
#97660000
0!
0E
#97670000
1!
1E
#97680000
0!
0E
#97690000
1!
1E
#97700000
0!
0E
#97710000
1!
1E
#97720000
0!
0E
#97730000
1!
1E
#97740000
0!
0E
#97750000
1!
1E
#97760000
0!
0E
#97770000
1!
1E
#97780000
0!
0E
#97790000
1!
1E
#97800000
0!
0E
#97810000
1!
1E
#97820000
0!
0E
#97830000
1!
1E
#97840000
0!
0E
#97850000
1!
1E
#97860000
0!
0E
#97870000
1!
1E
#97880000
0!
0E
#97890000
1!
1E
#97900000
0!
0E
#97910000
1!
1E
#97920000
0!
0E
#97930000
1!
1E
#97940000
0!
0E
#97950000
1!
1E
#97960000
0!
0E
#97970000
1!
1E
#97980000
0!
0E
#97990000
1!
1E
#98000000
0!
0E
#98010000
1!
1E
#98020000
0!
0E
#98030000
1!
1E
#98040000
0!
0E
#98050000
1!
1E
#98060000
0!
0E
#98070000
1!
1E
#98080000
0!
0E
#98090000
1!
1E
#98100000
0!
0E
#98110000
1!
1E
#98120000
0!
0E
#98130000
1!
1E
#98140000
0!
0E
#98150000
1!
1E
#98160000
0!
0E
#98170000
1!
1E
#98180000
0!
0E
#98190000
1!
1E
#98200000
0!
0E
#98210000
1!
1E
#98220000
0!
0E
#98230000
1!
1E
#98240000
0!
0E
#98250000
1!
1E
#98260000
0!
0E
#98270000
1!
1E
#98280000
0!
0E
#98290000
1!
1E
#98300000
b1010000 >
b1010000 %
b10000 &
1'
0!
0W
0V
0U
0T
1S
0O
0N
0M
0L
1K
1X
0E
#98310000
1!
1E
1Z
10
#98320000
0!
0E
#98330000
1!
1E
0Z
1Z
#98340000
0!
0E
#98350000
1!
1E
0Z
1Z
#98360000
0!
0E
#98370000
1!
1E
0Z
1Z
#98380000
0!
0E
#98390000
1!
1E
0Z
1Z
#98400000
0'
0!
0X
0E
#98410000
1!
1E
0Z
00
#98420000
0!
0E
#98430000
1!
1E
#98440000
0!
0E
#98450000
1!
1E
#98460000
0!
0E
#98470000
1!
1E
#98480000
0!
0E
#98490000
1!
1E
#98500000
b1010011 :
b1010010 <
0!
0E
#98510000
1!
1E
#98520000
0!
0E
#98530000
1!
1E
#98540000
0!
0E
#98550000
1!
1E
#98560000
0!
0E
#98570000
1!
1E
#98580000
0!
0E
#98590000
1!
1E
#98600000
0!
0E
#98610000
1!
1E
#98620000
0!
0E
#98630000
1!
1E
#98640000
0!
0E
#98650000
1!
1E
#98660000
0!
0E
#98670000
1!
1E
#98680000
0!
0E
#98690000
1!
1E
#98700000
0!
0E
#98710000
1!
1E
#98720000
0!
0E
#98730000
1!
1E
#98740000
0!
0E
#98750000
1!
1E
#98760000
0!
0E
#98770000
1!
1E
#98780000
0!
0E
#98790000
1!
1E
#98800000
0!
0E
#98810000
1!
1E
#98820000
0!
0E
#98830000
1!
1E
#98840000
0!
0E
#98850000
1!
1E
#98860000
0!
0E
#98870000
1!
1E
#98880000
0!
0E
#98890000
1!
1E
#98900000
0!
0E
#98910000
1!
1E
#98920000
0!
0E
#98930000
1!
1E
#98940000
0!
0E
#98950000
1!
1E
#98960000
0!
0E
#98970000
1!
1E
#98980000
0!
0E
#98990000
1!
1E
#99000000
0!
0E
#99010000
1!
1E
#99020000
0!
0E
#99030000
1!
1E
#99040000
0!
0E
#99050000
1!
1E
#99060000
0!
0E
#99070000
1!
1E
#99080000
0!
0E
#99090000
1!
1E
#99100000
0!
0E
#99110000
1!
1E
#99120000
0!
0E
#99130000
1!
1E
#99140000
0!
0E
#99150000
1!
1E
#99160000
0!
0E
#99170000
1!
1E
#99180000
0!
0E
#99190000
1!
1E
#99200000
0!
0E
#99210000
1!
1E
#99220000
0!
0E
#99230000
1!
1E
#99240000
0!
0E
#99250000
1!
1E
#99260000
0!
0E
#99270000
1!
1E
#99280000
0!
0E
#99290000
1!
1E
#99300000
0!
0E
#99310000
1!
1E
#99320000
0!
0E
#99330000
1!
1E
#99340000
0!
0E
#99350000
1!
1E
#99360000
0!
0E
#99370000
1!
1E
#99380000
0!
0E
#99390000
1!
1E
#99400000
0!
0E
#99410000
1!
1E
#99420000
0!
0E
#99430000
1!
1E
#99440000
0!
0E
#99450000
1!
1E
#99460000
0!
0E
#99470000
1!
1E
#99480000
0!
0E
#99490000
1!
1E
#99500000
b1010001 >
b1010001 %
b10001 &
1'
0!
1W
1O
1X
0E
#99510000
1!
1E
1Z
10
#99520000
0!
0E
#99530000
1!
1E
0Z
1Z
#99540000
0!
0E
#99550000
1!
1E
0Z
1Z
#99560000
0!
0E
#99570000
1!
1E
0Z
1Z
#99580000
0!
0E
#99590000
1!
1E
0Z
1Z
#99600000
0'
0!
0X
0E
#99610000
1!
1E
0Z
00
#99620000
0!
0E
#99630000
1!
1E
#99640000
0!
0E
#99650000
1!
1E
#99660000
0!
0E
#99670000
1!
1E
#99680000
0!
0E
#99690000
1!
1E
#99700000
b1010100 :
b1010011 <
0!
0E
#99710000
1!
1E
#99720000
0!
0E
#99730000
1!
1E
#99740000
0!
0E
#99750000
1!
1E
#99760000
0!
0E
#99770000
1!
1E
#99780000
0!
0E
#99790000
1!
1E
#99800000
0!
0E
#99810000
1!
1E
#99820000
0!
0E
#99830000
1!
1E
#99840000
0!
0E
#99850000
1!
1E
#99860000
0!
0E
#99870000
1!
1E
#99880000
0!
0E
#99890000
1!
1E
#99900000
0!
0E
#99910000
1!
1E
#99920000
0!
0E
#99930000
1!
1E
#99940000
0!
0E
#99950000
1!
1E
#99960000
0!
0E
#99970000
1!
1E
#99980000
0!
0E
#99990000
1!
1E
#100000000
0!
0E
#100010000
1!
1E
#100020000
0!
0E
#100030000
1!
1E
#100040000
0!
0E
#100050000
1!
1E
#100060000
0!
0E
#100070000
1!
1E
#100080000
0!
0E
#100090000
1!
1E
#100100000
0!
0E
#100110000
1!
1E
#100120000
0!
0E
#100130000
1!
1E
#100140000
0!
0E
#100150000
1!
1E
#100160000
0!
0E
#100170000
1!
1E
#100180000
0!
0E
#100190000
1!
1E
#100200000
0!
0E
#100210000
1!
1E
#100220000
0!
0E
#100230000
1!
1E
#100240000
0!
0E
#100250000
1!
1E
#100260000
0!
0E
#100270000
1!
1E
#100280000
0!
0E
#100290000
1!
1E
#100300000
0!
0E
#100310000
1!
1E
#100320000
0!
0E
#100330000
1!
1E
#100340000
0!
0E
#100350000
1!
1E
#100360000
0!
0E
#100370000
1!
1E
#100380000
0!
0E
#100390000
1!
1E
#100400000
0!
0E
#100410000
1!
1E
#100420000
0!
0E
#100430000
1!
1E
#100440000
0!
0E
#100450000
1!
1E
#100460000
0!
0E
#100470000
1!
1E
#100480000
0!
0E
#100490000
1!
1E
#100500000
0!
0E
#100510000
1!
1E
#100520000
0!
0E
#100530000
1!
1E
#100540000
0!
0E
#100550000
1!
1E
#100560000
0!
0E
#100570000
1!
1E
#100580000
0!
0E
#100590000
1!
1E
#100600000
0!
0E
#100610000
1!
1E
#100620000
0!
0E
#100630000
1!
1E
#100640000
0!
0E
#100650000
1!
1E
#100660000
0!
0E
#100670000
1!
1E
#100680000
0!
0E
#100690000
1!
1E
#100700000
b1010010 >
b1010010 %
b10010 &
1'
0!
0W
1V
0O
1N
1X
0E
#100710000
1!
1E
1Z
10
#100720000
0!
0E
#100730000
1!
1E
0Z
1Z
#100740000
0!
0E
#100750000
1!
1E
0Z
1Z
#100760000
0!
0E
#100770000
1!
1E
0Z
1Z
#100780000
0!
0E
#100790000
1!
1E
0Z
1Z
#100800000
0'
0!
0X
0E
#100810000
1!
1E
0Z
00
#100820000
0!
0E
#100830000
1!
1E
#100840000
0!
0E
#100850000
1!
1E
#100860000
0!
0E
#100870000
1!
1E
#100880000
0!
0E
#100890000
1!
1E
#100900000
b1010101 :
b1010100 <
0!
0E
#100910000
1!
1E
#100920000
0!
0E
#100930000
1!
1E
#100940000
0!
0E
#100950000
1!
1E
#100960000
0!
0E
#100970000
1!
1E
#100980000
0!
0E
#100990000
1!
1E
#101000000
0!
0E
#101010000
1!
1E
#101020000
0!
0E
#101030000
1!
1E
#101040000
0!
0E
#101050000
1!
1E
#101060000
0!
0E
#101070000
1!
1E
#101080000
0!
0E
#101090000
1!
1E
#101100000
0!
0E
#101110000
1!
1E
#101120000
0!
0E
#101130000
1!
1E
#101140000
0!
0E
#101150000
1!
1E
#101160000
0!
0E
#101170000
1!
1E
#101180000
0!
0E
#101190000
1!
1E
#101200000
0!
0E
#101210000
1!
1E
#101220000
0!
0E
#101230000
1!
1E
#101240000
0!
0E
#101250000
1!
1E
#101260000
0!
0E
#101270000
1!
1E
#101280000
0!
0E
#101290000
1!
1E
#101300000
0!
0E
#101310000
1!
1E
#101320000
0!
0E
#101330000
1!
1E
#101340000
0!
0E
#101350000
1!
1E
#101360000
0!
0E
#101370000
1!
1E
#101380000
0!
0E
#101390000
1!
1E
#101400000
0!
0E
#101410000
1!
1E
#101420000
0!
0E
#101430000
1!
1E
#101440000
0!
0E
#101450000
1!
1E
#101460000
0!
0E
#101470000
1!
1E
#101480000
0!
0E
#101490000
1!
1E
#101500000
0!
0E
#101510000
1!
1E
#101520000
0!
0E
#101530000
1!
1E
#101540000
0!
0E
#101550000
1!
1E
#101560000
0!
0E
#101570000
1!
1E
#101580000
0!
0E
#101590000
1!
1E
#101600000
0!
0E
#101610000
1!
1E
#101620000
0!
0E
#101630000
1!
1E
#101640000
0!
0E
#101650000
1!
1E
#101660000
0!
0E
#101670000
1!
1E
#101680000
0!
0E
#101690000
1!
1E
#101700000
0!
0E
#101710000
1!
1E
#101720000
0!
0E
#101730000
1!
1E
#101740000
0!
0E
#101750000
1!
1E
#101760000
0!
0E
#101770000
1!
1E
#101780000
0!
0E
#101790000
1!
1E
#101800000
0!
0E
#101810000
1!
1E
#101820000
0!
0E
#101830000
1!
1E
#101840000
0!
0E
#101850000
1!
1E
#101860000
0!
0E
#101870000
1!
1E
#101880000
0!
0E
#101890000
1!
1E
#101900000
b1010011 >
b1010011 %
b10011 &
1'
0!
1W
1O
1X
0E
#101910000
1!
1E
1Z
10
#101920000
0!
0E
#101930000
1!
1E
0Z
1Z
#101940000
0!
0E
#101950000
1!
1E
0Z
1Z
#101960000
0!
0E
#101970000
1!
1E
0Z
1Z
#101980000
0!
0E
#101990000
1!
1E
0Z
1Z
#102000000
0'
0!
0X
0E
#102010000
1!
1E
0Z
00
#102020000
0!
0E
#102030000
1!
1E
#102040000
0!
0E
#102050000
1!
1E
#102060000
0!
0E
#102070000
1!
1E
#102080000
0!
0E
#102090000
1!
1E
#102100000
b1010110 :
b1010101 <
0!
0E
#102110000
1!
1E
#102120000
0!
0E
#102130000
1!
1E
#102140000
0!
0E
#102150000
1!
1E
#102160000
0!
0E
#102170000
1!
1E
#102180000
0!
0E
#102190000
1!
1E
#102200000
0!
0E
#102210000
1!
1E
#102220000
0!
0E
#102230000
1!
1E
#102240000
0!
0E
#102250000
1!
1E
#102260000
0!
0E
#102270000
1!
1E
#102280000
0!
0E
#102290000
1!
1E
#102300000
0!
0E
#102310000
1!
1E
#102320000
0!
0E
#102330000
1!
1E
#102340000
0!
0E
#102350000
1!
1E
#102360000
0!
0E
#102370000
1!
1E
#102380000
0!
0E
#102390000
1!
1E
#102400000
0!
0E
#102410000
1!
1E
#102420000
0!
0E
#102430000
1!
1E
#102440000
0!
0E
#102450000
1!
1E
#102460000
0!
0E
#102470000
1!
1E
#102480000
0!
0E
#102490000
1!
1E
#102500000
0!
0E
#102510000
1!
1E
#102520000
0!
0E
#102530000
1!
1E
#102540000
0!
0E
#102550000
1!
1E
#102560000
0!
0E
#102570000
1!
1E
#102580000
0!
0E
#102590000
1!
1E
#102600000
0!
0E
#102610000
1!
1E
#102620000
0!
0E
#102630000
1!
1E
#102640000
0!
0E
#102650000
1!
1E
#102660000
0!
0E
#102670000
1!
1E
#102680000
0!
0E
#102690000
1!
1E
#102700000
0!
0E
#102710000
1!
1E
#102720000
0!
0E
#102730000
1!
1E
#102740000
0!
0E
#102750000
1!
1E
#102760000
0!
0E
#102770000
1!
1E
#102780000
0!
0E
#102790000
1!
1E
#102800000
0!
0E
#102810000
1!
1E
#102820000
0!
0E
#102830000
1!
1E
#102840000
0!
0E
#102850000
1!
1E
#102860000
0!
0E
#102870000
1!
1E
#102880000
0!
0E
#102890000
1!
1E
#102900000
0!
0E
#102910000
1!
1E
#102920000
0!
0E
#102930000
1!
1E
#102940000
0!
0E
#102950000
1!
1E
#102960000
0!
0E
#102970000
1!
1E
#102980000
0!
0E
#102990000
1!
1E
#103000000
0!
0E
#103010000
1!
1E
#103020000
0!
0E
#103030000
1!
1E
#103040000
0!
0E
#103050000
1!
1E
#103060000
0!
0E
#103070000
1!
1E
#103080000
0!
0E
#103090000
1!
1E
#103100000
b1010100 >
b1010100 %
b10100 &
1'
0!
0W
0V
1U
0O
0N
1M
1X
0E
#103110000
1!
1E
1Z
10
#103120000
0!
0E
#103130000
1!
1E
0Z
1Z
#103140000
0!
0E
#103150000
1!
1E
0Z
1Z
#103160000
0!
0E
#103170000
1!
1E
0Z
1Z
#103180000
0!
0E
#103190000
1!
1E
0Z
1Z
#103200000
0'
0!
0X
0E
#103210000
1!
1E
0Z
00
#103220000
0!
0E
#103230000
1!
1E
#103240000
0!
0E
#103250000
1!
1E
#103260000
0!
0E
#103270000
1!
1E
#103280000
0!
0E
#103290000
1!
1E
#103300000
b1010111 :
b1010110 <
0!
0E
#103310000
1!
1E
#103320000
0!
0E
#103330000
1!
1E
#103340000
0!
0E
#103350000
1!
1E
#103360000
0!
0E
#103370000
1!
1E
#103380000
0!
0E
#103390000
1!
1E
#103400000
0!
0E
#103410000
1!
1E
#103420000
0!
0E
#103430000
1!
1E
#103440000
0!
0E
#103450000
1!
1E
#103460000
0!
0E
#103470000
1!
1E
#103480000
0!
0E
#103490000
1!
1E
#103500000
0!
0E
#103510000
1!
1E
#103520000
0!
0E
#103530000
1!
1E
#103540000
0!
0E
#103550000
1!
1E
#103560000
0!
0E
#103570000
1!
1E
#103580000
0!
0E
#103590000
1!
1E
#103600000
0!
0E
#103610000
1!
1E
#103620000
0!
0E
#103630000
1!
1E
#103640000
0!
0E
#103650000
1!
1E
#103660000
0!
0E
#103670000
1!
1E
#103680000
0!
0E
#103690000
1!
1E
#103700000
0!
0E
#103710000
1!
1E
#103720000
0!
0E
#103730000
1!
1E
#103740000
0!
0E
#103750000
1!
1E
#103760000
0!
0E
#103770000
1!
1E
#103780000
0!
0E
#103790000
1!
1E
#103800000
0!
0E
#103810000
1!
1E
#103820000
0!
0E
#103830000
1!
1E
#103840000
0!
0E
#103850000
1!
1E
#103860000
0!
0E
#103870000
1!
1E
#103880000
0!
0E
#103890000
1!
1E
#103900000
0!
0E
#103910000
1!
1E
#103920000
0!
0E
#103930000
1!
1E
#103940000
0!
0E
#103950000
1!
1E
#103960000
0!
0E
#103970000
1!
1E
#103980000
0!
0E
#103990000
1!
1E
#104000000
0!
0E
#104010000
1!
1E
#104020000
0!
0E
#104030000
1!
1E
#104040000
0!
0E
#104050000
1!
1E
#104060000
0!
0E
#104070000
1!
1E
#104080000
0!
0E
#104090000
1!
1E
#104100000
0!
0E
#104110000
1!
1E
#104120000
0!
0E
#104130000
1!
1E
#104140000
0!
0E
#104150000
1!
1E
#104160000
0!
0E
#104170000
1!
1E
#104180000
0!
0E
#104190000
1!
1E
#104200000
0!
0E
#104210000
1!
1E
#104220000
0!
0E
#104230000
1!
1E
#104240000
0!
0E
#104250000
1!
1E
#104260000
0!
0E
#104270000
1!
1E
#104280000
0!
0E
#104290000
1!
1E
#104300000
b1010101 >
b1010101 %
b10101 &
1'
0!
1W
1O
1X
0E
#104310000
1!
1E
1Z
10
#104320000
0!
0E
#104330000
1!
1E
0Z
1Z
#104340000
0!
0E
#104350000
1!
1E
0Z
1Z
#104360000
0!
0E
#104370000
1!
1E
0Z
1Z
#104380000
0!
0E
#104390000
1!
1E
0Z
1Z
#104400000
0'
0!
0X
0E
#104410000
1!
1E
0Z
00
#104420000
0!
0E
#104430000
1!
1E
#104440000
0!
0E
#104450000
1!
1E
#104460000
0!
0E
#104470000
1!
1E
#104480000
0!
0E
#104490000
1!
1E
#104500000
b1011000 :
b1010111 <
0!
0E
#104510000
1!
1E
#104520000
0!
0E
#104530000
1!
1E
#104540000
0!
0E
#104550000
1!
1E
#104560000
0!
0E
#104570000
1!
1E
#104580000
0!
0E
#104590000
1!
1E
#104600000
0!
0E
#104610000
1!
1E
#104620000
0!
0E
#104630000
1!
1E
#104640000
0!
0E
#104650000
1!
1E
#104660000
0!
0E
#104670000
1!
1E
#104680000
0!
0E
#104690000
1!
1E
#104700000
0!
0E
#104710000
1!
1E
#104720000
0!
0E
#104730000
1!
1E
#104740000
0!
0E
#104750000
1!
1E
#104760000
0!
0E
#104770000
1!
1E
#104780000
0!
0E
#104790000
1!
1E
#104800000
0!
0E
#104810000
1!
1E
#104820000
0!
0E
#104830000
1!
1E
#104840000
0!
0E
#104850000
1!
1E
#104860000
0!
0E
#104870000
1!
1E
#104880000
0!
0E
#104890000
1!
1E
#104900000
0!
0E
#104910000
1!
1E
#104920000
0!
0E
#104930000
1!
1E
#104940000
0!
0E
#104950000
1!
1E
#104960000
0!
0E
#104970000
1!
1E
#104980000
0!
0E
#104990000
1!
1E
#105000000
0!
0E
#105010000
1!
1E
#105020000
0!
0E
#105030000
1!
1E
#105040000
0!
0E
#105050000
1!
1E
#105060000
0!
0E
#105070000
1!
1E
#105080000
0!
0E
#105090000
1!
1E
#105100000
0!
0E
#105110000
1!
1E
#105120000
0!
0E
#105130000
1!
1E
#105140000
0!
0E
#105150000
1!
1E
#105160000
0!
0E
#105170000
1!
1E
#105180000
0!
0E
#105190000
1!
1E
#105200000
0!
0E
#105210000
1!
1E
#105220000
0!
0E
#105230000
1!
1E
#105240000
0!
0E
#105250000
1!
1E
#105260000
0!
0E
#105270000
1!
1E
#105280000
0!
0E
#105290000
1!
1E
#105300000
0!
0E
#105310000
1!
1E
#105320000
0!
0E
#105330000
1!
1E
#105340000
0!
0E
#105350000
1!
1E
#105360000
0!
0E
#105370000
1!
1E
#105380000
0!
0E
#105390000
1!
1E
#105400000
0!
0E
#105410000
1!
1E
#105420000
0!
0E
#105430000
1!
1E
#105440000
0!
0E
#105450000
1!
1E
#105460000
0!
0E
#105470000
1!
1E
#105480000
0!
0E
#105490000
1!
1E
#105500000
b1010110 >
b1010110 %
b10110 &
1'
0!
0W
1V
0O
1N
1X
0E
#105510000
1!
1E
1Z
10
#105520000
0!
0E
#105530000
1!
1E
0Z
1Z
#105540000
0!
0E
#105550000
1!
1E
0Z
1Z
#105560000
0!
0E
#105570000
1!
1E
0Z
1Z
#105580000
0!
0E
#105590000
1!
1E
0Z
1Z
#105600000
0'
0!
0X
0E
#105610000
1!
1E
0Z
00
#105620000
0!
0E
#105630000
1!
1E
#105640000
0!
0E
#105650000
1!
1E
#105660000
0!
0E
#105670000
1!
1E
#105680000
0!
0E
#105690000
1!
1E
#105700000
b1011001 :
b1011000 <
0!
0E
#105710000
1!
1E
#105720000
0!
0E
#105730000
1!
1E
#105740000
0!
0E
#105750000
1!
1E
#105760000
0!
0E
#105770000
1!
1E
#105780000
0!
0E
#105790000
1!
1E
#105800000
0!
0E
#105810000
1!
1E
#105820000
0!
0E
#105830000
1!
1E
#105840000
0!
0E
#105850000
1!
1E
#105860000
0!
0E
#105870000
1!
1E
#105880000
0!
0E
#105890000
1!
1E
#105900000
0!
0E
#105910000
1!
1E
#105920000
0!
0E
#105930000
1!
1E
#105940000
0!
0E
#105950000
1!
1E
#105960000
0!
0E
#105970000
1!
1E
#105980000
0!
0E
#105990000
1!
1E
#106000000
0!
0E
#106010000
1!
1E
#106020000
0!
0E
#106030000
1!
1E
#106040000
0!
0E
#106050000
1!
1E
#106060000
0!
0E
#106070000
1!
1E
#106080000
0!
0E
#106090000
1!
1E
#106100000
0!
0E
#106110000
1!
1E
#106120000
0!
0E
#106130000
1!
1E
#106140000
0!
0E
#106150000
1!
1E
#106160000
0!
0E
#106170000
1!
1E
#106180000
0!
0E
#106190000
1!
1E
#106200000
0!
0E
#106210000
1!
1E
#106220000
0!
0E
#106230000
1!
1E
#106240000
0!
0E
#106250000
1!
1E
#106260000
0!
0E
#106270000
1!
1E
#106280000
0!
0E
#106290000
1!
1E
#106300000
0!
0E
#106310000
1!
1E
#106320000
0!
0E
#106330000
1!
1E
#106340000
0!
0E
#106350000
1!
1E
#106360000
0!
0E
#106370000
1!
1E
#106380000
0!
0E
#106390000
1!
1E
#106400000
0!
0E
#106410000
1!
1E
#106420000
0!
0E
#106430000
1!
1E
#106440000
0!
0E
#106450000
1!
1E
#106460000
0!
0E
#106470000
1!
1E
#106480000
0!
0E
#106490000
1!
1E
#106500000
0!
0E
#106510000
1!
1E
#106520000
0!
0E
#106530000
1!
1E
#106540000
0!
0E
#106550000
1!
1E
#106560000
0!
0E
#106570000
1!
1E
#106580000
0!
0E
#106590000
1!
1E
#106600000
0!
0E
#106610000
1!
1E
#106620000
0!
0E
#106630000
1!
1E
#106640000
0!
0E
#106650000
1!
1E
#106660000
0!
0E
#106670000
1!
1E
#106680000
0!
0E
#106690000
1!
1E
#106700000
b1010111 >
b1010111 %
b10111 &
1'
0!
1W
1O
1X
0E
#106710000
1!
1E
1Z
10
#106720000
0!
0E
#106730000
1!
1E
0Z
1Z
#106740000
0!
0E
#106750000
1!
1E
0Z
1Z
#106760000
0!
0E
#106770000
1!
1E
0Z
1Z
#106780000
0!
0E
#106790000
1!
1E
0Z
1Z
#106800000
0'
0!
0X
0E
#106810000
1!
1E
0Z
00
#106820000
0!
0E
#106830000
1!
1E
#106840000
0!
0E
#106850000
1!
1E
#106860000
0!
0E
#106870000
1!
1E
#106880000
0!
0E
#106890000
1!
1E
#106900000
b1011010 :
b1011001 <
0!
0E
#106910000
1!
1E
#106920000
0!
0E
#106930000
1!
1E
#106940000
0!
0E
#106950000
1!
1E
#106960000
0!
0E
#106970000
1!
1E
#106980000
0!
0E
#106990000
1!
1E
#107000000
0!
0E
#107010000
1!
1E
#107020000
0!
0E
#107030000
1!
1E
#107040000
0!
0E
#107050000
1!
1E
#107060000
0!
0E
#107070000
1!
1E
#107080000
0!
0E
#107090000
1!
1E
#107100000
0!
0E
#107110000
1!
1E
#107120000
0!
0E
#107130000
1!
1E
#107140000
0!
0E
#107150000
1!
1E
#107160000
0!
0E
#107170000
1!
1E
#107180000
0!
0E
#107190000
1!
1E
#107200000
0!
0E
#107210000
1!
1E
#107220000
0!
0E
#107230000
1!
1E
#107240000
0!
0E
#107250000
1!
1E
#107260000
0!
0E
#107270000
1!
1E
#107280000
0!
0E
#107290000
1!
1E
#107300000
0!
0E
#107310000
1!
1E
#107320000
0!
0E
#107330000
1!
1E
#107340000
0!
0E
#107350000
1!
1E
#107360000
0!
0E
#107370000
1!
1E
#107380000
0!
0E
#107390000
1!
1E
#107400000
0!
0E
#107410000
1!
1E
#107420000
0!
0E
#107430000
1!
1E
#107440000
0!
0E
#107450000
1!
1E
#107460000
0!
0E
#107470000
1!
1E
#107480000
0!
0E
#107490000
1!
1E
#107500000
0!
0E
#107510000
1!
1E
#107520000
0!
0E
#107530000
1!
1E
#107540000
0!
0E
#107550000
1!
1E
#107560000
0!
0E
#107570000
1!
1E
#107580000
0!
0E
#107590000
1!
1E
#107600000
0!
0E
#107610000
1!
1E
#107620000
0!
0E
#107630000
1!
1E
#107640000
0!
0E
#107650000
1!
1E
#107660000
0!
0E
#107670000
1!
1E
#107680000
0!
0E
#107690000
1!
1E
#107700000
0!
0E
#107710000
1!
1E
#107720000
0!
0E
#107730000
1!
1E
#107740000
0!
0E
#107750000
1!
1E
#107760000
0!
0E
#107770000
1!
1E
#107780000
0!
0E
#107790000
1!
1E
#107800000
0!
0E
#107810000
1!
1E
#107820000
0!
0E
#107830000
1!
1E
#107840000
0!
0E
#107850000
1!
1E
#107860000
0!
0E
#107870000
1!
1E
#107880000
0!
0E
#107890000
1!
1E
#107900000
b1011000 >
b1011000 %
b11000 &
1'
0!
0W
0V
0U
1T
0O
0N
0M
1L
1X
0E
#107910000
1!
1E
1Z
10
#107920000
0!
0E
#107930000
1!
1E
0Z
1Z
#107940000
0!
0E
#107950000
1!
1E
0Z
1Z
#107960000
0!
0E
#107970000
1!
1E
0Z
1Z
#107980000
0!
0E
#107990000
1!
1E
0Z
1Z
#108000000
0'
0!
0X
0E
#108010000
1!
1E
0Z
00
#108020000
0!
0E
#108030000
1!
1E
#108040000
0!
0E
#108050000
1!
1E
#108060000
0!
0E
#108070000
1!
1E
#108080000
0!
0E
#108090000
1!
1E
#108100000
b1011011 :
b1011010 <
0!
0E
#108110000
1!
1E
#108120000
0!
0E
#108130000
1!
1E
#108140000
0!
0E
#108150000
1!
1E
#108160000
0!
0E
#108170000
1!
1E
#108180000
0!
0E
#108190000
1!
1E
#108200000
0!
0E
#108210000
1!
1E
#108220000
0!
0E
#108230000
1!
1E
#108240000
0!
0E
#108250000
1!
1E
#108260000
0!
0E
#108270000
1!
1E
#108280000
0!
0E
#108290000
1!
1E
#108300000
0!
0E
#108310000
1!
1E
#108320000
0!
0E
#108330000
1!
1E
#108340000
0!
0E
#108350000
1!
1E
#108360000
0!
0E
#108370000
1!
1E
#108380000
0!
0E
#108390000
1!
1E
#108400000
0!
0E
#108410000
1!
1E
#108420000
0!
0E
#108430000
1!
1E
#108440000
0!
0E
#108450000
1!
1E
#108460000
0!
0E
#108470000
1!
1E
#108480000
0!
0E
#108490000
1!
1E
#108500000
0!
0E
#108510000
1!
1E
#108520000
0!
0E
#108530000
1!
1E
#108540000
0!
0E
#108550000
1!
1E
#108560000
0!
0E
#108570000
1!
1E
#108580000
0!
0E
#108590000
1!
1E
#108600000
0!
0E
#108610000
1!
1E
#108620000
0!
0E
#108630000
1!
1E
#108640000
0!
0E
#108650000
1!
1E
#108660000
0!
0E
#108670000
1!
1E
#108680000
0!
0E
#108690000
1!
1E
#108700000
0!
0E
#108710000
1!
1E
#108720000
0!
0E
#108730000
1!
1E
#108740000
0!
0E
#108750000
1!
1E
#108760000
0!
0E
#108770000
1!
1E
#108780000
0!
0E
#108790000
1!
1E
#108800000
0!
0E
#108810000
1!
1E
#108820000
0!
0E
#108830000
1!
1E
#108840000
0!
0E
#108850000
1!
1E
#108860000
0!
0E
#108870000
1!
1E
#108880000
0!
0E
#108890000
1!
1E
#108900000
0!
0E
#108910000
1!
1E
#108920000
0!
0E
#108930000
1!
1E
#108940000
0!
0E
#108950000
1!
1E
#108960000
0!
0E
#108970000
1!
1E
#108980000
0!
0E
#108990000
1!
1E
#109000000
0!
0E
#109010000
1!
1E
#109020000
0!
0E
#109030000
1!
1E
#109040000
0!
0E
#109050000
1!
1E
#109060000
0!
0E
#109070000
1!
1E
#109080000
0!
0E
#109090000
1!
1E
#109100000
b1011001 >
b1011001 %
b11001 &
1'
0!
1W
1O
1X
0E
#109110000
1!
1E
1Z
10
#109120000
0!
0E
#109130000
1!
1E
0Z
1Z
#109140000
0!
0E
#109150000
1!
1E
0Z
1Z
#109160000
0!
0E
#109170000
1!
1E
0Z
1Z
#109180000
0!
0E
#109190000
1!
1E
0Z
1Z
#109200000
0'
0!
0X
0E
#109210000
1!
1E
0Z
00
#109220000
0!
0E
#109230000
1!
1E
#109240000
0!
0E
#109250000
1!
1E
#109260000
0!
0E
#109270000
1!
1E
#109280000
0!
0E
#109290000
1!
1E
#109300000
b1011100 :
b1011011 <
0!
0E
#109310000
1!
1E
#109320000
0!
0E
#109330000
1!
1E
#109340000
0!
0E
#109350000
1!
1E
#109360000
0!
0E
#109370000
1!
1E
#109380000
0!
0E
#109390000
1!
1E
#109400000
0!
0E
#109410000
1!
1E
#109420000
0!
0E
#109430000
1!
1E
#109440000
0!
0E
#109450000
1!
1E
#109460000
0!
0E
#109470000
1!
1E
#109480000
0!
0E
#109490000
1!
1E
#109500000
0!
0E
#109510000
1!
1E
#109520000
0!
0E
#109530000
1!
1E
#109540000
0!
0E
#109550000
1!
1E
#109560000
0!
0E
#109570000
1!
1E
#109580000
0!
0E
#109590000
1!
1E
#109600000
0!
0E
#109610000
1!
1E
#109620000
0!
0E
#109630000
1!
1E
#109640000
0!
0E
#109650000
1!
1E
#109660000
0!
0E
#109670000
1!
1E
#109680000
0!
0E
#109690000
1!
1E
#109700000
0!
0E
#109710000
1!
1E
#109720000
0!
0E
#109730000
1!
1E
#109740000
0!
0E
#109750000
1!
1E
#109760000
0!
0E
#109770000
1!
1E
#109780000
0!
0E
#109790000
1!
1E
#109800000
0!
0E
#109810000
1!
1E
#109820000
0!
0E
#109830000
1!
1E
#109840000
0!
0E
#109850000
1!
1E
#109860000
0!
0E
#109870000
1!
1E
#109880000
0!
0E
#109890000
1!
1E
#109900000
0!
0E
#109910000
1!
1E
#109920000
0!
0E
#109930000
1!
1E
#109940000
0!
0E
#109950000
1!
1E
#109960000
0!
0E
#109970000
1!
1E
#109980000
0!
0E
#109990000
1!
1E
#110000000
0!
0E
#110010000
1!
1E
#110020000
0!
0E
#110030000
1!
1E
#110040000
0!
0E
#110050000
1!
1E
#110060000
0!
0E
#110070000
1!
1E
#110080000
0!
0E
#110090000
1!
1E
#110100000
0!
0E
#110110000
1!
1E
#110120000
0!
0E
#110130000
1!
1E
#110140000
0!
0E
#110150000
1!
1E
#110160000
0!
0E
#110170000
1!
1E
#110180000
0!
0E
#110190000
1!
1E
#110200000
0!
0E
#110210000
1!
1E
#110220000
0!
0E
#110230000
1!
1E
#110240000
0!
0E
#110250000
1!
1E
#110260000
0!
0E
#110270000
1!
1E
#110280000
0!
0E
#110290000
1!
1E
#110300000
b1011010 >
b1011010 %
b11010 &
1'
0!
0W
1V
0O
1N
1X
0E
#110310000
1!
1E
1Z
10
#110320000
0!
0E
#110330000
1!
1E
0Z
1Z
#110340000
0!
0E
#110350000
1!
1E
0Z
1Z
#110360000
0!
0E
#110370000
1!
1E
0Z
1Z
#110380000
0!
0E
#110390000
1!
1E
0Z
1Z
#110400000
0'
0!
0X
0E
#110410000
1!
1E
0Z
00
#110420000
0!
0E
#110430000
1!
1E
#110440000
0!
0E
#110450000
1!
1E
#110460000
0!
0E
#110470000
1!
1E
#110480000
0!
0E
#110490000
1!
1E
#110500000
b1011101 :
b1011100 <
0!
0E
#110510000
1!
1E
#110520000
0!
0E
#110530000
1!
1E
#110540000
0!
0E
#110550000
1!
1E
#110560000
0!
0E
#110570000
1!
1E
#110580000
0!
0E
#110590000
1!
1E
#110600000
0!
0E
#110610000
1!
1E
#110620000
0!
0E
#110630000
1!
1E
#110640000
0!
0E
#110650000
1!
1E
#110660000
0!
0E
#110670000
1!
1E
#110680000
0!
0E
#110690000
1!
1E
#110700000
0!
0E
#110710000
1!
1E
#110720000
0!
0E
#110730000
1!
1E
#110740000
0!
0E
#110750000
1!
1E
#110760000
0!
0E
#110770000
1!
1E
#110780000
0!
0E
#110790000
1!
1E
#110800000
0!
0E
#110810000
1!
1E
#110820000
0!
0E
#110830000
1!
1E
#110840000
0!
0E
#110850000
1!
1E
#110860000
0!
0E
#110870000
1!
1E
#110880000
0!
0E
#110890000
1!
1E
#110900000
0!
0E
#110910000
1!
1E
#110920000
0!
0E
#110930000
1!
1E
#110940000
0!
0E
#110950000
1!
1E
#110960000
0!
0E
#110970000
1!
1E
#110980000
0!
0E
#110990000
1!
1E
#111000000
0!
0E
#111010000
1!
1E
#111020000
0!
0E
#111030000
1!
1E
#111040000
0!
0E
#111050000
1!
1E
#111060000
0!
0E
#111070000
1!
1E
#111080000
0!
0E
#111090000
1!
1E
#111100000
0!
0E
#111110000
1!
1E
#111120000
0!
0E
#111130000
1!
1E
#111140000
0!
0E
#111150000
1!
1E
#111160000
0!
0E
#111170000
1!
1E
#111180000
0!
0E
#111190000
1!
1E
#111200000
0!
0E
#111210000
1!
1E
#111220000
0!
0E
#111230000
1!
1E
#111240000
0!
0E
#111250000
1!
1E
#111260000
0!
0E
#111270000
1!
1E
#111280000
0!
0E
#111290000
1!
1E
#111300000
0!
0E
#111310000
1!
1E
#111320000
0!
0E
#111330000
1!
1E
#111340000
0!
0E
#111350000
1!
1E
#111360000
0!
0E
#111370000
1!
1E
#111380000
0!
0E
#111390000
1!
1E
#111400000
0!
0E
#111410000
1!
1E
#111420000
0!
0E
#111430000
1!
1E
#111440000
0!
0E
#111450000
1!
1E
#111460000
0!
0E
#111470000
1!
1E
#111480000
0!
0E
#111490000
1!
1E
#111500000
b1011011 >
b1011011 %
b11011 &
1'
0!
1W
1O
1X
0E
#111510000
1!
1E
1Z
10
#111520000
0!
0E
#111530000
1!
1E
0Z
1Z
#111540000
0!
0E
#111550000
1!
1E
0Z
1Z
#111560000
0!
0E
#111570000
1!
1E
0Z
1Z
#111580000
0!
0E
#111590000
1!
1E
0Z
1Z
#111600000
0'
0!
0X
0E
#111610000
1!
1E
0Z
00
#111620000
0!
0E
#111630000
1!
1E
#111640000
0!
0E
#111650000
1!
1E
#111660000
0!
0E
#111670000
1!
1E
#111680000
0!
0E
#111690000
1!
1E
#111700000
b1011110 :
b1011101 <
0!
0E
#111710000
1!
1E
#111720000
0!
0E
#111730000
1!
1E
#111740000
0!
0E
#111750000
1!
1E
#111760000
0!
0E
#111770000
1!
1E
#111780000
0!
0E
#111790000
1!
1E
#111800000
0!
0E
#111810000
1!
1E
#111820000
0!
0E
#111830000
1!
1E
#111840000
0!
0E
#111850000
1!
1E
#111860000
0!
0E
#111870000
1!
1E
#111880000
0!
0E
#111890000
1!
1E
#111900000
0!
0E
#111910000
1!
1E
#111920000
0!
0E
#111930000
1!
1E
#111940000
0!
0E
#111950000
1!
1E
#111960000
0!
0E
#111970000
1!
1E
#111980000
0!
0E
#111990000
1!
1E
#112000000
0!
0E
#112010000
1!
1E
#112020000
0!
0E
#112030000
1!
1E
#112040000
0!
0E
#112050000
1!
1E
#112060000
0!
0E
#112070000
1!
1E
#112080000
0!
0E
#112090000
1!
1E
#112100000
0!
0E
#112110000
1!
1E
#112120000
0!
0E
#112130000
1!
1E
#112140000
0!
0E
#112150000
1!
1E
#112160000
0!
0E
#112170000
1!
1E
#112180000
0!
0E
#112190000
1!
1E
#112200000
0!
0E
#112210000
1!
1E
#112220000
0!
0E
#112230000
1!
1E
#112240000
0!
0E
#112250000
1!
1E
#112260000
0!
0E
#112270000
1!
1E
#112280000
0!
0E
#112290000
1!
1E
#112300000
0!
0E
#112310000
1!
1E
#112320000
0!
0E
#112330000
1!
1E
#112340000
0!
0E
#112350000
1!
1E
#112360000
0!
0E
#112370000
1!
1E
#112380000
0!
0E
#112390000
1!
1E
#112400000
0!
0E
#112410000
1!
1E
#112420000
0!
0E
#112430000
1!
1E
#112440000
0!
0E
#112450000
1!
1E
#112460000
0!
0E
#112470000
1!
1E
#112480000
0!
0E
#112490000
1!
1E
#112500000
0!
0E
#112510000
1!
1E
#112520000
0!
0E
#112530000
1!
1E
#112540000
0!
0E
#112550000
1!
1E
#112560000
0!
0E
#112570000
1!
1E
#112580000
0!
0E
#112590000
1!
1E
#112600000
0!
0E
#112610000
1!
1E
#112620000
0!
0E
#112630000
1!
1E
#112640000
0!
0E
#112650000
1!
1E
#112660000
0!
0E
#112670000
1!
1E
#112680000
0!
0E
#112690000
1!
1E
#112700000
b1011100 >
b1011100 %
b11100 &
1'
0!
0W
0V
1U
0O
0N
1M
1X
0E
#112710000
1!
1E
1Z
10
#112720000
0!
0E
#112730000
1!
1E
0Z
1Z
#112740000
0!
0E
#112750000
1!
1E
0Z
1Z
#112760000
0!
0E
#112770000
1!
1E
0Z
1Z
#112780000
0!
0E
#112790000
1!
1E
0Z
1Z
#112800000
0'
0!
0X
0E
#112810000
1!
1E
0Z
00
#112820000
0!
0E
#112830000
1!
1E
#112840000
0!
0E
#112850000
1!
1E
#112860000
0!
0E
#112870000
1!
1E
#112880000
0!
0E
#112890000
1!
1E
#112900000
b1011111 :
b1011110 <
0!
0E
#112910000
1!
1E
#112920000
0!
0E
#112930000
1!
1E
#112940000
0!
0E
#112950000
1!
1E
#112960000
0!
0E
#112970000
1!
1E
#112980000
0!
0E
#112990000
1!
1E
#113000000
0!
0E
#113010000
1!
1E
#113020000
0!
0E
#113030000
1!
1E
#113040000
0!
0E
#113050000
1!
1E
#113060000
0!
0E
#113070000
1!
1E
#113080000
0!
0E
#113090000
1!
1E
#113100000
0!
0E
#113110000
1!
1E
#113120000
0!
0E
#113130000
1!
1E
#113140000
0!
0E
#113150000
1!
1E
#113160000
0!
0E
#113170000
1!
1E
#113180000
0!
0E
#113190000
1!
1E
#113200000
0!
0E
#113210000
1!
1E
#113220000
0!
0E
#113230000
1!
1E
#113240000
0!
0E
#113250000
1!
1E
#113260000
0!
0E
#113270000
1!
1E
#113280000
0!
0E
#113290000
1!
1E
#113300000
0!
0E
#113310000
1!
1E
#113320000
0!
0E
#113330000
1!
1E
#113340000
0!
0E
#113350000
1!
1E
#113360000
0!
0E
#113370000
1!
1E
#113380000
0!
0E
#113390000
1!
1E
#113400000
0!
0E
#113410000
1!
1E
#113420000
0!
0E
#113430000
1!
1E
#113440000
0!
0E
#113450000
1!
1E
#113460000
0!
0E
#113470000
1!
1E
#113480000
0!
0E
#113490000
1!
1E
#113500000
0!
0E
#113510000
1!
1E
#113520000
0!
0E
#113530000
1!
1E
#113540000
0!
0E
#113550000
1!
1E
#113560000
0!
0E
#113570000
1!
1E
#113580000
0!
0E
#113590000
1!
1E
#113600000
0!
0E
#113610000
1!
1E
#113620000
0!
0E
#113630000
1!
1E
#113640000
0!
0E
#113650000
1!
1E
#113660000
0!
0E
#113670000
1!
1E
#113680000
0!
0E
#113690000
1!
1E
#113700000
0!
0E
#113710000
1!
1E
#113720000
0!
0E
#113730000
1!
1E
#113740000
0!
0E
#113750000
1!
1E
#113760000
0!
0E
#113770000
1!
1E
#113780000
0!
0E
#113790000
1!
1E
#113800000
0!
0E
#113810000
1!
1E
#113820000
0!
0E
#113830000
1!
1E
#113840000
0!
0E
#113850000
1!
1E
#113860000
0!
0E
#113870000
1!
1E
#113880000
0!
0E
#113890000
1!
1E
#113900000
b1011101 >
b1011101 %
b11101 &
1'
0!
1W
1O
1X
0E
#113910000
1!
1E
1Z
10
#113920000
0!
0E
#113930000
1!
1E
0Z
1Z
#113940000
0!
0E
#113950000
1!
1E
0Z
1Z
#113960000
0!
0E
#113970000
1!
1E
0Z
1Z
#113980000
0!
0E
#113990000
1!
1E
0Z
1Z
#114000000
0'
0!
0X
0E
#114010000
1!
1E
0Z
00
#114020000
0!
0E
#114030000
1!
1E
#114040000
0!
0E
#114050000
1!
1E
#114060000
0!
0E
#114070000
1!
1E
#114080000
0!
0E
#114090000
1!
1E
#114100000
b1100000 :
b1011111 <
0!
0E
#114110000
1!
1E
#114120000
0!
0E
#114130000
1!
1E
#114140000
0!
0E
#114150000
1!
1E
#114160000
0!
0E
#114170000
1!
1E
#114180000
0!
0E
#114190000
1!
1E
#114200000
0!
0E
#114210000
1!
1E
#114220000
0!
0E
#114230000
1!
1E
#114240000
0!
0E
#114250000
1!
1E
#114260000
0!
0E
#114270000
1!
1E
#114280000
0!
0E
#114290000
1!
1E
#114300000
0!
0E
#114310000
1!
1E
#114320000
0!
0E
#114330000
1!
1E
#114340000
0!
0E
#114350000
1!
1E
#114360000
0!
0E
#114370000
1!
1E
#114380000
0!
0E
#114390000
1!
1E
#114400000
0!
0E
#114410000
1!
1E
#114420000
0!
0E
#114430000
1!
1E
#114440000
0!
0E
#114450000
1!
1E
#114460000
0!
0E
#114470000
1!
1E
#114480000
0!
0E
#114490000
1!
1E
#114500000
0!
0E
#114510000
1!
1E
#114520000
0!
0E
#114530000
1!
1E
#114540000
0!
0E
#114550000
1!
1E
#114560000
0!
0E
#114570000
1!
1E
#114580000
0!
0E
#114590000
1!
1E
#114600000
0!
0E
#114610000
1!
1E
#114620000
0!
0E
#114630000
1!
1E
#114640000
0!
0E
#114650000
1!
1E
#114660000
0!
0E
#114670000
1!
1E
#114680000
0!
0E
#114690000
1!
1E
#114700000
0!
0E
#114710000
1!
1E
#114720000
0!
0E
#114730000
1!
1E
#114740000
0!
0E
#114750000
1!
1E
#114760000
0!
0E
#114770000
1!
1E
#114780000
0!
0E
#114790000
1!
1E
#114800000
0!
0E
#114810000
1!
1E
#114820000
0!
0E
#114830000
1!
1E
#114840000
0!
0E
#114850000
1!
1E
#114860000
0!
0E
#114870000
1!
1E
#114880000
0!
0E
#114890000
1!
1E
#114900000
0!
0E
#114910000
1!
1E
#114920000
0!
0E
#114930000
1!
1E
#114940000
0!
0E
#114950000
1!
1E
#114960000
0!
0E
#114970000
1!
1E
#114980000
0!
0E
#114990000
1!
1E
#115000000
0!
0E
#115010000
1!
1E
#115020000
0!
0E
#115030000
1!
1E
#115040000
0!
0E
#115050000
1!
1E
#115060000
0!
0E
#115070000
1!
1E
#115080000
0!
0E
#115090000
1!
1E
#115100000
b1011110 >
b1011110 %
b11110 &
1'
0!
0W
1V
0O
1N
1X
0E
#115110000
1!
1E
1Z
10
#115120000
0!
0E
#115130000
1!
1E
0Z
1Z
#115140000
0!
0E
#115150000
1!
1E
0Z
1Z
#115160000
0!
0E
#115170000
1!
1E
0Z
1Z
#115180000
0!
0E
#115190000
1!
1E
0Z
1Z
#115200000
0'
0!
0X
0E
#115210000
1!
1E
0Z
00
#115220000
0!
0E
#115230000
1!
1E
#115240000
0!
0E
#115250000
1!
1E
#115260000
0!
0E
#115270000
1!
1E
#115280000
0!
0E
#115290000
1!
1E
#115300000
b1100001 :
b1100000 <
0!
0E
#115310000
1!
1E
#115320000
0!
0E
#115330000
1!
1E
#115340000
0!
0E
#115350000
1!
1E
#115360000
0!
0E
#115370000
1!
1E
#115380000
0!
0E
#115390000
1!
1E
#115400000
0!
0E
#115410000
1!
1E
#115420000
0!
0E
#115430000
1!
1E
#115440000
0!
0E
#115450000
1!
1E
#115460000
0!
0E
#115470000
1!
1E
#115480000
0!
0E
#115490000
1!
1E
#115500000
0!
0E
#115510000
1!
1E
#115520000
0!
0E
#115530000
1!
1E
#115540000
0!
0E
#115550000
1!
1E
#115560000
0!
0E
#115570000
1!
1E
#115580000
0!
0E
#115590000
1!
1E
#115600000
0!
0E
#115610000
1!
1E
#115620000
0!
0E
#115630000
1!
1E
#115640000
0!
0E
#115650000
1!
1E
#115660000
0!
0E
#115670000
1!
1E
#115680000
0!
0E
#115690000
1!
1E
#115700000
0!
0E
#115710000
1!
1E
#115720000
0!
0E
#115730000
1!
1E
#115740000
0!
0E
#115750000
1!
1E
#115760000
0!
0E
#115770000
1!
1E
#115780000
0!
0E
#115790000
1!
1E
#115800000
0!
0E
#115810000
1!
1E
#115820000
0!
0E
#115830000
1!
1E
#115840000
0!
0E
#115850000
1!
1E
#115860000
0!
0E
#115870000
1!
1E
#115880000
0!
0E
#115890000
1!
1E
#115900000
0!
0E
#115910000
1!
1E
#115920000
0!
0E
#115930000
1!
1E
#115940000
0!
0E
#115950000
1!
1E
#115960000
0!
0E
#115970000
1!
1E
#115980000
0!
0E
#115990000
1!
1E
#116000000
0!
0E
#116010000
1!
1E
#116020000
0!
0E
#116030000
1!
1E
#116040000
0!
0E
#116050000
1!
1E
#116060000
0!
0E
#116070000
1!
1E
#116080000
0!
0E
#116090000
1!
1E
#116100000
0!
0E
#116110000
1!
1E
#116120000
0!
0E
#116130000
1!
1E
#116140000
0!
0E
#116150000
1!
1E
#116160000
0!
0E
#116170000
1!
1E
#116180000
0!
0E
#116190000
1!
1E
#116200000
0!
0E
#116210000
1!
1E
#116220000
0!
0E
#116230000
1!
1E
#116240000
0!
0E
#116250000
1!
1E
#116260000
0!
0E
#116270000
1!
1E
#116280000
0!
0E
#116290000
1!
1E
#116300000
b1011111 >
b1011111 %
b11111 &
1'
0!
1W
1O
1X
0E
#116310000
1!
1E
1Z
10
#116320000
0!
0E
#116330000
1!
1E
0Z
1Z
#116340000
0!
0E
#116350000
1!
1E
0Z
1Z
#116360000
0!
0E
#116370000
1!
1E
0Z
1Z
#116380000
0!
0E
#116390000
1!
1E
0Z
1Z
#116400000
0'
0!
0X
0E
#116410000
1!
1E
0Z
00
#116420000
0!
0E
#116430000
1!
1E
#116440000
0!
0E
#116450000
1!
1E
#116460000
0!
0E
#116470000
1!
1E
#116480000
0!
0E
#116490000
1!
1E
#116500000
b1100010 :
b1100001 <
0!
0E
#116510000
1!
1E
#116520000
0!
0E
#116530000
1!
1E
#116540000
0!
0E
#116550000
1!
1E
#116560000
0!
0E
#116570000
1!
1E
#116580000
0!
0E
#116590000
1!
1E
#116600000
0!
0E
#116610000
1!
1E
#116620000
0!
0E
#116630000
1!
1E
#116640000
0!
0E
#116650000
1!
1E
#116660000
0!
0E
#116670000
1!
1E
#116680000
0!
0E
#116690000
1!
1E
#116700000
0!
0E
#116710000
1!
1E
#116720000
0!
0E
#116730000
1!
1E
#116740000
0!
0E
#116750000
1!
1E
#116760000
0!
0E
#116770000
1!
1E
#116780000
0!
0E
#116790000
1!
1E
#116800000
0!
0E
#116810000
1!
1E
#116820000
0!
0E
#116830000
1!
1E
#116840000
0!
0E
#116850000
1!
1E
#116860000
0!
0E
#116870000
1!
1E
#116880000
0!
0E
#116890000
1!
1E
#116900000
0!
0E
#116910000
1!
1E
#116920000
0!
0E
#116930000
1!
1E
#116940000
0!
0E
#116950000
1!
1E
#116960000
0!
0E
#116970000
1!
1E
#116980000
0!
0E
#116990000
1!
1E
#117000000
0!
0E
#117010000
1!
1E
#117020000
0!
0E
#117030000
1!
1E
#117040000
0!
0E
#117050000
1!
1E
#117060000
0!
0E
#117070000
1!
1E
#117080000
0!
0E
#117090000
1!
1E
#117100000
0!
0E
#117110000
1!
1E
#117120000
0!
0E
#117130000
1!
1E
#117140000
0!
0E
#117150000
1!
1E
#117160000
0!
0E
#117170000
1!
1E
#117180000
0!
0E
#117190000
1!
1E
#117200000
0!
0E
#117210000
1!
1E
#117220000
0!
0E
#117230000
1!
1E
#117240000
0!
0E
#117250000
1!
1E
#117260000
0!
0E
#117270000
1!
1E
#117280000
0!
0E
#117290000
1!
1E
#117300000
0!
0E
#117310000
1!
1E
#117320000
0!
0E
#117330000
1!
1E
#117340000
0!
0E
#117350000
1!
1E
#117360000
0!
0E
#117370000
1!
1E
#117380000
0!
0E
#117390000
1!
1E
#117400000
0!
0E
#117410000
1!
1E
#117420000
0!
0E
#117430000
1!
1E
#117440000
0!
0E
#117450000
1!
1E
#117460000
0!
0E
#117470000
1!
1E
#117480000
0!
0E
#117490000
1!
1E
#117500000
b1100000 >
b1100000 %
b100000 &
1'
0!
0W
0V
0U
0T
0S
1R
0O
0N
0M
0L
0K
1J
1X
0E
#117510000
1!
1E
1Z
10
#117520000
0!
0E
#117530000
1!
1E
0Z
1Z
#117540000
0!
0E
#117550000
1!
1E
0Z
1Z
#117560000
0!
0E
#117570000
1!
1E
0Z
1Z
#117580000
0!
0E
#117590000
1!
1E
0Z
1Z
#117600000
0'
0!
0X
0E
#117610000
1!
1E
0Z
00
#117620000
0!
0E
#117630000
1!
1E
#117640000
0!
0E
#117650000
1!
1E
#117660000
0!
0E
#117670000
1!
1E
#117680000
0!
0E
#117690000
1!
1E
#117700000
b1100011 :
b1100010 <
0!
0E
#117710000
1!
1E
#117720000
0!
0E
#117730000
1!
1E
#117740000
0!
0E
#117750000
1!
1E
#117760000
0!
0E
#117770000
1!
1E
#117780000
0!
0E
#117790000
1!
1E
#117800000
0!
0E
#117810000
1!
1E
#117820000
0!
0E
#117830000
1!
1E
#117840000
0!
0E
#117850000
1!
1E
#117860000
0!
0E
#117870000
1!
1E
#117880000
0!
0E
#117890000
1!
1E
#117900000
0!
0E
#117910000
1!
1E
#117920000
0!
0E
#117930000
1!
1E
#117940000
0!
0E
#117950000
1!
1E
#117960000
0!
0E
#117970000
1!
1E
#117980000
0!
0E
#117990000
1!
1E
#118000000
0!
0E
#118010000
1!
1E
#118020000
0!
0E
#118030000
1!
1E
#118040000
0!
0E
#118050000
1!
1E
#118060000
0!
0E
#118070000
1!
1E
#118080000
0!
0E
#118090000
1!
1E
#118100000
0!
0E
#118110000
1!
1E
#118120000
0!
0E
#118130000
1!
1E
#118140000
0!
0E
#118150000
1!
1E
#118160000
0!
0E
#118170000
1!
1E
#118180000
0!
0E
#118190000
1!
1E
#118200000
0!
0E
#118210000
1!
1E
#118220000
0!
0E
#118230000
1!
1E
#118240000
0!
0E
#118250000
1!
1E
#118260000
0!
0E
#118270000
1!
1E
#118280000
0!
0E
#118290000
1!
1E
#118300000
0!
0E
#118310000
1!
1E
#118320000
0!
0E
#118330000
1!
1E
#118340000
0!
0E
#118350000
1!
1E
#118360000
0!
0E
#118370000
1!
1E
#118380000
0!
0E
#118390000
1!
1E
#118400000
0!
0E
#118410000
1!
1E
#118420000
0!
0E
#118430000
1!
1E
#118440000
0!
0E
#118450000
1!
1E
#118460000
0!
0E
#118470000
1!
1E
#118480000
0!
0E
#118490000
1!
1E
#118500000
0!
0E
#118510000
1!
1E
#118520000
0!
0E
#118530000
1!
1E
#118540000
0!
0E
#118550000
1!
1E
#118560000
0!
0E
#118570000
1!
1E
#118580000
0!
0E
#118590000
1!
1E
#118600000
0!
0E
#118610000
1!
1E
#118620000
0!
0E
#118630000
1!
1E
#118640000
0!
0E
#118650000
1!
1E
#118660000
0!
0E
#118670000
1!
1E
#118680000
0!
0E
#118690000
1!
1E
#118700000
b1100001 >
b1100001 %
b100001 &
1'
0!
1W
1O
1X
0E
#118710000
1!
1E
1Z
10
#118720000
0!
0E
#118730000
1!
1E
0Z
1Z
#118740000
0!
0E
#118750000
1!
1E
0Z
1Z
#118760000
0!
0E
#118770000
1!
1E
0Z
1Z
#118780000
0!
0E
#118790000
1!
1E
0Z
1Z
#118800000
0'
0!
0X
0E
#118810000
1!
1E
0Z
00
#118820000
0!
0E
#118830000
1!
1E
#118840000
0!
0E
#118850000
1!
1E
#118860000
0!
0E
#118870000
1!
1E
#118880000
0!
0E
#118890000
1!
1E
#118900000
b1100100 :
b1100011 <
0!
0E
#118910000
1!
1E
#118920000
0!
0E
#118930000
1!
1E
#118940000
0!
0E
#118950000
1!
1E
#118960000
0!
0E
#118970000
1!
1E
#118980000
0!
0E
#118990000
1!
1E
#119000000
0!
0E
#119010000
1!
1E
#119020000
0!
0E
#119030000
1!
1E
#119040000
0!
0E
#119050000
1!
1E
#119060000
0!
0E
#119070000
1!
1E
#119080000
0!
0E
#119090000
1!
1E
#119100000
0!
0E
#119110000
1!
1E
#119120000
0!
0E
#119130000
1!
1E
#119140000
0!
0E
#119150000
1!
1E
#119160000
0!
0E
#119170000
1!
1E
#119180000
0!
0E
#119190000
1!
1E
#119200000
0!
0E
#119210000
1!
1E
#119220000
0!
0E
#119230000
1!
1E
#119240000
0!
0E
#119250000
1!
1E
#119260000
0!
0E
#119270000
1!
1E
#119280000
0!
0E
#119290000
1!
1E
#119300000
0!
0E
#119310000
1!
1E
#119320000
0!
0E
#119330000
1!
1E
#119340000
0!
0E
#119350000
1!
1E
#119360000
0!
0E
#119370000
1!
1E
#119380000
0!
0E
#119390000
1!
1E
#119400000
0!
0E
#119410000
1!
1E
#119420000
0!
0E
#119430000
1!
1E
#119440000
0!
0E
#119450000
1!
1E
#119460000
0!
0E
#119470000
1!
1E
#119480000
0!
0E
#119490000
1!
1E
#119500000
0!
0E
#119510000
1!
1E
#119520000
0!
0E
#119530000
1!
1E
#119540000
0!
0E
#119550000
1!
1E
#119560000
0!
0E
#119570000
1!
1E
#119580000
0!
0E
#119590000
1!
1E
#119600000
0!
0E
#119610000
1!
1E
#119620000
0!
0E
#119630000
1!
1E
#119640000
0!
0E
#119650000
1!
1E
#119660000
0!
0E
#119670000
1!
1E
#119680000
0!
0E
#119690000
1!
1E
#119700000
0!
0E
#119710000
1!
1E
#119720000
0!
0E
#119730000
1!
1E
#119740000
0!
0E
#119750000
1!
1E
#119760000
0!
0E
#119770000
1!
1E
#119780000
0!
0E
#119790000
1!
1E
#119800000
0!
0E
#119810000
1!
1E
#119820000
0!
0E
#119830000
1!
1E
#119840000
0!
0E
#119850000
1!
1E
#119860000
0!
0E
#119870000
1!
1E
#119880000
0!
0E
#119890000
1!
1E
#119900000
b1100010 >
b1100010 %
b100010 &
1'
0!
0W
1V
0O
1N
1X
0E
#119910000
1!
1E
1Z
10
#119920000
0!
0E
#119930000
1!
1E
0Z
1Z
#119940000
0!
0E
#119950000
1!
1E
0Z
1Z
#119960000
0!
0E
#119970000
1!
1E
0Z
1Z
#119980000
0!
0E
#119990000
1!
1E
0Z
1Z
#120000000
0'
0!
0X
0E
#120010000
1!
1E
0Z
00
#120020000
0!
0E
#120030000
1!
1E
#120040000
0!
0E
#120050000
1!
1E
#120060000
0!
0E
#120070000
1!
1E
#120080000
0!
0E
#120090000
1!
1E
#120100000
b1100101 :
b1100100 <
0!
0E
#120110000
1!
1E
#120120000
0!
0E
#120130000
1!
1E
#120140000
0!
0E
#120150000
1!
1E
#120160000
0!
0E
#120170000
1!
1E
#120180000
0!
0E
#120190000
1!
1E
#120200000
0!
0E
#120210000
1!
1E
#120220000
0!
0E
#120230000
1!
1E
#120240000
0!
0E
#120250000
1!
1E
#120260000
0!
0E
#120270000
1!
1E
#120280000
0!
0E
#120290000
1!
1E
#120300000
0!
0E
#120310000
1!
1E
#120320000
0!
0E
#120330000
1!
1E
#120340000
0!
0E
#120350000
1!
1E
#120360000
0!
0E
#120370000
1!
1E
#120380000
0!
0E
#120390000
1!
1E
#120400000
0!
0E
#120410000
1!
1E
#120420000
0!
0E
#120430000
1!
1E
#120440000
0!
0E
#120450000
1!
1E
#120460000
0!
0E
#120470000
1!
1E
#120480000
0!
0E
#120490000
1!
1E
#120500000
0!
0E
#120510000
1!
1E
#120520000
0!
0E
#120530000
1!
1E
#120540000
0!
0E
#120550000
1!
1E
#120560000
0!
0E
#120570000
1!
1E
#120580000
0!
0E
#120590000
1!
1E
#120600000
0!
0E
#120610000
1!
1E
#120620000
0!
0E
#120630000
1!
1E
#120640000
0!
0E
#120650000
1!
1E
#120660000
0!
0E
#120670000
1!
1E
#120680000
0!
0E
#120690000
1!
1E
#120700000
0!
0E
#120710000
1!
1E
#120720000
0!
0E
#120730000
1!
1E
#120740000
0!
0E
#120750000
1!
1E
#120760000
0!
0E
#120770000
1!
1E
#120780000
0!
0E
#120790000
1!
1E
#120800000
0!
0E
#120810000
1!
1E
#120820000
0!
0E
#120830000
1!
1E
#120840000
0!
0E
#120850000
1!
1E
#120860000
0!
0E
#120870000
1!
1E
#120880000
0!
0E
#120890000
1!
1E
#120900000
0!
0E
#120910000
1!
1E
#120920000
0!
0E
#120930000
1!
1E
#120940000
0!
0E
#120950000
1!
1E
#120960000
0!
0E
#120970000
1!
1E
#120980000
0!
0E
#120990000
1!
1E
#121000000
0!
0E
#121010000
1!
1E
#121020000
0!
0E
#121030000
1!
1E
#121040000
0!
0E
#121050000
1!
1E
#121060000
0!
0E
#121070000
1!
1E
#121080000
0!
0E
#121090000
1!
1E
#121100000
b1100011 >
b1100011 %
b100011 &
1'
0!
1W
1O
1X
0E
#121110000
1!
1E
1Z
10
#121120000
0!
0E
#121130000
1!
1E
0Z
1Z
#121140000
0!
0E
#121150000
1!
1E
0Z
1Z
#121160000
0!
0E
#121170000
1!
1E
0Z
1Z
#121180000
0!
0E
#121190000
1!
1E
0Z
1Z
#121200000
0'
0!
0X
0E
#121210000
1!
1E
0Z
00
#121220000
0!
0E
#121230000
1!
1E
#121240000
0!
0E
#121250000
1!
1E
#121260000
0!
0E
#121270000
1!
1E
#121280000
0!
0E
#121290000
1!
1E
#121300000
b1100110 :
b1100101 <
0!
0E
#121310000
1!
1E
#121320000
0!
0E
#121330000
1!
1E
#121340000
0!
0E
#121350000
1!
1E
#121360000
0!
0E
#121370000
1!
1E
#121380000
0!
0E
#121390000
1!
1E
#121400000
0!
0E
#121410000
1!
1E
#121420000
0!
0E
#121430000
1!
1E
#121440000
0!
0E
#121450000
1!
1E
#121460000
0!
0E
#121470000
1!
1E
#121480000
0!
0E
#121490000
1!
1E
#121500000
0!
0E
#121510000
1!
1E
#121520000
0!
0E
#121530000
1!
1E
#121540000
0!
0E
#121550000
1!
1E
#121560000
0!
0E
#121570000
1!
1E
#121580000
0!
0E
#121590000
1!
1E
#121600000
0!
0E
#121610000
1!
1E
#121620000
0!
0E
#121630000
1!
1E
#121640000
0!
0E
#121650000
1!
1E
#121660000
0!
0E
#121670000
1!
1E
#121680000
0!
0E
#121690000
1!
1E
#121700000
0!
0E
#121710000
1!
1E
#121720000
0!
0E
#121730000
1!
1E
#121740000
0!
0E
#121750000
1!
1E
#121760000
0!
0E
#121770000
1!
1E
#121780000
0!
0E
#121790000
1!
1E
#121800000
0!
0E
#121810000
1!
1E
#121820000
0!
0E
#121830000
1!
1E
#121840000
0!
0E
#121850000
1!
1E
#121860000
0!
0E
#121870000
1!
1E
#121880000
0!
0E
#121890000
1!
1E
#121900000
0!
0E
#121910000
1!
1E
#121920000
0!
0E
#121930000
1!
1E
#121940000
0!
0E
#121950000
1!
1E
#121960000
0!
0E
#121970000
1!
1E
#121980000
0!
0E
#121990000
1!
1E
#122000000
0!
0E
#122010000
1!
1E
#122020000
0!
0E
#122030000
1!
1E
#122040000
0!
0E
#122050000
1!
1E
#122060000
0!
0E
#122070000
1!
1E
#122080000
0!
0E
#122090000
1!
1E
#122100000
0!
0E
#122110000
1!
1E
#122120000
0!
0E
#122130000
1!
1E
#122140000
0!
0E
#122150000
1!
1E
#122160000
0!
0E
#122170000
1!
1E
#122180000
0!
0E
#122190000
1!
1E
#122200000
0!
0E
#122210000
1!
1E
#122220000
0!
0E
#122230000
1!
1E
#122240000
0!
0E
#122250000
1!
1E
#122260000
0!
0E
#122270000
1!
1E
#122280000
0!
0E
#122290000
1!
1E
#122300000
b1100100 >
b1100100 %
b100100 &
1'
0!
0W
0V
1U
0O
0N
1M
1X
0E
#122310000
1!
1E
1Z
10
#122320000
0!
0E
#122330000
1!
1E
0Z
1Z
#122340000
0!
0E
#122350000
1!
1E
0Z
1Z
#122360000
0!
0E
#122370000
1!
1E
0Z
1Z
#122380000
0!
0E
#122390000
1!
1E
0Z
1Z
#122400000
0'
0!
0X
0E
#122410000
1!
1E
0Z
00
#122420000
0!
0E
#122430000
1!
1E
#122440000
0!
0E
#122450000
1!
1E
#122460000
0!
0E
#122470000
1!
1E
#122480000
0!
0E
#122490000
1!
1E
#122500000
b1100111 :
b1100110 <
0!
0E
#122510000
1!
1E
#122520000
0!
0E
#122530000
1!
1E
#122540000
0!
0E
#122550000
1!
1E
#122560000
0!
0E
#122570000
1!
1E
#122580000
0!
0E
#122590000
1!
1E
#122600000
0!
0E
#122610000
1!
1E
#122620000
0!
0E
#122630000
1!
1E
#122640000
0!
0E
#122650000
1!
1E
#122660000
0!
0E
#122670000
1!
1E
#122680000
0!
0E
#122690000
1!
1E
#122700000
0!
0E
#122710000
1!
1E
#122720000
0!
0E
#122730000
1!
1E
#122740000
0!
0E
#122750000
1!
1E
#122760000
0!
0E
#122770000
1!
1E
#122780000
0!
0E
#122790000
1!
1E
#122800000
0!
0E
#122810000
1!
1E
#122820000
0!
0E
#122830000
1!
1E
#122840000
0!
0E
#122850000
1!
1E
#122860000
0!
0E
#122870000
1!
1E
#122880000
0!
0E
#122890000
1!
1E
#122900000
0!
0E
#122910000
1!
1E
#122920000
0!
0E
#122930000
1!
1E
#122940000
0!
0E
#122950000
1!
1E
#122960000
0!
0E
#122970000
1!
1E
#122980000
0!
0E
#122990000
1!
1E
#123000000
0!
0E
#123010000
1!
1E
#123020000
0!
0E
#123030000
1!
1E
#123040000
0!
0E
#123050000
1!
1E
#123060000
0!
0E
#123070000
1!
1E
#123080000
0!
0E
#123090000
1!
1E
#123100000
0!
0E
#123110000
1!
1E
#123120000
0!
0E
#123130000
1!
1E
#123140000
0!
0E
#123150000
1!
1E
#123160000
0!
0E
#123170000
1!
1E
#123180000
0!
0E
#123190000
1!
1E
#123200000
0!
0E
#123210000
1!
1E
#123220000
0!
0E
#123230000
1!
1E
#123240000
0!
0E
#123250000
1!
1E
#123260000
0!
0E
#123270000
1!
1E
#123280000
0!
0E
#123290000
1!
1E
#123300000
0!
0E
#123310000
1!
1E
#123320000
0!
0E
#123330000
1!
1E
#123340000
0!
0E
#123350000
1!
1E
#123360000
0!
0E
#123370000
1!
1E
#123380000
0!
0E
#123390000
1!
1E
#123400000
0!
0E
#123410000
1!
1E
#123420000
0!
0E
#123430000
1!
1E
#123440000
0!
0E
#123450000
1!
1E
#123460000
0!
0E
#123470000
1!
1E
#123480000
0!
0E
#123490000
1!
1E
#123500000
b1100101 >
b1100101 %
b100101 &
1'
0!
1W
1O
1X
0E
#123510000
1!
1E
1Z
10
#123520000
0!
0E
#123530000
1!
1E
0Z
1Z
#123540000
0!
0E
#123550000
1!
1E
0Z
1Z
#123560000
0!
0E
#123570000
1!
1E
0Z
1Z
#123580000
0!
0E
#123590000
1!
1E
0Z
1Z
#123600000
0'
0!
0X
0E
#123610000
1!
1E
0Z
00
#123620000
0!
0E
#123630000
1!
1E
#123640000
0!
0E
#123650000
1!
1E
#123660000
0!
0E
#123670000
1!
1E
#123680000
0!
0E
#123690000
1!
1E
#123700000
b1101000 :
b1100111 <
0!
0E
#123710000
1!
1E
#123720000
0!
0E
#123730000
1!
1E
#123740000
0!
0E
#123750000
1!
1E
#123760000
0!
0E
#123770000
1!
1E
#123780000
0!
0E
#123790000
1!
1E
#123800000
0!
0E
#123810000
1!
1E
#123820000
0!
0E
#123830000
1!
1E
#123840000
0!
0E
#123850000
1!
1E
#123860000
0!
0E
#123870000
1!
1E
#123880000
0!
0E
#123890000
1!
1E
#123900000
0!
0E
#123910000
1!
1E
#123920000
0!
0E
#123930000
1!
1E
#123940000
0!
0E
#123950000
1!
1E
#123960000
0!
0E
#123970000
1!
1E
#123980000
0!
0E
#123990000
1!
1E
#124000000
0!
0E
#124010000
1!
1E
#124020000
0!
0E
#124030000
1!
1E
#124040000
0!
0E
#124050000
1!
1E
#124060000
0!
0E
#124070000
1!
1E
#124080000
0!
0E
#124090000
1!
1E
#124100000
0!
0E
#124110000
1!
1E
#124120000
0!
0E
#124130000
1!
1E
#124140000
0!
0E
#124150000
1!
1E
#124160000
0!
0E
#124170000
1!
1E
#124180000
0!
0E
#124190000
1!
1E
#124200000
0!
0E
#124210000
1!
1E
#124220000
0!
0E
#124230000
1!
1E
#124240000
0!
0E
#124250000
1!
1E
#124260000
0!
0E
#124270000
1!
1E
#124280000
0!
0E
#124290000
1!
1E
#124300000
0!
0E
#124310000
1!
1E
#124320000
0!
0E
#124330000
1!
1E
#124340000
0!
0E
#124350000
1!
1E
#124360000
0!
0E
#124370000
1!
1E
#124380000
0!
0E
#124390000
1!
1E
#124400000
0!
0E
#124410000
1!
1E
#124420000
0!
0E
#124430000
1!
1E
#124440000
0!
0E
#124450000
1!
1E
#124460000
0!
0E
#124470000
1!
1E
#124480000
0!
0E
#124490000
1!
1E
#124500000
0!
0E
#124510000
1!
1E
#124520000
0!
0E
#124530000
1!
1E
#124540000
0!
0E
#124550000
1!
1E
#124560000
0!
0E
#124570000
1!
1E
#124580000
0!
0E
#124590000
1!
1E
#124600000
0!
0E
#124610000
1!
1E
#124620000
0!
0E
#124630000
1!
1E
#124640000
0!
0E
#124650000
1!
1E
#124660000
0!
0E
#124670000
1!
1E
#124680000
0!
0E
#124690000
1!
1E
#124700000
b1100110 >
b1100110 %
b100110 &
1'
0!
0W
1V
0O
1N
1X
0E
#124710000
1!
1E
1Z
10
#124720000
0!
0E
#124730000
1!
1E
0Z
1Z
#124740000
0!
0E
#124750000
1!
1E
0Z
1Z
#124760000
0!
0E
#124770000
1!
1E
0Z
1Z
#124780000
0!
0E
#124790000
1!
1E
0Z
1Z
#124800000
0'
0!
0X
0E
#124810000
1!
1E
0Z
00
#124820000
0!
0E
#124830000
1!
1E
#124840000
0!
0E
#124850000
1!
1E
#124860000
0!
0E
#124870000
1!
1E
#124880000
0!
0E
#124890000
1!
1E
#124900000
b1101001 :
b1101000 <
0!
0E
#124910000
1!
1E
#124920000
0!
0E
#124930000
1!
1E
#124940000
0!
0E
#124950000
1!
1E
#124960000
0!
0E
#124970000
1!
1E
#124980000
0!
0E
#124990000
1!
1E
#125000000
0!
0E
#125010000
1!
1E
#125020000
0!
0E
#125030000
1!
1E
#125040000
0!
0E
#125050000
1!
1E
#125060000
0!
0E
#125070000
1!
1E
#125080000
0!
0E
#125090000
1!
1E
#125100000
0!
0E
#125110000
1!
1E
#125120000
0!
0E
#125130000
1!
1E
#125140000
0!
0E
#125150000
1!
1E
#125160000
0!
0E
#125170000
1!
1E
#125180000
0!
0E
#125190000
1!
1E
#125200000
0!
0E
#125210000
1!
1E
#125220000
0!
0E
#125230000
1!
1E
#125240000
0!
0E
#125250000
1!
1E
#125260000
0!
0E
#125270000
1!
1E
#125280000
0!
0E
#125290000
1!
1E
#125300000
0!
0E
#125310000
1!
1E
#125320000
0!
0E
#125330000
1!
1E
#125340000
0!
0E
#125350000
1!
1E
#125360000
0!
0E
#125370000
1!
1E
#125380000
0!
0E
#125390000
1!
1E
#125400000
0!
0E
#125410000
1!
1E
#125420000
0!
0E
#125430000
1!
1E
#125440000
0!
0E
#125450000
1!
1E
#125460000
0!
0E
#125470000
1!
1E
#125480000
0!
0E
#125490000
1!
1E
#125500000
0!
0E
#125510000
1!
1E
#125520000
0!
0E
#125530000
1!
1E
#125540000
0!
0E
#125550000
1!
1E
#125560000
0!
0E
#125570000
1!
1E
#125580000
0!
0E
#125590000
1!
1E
#125600000
0!
0E
#125610000
1!
1E
#125620000
0!
0E
#125630000
1!
1E
#125640000
0!
0E
#125650000
1!
1E
#125660000
0!
0E
#125670000
1!
1E
#125680000
0!
0E
#125690000
1!
1E
#125700000
0!
0E
#125710000
1!
1E
#125720000
0!
0E
#125730000
1!
1E
#125740000
0!
0E
#125750000
1!
1E
#125760000
0!
0E
#125770000
1!
1E
#125780000
0!
0E
#125790000
1!
1E
#125800000
0!
0E
#125810000
1!
1E
#125820000
0!
0E
#125830000
1!
1E
#125840000
0!
0E
#125850000
1!
1E
#125860000
0!
0E
#125870000
1!
1E
#125880000
0!
0E
#125890000
1!
1E
#125900000
b1100111 >
b1100111 %
b100111 &
1'
0!
1W
1O
1X
0E
#125910000
1!
1E
1Z
10
#125920000
0!
0E
#125930000
1!
1E
0Z
1Z
#125940000
0!
0E
#125950000
1!
1E
0Z
1Z
#125960000
0!
0E
#125970000
1!
1E
0Z
1Z
#125980000
0!
0E
#125990000
1!
1E
0Z
1Z
#126000000
0'
0!
0X
0E
#126010000
1!
1E
0Z
00
#126020000
0!
0E
#126030000
1!
1E
#126040000
0!
0E
#126050000
1!
1E
#126060000
0!
0E
#126070000
1!
1E
#126080000
0!
0E
#126090000
1!
1E
#126100000
b1101010 :
b1101001 <
0!
0E
#126110000
1!
1E
#126120000
0!
0E
#126130000
1!
1E
#126140000
0!
0E
#126150000
1!
1E
#126160000
0!
0E
#126170000
1!
1E
#126180000
0!
0E
#126190000
1!
1E
#126200000
0!
0E
#126210000
1!
1E
#126220000
0!
0E
#126230000
1!
1E
#126240000
0!
0E
#126250000
1!
1E
#126260000
0!
0E
#126270000
1!
1E
#126280000
0!
0E
#126290000
1!
1E
#126300000
0!
0E
#126310000
1!
1E
#126320000
0!
0E
#126330000
1!
1E
#126340000
0!
0E
#126350000
1!
1E
#126360000
0!
0E
#126370000
1!
1E
#126380000
0!
0E
#126390000
1!
1E
#126400000
0!
0E
#126410000
1!
1E
#126420000
0!
0E
#126430000
1!
1E
#126440000
0!
0E
#126450000
1!
1E
#126460000
0!
0E
#126470000
1!
1E
#126480000
0!
0E
#126490000
1!
1E
#126500000
0!
0E
#126510000
1!
1E
#126520000
0!
0E
#126530000
1!
1E
#126540000
0!
0E
#126550000
1!
1E
#126560000
0!
0E
#126570000
1!
1E
#126580000
0!
0E
#126590000
1!
1E
#126600000
0!
0E
#126610000
1!
1E
#126620000
0!
0E
#126630000
1!
1E
#126640000
0!
0E
#126650000
1!
1E
#126660000
0!
0E
#126670000
1!
1E
#126680000
0!
0E
#126690000
1!
1E
#126700000
0!
0E
#126710000
1!
1E
#126720000
0!
0E
#126730000
1!
1E
#126740000
0!
0E
#126750000
1!
1E
#126760000
0!
0E
#126770000
1!
1E
#126780000
0!
0E
#126790000
1!
1E
#126800000
0!
0E
#126810000
1!
1E
#126820000
0!
0E
#126830000
1!
1E
#126840000
0!
0E
#126850000
1!
1E
#126860000
0!
0E
#126870000
1!
1E
#126880000
0!
0E
#126890000
1!
1E
#126900000
0!
0E
#126910000
1!
1E
#126920000
0!
0E
#126930000
1!
1E
#126940000
0!
0E
#126950000
1!
1E
#126960000
0!
0E
#126970000
1!
1E
#126980000
0!
0E
#126990000
1!
1E
#127000000
0!
0E
#127010000
1!
1E
#127020000
0!
0E
#127030000
1!
1E
#127040000
0!
0E
#127050000
1!
1E
#127060000
0!
0E
#127070000
1!
1E
#127080000
0!
0E
#127090000
1!
1E
#127100000
b1101000 >
b1101000 %
b101000 &
1'
0!
0W
0V
0U
1T
0O
0N
0M
1L
1X
0E
#127110000
1!
1E
1Z
10
#127120000
0!
0E
#127130000
1!
1E
0Z
1Z
#127140000
0!
0E
#127150000
1!
1E
0Z
1Z
#127160000
0!
0E
#127170000
1!
1E
0Z
1Z
#127180000
0!
0E
#127190000
1!
1E
0Z
1Z
#127200000
0'
0!
0X
0E
#127210000
1!
1E
0Z
00
#127220000
0!
0E
#127230000
1!
1E
#127240000
0!
0E
#127250000
1!
1E
#127260000
0!
0E
#127270000
1!
1E
#127280000
0!
0E
#127290000
1!
1E
#127300000
b1101011 :
b1101010 <
0!
0E
#127310000
1!
1E
#127320000
0!
0E
#127330000
1!
1E
#127340000
0!
0E
#127350000
1!
1E
#127360000
0!
0E
#127370000
1!
1E
#127380000
0!
0E
#127390000
1!
1E
#127400000
0!
0E
#127410000
1!
1E
#127420000
0!
0E
#127430000
1!
1E
#127440000
0!
0E
#127450000
1!
1E
#127460000
0!
0E
#127470000
1!
1E
#127480000
0!
0E
#127490000
1!
1E
#127500000
0!
0E
#127510000
1!
1E
#127520000
0!
0E
#127530000
1!
1E
#127540000
0!
0E
#127550000
1!
1E
#127560000
0!
0E
#127570000
1!
1E
#127580000
0!
0E
#127590000
1!
1E
#127600000
0!
0E
#127610000
1!
1E
#127620000
0!
0E
#127630000
1!
1E
#127640000
0!
0E
#127650000
1!
1E
#127660000
0!
0E
#127670000
1!
1E
#127680000
0!
0E
#127690000
1!
1E
#127700000
0!
0E
#127710000
1!
1E
#127720000
0!
0E
#127730000
1!
1E
#127740000
0!
0E
#127750000
1!
1E
#127760000
0!
0E
#127770000
1!
1E
#127780000
0!
0E
#127790000
1!
1E
#127800000
0!
0E
#127810000
1!
1E
#127820000
0!
0E
#127830000
1!
1E
#127840000
0!
0E
#127850000
1!
1E
#127860000
0!
0E
#127870000
1!
1E
#127880000
0!
0E
#127890000
1!
1E
#127900000
0!
0E
#127910000
1!
1E
#127920000
0!
0E
#127930000
1!
1E
#127940000
0!
0E
#127950000
1!
1E
#127960000
0!
0E
#127970000
1!
1E
#127980000
0!
0E
#127990000
1!
1E
#128000000
0!
0E
#128010000
1!
1E
#128020000
0!
0E
#128030000
1!
1E
#128040000
0!
0E
#128050000
1!
1E
#128060000
0!
0E
#128070000
1!
1E
#128080000
0!
0E
#128090000
1!
1E
#128100000
0!
0E
#128110000
1!
1E
#128120000
0!
0E
#128130000
1!
1E
#128140000
0!
0E
#128150000
1!
1E
#128160000
0!
0E
#128170000
1!
1E
#128180000
0!
0E
#128190000
1!
1E
#128200000
0!
0E
#128210000
1!
1E
#128220000
0!
0E
#128230000
1!
1E
#128240000
0!
0E
#128250000
1!
1E
#128260000
0!
0E
#128270000
1!
1E
#128280000
0!
0E
#128290000
1!
1E
#128300000
b1101001 >
b1101001 %
b101001 &
1'
0!
1W
1O
1X
0E
#128310000
1!
1E
1Z
10
#128320000
0!
0E
#128330000
1!
1E
0Z
1Z
#128340000
0!
0E
#128350000
1!
1E
0Z
1Z
#128360000
0!
0E
#128370000
1!
1E
0Z
1Z
#128380000
0!
0E
#128390000
1!
1E
0Z
1Z
#128400000
0'
0!
0X
0E
#128410000
1!
1E
0Z
00
#128420000
0!
0E
#128430000
1!
1E
#128440000
0!
0E
#128450000
1!
1E
#128460000
0!
0E
#128470000
1!
1E
#128480000
0!
0E
#128490000
1!
1E
#128500000
b1101100 :
b1101011 <
0!
0E
#128510000
1!
1E
#128520000
0!
0E
#128530000
1!
1E
#128540000
0!
0E
#128550000
1!
1E
#128560000
0!
0E
#128570000
1!
1E
#128580000
0!
0E
#128590000
1!
1E
#128600000
0!
0E
#128610000
1!
1E
#128620000
0!
0E
#128630000
1!
1E
#128640000
0!
0E
#128650000
1!
1E
#128660000
0!
0E
#128670000
1!
1E
#128680000
0!
0E
#128690000
1!
1E
#128700000
0!
0E
#128710000
1!
1E
#128720000
0!
0E
#128730000
1!
1E
#128740000
0!
0E
#128750000
1!
1E
#128760000
0!
0E
#128770000
1!
1E
#128780000
0!
0E
#128790000
1!
1E
#128800000
0!
0E
#128810000
1!
1E
#128820000
0!
0E
#128830000
1!
1E
#128840000
0!
0E
#128850000
1!
1E
#128860000
0!
0E
#128870000
1!
1E
#128880000
0!
0E
#128890000
1!
1E
#128900000
0!
0E
#128910000
1!
1E
#128920000
0!
0E
#128930000
1!
1E
#128940000
0!
0E
#128950000
1!
1E
#128960000
0!
0E
#128970000
1!
1E
#128980000
0!
0E
#128990000
1!
1E
#129000000
0!
0E
#129010000
1!
1E
#129020000
0!
0E
#129030000
1!
1E
#129040000
0!
0E
#129050000
1!
1E
#129060000
0!
0E
#129070000
1!
1E
#129080000
0!
0E
#129090000
1!
1E
#129100000
0!
0E
#129110000
1!
1E
#129120000
0!
0E
#129130000
1!
1E
#129140000
0!
0E
#129150000
1!
1E
#129160000
0!
0E
#129170000
1!
1E
#129180000
0!
0E
#129190000
1!
1E
#129200000
0!
0E
#129210000
1!
1E
#129220000
0!
0E
#129230000
1!
1E
#129240000
0!
0E
#129250000
1!
1E
#129260000
0!
0E
#129270000
1!
1E
#129280000
0!
0E
#129290000
1!
1E
#129300000
0!
0E
#129310000
1!
1E
#129320000
0!
0E
#129330000
1!
1E
#129340000
0!
0E
#129350000
1!
1E
#129360000
0!
0E
#129370000
1!
1E
#129380000
0!
0E
#129390000
1!
1E
#129400000
0!
0E
#129410000
1!
1E
#129420000
0!
0E
#129430000
1!
1E
#129440000
0!
0E
#129450000
1!
1E
#129460000
0!
0E
#129470000
1!
1E
#129480000
0!
0E
#129490000
1!
1E
#129500000
b1101010 >
b1101010 %
b101010 &
1'
0!
0W
1V
0O
1N
1X
0E
#129510000
1!
1E
1Z
10
#129520000
0!
0E
#129530000
1!
1E
0Z
1Z
#129540000
0!
0E
#129550000
1!
1E
0Z
1Z
#129560000
0!
0E
#129570000
1!
1E
0Z
1Z
#129580000
0!
0E
#129590000
1!
1E
0Z
1Z
#129600000
0'
0!
0X
0E
#129610000
1!
1E
0Z
00
#129620000
0!
0E
#129630000
1!
1E
#129640000
0!
0E
#129650000
1!
1E
#129660000
0!
0E
#129670000
1!
1E
#129680000
0!
0E
#129690000
1!
1E
#129700000
b1101101 :
b1101100 <
0!
0E
#129710000
1!
1E
#129720000
0!
0E
#129730000
1!
1E
#129740000
0!
0E
#129750000
1!
1E
#129760000
0!
0E
#129770000
1!
1E
#129780000
0!
0E
#129790000
1!
1E
#129800000
0!
0E
#129810000
1!
1E
#129820000
0!
0E
#129830000
1!
1E
#129840000
0!
0E
#129850000
1!
1E
#129860000
0!
0E
#129870000
1!
1E
#129880000
0!
0E
#129890000
1!
1E
#129900000
0!
0E
#129910000
1!
1E
#129920000
0!
0E
#129930000
1!
1E
#129940000
0!
0E
#129950000
1!
1E
#129960000
0!
0E
#129970000
1!
1E
#129980000
0!
0E
#129990000
1!
1E
#130000000
0!
0E
#130010000
1!
1E
#130020000
0!
0E
#130030000
1!
1E
#130040000
0!
0E
#130050000
1!
1E
#130060000
0!
0E
#130070000
1!
1E
#130080000
0!
0E
#130090000
1!
1E
#130100000
0!
0E
#130110000
1!
1E
#130120000
0!
0E
#130130000
1!
1E
#130140000
0!
0E
#130150000
1!
1E
#130160000
0!
0E
#130170000
1!
1E
#130180000
0!
0E
#130190000
1!
1E
#130200000
0!
0E
#130210000
1!
1E
#130220000
0!
0E
#130230000
1!
1E
#130240000
0!
0E
#130250000
1!
1E
#130260000
0!
0E
#130270000
1!
1E
#130280000
0!
0E
#130290000
1!
1E
#130300000
0!
0E
#130310000
1!
1E
#130320000
0!
0E
#130330000
1!
1E
#130340000
0!
0E
#130350000
1!
1E
#130360000
0!
0E
#130370000
1!
1E
#130380000
0!
0E
#130390000
1!
1E
#130400000
0!
0E
#130410000
1!
1E
#130420000
0!
0E
#130430000
1!
1E
#130440000
0!
0E
#130450000
1!
1E
#130460000
0!
0E
#130470000
1!
1E
#130480000
0!
0E
#130490000
1!
1E
#130500000
0!
0E
#130510000
1!
1E
#130520000
0!
0E
#130530000
1!
1E
#130540000
0!
0E
#130550000
1!
1E
#130560000
0!
0E
#130570000
1!
1E
#130580000
0!
0E
#130590000
1!
1E
#130600000
0!
0E
#130610000
1!
1E
#130620000
0!
0E
#130630000
1!
1E
#130640000
0!
0E
#130650000
1!
1E
#130660000
0!
0E
#130670000
1!
1E
#130680000
0!
0E
#130690000
1!
1E
#130700000
b1101011 >
b1101011 %
b101011 &
1'
0!
1W
1O
1X
0E
#130710000
1!
1E
1Z
10
#130720000
0!
0E
#130730000
1!
1E
0Z
1Z
#130740000
0!
0E
#130750000
1!
1E
0Z
1Z
#130760000
0!
0E
#130770000
1!
1E
0Z
1Z
#130780000
0!
0E
#130790000
1!
1E
0Z
1Z
#130800000
0'
0!
0X
0E
#130810000
1!
1E
0Z
00
#130820000
0!
0E
#130830000
1!
1E
#130840000
0!
0E
#130850000
1!
1E
#130860000
0!
0E
#130870000
1!
1E
#130880000
0!
0E
#130890000
1!
1E
#130900000
b1101110 :
b1101101 <
0!
0E
#130910000
1!
1E
#130920000
0!
0E
#130930000
1!
1E
#130940000
0!
0E
#130950000
1!
1E
#130960000
0!
0E
#130970000
1!
1E
#130980000
0!
0E
#130990000
1!
1E
#131000000
0!
0E
#131010000
1!
1E
#131020000
0!
0E
#131030000
1!
1E
#131040000
0!
0E
#131050000
1!
1E
#131060000
0!
0E
#131070000
1!
1E
#131080000
0!
0E
#131090000
1!
1E
#131100000
0!
0E
#131110000
1!
1E
#131120000
0!
0E
#131130000
1!
1E
#131140000
0!
0E
#131150000
1!
1E
#131160000
0!
0E
#131170000
1!
1E
#131180000
0!
0E
#131190000
1!
1E
#131200000
0!
0E
#131210000
1!
1E
#131220000
0!
0E
#131230000
1!
1E
#131240000
0!
0E
#131250000
1!
1E
#131260000
0!
0E
#131270000
1!
1E
#131280000
0!
0E
#131290000
1!
1E
#131300000
0!
0E
#131310000
1!
1E
#131320000
0!
0E
#131330000
1!
1E
#131340000
0!
0E
#131350000
1!
1E
#131360000
0!
0E
#131370000
1!
1E
#131380000
0!
0E
#131390000
1!
1E
#131400000
0!
0E
#131410000
1!
1E
#131420000
0!
0E
#131430000
1!
1E
#131440000
0!
0E
#131450000
1!
1E
#131460000
0!
0E
#131470000
1!
1E
#131480000
0!
0E
#131490000
1!
1E
#131500000
0!
0E
#131510000
1!
1E
#131520000
0!
0E
#131530000
1!
1E
#131540000
0!
0E
#131550000
1!
1E
#131560000
0!
0E
#131570000
1!
1E
#131580000
0!
0E
#131590000
1!
1E
#131600000
0!
0E
#131610000
1!
1E
#131620000
0!
0E
#131630000
1!
1E
#131640000
0!
0E
#131650000
1!
1E
#131660000
0!
0E
#131670000
1!
1E
#131680000
0!
0E
#131690000
1!
1E
#131700000
0!
0E
#131710000
1!
1E
#131720000
0!
0E
#131730000
1!
1E
#131740000
0!
0E
#131750000
1!
1E
#131760000
0!
0E
#131770000
1!
1E
#131780000
0!
0E
#131790000
1!
1E
#131800000
0!
0E
#131810000
1!
1E
#131820000
0!
0E
#131830000
1!
1E
#131840000
0!
0E
#131850000
1!
1E
#131860000
0!
0E
#131870000
1!
1E
#131880000
0!
0E
#131890000
1!
1E
#131900000
b1101100 >
b1101100 %
b101100 &
1'
0!
0W
0V
1U
0O
0N
1M
1X
0E
#131910000
1!
1E
1Z
10
#131920000
0!
0E
#131930000
1!
1E
0Z
1Z
#131940000
0!
0E
#131950000
1!
1E
0Z
1Z
#131960000
0!
0E
#131970000
1!
1E
0Z
1Z
#131980000
0!
0E
#131990000
1!
1E
0Z
1Z
#132000000
0'
0!
0X
0E
#132010000
1!
1E
0Z
00
#132020000
0!
0E
#132030000
1!
1E
#132040000
0!
0E
#132050000
1!
1E
#132060000
0!
0E
#132070000
1!
1E
#132080000
0!
0E
#132090000
1!
1E
#132100000
b1101111 :
b1101110 <
0!
0E
#132110000
1!
1E
#132120000
0!
0E
#132130000
1!
1E
#132140000
0!
0E
#132150000
1!
1E
#132160000
0!
0E
#132170000
1!
1E
#132180000
0!
0E
#132190000
1!
1E
#132200000
0!
0E
#132210000
1!
1E
#132220000
0!
0E
#132230000
1!
1E
#132240000
0!
0E
#132250000
1!
1E
#132260000
0!
0E
#132270000
1!
1E
#132280000
0!
0E
#132290000
1!
1E
#132300000
0!
0E
#132310000
1!
1E
#132320000
0!
0E
#132330000
1!
1E
#132340000
0!
0E
#132350000
1!
1E
#132360000
0!
0E
#132370000
1!
1E
#132380000
0!
0E
#132390000
1!
1E
#132400000
0!
0E
#132410000
1!
1E
#132420000
0!
0E
#132430000
1!
1E
#132440000
0!
0E
#132450000
1!
1E
#132460000
0!
0E
#132470000
1!
1E
#132480000
0!
0E
#132490000
1!
1E
#132500000
0!
0E
#132510000
1!
1E
#132520000
0!
0E
#132530000
1!
1E
#132540000
0!
0E
#132550000
1!
1E
#132560000
0!
0E
#132570000
1!
1E
#132580000
0!
0E
#132590000
1!
1E
#132600000
0!
0E
#132610000
1!
1E
#132620000
0!
0E
#132630000
1!
1E
#132640000
0!
0E
#132650000
1!
1E
#132660000
0!
0E
#132670000
1!
1E
#132680000
0!
0E
#132690000
1!
1E
#132700000
0!
0E
#132710000
1!
1E
#132720000
0!
0E
#132730000
1!
1E
#132740000
0!
0E
#132750000
1!
1E
#132760000
0!
0E
#132770000
1!
1E
#132780000
0!
0E
#132790000
1!
1E
#132800000
0!
0E
#132810000
1!
1E
#132820000
0!
0E
#132830000
1!
1E
#132840000
0!
0E
#132850000
1!
1E
#132860000
0!
0E
#132870000
1!
1E
#132880000
0!
0E
#132890000
1!
1E
#132900000
0!
0E
#132910000
1!
1E
#132920000
0!
0E
#132930000
1!
1E
#132940000
0!
0E
#132950000
1!
1E
#132960000
0!
0E
#132970000
1!
1E
#132980000
0!
0E
#132990000
1!
1E
#133000000
0!
0E
#133010000
1!
1E
#133020000
0!
0E
#133030000
1!
1E
#133040000
0!
0E
#133050000
1!
1E
#133060000
0!
0E
#133070000
1!
1E
#133080000
0!
0E
#133090000
1!
1E
#133100000
b1101101 >
b1101101 %
b101101 &
1'
0!
1W
1O
1X
0E
#133110000
1!
1E
1Z
10
#133120000
0!
0E
#133130000
1!
1E
0Z
1Z
#133140000
0!
0E
#133150000
1!
1E
0Z
1Z
#133160000
0!
0E
#133170000
1!
1E
0Z
1Z
#133180000
0!
0E
#133190000
1!
1E
0Z
1Z
#133200000
0'
0!
0X
0E
#133210000
1!
1E
0Z
00
#133220000
0!
0E
#133230000
1!
1E
#133240000
0!
0E
#133250000
1!
1E
#133260000
0!
0E
#133270000
1!
1E
#133280000
0!
0E
#133290000
1!
1E
#133300000
b1110000 :
b1101111 <
0!
0E
#133310000
1!
1E
#133320000
0!
0E
#133330000
1!
1E
#133340000
0!
0E
#133350000
1!
1E
#133360000
0!
0E
#133370000
1!
1E
#133380000
0!
0E
#133390000
1!
1E
#133400000
0!
0E
#133410000
1!
1E
#133420000
0!
0E
#133430000
1!
1E
#133440000
0!
0E
#133450000
1!
1E
#133460000
0!
0E
#133470000
1!
1E
#133480000
0!
0E
#133490000
1!
1E
#133500000
0!
0E
#133510000
1!
1E
#133520000
0!
0E
#133530000
1!
1E
#133540000
0!
0E
#133550000
1!
1E
#133560000
0!
0E
#133570000
1!
1E
#133580000
0!
0E
#133590000
1!
1E
#133600000
0!
0E
#133610000
1!
1E
#133620000
0!
0E
#133630000
1!
1E
#133640000
0!
0E
#133650000
1!
1E
#133660000
0!
0E
#133670000
1!
1E
#133680000
0!
0E
#133690000
1!
1E
#133700000
0!
0E
#133710000
1!
1E
#133720000
0!
0E
#133730000
1!
1E
#133740000
0!
0E
#133750000
1!
1E
#133760000
0!
0E
#133770000
1!
1E
#133780000
0!
0E
#133790000
1!
1E
#133800000
0!
0E
#133810000
1!
1E
#133820000
0!
0E
#133830000
1!
1E
#133840000
0!
0E
#133850000
1!
1E
#133860000
0!
0E
#133870000
1!
1E
#133880000
0!
0E
#133890000
1!
1E
#133900000
0!
0E
#133910000
1!
1E
#133920000
0!
0E
#133930000
1!
1E
#133940000
0!
0E
#133950000
1!
1E
#133960000
0!
0E
#133970000
1!
1E
#133980000
0!
0E
#133990000
1!
1E
#134000000
0!
0E
#134010000
1!
1E
#134020000
0!
0E
#134030000
1!
1E
#134040000
0!
0E
#134050000
1!
1E
#134060000
0!
0E
#134070000
1!
1E
#134080000
0!
0E
#134090000
1!
1E
#134100000
0!
0E
#134110000
1!
1E
#134120000
0!
0E
#134130000
1!
1E
#134140000
0!
0E
#134150000
1!
1E
#134160000
0!
0E
#134170000
1!
1E
#134180000
0!
0E
#134190000
1!
1E
#134200000
0!
0E
#134210000
1!
1E
#134220000
0!
0E
#134230000
1!
1E
#134240000
0!
0E
#134250000
1!
1E
#134260000
0!
0E
#134270000
1!
1E
#134280000
0!
0E
#134290000
1!
1E
#134300000
b1101110 >
b1101110 %
b101110 &
1'
0!
0W
1V
0O
1N
1X
0E
#134310000
1!
1E
1Z
10
#134320000
0!
0E
#134330000
1!
1E
0Z
1Z
#134340000
0!
0E
#134350000
1!
1E
0Z
1Z
#134360000
0!
0E
#134370000
1!
1E
0Z
1Z
#134380000
0!
0E
#134390000
1!
1E
0Z
1Z
#134400000
0'
0!
0X
0E
#134410000
1!
1E
0Z
00
#134420000
0!
0E
#134430000
1!
1E
#134440000
0!
0E
#134450000
1!
1E
#134460000
0!
0E
#134470000
1!
1E
#134480000
0!
0E
#134490000
1!
1E
#134500000
b1110001 :
b1110000 <
0!
0E
#134510000
1!
1E
#134520000
0!
0E
#134530000
1!
1E
#134540000
0!
0E
#134550000
1!
1E
#134560000
0!
0E
#134570000
1!
1E
#134580000
0!
0E
#134590000
1!
1E
#134600000
0!
0E
#134610000
1!
1E
#134620000
0!
0E
#134630000
1!
1E
#134640000
0!
0E
#134650000
1!
1E
#134660000
0!
0E
#134670000
1!
1E
#134680000
0!
0E
#134690000
1!
1E
#134700000
0!
0E
#134710000
1!
1E
#134720000
0!
0E
#134730000
1!
1E
#134740000
0!
0E
#134750000
1!
1E
#134760000
0!
0E
#134770000
1!
1E
#134780000
0!
0E
#134790000
1!
1E
#134800000
0!
0E
#134810000
1!
1E
#134820000
0!
0E
#134830000
1!
1E
#134840000
0!
0E
#134850000
1!
1E
#134860000
0!
0E
#134870000
1!
1E
#134880000
0!
0E
#134890000
1!
1E
#134900000
0!
0E
#134910000
1!
1E
#134920000
0!
0E
#134930000
1!
1E
#134940000
0!
0E
#134950000
1!
1E
#134960000
0!
0E
#134970000
1!
1E
#134980000
0!
0E
#134990000
1!
1E
#135000000
0!
0E
#135010000
1!
1E
#135020000
0!
0E
#135030000
1!
1E
#135040000
0!
0E
#135050000
1!
1E
#135060000
0!
0E
#135070000
1!
1E
#135080000
0!
0E
#135090000
1!
1E
#135100000
0!
0E
#135110000
1!
1E
#135120000
0!
0E
#135130000
1!
1E
#135140000
0!
0E
#135150000
1!
1E
#135160000
0!
0E
#135170000
1!
1E
#135180000
0!
0E
#135190000
1!
1E
#135200000
0!
0E
#135210000
1!
1E
#135220000
0!
0E
#135230000
1!
1E
#135240000
0!
0E
#135250000
1!
1E
#135260000
0!
0E
#135270000
1!
1E
#135280000
0!
0E
#135290000
1!
1E
#135300000
0!
0E
#135310000
1!
1E
#135320000
0!
0E
#135330000
1!
1E
#135340000
0!
0E
#135350000
1!
1E
#135360000
0!
0E
#135370000
1!
1E
#135380000
0!
0E
#135390000
1!
1E
#135400000
0!
0E
#135410000
1!
1E
#135420000
0!
0E
#135430000
1!
1E
#135440000
0!
0E
#135450000
1!
1E
#135460000
0!
0E
#135470000
1!
1E
#135480000
0!
0E
#135490000
1!
1E
#135500000
b1101111 >
b1101111 %
b101111 &
1'
0!
1W
1O
1X
0E
#135510000
1!
1E
1Z
10
#135520000
0!
0E
#135530000
1!
1E
0Z
1Z
#135540000
0!
0E
#135550000
1!
1E
0Z
1Z
#135560000
0!
0E
#135570000
1!
1E
0Z
1Z
#135580000
0!
0E
#135590000
1!
1E
0Z
1Z
#135600000
0'
0!
0X
0E
#135610000
1!
1E
0Z
00
#135620000
0!
0E
#135630000
1!
1E
#135640000
0!
0E
#135650000
1!
1E
#135660000
0!
0E
#135670000
1!
1E
#135680000
0!
0E
#135690000
1!
1E
#135700000
b1110010 :
b1110001 <
0!
0E
#135710000
1!
1E
#135720000
0!
0E
#135730000
1!
1E
#135740000
0!
0E
#135750000
1!
1E
#135760000
0!
0E
#135770000
1!
1E
#135780000
0!
0E
#135790000
1!
1E
#135800000
0!
0E
#135810000
1!
1E
#135820000
0!
0E
#135830000
1!
1E
#135840000
0!
0E
#135850000
1!
1E
#135860000
0!
0E
#135870000
1!
1E
#135880000
0!
0E
#135890000
1!
1E
#135900000
0!
0E
#135910000
1!
1E
#135920000
0!
0E
#135930000
1!
1E
#135940000
0!
0E
#135950000
1!
1E
#135960000
0!
0E
#135970000
1!
1E
#135980000
0!
0E
#135990000
1!
1E
#136000000
0!
0E
#136010000
1!
1E
#136020000
0!
0E
#136030000
1!
1E
#136040000
0!
0E
#136050000
1!
1E
#136060000
0!
0E
#136070000
1!
1E
#136080000
0!
0E
#136090000
1!
1E
#136100000
0!
0E
#136110000
1!
1E
#136120000
0!
0E
#136130000
1!
1E
#136140000
0!
0E
#136150000
1!
1E
#136160000
0!
0E
#136170000
1!
1E
#136180000
0!
0E
#136190000
1!
1E
#136200000
0!
0E
#136210000
1!
1E
#136220000
0!
0E
#136230000
1!
1E
#136240000
0!
0E
#136250000
1!
1E
#136260000
0!
0E
#136270000
1!
1E
#136280000
0!
0E
#136290000
1!
1E
#136300000
0!
0E
#136310000
1!
1E
#136320000
0!
0E
#136330000
1!
1E
#136340000
0!
0E
#136350000
1!
1E
#136360000
0!
0E
#136370000
1!
1E
#136380000
0!
0E
#136390000
1!
1E
#136400000
0!
0E
#136410000
1!
1E
#136420000
0!
0E
#136430000
1!
1E
#136440000
0!
0E
#136450000
1!
1E
#136460000
0!
0E
#136470000
1!
1E
#136480000
0!
0E
#136490000
1!
1E
#136500000
0!
0E
#136510000
1!
1E
#136520000
0!
0E
#136530000
1!
1E
#136540000
0!
0E
#136550000
1!
1E
#136560000
0!
0E
#136570000
1!
1E
#136580000
0!
0E
#136590000
1!
1E
#136600000
0!
0E
#136610000
1!
1E
#136620000
0!
0E
#136630000
1!
1E
#136640000
0!
0E
#136650000
1!
1E
#136660000
0!
0E
#136670000
1!
1E
#136680000
0!
0E
#136690000
1!
1E
#136700000
b1110000 >
b1110000 %
b110000 &
1'
0!
0W
0V
0U
0T
1S
0O
0N
0M
0L
1K
1X
0E
#136710000
1!
1E
1Z
10
#136720000
0!
0E
#136730000
1!
1E
0Z
1Z
#136740000
0!
0E
#136750000
1!
1E
0Z
1Z
#136760000
0!
0E
#136770000
1!
1E
0Z
1Z
#136780000
0!
0E
#136790000
1!
1E
0Z
1Z
#136800000
0'
0!
0X
0E
#136810000
1!
1E
0Z
00
#136820000
0!
0E
#136830000
1!
1E
#136840000
0!
0E
#136850000
1!
1E
#136860000
0!
0E
#136870000
1!
1E
#136880000
0!
0E
#136890000
1!
1E
#136900000
b1110011 :
b1110010 <
0!
0E
#136910000
1!
1E
#136920000
0!
0E
#136930000
1!
1E
#136940000
0!
0E
#136950000
1!
1E
#136960000
0!
0E
#136970000
1!
1E
#136980000
0!
0E
#136990000
1!
1E
#137000000
0!
0E
#137010000
1!
1E
#137020000
0!
0E
#137030000
1!
1E
#137040000
0!
0E
#137050000
1!
1E
#137060000
0!
0E
#137070000
1!
1E
#137080000
0!
0E
#137090000
1!
1E
#137100000
0!
0E
#137110000
1!
1E
#137120000
0!
0E
#137130000
1!
1E
#137140000
0!
0E
#137150000
1!
1E
#137160000
0!
0E
#137170000
1!
1E
#137180000
0!
0E
#137190000
1!
1E
#137200000
0!
0E
#137210000
1!
1E
#137220000
0!
0E
#137230000
1!
1E
#137240000
0!
0E
#137250000
1!
1E
#137260000
0!
0E
#137270000
1!
1E
#137280000
0!
0E
#137290000
1!
1E
#137300000
0!
0E
#137310000
1!
1E
#137320000
0!
0E
#137330000
1!
1E
#137340000
0!
0E
#137350000
1!
1E
#137360000
0!
0E
#137370000
1!
1E
#137380000
0!
0E
#137390000
1!
1E
#137400000
0!
0E
#137410000
1!
1E
#137420000
0!
0E
#137430000
1!
1E
#137440000
0!
0E
#137450000
1!
1E
#137460000
0!
0E
#137470000
1!
1E
#137480000
0!
0E
#137490000
1!
1E
#137500000
0!
0E
#137510000
1!
1E
#137520000
0!
0E
#137530000
1!
1E
#137540000
0!
0E
#137550000
1!
1E
#137560000
0!
0E
#137570000
1!
1E
#137580000
0!
0E
#137590000
1!
1E
#137600000
0!
0E
#137610000
1!
1E
#137620000
0!
0E
#137630000
1!
1E
#137640000
0!
0E
#137650000
1!
1E
#137660000
0!
0E
#137670000
1!
1E
#137680000
0!
0E
#137690000
1!
1E
#137700000
0!
0E
#137710000
1!
1E
#137720000
0!
0E
#137730000
1!
1E
#137740000
0!
0E
#137750000
1!
1E
#137760000
0!
0E
#137770000
1!
1E
#137780000
0!
0E
#137790000
1!
1E
#137800000
0!
0E
#137810000
1!
1E
#137820000
0!
0E
#137830000
1!
1E
#137840000
0!
0E
#137850000
1!
1E
#137860000
0!
0E
#137870000
1!
1E
#137880000
0!
0E
#137890000
1!
1E
#137900000
b1110001 >
b1110001 %
b110001 &
1'
0!
1W
1O
1X
0E
#137910000
1!
1E
1Z
10
#137920000
0!
0E
#137930000
1!
1E
0Z
1Z
#137940000
0!
0E
#137950000
1!
1E
0Z
1Z
#137960000
0!
0E
#137970000
1!
1E
0Z
1Z
#137980000
0!
0E
#137990000
1!
1E
0Z
1Z
#138000000
0'
0!
0X
0E
#138010000
1!
1E
0Z
00
#138020000
0!
0E
#138030000
1!
1E
#138040000
0!
0E
#138050000
1!
1E
#138060000
0!
0E
#138070000
1!
1E
#138080000
0!
0E
#138090000
1!
1E
#138100000
b1110100 :
b1110011 <
0!
0E
#138110000
1!
1E
#138120000
0!
0E
#138130000
1!
1E
#138140000
0!
0E
#138150000
1!
1E
#138160000
0!
0E
#138170000
1!
1E
#138180000
0!
0E
#138190000
1!
1E
#138200000
0!
0E
#138210000
1!
1E
#138220000
0!
0E
#138230000
1!
1E
#138240000
0!
0E
#138250000
1!
1E
#138260000
0!
0E
#138270000
1!
1E
#138280000
0!
0E
#138290000
1!
1E
#138300000
0!
0E
#138310000
1!
1E
#138320000
0!
0E
#138330000
1!
1E
#138340000
0!
0E
#138350000
1!
1E
#138360000
0!
0E
#138370000
1!
1E
#138380000
0!
0E
#138390000
1!
1E
#138400000
0!
0E
#138410000
1!
1E
#138420000
0!
0E
#138430000
1!
1E
#138440000
0!
0E
#138450000
1!
1E
#138460000
0!
0E
#138470000
1!
1E
#138480000
0!
0E
#138490000
1!
1E
#138500000
0!
0E
#138510000
1!
1E
#138520000
0!
0E
#138530000
1!
1E
#138540000
0!
0E
#138550000
1!
1E
#138560000
0!
0E
#138570000
1!
1E
#138580000
0!
0E
#138590000
1!
1E
#138600000
0!
0E
#138610000
1!
1E
#138620000
0!
0E
#138630000
1!
1E
#138640000
0!
0E
#138650000
1!
1E
#138660000
0!
0E
#138670000
1!
1E
#138680000
0!
0E
#138690000
1!
1E
#138700000
0!
0E
#138710000
1!
1E
#138720000
0!
0E
#138730000
1!
1E
#138740000
0!
0E
#138750000
1!
1E
#138760000
0!
0E
#138770000
1!
1E
#138780000
0!
0E
#138790000
1!
1E
#138800000
0!
0E
#138810000
1!
1E
#138820000
0!
0E
#138830000
1!
1E
#138840000
0!
0E
#138850000
1!
1E
#138860000
0!
0E
#138870000
1!
1E
#138880000
0!
0E
#138890000
1!
1E
#138900000
0!
0E
#138910000
1!
1E
#138920000
0!
0E
#138930000
1!
1E
#138940000
0!
0E
#138950000
1!
1E
#138960000
0!
0E
#138970000
1!
1E
#138980000
0!
0E
#138990000
1!
1E
#139000000
0!
0E
#139010000
1!
1E
#139020000
0!
0E
#139030000
1!
1E
#139040000
0!
0E
#139050000
1!
1E
#139060000
0!
0E
#139070000
1!
1E
#139080000
0!
0E
#139090000
1!
1E
#139100000
b1110010 >
b1110010 %
b110010 &
1'
0!
0W
1V
0O
1N
1X
0E
#139110000
1!
1E
1Z
10
#139120000
0!
0E
#139130000
1!
1E
0Z
1Z
#139140000
0!
0E
#139150000
1!
1E
0Z
1Z
#139160000
0!
0E
#139170000
1!
1E
0Z
1Z
#139180000
0!
0E
#139190000
1!
1E
0Z
1Z
#139200000
0'
0!
0X
0E
#139210000
1!
1E
0Z
00
#139220000
0!
0E
#139230000
1!
1E
#139240000
0!
0E
#139250000
1!
1E
#139260000
0!
0E
#139270000
1!
1E
#139280000
0!
0E
#139290000
1!
1E
#139300000
b1110101 :
b1110100 <
0!
0E
#139310000
1!
1E
#139320000
0!
0E
#139330000
1!
1E
#139340000
0!
0E
#139350000
1!
1E
#139360000
0!
0E
#139370000
1!
1E
#139380000
0!
0E
#139390000
1!
1E
#139400000
0!
0E
#139410000
1!
1E
#139420000
0!
0E
#139430000
1!
1E
#139440000
0!
0E
#139450000
1!
1E
#139460000
0!
0E
#139470000
1!
1E
#139480000
0!
0E
#139490000
1!
1E
#139500000
0!
0E
#139510000
1!
1E
#139520000
0!
0E
#139530000
1!
1E
#139540000
0!
0E
#139550000
1!
1E
#139560000
0!
0E
#139570000
1!
1E
#139580000
0!
0E
#139590000
1!
1E
#139600000
0!
0E
#139610000
1!
1E
#139620000
0!
0E
#139630000
1!
1E
#139640000
0!
0E
#139650000
1!
1E
#139660000
0!
0E
#139670000
1!
1E
#139680000
0!
0E
#139690000
1!
1E
#139700000
0!
0E
#139710000
1!
1E
#139720000
0!
0E
#139730000
1!
1E
#139740000
0!
0E
#139750000
1!
1E
#139760000
0!
0E
#139770000
1!
1E
#139780000
0!
0E
#139790000
1!
1E
#139800000
0!
0E
#139810000
1!
1E
#139820000
0!
0E
#139830000
1!
1E
#139840000
0!
0E
#139850000
1!
1E
#139860000
0!
0E
#139870000
1!
1E
#139880000
0!
0E
#139890000
1!
1E
#139900000
0!
0E
#139910000
1!
1E
#139920000
0!
0E
#139930000
1!
1E
#139940000
0!
0E
#139950000
1!
1E
#139960000
0!
0E
#139970000
1!
1E
#139980000
0!
0E
#139990000
1!
1E
#140000000
0!
0E
#140010000
1!
1E
#140020000
0!
0E
#140030000
1!
1E
#140040000
0!
0E
#140050000
1!
1E
#140060000
0!
0E
#140070000
1!
1E
#140080000
0!
0E
#140090000
1!
1E
#140100000
0!
0E
#140110000
1!
1E
#140120000
0!
0E
#140130000
1!
1E
#140140000
0!
0E
#140150000
1!
1E
#140160000
0!
0E
#140170000
1!
1E
#140180000
0!
0E
#140190000
1!
1E
#140200000
0!
0E
#140210000
1!
1E
#140220000
0!
0E
#140230000
1!
1E
#140240000
0!
0E
#140250000
1!
1E
#140260000
0!
0E
#140270000
1!
1E
#140280000
0!
0E
#140290000
1!
1E
#140300000
b1110011 >
b1110011 %
b110011 &
1'
0!
1W
1O
1X
0E
#140310000
1!
1E
1Z
10
#140320000
0!
0E
#140330000
1!
1E
0Z
1Z
#140340000
0!
0E
#140350000
1!
1E
0Z
1Z
#140360000
0!
0E
#140370000
1!
1E
0Z
1Z
#140380000
0!
0E
#140390000
1!
1E
0Z
1Z
#140400000
0'
0!
0X
0E
#140410000
1!
1E
0Z
00
#140420000
0!
0E
#140430000
1!
1E
#140440000
0!
0E
#140450000
1!
1E
#140460000
0!
0E
#140470000
1!
1E
#140480000
0!
0E
#140490000
1!
1E
#140500000
b1110110 :
b1110101 <
0!
0E
#140510000
1!
1E
#140520000
0!
0E
#140530000
1!
1E
#140540000
0!
0E
#140550000
1!
1E
#140560000
0!
0E
#140570000
1!
1E
#140580000
0!
0E
#140590000
1!
1E
#140600000
0!
0E
#140610000
1!
1E
#140620000
0!
0E
#140630000
1!
1E
#140640000
0!
0E
#140650000
1!
1E
#140660000
0!
0E
#140670000
1!
1E
#140680000
0!
0E
#140690000
1!
1E
#140700000
0!
0E
#140710000
1!
1E
#140720000
0!
0E
#140730000
1!
1E
#140740000
0!
0E
#140750000
1!
1E
#140760000
0!
0E
#140770000
1!
1E
#140780000
0!
0E
#140790000
1!
1E
#140800000
0!
0E
#140810000
1!
1E
#140820000
0!
0E
#140830000
1!
1E
#140840000
0!
0E
#140850000
1!
1E
#140860000
0!
0E
#140870000
1!
1E
#140880000
0!
0E
#140890000
1!
1E
#140900000
0!
0E
#140910000
1!
1E
#140920000
0!
0E
#140930000
1!
1E
#140940000
0!
0E
#140950000
1!
1E
#140960000
0!
0E
#140970000
1!
1E
#140980000
0!
0E
#140990000
1!
1E
#141000000
0!
0E
#141010000
1!
1E
#141020000
0!
0E
#141030000
1!
1E
#141040000
0!
0E
#141050000
1!
1E
#141060000
0!
0E
#141070000
1!
1E
#141080000
0!
0E
#141090000
1!
1E
#141100000
0!
0E
#141110000
1!
1E
#141120000
0!
0E
#141130000
1!
1E
#141140000
0!
0E
#141150000
1!
1E
#141160000
0!
0E
#141170000
1!
1E
#141180000
0!
0E
#141190000
1!
1E
#141200000
0!
0E
#141210000
1!
1E
#141220000
0!
0E
#141230000
1!
1E
#141240000
0!
0E
#141250000
1!
1E
#141260000
0!
0E
#141270000
1!
1E
#141280000
0!
0E
#141290000
1!
1E
#141300000
0!
0E
#141310000
1!
1E
#141320000
0!
0E
#141330000
1!
1E
#141340000
0!
0E
#141350000
1!
1E
#141360000
0!
0E
#141370000
1!
1E
#141380000
0!
0E
#141390000
1!
1E
#141400000
0!
0E
#141410000
1!
1E
#141420000
0!
0E
#141430000
1!
1E
#141440000
0!
0E
#141450000
1!
1E
#141460000
0!
0E
#141470000
1!
1E
#141480000
0!
0E
#141490000
1!
1E
#141500000
b1110100 >
b1110100 %
b110100 &
1'
0!
0W
0V
1U
0O
0N
1M
1X
0E
#141510000
1!
1E
1Z
10
#141520000
0!
0E
#141530000
1!
1E
0Z
1Z
#141540000
0!
0E
#141550000
1!
1E
0Z
1Z
#141560000
0!
0E
#141570000
1!
1E
0Z
1Z
#141580000
0!
0E
#141590000
1!
1E
0Z
1Z
#141600000
0'
0!
0X
0E
#141610000
1!
1E
0Z
00
#141620000
0!
0E
#141630000
1!
1E
#141640000
0!
0E
#141650000
1!
1E
#141660000
0!
0E
#141670000
1!
1E
#141680000
0!
0E
#141690000
1!
1E
#141700000
b1110111 :
b1110110 <
0!
0E
#141710000
1!
1E
#141720000
0!
0E
#141730000
1!
1E
#141740000
0!
0E
#141750000
1!
1E
#141760000
0!
0E
#141770000
1!
1E
#141780000
0!
0E
#141790000
1!
1E
#141800000
0!
0E
#141810000
1!
1E
#141820000
0!
0E
#141830000
1!
1E
#141840000
0!
0E
#141850000
1!
1E
#141860000
0!
0E
#141870000
1!
1E
#141880000
0!
0E
#141890000
1!
1E
#141900000
0!
0E
#141910000
1!
1E
#141920000
0!
0E
#141930000
1!
1E
#141940000
0!
0E
#141950000
1!
1E
#141960000
0!
0E
#141970000
1!
1E
#141980000
0!
0E
#141990000
1!
1E
#142000000
0!
0E
#142010000
1!
1E
#142020000
0!
0E
#142030000
1!
1E
#142040000
0!
0E
#142050000
1!
1E
#142060000
0!
0E
#142070000
1!
1E
#142080000
0!
0E
#142090000
1!
1E
#142100000
0!
0E
#142110000
1!
1E
#142120000
0!
0E
#142130000
1!
1E
#142140000
0!
0E
#142150000
1!
1E
#142160000
0!
0E
#142170000
1!
1E
#142180000
0!
0E
#142190000
1!
1E
#142200000
0!
0E
#142210000
1!
1E
#142220000
0!
0E
#142230000
1!
1E
#142240000
0!
0E
#142250000
1!
1E
#142260000
0!
0E
#142270000
1!
1E
#142280000
0!
0E
#142290000
1!
1E
#142300000
0!
0E
#142310000
1!
1E
#142320000
0!
0E
#142330000
1!
1E
#142340000
0!
0E
#142350000
1!
1E
#142360000
0!
0E
#142370000
1!
1E
#142380000
0!
0E
#142390000
1!
1E
#142400000
0!
0E
#142410000
1!
1E
#142420000
0!
0E
#142430000
1!
1E
#142440000
0!
0E
#142450000
1!
1E
#142460000
0!
0E
#142470000
1!
1E
#142480000
0!
0E
#142490000
1!
1E
#142500000
0!
0E
#142510000
1!
1E
#142520000
0!
0E
#142530000
1!
1E
#142540000
0!
0E
#142550000
1!
1E
#142560000
0!
0E
#142570000
1!
1E
#142580000
0!
0E
#142590000
1!
1E
#142600000
0!
0E
#142610000
1!
1E
#142620000
0!
0E
#142630000
1!
1E
#142640000
0!
0E
#142650000
1!
1E
#142660000
0!
0E
#142670000
1!
1E
#142680000
0!
0E
#142690000
1!
1E
#142700000
b1110101 >
b1110101 %
b110101 &
1'
0!
1W
1O
1X
0E
#142710000
1!
1E
1Z
10
#142720000
0!
0E
#142730000
1!
1E
0Z
1Z
#142740000
0!
0E
#142750000
1!
1E
0Z
1Z
#142760000
0!
0E
#142770000
1!
1E
0Z
1Z
#142780000
0!
0E
#142790000
1!
1E
0Z
1Z
#142800000
0'
0!
0X
0E
#142810000
1!
1E
0Z
00
#142820000
0!
0E
#142830000
1!
1E
#142840000
0!
0E
#142850000
1!
1E
#142860000
0!
0E
#142870000
1!
1E
#142880000
0!
0E
#142890000
1!
1E
#142900000
b1111000 :
b1110111 <
0!
0E
#142910000
1!
1E
#142920000
0!
0E
#142930000
1!
1E
#142940000
0!
0E
#142950000
1!
1E
#142960000
0!
0E
#142970000
1!
1E
#142980000
0!
0E
#142990000
1!
1E
#143000000
0!
0E
#143010000
1!
1E
#143020000
0!
0E
#143030000
1!
1E
#143040000
0!
0E
#143050000
1!
1E
#143060000
0!
0E
#143070000
1!
1E
#143080000
0!
0E
#143090000
1!
1E
#143100000
0!
0E
#143110000
1!
1E
#143120000
0!
0E
#143130000
1!
1E
#143140000
0!
0E
#143150000
1!
1E
#143160000
0!
0E
#143170000
1!
1E
#143180000
0!
0E
#143190000
1!
1E
#143200000
0!
0E
#143210000
1!
1E
#143220000
0!
0E
#143230000
1!
1E
#143240000
0!
0E
#143250000
1!
1E
#143260000
0!
0E
#143270000
1!
1E
#143280000
0!
0E
#143290000
1!
1E
#143300000
0!
0E
#143310000
1!
1E
#143320000
0!
0E
#143330000
1!
1E
#143340000
0!
0E
#143350000
1!
1E
#143360000
0!
0E
#143370000
1!
1E
#143380000
0!
0E
#143390000
1!
1E
#143400000
0!
0E
#143410000
1!
1E
#143420000
0!
0E
#143430000
1!
1E
#143440000
0!
0E
#143450000
1!
1E
#143460000
0!
0E
#143470000
1!
1E
#143480000
0!
0E
#143490000
1!
1E
#143500000
0!
0E
#143510000
1!
1E
#143520000
0!
0E
#143530000
1!
1E
#143540000
0!
0E
#143550000
1!
1E
#143560000
0!
0E
#143570000
1!
1E
#143580000
0!
0E
#143590000
1!
1E
#143600000
0!
0E
#143610000
1!
1E
#143620000
0!
0E
#143630000
1!
1E
#143640000
0!
0E
#143650000
1!
1E
#143660000
0!
0E
#143670000
1!
1E
#143680000
0!
0E
#143690000
1!
1E
#143700000
0!
0E
#143710000
1!
1E
#143720000
0!
0E
#143730000
1!
1E
#143740000
0!
0E
#143750000
1!
1E
#143760000
0!
0E
#143770000
1!
1E
#143780000
0!
0E
#143790000
1!
1E
#143800000
0!
0E
#143810000
1!
1E
#143820000
0!
0E
#143830000
1!
1E
#143840000
0!
0E
#143850000
1!
1E
#143860000
0!
0E
#143870000
1!
1E
#143880000
0!
0E
#143890000
1!
1E
#143900000
b1110110 >
b1110110 %
b110110 &
1'
0!
0W
1V
0O
1N
1X
0E
#143910000
1!
1E
1Z
10
#143920000
0!
0E
#143930000
1!
1E
0Z
1Z
#143940000
0!
0E
#143950000
1!
1E
0Z
1Z
#143960000
0!
0E
#143970000
1!
1E
0Z
1Z
#143980000
0!
0E
#143990000
1!
1E
0Z
1Z
#144000000
0'
0!
0X
0E
#144010000
1!
1E
0Z
00
#144020000
0!
0E
#144030000
1!
1E
#144040000
0!
0E
#144050000
1!
1E
#144060000
0!
0E
#144070000
1!
1E
#144080000
0!
0E
#144090000
1!
1E
#144100000
b1111001 :
b1111000 <
0!
0E
#144110000
1!
1E
#144120000
0!
0E
#144130000
1!
1E
#144140000
0!
0E
#144150000
1!
1E
#144160000
0!
0E
#144170000
1!
1E
#144180000
0!
0E
#144190000
1!
1E
#144200000
0!
0E
#144210000
1!
1E
#144220000
0!
0E
#144230000
1!
1E
#144240000
0!
0E
#144250000
1!
1E
#144260000
0!
0E
#144270000
1!
1E
#144280000
0!
0E
#144290000
1!
1E
#144300000
0!
0E
#144310000
1!
1E
#144320000
0!
0E
#144330000
1!
1E
#144340000
0!
0E
#144350000
1!
1E
#144360000
0!
0E
#144370000
1!
1E
#144380000
0!
0E
#144390000
1!
1E
#144400000
0!
0E
#144410000
1!
1E
#144420000
0!
0E
#144430000
1!
1E
#144440000
0!
0E
#144450000
1!
1E
#144460000
0!
0E
#144470000
1!
1E
#144480000
0!
0E
#144490000
1!
1E
#144500000
0!
0E
#144510000
1!
1E
#144520000
0!
0E
#144530000
1!
1E
#144540000
0!
0E
#144550000
1!
1E
#144560000
0!
0E
#144570000
1!
1E
#144580000
0!
0E
#144590000
1!
1E
#144600000
0!
0E
#144610000
1!
1E
#144620000
0!
0E
#144630000
1!
1E
#144640000
0!
0E
#144650000
1!
1E
#144660000
0!
0E
#144670000
1!
1E
#144680000
0!
0E
#144690000
1!
1E
#144700000
0!
0E
#144710000
1!
1E
#144720000
0!
0E
#144730000
1!
1E
#144740000
0!
0E
#144750000
1!
1E
#144760000
0!
0E
#144770000
1!
1E
#144780000
0!
0E
#144790000
1!
1E
#144800000
0!
0E
#144810000
1!
1E
#144820000
0!
0E
#144830000
1!
1E
#144840000
0!
0E
#144850000
1!
1E
#144860000
0!
0E
#144870000
1!
1E
#144880000
0!
0E
#144890000
1!
1E
#144900000
0!
0E
#144910000
1!
1E
#144920000
0!
0E
#144930000
1!
1E
#144940000
0!
0E
#144950000
1!
1E
#144960000
0!
0E
#144970000
1!
1E
#144980000
0!
0E
#144990000
1!
1E
#145000000
0!
0E
#145010000
1!
1E
#145020000
0!
0E
#145030000
1!
1E
#145040000
0!
0E
#145050000
1!
1E
#145060000
0!
0E
#145070000
1!
1E
#145080000
0!
0E
#145090000
1!
1E
#145100000
b1110111 >
b1110111 %
b110111 &
1'
0!
1W
1O
1X
0E
#145110000
1!
1E
1Z
10
#145120000
0!
0E
#145130000
1!
1E
0Z
1Z
#145140000
0!
0E
#145150000
1!
1E
0Z
1Z
#145160000
0!
0E
#145170000
1!
1E
0Z
1Z
#145180000
0!
0E
#145190000
1!
1E
0Z
1Z
#145200000
0'
0!
0X
0E
#145210000
1!
1E
0Z
00
#145220000
0!
0E
#145230000
1!
1E
#145240000
0!
0E
#145250000
1!
1E
#145260000
0!
0E
#145270000
1!
1E
#145280000
0!
0E
#145290000
1!
1E
#145300000
b1111010 :
b1111001 <
0!
0E
#145310000
1!
1E
#145320000
0!
0E
#145330000
1!
1E
#145340000
0!
0E
#145350000
1!
1E
#145360000
0!
0E
#145370000
1!
1E
#145380000
0!
0E
#145390000
1!
1E
#145400000
0!
0E
#145410000
1!
1E
#145420000
0!
0E
#145430000
1!
1E
#145440000
0!
0E
#145450000
1!
1E
#145460000
0!
0E
#145470000
1!
1E
#145480000
0!
0E
#145490000
1!
1E
#145500000
0!
0E
#145510000
1!
1E
#145520000
0!
0E
#145530000
1!
1E
#145540000
0!
0E
#145550000
1!
1E
#145560000
0!
0E
#145570000
1!
1E
#145580000
0!
0E
#145590000
1!
1E
#145600000
0!
0E
#145610000
1!
1E
#145620000
0!
0E
#145630000
1!
1E
#145640000
0!
0E
#145650000
1!
1E
#145660000
0!
0E
#145670000
1!
1E
#145680000
0!
0E
#145690000
1!
1E
#145700000
0!
0E
#145710000
1!
1E
#145720000
0!
0E
#145730000
1!
1E
#145740000
0!
0E
#145750000
1!
1E
#145760000
0!
0E
#145770000
1!
1E
#145780000
0!
0E
#145790000
1!
1E
#145800000
0!
0E
#145810000
1!
1E
#145820000
0!
0E
#145830000
1!
1E
#145840000
0!
0E
#145850000
1!
1E
#145860000
0!
0E
#145870000
1!
1E
#145880000
0!
0E
#145890000
1!
1E
#145900000
0!
0E
#145910000
1!
1E
#145920000
0!
0E
#145930000
1!
1E
#145940000
0!
0E
#145950000
1!
1E
#145960000
0!
0E
#145970000
1!
1E
#145980000
0!
0E
#145990000
1!
1E
#146000000
0!
0E
#146010000
1!
1E
#146020000
0!
0E
#146030000
1!
1E
#146040000
0!
0E
#146050000
1!
1E
#146060000
0!
0E
#146070000
1!
1E
#146080000
0!
0E
#146090000
1!
1E
#146100000
0!
0E
#146110000
1!
1E
#146120000
0!
0E
#146130000
1!
1E
#146140000
0!
0E
#146150000
1!
1E
#146160000
0!
0E
#146170000
1!
1E
#146180000
0!
0E
#146190000
1!
1E
#146200000
0!
0E
#146210000
1!
1E
#146220000
0!
0E
#146230000
1!
1E
#146240000
0!
0E
#146250000
1!
1E
#146260000
0!
0E
#146270000
1!
1E
#146280000
0!
0E
#146290000
1!
1E
#146300000
b1111000 >
b1111000 %
b111000 &
1'
0!
0W
0V
0U
1T
0O
0N
0M
1L
1X
0E
#146310000
1!
1E
1Z
10
#146320000
0!
0E
#146330000
1!
1E
0Z
1Z
#146340000
0!
0E
#146350000
1!
1E
0Z
1Z
#146360000
0!
0E
#146370000
1!
1E
0Z
1Z
#146380000
0!
0E
#146390000
1!
1E
0Z
1Z
#146400000
0'
0!
0X
0E
#146410000
1!
1E
0Z
00
#146420000
0!
0E
#146430000
1!
1E
#146440000
0!
0E
#146450000
1!
1E
#146460000
0!
0E
#146470000
1!
1E
#146480000
0!
0E
#146490000
1!
1E
#146500000
b1111011 :
b1111010 <
0!
0E
#146510000
1!
1E
#146520000
0!
0E
#146530000
1!
1E
#146540000
0!
0E
#146550000
1!
1E
#146560000
0!
0E
#146570000
1!
1E
#146580000
0!
0E
#146590000
1!
1E
#146600000
0!
0E
#146610000
1!
1E
#146620000
0!
0E
#146630000
1!
1E
#146640000
0!
0E
#146650000
1!
1E
#146660000
0!
0E
#146670000
1!
1E
#146680000
0!
0E
#146690000
1!
1E
#146700000
0!
0E
#146710000
1!
1E
#146720000
0!
0E
#146730000
1!
1E
#146740000
0!
0E
#146750000
1!
1E
#146760000
0!
0E
#146770000
1!
1E
#146780000
0!
0E
#146790000
1!
1E
#146800000
0!
0E
#146810000
1!
1E
#146820000
0!
0E
#146830000
1!
1E
#146840000
0!
0E
#146850000
1!
1E
#146860000
0!
0E
#146870000
1!
1E
#146880000
0!
0E
#146890000
1!
1E
#146900000
0!
0E
#146910000
1!
1E
#146920000
0!
0E
#146930000
1!
1E
#146940000
0!
0E
#146950000
1!
1E
#146960000
0!
0E
#146970000
1!
1E
#146980000
0!
0E
#146990000
1!
1E
#147000000
0!
0E
#147010000
1!
1E
#147020000
0!
0E
#147030000
1!
1E
#147040000
0!
0E
#147050000
1!
1E
#147060000
0!
0E
#147070000
1!
1E
#147080000
0!
0E
#147090000
1!
1E
#147100000
0!
0E
#147110000
1!
1E
#147120000
0!
0E
#147130000
1!
1E
#147140000
0!
0E
#147150000
1!
1E
#147160000
0!
0E
#147170000
1!
1E
#147180000
0!
0E
#147190000
1!
1E
#147200000
0!
0E
#147210000
1!
1E
#147220000
0!
0E
#147230000
1!
1E
#147240000
0!
0E
#147250000
1!
1E
#147260000
0!
0E
#147270000
1!
1E
#147280000
0!
0E
#147290000
1!
1E
#147300000
0!
0E
#147310000
1!
1E
#147320000
0!
0E
#147330000
1!
1E
#147340000
0!
0E
#147350000
1!
1E
#147360000
0!
0E
#147370000
1!
1E
#147380000
0!
0E
#147390000
1!
1E
#147400000
0!
0E
#147410000
1!
1E
#147420000
0!
0E
#147430000
1!
1E
#147440000
0!
0E
#147450000
1!
1E
#147460000
0!
0E
#147470000
1!
1E
#147480000
0!
0E
#147490000
1!
1E
#147500000
b1111001 >
b1111001 %
b111001 &
1'
0!
1W
1O
1X
0E
#147510000
1!
1E
1Z
10
#147520000
0!
0E
#147530000
1!
1E
0Z
1Z
#147540000
0!
0E
#147550000
1!
1E
0Z
1Z
#147560000
0!
0E
#147570000
1!
1E
0Z
1Z
#147580000
0!
0E
#147590000
1!
1E
0Z
1Z
#147600000
0'
0!
0X
0E
#147610000
1!
1E
0Z
00
#147620000
0!
0E
#147630000
1!
1E
#147640000
0!
0E
#147650000
1!
1E
#147660000
0!
0E
#147670000
1!
1E
#147680000
0!
0E
#147690000
1!
1E
#147700000
b1111100 :
b1111011 <
0!
0E
#147710000
1!
1E
#147720000
0!
0E
#147730000
1!
1E
#147740000
0!
0E
#147750000
1!
1E
#147760000
0!
0E
#147770000
1!
1E
#147780000
0!
0E
#147790000
1!
1E
#147800000
0!
0E
#147810000
1!
1E
#147820000
0!
0E
#147830000
1!
1E
#147840000
0!
0E
#147850000
1!
1E
#147860000
0!
0E
#147870000
1!
1E
#147880000
0!
0E
#147890000
1!
1E
#147900000
0!
0E
#147910000
1!
1E
#147920000
0!
0E
#147930000
1!
1E
#147940000
0!
0E
#147950000
1!
1E
#147960000
0!
0E
#147970000
1!
1E
#147980000
0!
0E
#147990000
1!
1E
#148000000
0!
0E
#148010000
1!
1E
#148020000
0!
0E
#148030000
1!
1E
#148040000
0!
0E
#148050000
1!
1E
#148060000
0!
0E
#148070000
1!
1E
#148080000
0!
0E
#148090000
1!
1E
#148100000
0!
0E
#148110000
1!
1E
#148120000
0!
0E
#148130000
1!
1E
#148140000
0!
0E
#148150000
1!
1E
#148160000
0!
0E
#148170000
1!
1E
#148180000
0!
0E
#148190000
1!
1E
#148200000
0!
0E
#148210000
1!
1E
#148220000
0!
0E
#148230000
1!
1E
#148240000
0!
0E
#148250000
1!
1E
#148260000
0!
0E
#148270000
1!
1E
#148280000
0!
0E
#148290000
1!
1E
#148300000
0!
0E
#148310000
1!
1E
#148320000
0!
0E
#148330000
1!
1E
#148340000
0!
0E
#148350000
1!
1E
#148360000
0!
0E
#148370000
1!
1E
#148380000
0!
0E
#148390000
1!
1E
#148400000
0!
0E
#148410000
1!
1E
#148420000
0!
0E
#148430000
1!
1E
#148440000
0!
0E
#148450000
1!
1E
#148460000
0!
0E
#148470000
1!
1E
#148480000
0!
0E
#148490000
1!
1E
#148500000
0!
0E
#148510000
1!
1E
#148520000
0!
0E
#148530000
1!
1E
#148540000
0!
0E
#148550000
1!
1E
#148560000
0!
0E
#148570000
1!
1E
#148580000
0!
0E
#148590000
1!
1E
#148600000
0!
0E
#148610000
1!
1E
#148620000
0!
0E
#148630000
1!
1E
#148640000
0!
0E
#148650000
1!
1E
#148660000
0!
0E
#148670000
1!
1E
#148680000
0!
0E
#148690000
1!
1E
#148700000
b1111010 >
b1111010 %
b111010 &
1'
0!
0W
1V
0O
1N
1X
0E
#148710000
1!
1E
1Z
10
#148720000
0!
0E
#148730000
1!
1E
0Z
1Z
#148740000
0!
0E
#148750000
1!
1E
0Z
1Z
#148760000
0!
0E
#148770000
1!
1E
0Z
1Z
#148780000
0!
0E
#148790000
1!
1E
0Z
1Z
#148800000
0'
0!
0X
0E
#148810000
1!
1E
0Z
00
#148820000
0!
0E
#148830000
1!
1E
#148840000
0!
0E
#148850000
1!
1E
#148860000
0!
0E
#148870000
1!
1E
#148880000
0!
0E
#148890000
1!
1E
#148900000
b1111101 :
b1111100 <
0!
0E
#148910000
1!
1E
#148920000
0!
0E
#148930000
1!
1E
#148940000
0!
0E
#148950000
1!
1E
#148960000
0!
0E
#148970000
1!
1E
#148980000
0!
0E
#148990000
1!
1E
#149000000
0!
0E
#149010000
1!
1E
#149020000
0!
0E
#149030000
1!
1E
#149040000
0!
0E
#149050000
1!
1E
#149060000
0!
0E
#149070000
1!
1E
#149080000
0!
0E
#149090000
1!
1E
#149100000
0!
0E
#149110000
1!
1E
#149120000
0!
0E
#149130000
1!
1E
#149140000
0!
0E
#149150000
1!
1E
#149160000
0!
0E
#149170000
1!
1E
#149180000
0!
0E
#149190000
1!
1E
#149200000
0!
0E
#149210000
1!
1E
#149220000
0!
0E
#149230000
1!
1E
#149240000
0!
0E
#149250000
1!
1E
#149260000
0!
0E
#149270000
1!
1E
#149280000
0!
0E
#149290000
1!
1E
#149300000
0!
0E
#149310000
1!
1E
#149320000
0!
0E
#149330000
1!
1E
#149340000
0!
0E
#149350000
1!
1E
#149360000
0!
0E
#149370000
1!
1E
#149380000
0!
0E
#149390000
1!
1E
#149400000
0!
0E
#149410000
1!
1E
#149420000
0!
0E
#149430000
1!
1E
#149440000
0!
0E
#149450000
1!
1E
#149460000
0!
0E
#149470000
1!
1E
#149480000
0!
0E
#149490000
1!
1E
#149500000
0!
0E
#149510000
1!
1E
#149520000
0!
0E
#149530000
1!
1E
#149540000
0!
0E
#149550000
1!
1E
#149560000
0!
0E
#149570000
1!
1E
#149580000
0!
0E
#149590000
1!
1E
#149600000
0!
0E
#149610000
1!
1E
#149620000
0!
0E
#149630000
1!
1E
#149640000
0!
0E
#149650000
1!
1E
#149660000
0!
0E
#149670000
1!
1E
#149680000
0!
0E
#149690000
1!
1E
#149700000
0!
0E
#149710000
1!
1E
#149720000
0!
0E
#149730000
1!
1E
#149740000
0!
0E
#149750000
1!
1E
#149760000
0!
0E
#149770000
1!
1E
#149780000
0!
0E
#149790000
1!
1E
#149800000
0!
0E
#149810000
1!
1E
#149820000
0!
0E
#149830000
1!
1E
#149840000
0!
0E
#149850000
1!
1E
#149860000
0!
0E
#149870000
1!
1E
#149880000
0!
0E
#149890000
1!
1E
#149900000
b1111011 >
b1111011 %
b111011 &
1'
0!
1W
1O
1X
0E
#149910000
1!
1E
1Z
10
#149920000
0!
0E
#149930000
1!
1E
0Z
1Z
#149940000
0!
0E
#149950000
1!
1E
0Z
1Z
#149960000
0!
0E
#149970000
1!
1E
0Z
1Z
#149980000
0!
0E
#149990000
1!
1E
0Z
1Z
#150000000
0'
0!
0X
0E
#150010000
1!
1E
0Z
00
#150020000
0!
0E
#150030000
1!
1E
#150040000
0!
0E
#150050000
1!
1E
#150060000
0!
0E
#150070000
1!
1E
#150080000
0!
0E
#150090000
1!
1E
#150100000
b1111110 :
b1111101 <
0!
0E
#150110000
1!
1E
#150120000
0!
0E
#150130000
1!
1E
#150140000
0!
0E
#150150000
1!
1E
#150160000
0!
0E
#150170000
1!
1E
#150180000
0!
0E
#150190000
1!
1E
#150200000
0!
0E
#150210000
1!
1E
#150220000
0!
0E
#150230000
1!
1E
#150240000
0!
0E
#150250000
1!
1E
#150260000
0!
0E
#150270000
1!
1E
#150280000
0!
0E
#150290000
1!
1E
#150300000
0!
0E
#150310000
1!
1E
#150320000
0!
0E
#150330000
1!
1E
#150340000
0!
0E
#150350000
1!
1E
#150360000
0!
0E
#150370000
1!
1E
#150380000
0!
0E
#150390000
1!
1E
#150400000
0!
0E
#150410000
1!
1E
#150420000
0!
0E
#150430000
1!
1E
#150440000
0!
0E
#150450000
1!
1E
#150460000
0!
0E
#150470000
1!
1E
#150480000
0!
0E
#150490000
1!
1E
#150500000
0!
0E
#150510000
1!
1E
#150520000
0!
0E
#150530000
1!
1E
#150540000
0!
0E
#150550000
1!
1E
#150560000
0!
0E
#150570000
1!
1E
#150580000
0!
0E
#150590000
1!
1E
#150600000
0!
0E
#150610000
1!
1E
#150620000
0!
0E
#150630000
1!
1E
#150640000
0!
0E
#150650000
1!
1E
#150660000
0!
0E
#150670000
1!
1E
#150680000
0!
0E
#150690000
1!
1E
#150700000
0!
0E
#150710000
1!
1E
#150720000
0!
0E
#150730000
1!
1E
#150740000
0!
0E
#150750000
1!
1E
#150760000
0!
0E
#150770000
1!
1E
#150780000
0!
0E
#150790000
1!
1E
#150800000
0!
0E
#150810000
1!
1E
#150820000
0!
0E
#150830000
1!
1E
#150840000
0!
0E
#150850000
1!
1E
#150860000
0!
0E
#150870000
1!
1E
#150880000
0!
0E
#150890000
1!
1E
#150900000
0!
0E
#150910000
1!
1E
#150920000
0!
0E
#150930000
1!
1E
#150940000
0!
0E
#150950000
1!
1E
#150960000
0!
0E
#150970000
1!
1E
#150980000
0!
0E
#150990000
1!
1E
#151000000
0!
0E
#151010000
1!
1E
#151020000
0!
0E
#151030000
1!
1E
#151040000
0!
0E
#151050000
1!
1E
#151060000
0!
0E
#151070000
1!
1E
#151080000
0!
0E
#151090000
1!
1E
#151100000
b1111100 >
b1111100 %
b111100 &
1'
0!
0W
0V
1U
0O
0N
1M
1X
0E
#151110000
1!
1E
1Z
10
#151120000
0!
0E
#151130000
1!
1E
0Z
1Z
#151140000
0!
0E
#151150000
1!
1E
0Z
1Z
#151160000
0!
0E
#151170000
1!
1E
0Z
1Z
#151180000
0!
0E
#151190000
1!
1E
0Z
1Z
#151200000
0'
0!
0X
0E
#151210000
1!
1E
0Z
00
#151220000
0!
0E
#151230000
1!
1E
#151240000
0!
0E
#151250000
1!
1E
#151260000
0!
0E
#151270000
1!
1E
#151280000
0!
0E
#151290000
1!
1E
#151300000
b1111111 :
b1111110 <
0!
0E
#151310000
1!
1E
#151320000
0!
0E
#151330000
1!
1E
#151340000
0!
0E
#151350000
1!
1E
#151360000
0!
0E
#151370000
1!
1E
#151380000
0!
0E
#151390000
1!
1E
#151400000
0!
0E
#151410000
1!
1E
#151420000
0!
0E
#151430000
1!
1E
#151440000
0!
0E
#151450000
1!
1E
#151460000
0!
0E
#151470000
1!
1E
#151480000
0!
0E
#151490000
1!
1E
#151500000
0!
0E
#151510000
1!
1E
#151520000
0!
0E
#151530000
1!
1E
#151540000
0!
0E
#151550000
1!
1E
#151560000
0!
0E
#151570000
1!
1E
#151580000
0!
0E
#151590000
1!
1E
#151600000
0!
0E
#151610000
1!
1E
#151620000
0!
0E
#151630000
1!
1E
#151640000
0!
0E
#151650000
1!
1E
#151660000
0!
0E
#151670000
1!
1E
#151680000
0!
0E
#151690000
1!
1E
#151700000
0!
0E
#151710000
1!
1E
#151720000
0!
0E
#151730000
1!
1E
#151740000
0!
0E
#151750000
1!
1E
#151760000
0!
0E
#151770000
1!
1E
#151780000
0!
0E
#151790000
1!
1E
#151800000
0!
0E
#151810000
1!
1E
#151820000
0!
0E
#151830000
1!
1E
#151840000
0!
0E
#151850000
1!
1E
#151860000
0!
0E
#151870000
1!
1E
#151880000
0!
0E
#151890000
1!
1E
#151900000
0!
0E
#151910000
1!
1E
#151920000
0!
0E
#151930000
1!
1E
#151940000
0!
0E
#151950000
1!
1E
#151960000
0!
0E
#151970000
1!
1E
#151980000
0!
0E
#151990000
1!
1E
#152000000
0!
0E
#152010000
1!
1E
#152020000
0!
0E
#152030000
1!
1E
#152040000
0!
0E
#152050000
1!
1E
#152060000
0!
0E
#152070000
1!
1E
#152080000
0!
0E
#152090000
1!
1E
#152100000
0!
0E
#152110000
1!
1E
#152120000
0!
0E
#152130000
1!
1E
#152140000
0!
0E
#152150000
1!
1E
#152160000
0!
0E
#152170000
1!
1E
#152180000
0!
0E
#152190000
1!
1E
#152200000
0!
0E
#152210000
1!
1E
#152220000
0!
0E
#152230000
1!
1E
#152240000
0!
0E
#152250000
1!
1E
#152260000
0!
0E
#152270000
1!
1E
#152280000
0!
0E
#152290000
1!
1E
#152300000
b1111101 >
b1111101 %
b111101 &
1'
0!
1W
1O
1X
0E
#152310000
1!
1E
1Z
10
#152320000
0!
0E
#152330000
1!
1E
0Z
1Z
#152340000
0!
0E
#152350000
1!
1E
0Z
1Z
#152360000
0!
0E
#152370000
1!
1E
0Z
1Z
#152380000
0!
0E
#152390000
1!
1E
0Z
1Z
#152400000
0'
0!
0X
0E
#152410000
1!
1E
0Z
00
#152420000
0!
0E
#152430000
1!
1E
#152440000
0!
0E
#152450000
1!
1E
#152460000
0!
0E
#152470000
1!
1E
#152480000
0!
0E
#152490000
1!
1E
#152500000
b10000000 :
b1111111 <
0!
0E
#152510000
1!
1E
#152520000
0!
0E
#152530000
1!
1E
#152540000
0!
0E
#152550000
1!
1E
#152560000
0!
0E
#152570000
1!
1E
#152580000
0!
0E
#152590000
1!
1E
#152600000
0!
0E
#152610000
1!
1E
#152620000
0!
0E
#152630000
1!
1E
#152640000
0!
0E
#152650000
1!
1E
#152660000
0!
0E
#152670000
1!
1E
#152680000
0!
0E
#152690000
1!
1E
#152700000
0!
0E
#152710000
1!
1E
#152720000
0!
0E
#152730000
1!
1E
#152740000
0!
0E
#152750000
1!
1E
#152760000
0!
0E
#152770000
1!
1E
#152780000
0!
0E
#152790000
1!
1E
#152800000
0!
0E
#152810000
1!
1E
#152820000
0!
0E
#152830000
1!
1E
#152840000
0!
0E
#152850000
1!
1E
#152860000
0!
0E
#152870000
1!
1E
#152880000
0!
0E
#152890000
1!
1E
#152900000
0!
0E
#152910000
1!
1E
#152920000
0!
0E
#152930000
1!
1E
#152940000
0!
0E
#152950000
1!
1E
#152960000
0!
0E
#152970000
1!
1E
#152980000
0!
0E
#152990000
1!
1E
#153000000
0!
0E
#153010000
1!
1E
#153020000
0!
0E
#153030000
1!
1E
#153040000
0!
0E
#153050000
1!
1E
#153060000
0!
0E
#153070000
1!
1E
#153080000
0!
0E
#153090000
1!
1E
#153100000
0!
0E
#153110000
1!
1E
#153120000
0!
0E
#153130000
1!
1E
#153140000
0!
0E
#153150000
1!
1E
#153160000
0!
0E
#153170000
1!
1E
#153180000
0!
0E
#153190000
1!
1E
#153200000
0!
0E
#153210000
1!
1E
#153220000
0!
0E
#153230000
1!
1E
#153240000
0!
0E
#153250000
1!
1E
#153260000
0!
0E
#153270000
1!
1E
#153280000
0!
0E
#153290000
1!
1E
#153300000
0!
0E
#153310000
1!
1E
#153320000
0!
0E
#153330000
1!
1E
#153340000
0!
0E
#153350000
1!
1E
#153360000
0!
0E
#153370000
1!
1E
#153380000
0!
0E
#153390000
1!
1E
#153400000
0!
0E
#153410000
1!
1E
#153420000
0!
0E
#153430000
1!
1E
#153440000
0!
0E
#153450000
1!
1E
#153460000
0!
0E
#153470000
1!
1E
#153480000
0!
0E
#153490000
1!
1E
#153500000
b1111110 >
b1111110 %
b111110 &
1'
0!
0W
1V
0O
1N
1X
0E
#153510000
1!
1E
1Z
10
#153520000
0!
0E
#153530000
1!
1E
0Z
1Z
#153540000
0!
0E
#153550000
1!
1E
0Z
1Z
#153560000
0!
0E
#153570000
1!
1E
0Z
1Z
#153580000
0!
0E
#153590000
1!
1E
0Z
1Z
#153600000
0'
0!
0X
0E
#153610000
1!
1E
0Z
00
#153620000
0!
0E
#153630000
1!
1E
#153640000
0!
0E
#153650000
1!
1E
#153660000
0!
0E
#153670000
1!
1E
#153680000
0!
0E
#153690000
1!
1E
#153700000
b10000001 :
b10000000 <
0!
0E
#153710000
1!
1E
#153720000
0!
0E
#153730000
1!
1E
#153740000
0!
0E
#153750000
1!
1E
#153760000
0!
0E
#153770000
1!
1E
#153780000
0!
0E
#153790000
1!
1E
#153800000
0!
0E
#153810000
1!
1E
#153820000
0!
0E
#153830000
1!
1E
#153840000
0!
0E
#153850000
1!
1E
#153860000
0!
0E
#153870000
1!
1E
#153880000
0!
0E
#153890000
1!
1E
#153900000
0!
0E
#153910000
1!
1E
#153920000
0!
0E
#153930000
1!
1E
#153940000
0!
0E
#153950000
1!
1E
#153960000
0!
0E
#153970000
1!
1E
#153980000
0!
0E
#153990000
1!
1E
#154000000
0!
0E
#154010000
1!
1E
#154020000
0!
0E
#154030000
1!
1E
#154040000
0!
0E
#154050000
1!
1E
#154060000
0!
0E
#154070000
1!
1E
#154080000
0!
0E
#154090000
1!
1E
#154100000
0!
0E
#154110000
1!
1E
#154120000
0!
0E
#154130000
1!
1E
#154140000
0!
0E
#154150000
1!
1E
#154160000
0!
0E
#154170000
1!
1E
#154180000
0!
0E
#154190000
1!
1E
#154200000
0!
0E
#154210000
1!
1E
#154220000
0!
0E
#154230000
1!
1E
#154240000
0!
0E
#154250000
1!
1E
#154260000
0!
0E
#154270000
1!
1E
#154280000
0!
0E
#154290000
1!
1E
#154300000
0!
0E
#154310000
1!
1E
#154320000
0!
0E
#154330000
1!
1E
#154340000
0!
0E
#154350000
1!
1E
#154360000
0!
0E
#154370000
1!
1E
#154380000
0!
0E
#154390000
1!
1E
#154400000
0!
0E
#154410000
1!
1E
#154420000
0!
0E
#154430000
1!
1E
#154440000
0!
0E
#154450000
1!
1E
#154460000
0!
0E
#154470000
1!
1E
#154480000
0!
0E
#154490000
1!
1E
#154500000
0!
0E
#154510000
1!
1E
#154520000
0!
0E
#154530000
1!
1E
#154540000
0!
0E
#154550000
1!
1E
#154560000
0!
0E
#154570000
1!
1E
#154580000
0!
0E
#154590000
1!
1E
#154600000
0!
0E
#154610000
1!
1E
#154620000
0!
0E
#154630000
1!
1E
#154640000
0!
0E
#154650000
1!
1E
#154660000
0!
0E
#154670000
1!
1E
#154680000
0!
0E
#154690000
1!
1E
#154700000
b1111111 >
b1111111 %
b111111 &
1'
0!
1W
1O
1X
0E
#154710000
1!
1E
1Z
10
#154720000
0!
0E
#154730000
1!
1E
0Z
1Z
#154740000
0!
0E
#154750000
1!
1E
0Z
1Z
#154760000
0!
0E
#154770000
1!
1E
0Z
1Z
#154780000
0!
0E
#154790000
1!
1E
0Z
1Z
#154800000
0'
0!
0X
0E
#154810000
1!
1E
0Z
00
#154820000
0!
0E
#154830000
1!
1E
#154840000
0!
0E
#154850000
1!
1E
#154860000
0!
0E
#154870000
1!
1E
#154880000
0!
0E
#154890000
1!
1E
#154900000
b10000010 :
b10000001 <
0!
0E
#154910000
1!
1E
#154920000
0!
0E
#154930000
1!
1E
#154940000
0!
0E
#154950000
1!
1E
#154960000
0!
0E
#154970000
1!
1E
#154980000
0!
0E
#154990000
1!
1E
#155000000
0!
0E
#155010000
1!
1E
#155020000
0!
0E
#155030000
1!
1E
#155040000
0!
0E
#155050000
1!
1E
#155060000
0!
0E
#155070000
1!
1E
#155080000
0!
0E
#155090000
1!
1E
#155100000
0!
0E
#155110000
1!
1E
#155120000
0!
0E
#155130000
1!
1E
#155140000
0!
0E
#155150000
1!
1E
#155160000
0!
0E
#155170000
1!
1E
#155180000
0!
0E
#155190000
1!
1E
#155200000
0!
0E
#155210000
1!
1E
#155220000
0!
0E
#155230000
1!
1E
#155240000
0!
0E
#155250000
1!
1E
#155260000
0!
0E
#155270000
1!
1E
#155280000
0!
0E
#155290000
1!
1E
#155300000
0!
0E
#155310000
1!
1E
#155320000
0!
0E
#155330000
1!
1E
#155340000
0!
0E
#155350000
1!
1E
#155360000
0!
0E
#155370000
1!
1E
#155380000
0!
0E
#155390000
1!
1E
#155400000
0!
0E
#155410000
1!
1E
#155420000
0!
0E
#155430000
1!
1E
#155440000
0!
0E
#155450000
1!
1E
#155460000
0!
0E
#155470000
1!
1E
#155480000
0!
0E
#155490000
1!
1E
#155500000
0!
0E
#155510000
1!
1E
#155520000
0!
0E
#155530000
1!
1E
#155540000
0!
0E
#155550000
1!
1E
#155560000
0!
0E
#155570000
1!
1E
#155580000
0!
0E
#155590000
1!
1E
#155600000
0!
0E
#155610000
1!
1E
#155620000
0!
0E
#155630000
1!
1E
#155640000
0!
0E
#155650000
1!
1E
#155660000
0!
0E
#155670000
1!
1E
#155680000
0!
0E
#155690000
1!
1E
#155700000
0!
0E
#155710000
1!
1E
#155720000
0!
0E
#155730000
1!
1E
#155740000
0!
0E
#155750000
1!
1E
#155760000
0!
0E
#155770000
1!
1E
#155780000
0!
0E
#155790000
1!
1E
#155800000
0!
0E
#155810000
1!
1E
#155820000
0!
0E
#155830000
1!
1E
#155840000
0!
0E
#155850000
1!
1E
#155860000
0!
0E
#155870000
1!
1E
#155880000
0!
0E
#155890000
1!
1E
#155900000
b10000010 <
0!
0E
#155910000
1!
1E
#155920000
0!
0E
#155930000
1!
1E
#155940000
0!
0E
#155950000
1!
1E
#155960000
0!
0E
#155970000
1!
1E
#155980000
0!
0E
#155990000
1!
1E
#156000000
0!
0E
#156010000
1!
1E
#156020000
0!
0E
#156030000
1!
1E
#156040000
0!
0E
#156050000
1!
1E
#156060000
0!
0E
#156070000
1!
1E
#156080000
0!
0E
#156090000
1!
1E
#156100000
0!
0E
#156110000
1!
1E
#156120000
0!
0E
#156130000
1!
1E
#156140000
0!
0E
#156150000
1!
1E
#156160000
0!
0E
#156170000
1!
1E
#156180000
0!
0E
#156190000
1!
1E
#156200000
0!
0E
#156210000
1!
1E
#156220000
0!
0E
#156230000
1!
1E
#156240000
0!
0E
#156250000
1!
1E
#156260000
0!
0E
#156270000
1!
1E
#156280000
0!
0E
#156290000
1!
1E
#156300000
0!
0E
#156310000
1!
1E
#156320000
0!
0E
#156330000
1!
1E
#156340000
0!
0E
#156350000
1!
1E
#156360000
0!
0E
#156370000
1!
1E
#156380000
0!
0E
#156390000
1!
1E
#156400000
0!
0E
#156410000
1!
1E
#156420000
0!
0E
#156430000
1!
1E
#156440000
0!
0E
#156450000
1!
1E
#156460000
0!
0E
#156470000
1!
1E
#156480000
0!
0E
#156490000
1!
1E
#156500000
0!
0E
#156510000
1!
1E
#156520000
0!
0E
#156530000
1!
1E
#156540000
0!
0E
#156550000
1!
1E
#156560000
0!
0E
#156570000
1!
1E
#156580000
0!
0E
#156590000
1!
1E
#156600000
0!
0E
#156610000
1!
1E
#156620000
0!
0E
#156630000
1!
1E
#156640000
0!
0E
#156650000
1!
1E
#156660000
0!
0E
#156670000
1!
1E
#156680000
0!
0E
#156690000
1!
1E
#156700000
0!
0E
#156710000
1!
1E
#156720000
0!
0E
#156730000
1!
1E
#156740000
0!
0E
#156750000
1!
1E
#156760000
0!
0E
#156770000
1!
1E
#156780000
0!
0E
#156790000
1!
1E
#156800000
0!
0E
#156810000
1!
1E
#156820000
0!
0E
#156830000
1!
1E
#156840000
0!
0E
#156850000
1!
1E
#156860000
0!
0E
#156870000
1!
1E
#156880000
0!
0E
#156890000
1!
1E
#156900000
0!
0E
#156910000
1!
1E
#156920000
0!
0E
#156930000
1!
1E
#156940000
0!
0E
#156950000
1!
1E
#156960000
0!
0E
#156970000
1!
1E
#156980000
0!
0E
#156990000
1!
1E
#157000000
0!
0E
#157010000
1!
1E
#157020000
0!
0E
#157030000
1!
1E
#157040000
0!
0E
#157050000
1!
1E
#157060000
0!
0E
#157070000
1!
1E
#157080000
0!
0E
#157090000
1!
1E
#157100000
0!
0E
#157110000
1!
1E
#157120000
0!
0E
#157130000
1!
1E
#157140000
0!
0E
#157150000
1!
1E
#157160000
0!
0E
#157170000
1!
1E
#157180000
0!
0E
#157190000
1!
1E
#157200000
0!
0E
#157210000
1!
1E
#157220000
0!
0E
#157230000
1!
1E
#157240000
0!
0E
#157250000
1!
1E
#157260000
0!
0E
#157270000
1!
1E
#157280000
0!
0E
#157290000
1!
1E
#157300000
0!
0E
#157310000
1!
1E
#157320000
0!
0E
#157330000
1!
1E
#157340000
0!
0E
#157350000
1!
1E
#157360000
0!
0E
#157370000
1!
1E
#157380000
0!
0E
#157390000
1!
1E
#157400000
0!
0E
#157410000
1!
1E
#157420000
0!
0E
#157430000
1!
1E
#157440000
0!
0E
#157450000
1!
1E
#157460000
0!
0E
#157470000
1!
1E
#157480000
0!
0E
#157490000
1!
1E
#157500000
0!
0E
#157510000
1!
1E
#157520000
0!
0E
#157530000
1!
1E
#157540000
0!
0E
#157550000
1!
1E
#157560000
0!
0E
#157570000
1!
1E
#157580000
0!
0E
#157590000
1!
1E
#157600000
0!
0E
#157610000
1!
1E
#157620000
0!
0E
#157630000
1!
1E
#157640000
0!
0E
#157650000
1!
1E
#157660000
0!
0E
#157670000
1!
1E
#157680000
0!
0E
#157690000
1!
1E
#157700000
0!
0E
#157710000
1!
1E
#157720000
0!
0E
#157730000
1!
1E
#157740000
0!
0E
#157750000
1!
1E
#157760000
0!
0E
#157770000
1!
1E
#157780000
0!
0E
#157790000
1!
1E
#157800000
0!
0E
#157810000
1!
1E
#157820000
0!
0E
#157830000
1!
1E
#157840000
0!
0E
#157850000
1!
1E
#157860000
0!
0E
#157870000
1!
1E
#157880000
0!
0E
#157890000
1!
1E
#157900000
0=
0!
0$
0E
#157910000
1!
1E
0_
0q
#157920000
0!
0E
#157930000
1!
1E
0e
1a
b1 h
#157940000
0!
0E
#157950000
1!
1E
0a
b1 g
#157960000
0!
0E
#157970000
1!
1E
#157980000
0!
0E
#157990000
1!
1E
#158000000
0!
0E
#158010000
1!
1E
#158020000
0!
0E
#158030000
1!
1E
#158040000
0!
0E
#158050000
1!
1E
#158060000
0!
0E
#158070000
1!
1E
#158080000
0!
0E
#158090000
1!
1E
#158100000
0!
0E
#158110000
1!
1E
#158120000
0!
0E
#158130000
1!
1E
#158140000
0!
0E
#158150000
1!
1E
#158160000
0!
0E
#158170000
1!
1E
#158180000
0!
0E
#158190000
1!
1E
#158200000
0!
0E
#158210000
1!
1E
#158220000
0!
0E
#158230000
1!
1E
#158240000
0!
0E
#158250000
1!
1E
#158260000
0!
0E
#158270000
1!
1E
#158280000
0!
0E
#158290000
1!
1E
#158300000
0!
0E
#158310000
1!
1E
#158320000
0!
0E
#158330000
1!
1E
#158340000
0!
0E
#158350000
1!
1E
#158360000
0!
0E
#158370000
1!
1E
#158380000
0!
0E
#158390000
1!
1E
#158400000
0!
0E
#158410000
1!
1E
#158420000
0!
0E
#158430000
1!
1E
#158440000
0!
0E
#158450000
1!
1E
#158460000
0!
0E
#158470000
1!
1E
#158480000
0!
0E
#158490000
1!
1E
#158500000
0!
0E
#158510000
1!
1E
#158520000
0!
0E
#158530000
1!
1E
#158540000
0!
0E
#158550000
1!
1E
#158560000
0!
0E
#158570000
1!
1E
#158580000
0!
0E
#158590000
1!
1E
#158600000
0!
0E
#158610000
1!
1E
#158620000
0!
0E
#158630000
1!
1E
#158640000
0!
0E
#158650000
1!
1E
#158660000
0!
0E
#158670000
1!
1E
#158680000
0!
0E
#158690000
1!
1E
#158700000
0!
0E
#158710000
1!
1E
#158720000
0!
0E
#158730000
1!
1E
#158740000
0!
0E
#158750000
1!
1E
#158760000
0!
0E
#158770000
1!
1E
#158780000
0!
0E
#158790000
1!
1E
#158800000
0!
0E
#158810000
1!
1E
#158820000
0!
0E
#158830000
1!
1E
#158840000
0!
0E
#158850000
1!
1E
#158860000
0!
0E
#158870000
1!
1E
#158880000
0!
0E
#158890000
1!
1E
#158900000
0#
0!
0G
0E
#158910000
1!
1E
0`
#158920000
0!
0E
#158930000
1!
1E
0f
1c
b10 h
#158940000
0!
0E
#158950000
1!
1E
0c
b10 g
#158960000
0!
0E
#158970000
1!
1E
#158980000
0!
0E
#158990000
1!
1E
#159000000
0!
0E
#159010000
1!
1E
#159020000
0!
0E
#159030000
1!
1E
#159040000
0!
0E
#159050000
1!
1E
#159060000
0!
0E
#159070000
1!
1E
#159080000
0!
0E
#159090000
1!
1E
#159100000
0!
0E
#159110000
1!
1E
#159120000
0!
0E
#159130000
1!
1E
#159140000
0!
0E
#159150000
1!
1E
#159160000
0!
0E
#159170000
1!
1E
#159180000
0!
0E
#159190000
1!
1E
#159200000
0!
0E
#159210000
1!
1E
#159220000
0!
0E
#159230000
1!
1E
#159240000
0!
0E
#159250000
1!
1E
#159260000
0!
0E
#159270000
1!
1E
#159280000
0!
0E
#159290000
1!
1E
#159300000
0!
0E
#159310000
1!
1E
#159320000
0!
0E
#159330000
1!
1E
#159340000
0!
0E
#159350000
1!
1E
#159360000
0!
0E
#159370000
1!
1E
#159380000
0!
0E
#159390000
1!
1E
#159400000
0!
0E
#159410000
1!
1E
#159420000
0!
0E
#159430000
1!
1E
#159440000
0!
0E
#159450000
1!
1E
#159460000
0!
0E
#159470000
1!
1E
#159480000
0!
0E
#159490000
1!
1E
#159500000
0!
0E
#159510000
1!
1E
#159520000
0!
0E
#159530000
1!
1E
#159540000
0!
0E
#159550000
1!
1E
#159560000
0!
0E
#159570000
1!
1E
#159580000
0!
0E
#159590000
1!
1E
#159600000
0!
0E
#159610000
1!
1E
#159620000
0!
0E
#159630000
1!
1E
#159640000
0!
0E
#159650000
1!
1E
#159660000
0!
0E
#159670000
1!
1E
#159680000
0!
0E
#159690000
1!
1E
#159700000
0!
0E
#159710000
1!
1E
#159720000
0!
0E
#159730000
1!
1E
#159740000
0!
0E
#159750000
1!
1E
#159760000
0!
0E
#159770000
1!
1E
#159780000
0!
0E
#159790000
1!
1E
#159800000
0!
0E
#159810000
1!
1E
#159820000
0!
0E
#159830000
1!
1E
#159840000
0!
0E
#159850000
1!
1E
#159860000
0!
0E
#159870000
1!
1E
#159880000
0!
0E
#159890000
1!
1E
#159900000
b10100000 ?
b111 A
1=
0!
1$
0E
#159910000
1!
1E
1_
1q
#159920000
0!
0E
#159930000
1!
1E
1e
1b
#159940000
0!
0E
#159950000
1!
1E
0b
#159960000
0!
0E
#159970000
1!
1E
#159980000
0!
0E
#159990000
1!
1E
#160000000
0!
0E
#160010000
1!
1E
#160020000
0!
0E
#160030000
1!
1E
#160040000
0!
0E
#160050000
1!
1E
#160060000
0!
0E
#160070000
1!
1E
#160080000
0!
0E
#160090000
1!
1E
#160100000
0!
0E
#160110000
1!
1E
#160120000
0!
0E
#160130000
1!
1E
#160140000
0!
0E
#160150000
1!
1E
#160160000
0!
0E
#160170000
1!
1E
#160180000
0!
0E
#160190000
1!
1E
#160200000
0!
0E
#160210000
1!
1E
#160220000
0!
0E
#160230000
1!
1E
#160240000
0!
0E
#160250000
1!
1E
#160260000
0!
0E
#160270000
1!
1E
#160280000
0!
0E
#160290000
1!
1E
#160300000
0!
0E
#160310000
1!
1E
#160320000
0!
0E
#160330000
1!
1E
#160340000
0!
0E
#160350000
1!
1E
#160360000
0!
0E
#160370000
1!
1E
#160380000
0!
0E
#160390000
1!
1E
#160400000
1#
0!
1G
0E
#160410000
1!
1E
1`
#160420000
0!
0E
#160430000
1!
1E
1f
1d
#160440000
0!
0E
#160450000
1!
1E
0d
b1 r
b1 i
1p
#160460000
0!
0E
#160470000
1!
1E
#160480000
0!
0E
#160490000
1!
1E
#160500000
0!
0E
#160510000
1!
1E
#160520000
0!
0E
#160530000
1!
1E
#160540000
0!
0E
#160550000
1!
1E
#160560000
0!
0E
#160570000
1!
1E
#160580000
0!
0E
#160590000
1!
1E
#160600000
0!
0E
#160610000
1!
1E
#160620000
0!
0E
#160630000
1!
1E
#160640000
0!
0E
#160650000
1!
1E
#160660000
0!
0E
#160670000
1!
1E
#160680000
0!
0E
#160690000
1!
1E
#160700000
0!
0E
#160710000
1!
1E
#160720000
0!
0E
#160730000
1!
1E
#160740000
0!
0E
#160750000
1!
1E
#160760000
0!
0E
#160770000
1!
1E
#160780000
0!
0E
#160790000
1!
1E
#160800000
0!
0E
#160810000
1!
1E
#160820000
0!
0E
#160830000
1!
1E
#160840000
0!
0E
#160850000
1!
1E
#160860000
0!
0E
#160870000
1!
1E
#160880000
0!
0E
#160890000
1!
1E
#160900000
0!
0E
#160910000
1!
1E
#160920000
0!
0E
#160930000
1!
1E
#160940000
0!
0E
#160950000
1!
1E
#160960000
0!
0E
#160970000
1!
1E
#160980000
0!
0E
#160990000
1!
1E
#161000000
0!
0E
#161010000
1!
1E
#161020000
0!
0E
#161030000
1!
1E
#161040000
0!
0E
#161050000
1!
1E
#161060000
0!
0E
#161070000
1!
1E
#161080000
0!
0E
#161090000
1!
1E
#161100000
0!
0E
#161110000
1!
1E
#161120000
0!
0E
#161130000
1!
1E
#161140000
0!
0E
#161150000
1!
1E
#161160000
0!
0E
#161170000
1!
1E
#161180000
0!
0E
#161190000
1!
1E
#161200000
0!
0E
#161210000
1!
1E
#161220000
0!
0E
#161230000
1!
1E
#161240000
0!
0E
#161250000
1!
1E
#161260000
0!
0E
#161270000
1!
1E
#161280000
0!
0E
#161290000
1!
1E
#161300000
0!
0E
#161310000
1!
1E
#161320000
0!
0E
#161330000
1!
1E
#161340000
0!
0E
#161350000
1!
1E
#161360000
0!
0E
#161370000
1!
1E
#161380000
0!
0E
#161390000
1!
1E
#161400000
0#
0!
0G
0E
#161410000
1!
1E
0`
#161420000
0!
0E
#161430000
1!
1E
0f
1c
#161440000
0!
0E
#161450000
1!
1E
0c
#161460000
0!
0E
#161470000
1!
1E
#161480000
0!
0E
#161490000
1!
1E
#161500000
0!
0E
#161510000
1!
1E
#161520000
0!
0E
#161530000
1!
1E
#161540000
0!
0E
#161550000
1!
1E
#161560000
0!
0E
#161570000
1!
1E
#161580000
0!
0E
#161590000
1!
1E
#161600000
0!
0E
#161610000
1!
1E
#161620000
0!
0E
#161630000
1!
1E
#161640000
0!
0E
#161650000
1!
1E
#161660000
0!
0E
#161670000
1!
1E
#161680000
0!
0E
#161690000
1!
1E
#161700000
0!
0E
#161710000
1!
1E
#161720000
0!
0E
#161730000
1!
1E
#161740000
0!
0E
#161750000
1!
1E
#161760000
0!
0E
#161770000
1!
1E
#161780000
0!
0E
#161790000
1!
1E
#161800000
0!
0E
#161810000
1!
1E
#161820000
0!
0E
#161830000
1!
1E
#161840000
0!
0E
#161850000
1!
1E
#161860000
0!
0E
#161870000
1!
1E
#161880000
0!
0E
#161890000
1!
1E
#161900000
b110 A
0=
0!
0$
0E
#161910000
1!
1E
0_
0q
#161920000
0!
0E
#161930000
1!
1E
0e
1a
#161940000
0!
0E
#161950000
1!
1E
0a
#161960000
0!
0E
#161970000
1!
1E
#161980000
0!
0E
#161990000
1!
1E
#162000000
0!
0E
#162010000
1!
1E
#162020000
0!
0E
#162030000
1!
1E
#162040000
0!
0E
#162050000
1!
1E
#162060000
0!
0E
#162070000
1!
1E
#162080000
0!
0E
#162090000
1!
1E
#162100000
0!
0E
#162110000
1!
1E
#162120000
0!
0E
#162130000
1!
1E
#162140000
0!
0E
#162150000
1!
1E
#162160000
0!
0E
#162170000
1!
1E
#162180000
0!
0E
#162190000
1!
1E
#162200000
0!
0E
#162210000
1!
1E
#162220000
0!
0E
#162230000
1!
1E
#162240000
0!
0E
#162250000
1!
1E
#162260000
0!
0E
#162270000
1!
1E
#162280000
0!
0E
#162290000
1!
1E
#162300000
0!
0E
#162310000
1!
1E
#162320000
0!
0E
#162330000
1!
1E
#162340000
0!
0E
#162350000
1!
1E
#162360000
0!
0E
#162370000
1!
1E
#162380000
0!
0E
#162390000
1!
1E
#162400000
1#
0!
1G
0E
#162410000
1!
1E
1`
#162420000
0!
0E
#162430000
1!
1E
1f
1d
#162440000
0!
0E
#162450000
1!
1E
0d
b10 r
b10 i
0p
1o
#162460000
0!
0E
#162470000
1!
1E
#162480000
0!
0E
#162490000
1!
1E
#162500000
0!
0E
#162510000
1!
1E
#162520000
0!
0E
#162530000
1!
1E
#162540000
0!
0E
#162550000
1!
1E
#162560000
0!
0E
#162570000
1!
1E
#162580000
0!
0E
#162590000
1!
1E
#162600000
0!
0E
#162610000
1!
1E
#162620000
0!
0E
#162630000
1!
1E
#162640000
0!
0E
#162650000
1!
1E
#162660000
0!
0E
#162670000
1!
1E
#162680000
0!
0E
#162690000
1!
1E
#162700000
0!
0E
#162710000
1!
1E
#162720000
0!
0E
#162730000
1!
1E
#162740000
0!
0E
#162750000
1!
1E
#162760000
0!
0E
#162770000
1!
1E
#162780000
0!
0E
#162790000
1!
1E
#162800000
0!
0E
#162810000
1!
1E
#162820000
0!
0E
#162830000
1!
1E
#162840000
0!
0E
#162850000
1!
1E
#162860000
0!
0E
#162870000
1!
1E
#162880000
0!
0E
#162890000
1!
1E
#162900000
0!
0E
#162910000
1!
1E
#162920000
0!
0E
#162930000
1!
1E
#162940000
0!
0E
#162950000
1!
1E
#162960000
0!
0E
#162970000
1!
1E
#162980000
0!
0E
#162990000
1!
1E
#163000000
0!
0E
#163010000
1!
1E
#163020000
0!
0E
#163030000
1!
1E
#163040000
0!
0E
#163050000
1!
1E
#163060000
0!
0E
#163070000
1!
1E
#163080000
0!
0E
#163090000
1!
1E
#163100000
0!
0E
#163110000
1!
1E
#163120000
0!
0E
#163130000
1!
1E
#163140000
0!
0E
#163150000
1!
1E
#163160000
0!
0E
#163170000
1!
1E
#163180000
0!
0E
#163190000
1!
1E
#163200000
0!
0E
#163210000
1!
1E
#163220000
0!
0E
#163230000
1!
1E
#163240000
0!
0E
#163250000
1!
1E
#163260000
0!
0E
#163270000
1!
1E
#163280000
0!
0E
#163290000
1!
1E
#163300000
0!
0E
#163310000
1!
1E
#163320000
0!
0E
#163330000
1!
1E
#163340000
0!
0E
#163350000
1!
1E
#163360000
0!
0E
#163370000
1!
1E
#163380000
0!
0E
#163390000
1!
1E
#163400000
0#
0!
0G
0E
#163410000
1!
1E
0`
#163420000
0!
0E
#163430000
1!
1E
0f
1c
#163440000
0!
0E
#163450000
1!
1E
0c
#163460000
0!
0E
#163470000
1!
1E
#163480000
0!
0E
#163490000
1!
1E
#163500000
0!
0E
#163510000
1!
1E
#163520000
0!
0E
#163530000
1!
1E
#163540000
0!
0E
#163550000
1!
1E
#163560000
0!
0E
#163570000
1!
1E
#163580000
0!
0E
#163590000
1!
1E
#163600000
0!
0E
#163610000
1!
1E
#163620000
0!
0E
#163630000
1!
1E
#163640000
0!
0E
#163650000
1!
1E
#163660000
0!
0E
#163670000
1!
1E
#163680000
0!
0E
#163690000
1!
1E
#163700000
0!
0E
#163710000
1!
1E
#163720000
0!
0E
#163730000
1!
1E
#163740000
0!
0E
#163750000
1!
1E
#163760000
0!
0E
#163770000
1!
1E
#163780000
0!
0E
#163790000
1!
1E
#163800000
0!
0E
#163810000
1!
1E
#163820000
0!
0E
#163830000
1!
1E
#163840000
0!
0E
#163850000
1!
1E
#163860000
0!
0E
#163870000
1!
1E
#163880000
0!
0E
#163890000
1!
1E
#163900000
b101 A
1=
0!
1$
0E
#163910000
1!
1E
1_
1q
#163920000
0!
0E
#163930000
1!
1E
1e
1b
#163940000
0!
0E
#163950000
1!
1E
0b
#163960000
0!
0E
#163970000
1!
1E
#163980000
0!
0E
#163990000
1!
1E
#164000000
0!
0E
#164010000
1!
1E
#164020000
0!
0E
#164030000
1!
1E
#164040000
0!
0E
#164050000
1!
1E
#164060000
0!
0E
#164070000
1!
1E
#164080000
0!
0E
#164090000
1!
1E
#164100000
0!
0E
#164110000
1!
1E
#164120000
0!
0E
#164130000
1!
1E
#164140000
0!
0E
#164150000
1!
1E
#164160000
0!
0E
#164170000
1!
1E
#164180000
0!
0E
#164190000
1!
1E
#164200000
0!
0E
#164210000
1!
1E
#164220000
0!
0E
#164230000
1!
1E
#164240000
0!
0E
#164250000
1!
1E
#164260000
0!
0E
#164270000
1!
1E
#164280000
0!
0E
#164290000
1!
1E
#164300000
0!
0E
#164310000
1!
1E
#164320000
0!
0E
#164330000
1!
1E
#164340000
0!
0E
#164350000
1!
1E
#164360000
0!
0E
#164370000
1!
1E
#164380000
0!
0E
#164390000
1!
1E
#164400000
1#
0!
1G
0E
#164410000
1!
1E
1`
#164420000
0!
0E
#164430000
1!
1E
1f
1d
#164440000
0!
0E
#164450000
1!
1E
0d
b11 r
b101 i
1p
0o
1n
#164460000
0!
0E
#164470000
1!
1E
#164480000
0!
0E
#164490000
1!
1E
#164500000
0!
0E
#164510000
1!
1E
#164520000
0!
0E
#164530000
1!
1E
#164540000
0!
0E
#164550000
1!
1E
#164560000
0!
0E
#164570000
1!
1E
#164580000
0!
0E
#164590000
1!
1E
#164600000
0!
0E
#164610000
1!
1E
#164620000
0!
0E
#164630000
1!
1E
#164640000
0!
0E
#164650000
1!
1E
#164660000
0!
0E
#164670000
1!
1E
#164680000
0!
0E
#164690000
1!
1E
#164700000
0!
0E
#164710000
1!
1E
#164720000
0!
0E
#164730000
1!
1E
#164740000
0!
0E
#164750000
1!
1E
#164760000
0!
0E
#164770000
1!
1E
#164780000
0!
0E
#164790000
1!
1E
#164800000
0!
0E
#164810000
1!
1E
#164820000
0!
0E
#164830000
1!
1E
#164840000
0!
0E
#164850000
1!
1E
#164860000
0!
0E
#164870000
1!
1E
#164880000
0!
0E
#164890000
1!
1E
#164900000
0!
0E
#164910000
1!
1E
#164920000
0!
0E
#164930000
1!
1E
#164940000
0!
0E
#164950000
1!
1E
#164960000
0!
0E
#164970000
1!
1E
#164980000
0!
0E
#164990000
1!
1E
#165000000
0!
0E
#165010000
1!
1E
#165020000
0!
0E
#165030000
1!
1E
#165040000
0!
0E
#165050000
1!
1E
#165060000
0!
0E
#165070000
1!
1E
#165080000
0!
0E
#165090000
1!
1E
#165100000
0!
0E
#165110000
1!
1E
#165120000
0!
0E
#165130000
1!
1E
#165140000
0!
0E
#165150000
1!
1E
#165160000
0!
0E
#165170000
1!
1E
#165180000
0!
0E
#165190000
1!
1E
#165200000
0!
0E
#165210000
1!
1E
#165220000
0!
0E
#165230000
1!
1E
#165240000
0!
0E
#165250000
1!
1E
#165260000
0!
0E
#165270000
1!
1E
#165280000
0!
0E
#165290000
1!
1E
#165300000
0!
0E
#165310000
1!
1E
#165320000
0!
0E
#165330000
1!
1E
#165340000
0!
0E
#165350000
1!
1E
#165360000
0!
0E
#165370000
1!
1E
#165380000
0!
0E
#165390000
1!
1E
#165400000
0#
0!
0G
0E
#165410000
1!
1E
0`
#165420000
0!
0E
#165430000
1!
1E
0f
1c
#165440000
0!
0E
#165450000
1!
1E
0c
#165460000
0!
0E
#165470000
1!
1E
#165480000
0!
0E
#165490000
1!
1E
#165500000
0!
0E
#165510000
1!
1E
#165520000
0!
0E
#165530000
1!
1E
#165540000
0!
0E
#165550000
1!
1E
#165560000
0!
0E
#165570000
1!
1E
#165580000
0!
0E
#165590000
1!
1E
#165600000
0!
0E
#165610000
1!
1E
#165620000
0!
0E
#165630000
1!
1E
#165640000
0!
0E
#165650000
1!
1E
#165660000
0!
0E
#165670000
1!
1E
#165680000
0!
0E
#165690000
1!
1E
#165700000
0!
0E
#165710000
1!
1E
#165720000
0!
0E
#165730000
1!
1E
#165740000
0!
0E
#165750000
1!
1E
#165760000
0!
0E
#165770000
1!
1E
#165780000
0!
0E
#165790000
1!
1E
#165800000
0!
0E
#165810000
1!
1E
#165820000
0!
0E
#165830000
1!
1E
#165840000
0!
0E
#165850000
1!
1E
#165860000
0!
0E
#165870000
1!
1E
#165880000
0!
0E
#165890000
1!
1E
#165900000
b100 A
0=
0!
0$
0E
#165910000
1!
1E
0_
0q
#165920000
0!
0E
#165930000
1!
1E
0e
1a
#165940000
0!
0E
#165950000
1!
1E
0a
#165960000
0!
0E
#165970000
1!
1E
#165980000
0!
0E
#165990000
1!
1E
#166000000
0!
0E
#166010000
1!
1E
#166020000
0!
0E
#166030000
1!
1E
#166040000
0!
0E
#166050000
1!
1E
#166060000
0!
0E
#166070000
1!
1E
#166080000
0!
0E
#166090000
1!
1E
#166100000
0!
0E
#166110000
1!
1E
#166120000
0!
0E
#166130000
1!
1E
#166140000
0!
0E
#166150000
1!
1E
#166160000
0!
0E
#166170000
1!
1E
#166180000
0!
0E
#166190000
1!
1E
#166200000
0!
0E
#166210000
1!
1E
#166220000
0!
0E
#166230000
1!
1E
#166240000
0!
0E
#166250000
1!
1E
#166260000
0!
0E
#166270000
1!
1E
#166280000
0!
0E
#166290000
1!
1E
#166300000
0!
0E
#166310000
1!
1E
#166320000
0!
0E
#166330000
1!
1E
#166340000
0!
0E
#166350000
1!
1E
#166360000
0!
0E
#166370000
1!
1E
#166380000
0!
0E
#166390000
1!
1E
#166400000
1#
0!
1G
0E
#166410000
1!
1E
1`
#166420000
0!
0E
#166430000
1!
1E
1f
1d
#166440000
0!
0E
#166450000
1!
1E
0d
b100 r
b1010 i
0p
1o
0n
1m
#166460000
0!
0E
#166470000
1!
1E
#166480000
0!
0E
#166490000
1!
1E
#166500000
0!
0E
#166510000
1!
1E
#166520000
0!
0E
#166530000
1!
1E
#166540000
0!
0E
#166550000
1!
1E
#166560000
0!
0E
#166570000
1!
1E
#166580000
0!
0E
#166590000
1!
1E
#166600000
0!
0E
#166610000
1!
1E
#166620000
0!
0E
#166630000
1!
1E
#166640000
0!
0E
#166650000
1!
1E
#166660000
0!
0E
#166670000
1!
1E
#166680000
0!
0E
#166690000
1!
1E
#166700000
0!
0E
#166710000
1!
1E
#166720000
0!
0E
#166730000
1!
1E
#166740000
0!
0E
#166750000
1!
1E
#166760000
0!
0E
#166770000
1!
1E
#166780000
0!
0E
#166790000
1!
1E
#166800000
0!
0E
#166810000
1!
1E
#166820000
0!
0E
#166830000
1!
1E
#166840000
0!
0E
#166850000
1!
1E
#166860000
0!
0E
#166870000
1!
1E
#166880000
0!
0E
#166890000
1!
1E
#166900000
0!
0E
#166910000
1!
1E
#166920000
0!
0E
#166930000
1!
1E
#166940000
0!
0E
#166950000
1!
1E
#166960000
0!
0E
#166970000
1!
1E
#166980000
0!
0E
#166990000
1!
1E
#167000000
0!
0E
#167010000
1!
1E
#167020000
0!
0E
#167030000
1!
1E
#167040000
0!
0E
#167050000
1!
1E
#167060000
0!
0E
#167070000
1!
1E
#167080000
0!
0E
#167090000
1!
1E
#167100000
0!
0E
#167110000
1!
1E
#167120000
0!
0E
#167130000
1!
1E
#167140000
0!
0E
#167150000
1!
1E
#167160000
0!
0E
#167170000
1!
1E
#167180000
0!
0E
#167190000
1!
1E
#167200000
0!
0E
#167210000
1!
1E
#167220000
0!
0E
#167230000
1!
1E
#167240000
0!
0E
#167250000
1!
1E
#167260000
0!
0E
#167270000
1!
1E
#167280000
0!
0E
#167290000
1!
1E
#167300000
0!
0E
#167310000
1!
1E
#167320000
0!
0E
#167330000
1!
1E
#167340000
0!
0E
#167350000
1!
1E
#167360000
0!
0E
#167370000
1!
1E
#167380000
0!
0E
#167390000
1!
1E
#167400000
0#
0!
0G
0E
#167410000
1!
1E
0`
#167420000
0!
0E
#167430000
1!
1E
0f
1c
#167440000
0!
0E
#167450000
1!
1E
0c
#167460000
0!
0E
#167470000
1!
1E
#167480000
0!
0E
#167490000
1!
1E
#167500000
0!
0E
#167510000
1!
1E
#167520000
0!
0E
#167530000
1!
1E
#167540000
0!
0E
#167550000
1!
1E
#167560000
0!
0E
#167570000
1!
1E
#167580000
0!
0E
#167590000
1!
1E
#167600000
0!
0E
#167610000
1!
1E
#167620000
0!
0E
#167630000
1!
1E
#167640000
0!
0E
#167650000
1!
1E
#167660000
0!
0E
#167670000
1!
1E
#167680000
0!
0E
#167690000
1!
1E
#167700000
0!
0E
#167710000
1!
1E
#167720000
0!
0E
#167730000
1!
1E
#167740000
0!
0E
#167750000
1!
1E
#167760000
0!
0E
#167770000
1!
1E
#167780000
0!
0E
#167790000
1!
1E
#167800000
0!
0E
#167810000
1!
1E
#167820000
0!
0E
#167830000
1!
1E
#167840000
0!
0E
#167850000
1!
1E
#167860000
0!
0E
#167870000
1!
1E
#167880000
0!
0E
#167890000
1!
1E
#167900000
b11 A
0!
0E
#167910000
1!
1E
#167920000
0!
0E
#167930000
1!
1E
#167940000
0!
0E
#167950000
1!
1E
#167960000
0!
0E
#167970000
1!
1E
#167980000
0!
0E
#167990000
1!
1E
#168000000
0!
0E
#168010000
1!
1E
#168020000
0!
0E
#168030000
1!
1E
#168040000
0!
0E
#168050000
1!
1E
#168060000
0!
0E
#168070000
1!
1E
#168080000
0!
0E
#168090000
1!
1E
#168100000
0!
0E
#168110000
1!
1E
#168120000
0!
0E
#168130000
1!
1E
#168140000
0!
0E
#168150000
1!
1E
#168160000
0!
0E
#168170000
1!
1E
#168180000
0!
0E
#168190000
1!
1E
#168200000
0!
0E
#168210000
1!
1E
#168220000
0!
0E
#168230000
1!
1E
#168240000
0!
0E
#168250000
1!
1E
#168260000
0!
0E
#168270000
1!
1E
#168280000
0!
0E
#168290000
1!
1E
#168300000
0!
0E
#168310000
1!
1E
#168320000
0!
0E
#168330000
1!
1E
#168340000
0!
0E
#168350000
1!
1E
#168360000
0!
0E
#168370000
1!
1E
#168380000
0!
0E
#168390000
1!
1E
#168400000
1#
0!
1G
0E
#168410000
1!
1E
1`
#168420000
0!
0E
#168430000
1!
1E
1f
1d
#168440000
0!
0E
#168450000
1!
1E
0d
b101 r
b10100 i
0o
1n
0m
1l
#168460000
0!
0E
#168470000
1!
1E
#168480000
0!
0E
#168490000
1!
1E
#168500000
0!
0E
#168510000
1!
1E
#168520000
0!
0E
#168530000
1!
1E
#168540000
0!
0E
#168550000
1!
1E
#168560000
0!
0E
#168570000
1!
1E
#168580000
0!
0E
#168590000
1!
1E
#168600000
0!
0E
#168610000
1!
1E
#168620000
0!
0E
#168630000
1!
1E
#168640000
0!
0E
#168650000
1!
1E
#168660000
0!
0E
#168670000
1!
1E
#168680000
0!
0E
#168690000
1!
1E
#168700000
0!
0E
#168710000
1!
1E
#168720000
0!
0E
#168730000
1!
1E
#168740000
0!
0E
#168750000
1!
1E
#168760000
0!
0E
#168770000
1!
1E
#168780000
0!
0E
#168790000
1!
1E
#168800000
0!
0E
#168810000
1!
1E
#168820000
0!
0E
#168830000
1!
1E
#168840000
0!
0E
#168850000
1!
1E
#168860000
0!
0E
#168870000
1!
1E
#168880000
0!
0E
#168890000
1!
1E
#168900000
0!
0E
#168910000
1!
1E
#168920000
0!
0E
#168930000
1!
1E
#168940000
0!
0E
#168950000
1!
1E
#168960000
0!
0E
#168970000
1!
1E
#168980000
0!
0E
#168990000
1!
1E
#169000000
0!
0E
#169010000
1!
1E
#169020000
0!
0E
#169030000
1!
1E
#169040000
0!
0E
#169050000
1!
1E
#169060000
0!
0E
#169070000
1!
1E
#169080000
0!
0E
#169090000
1!
1E
#169100000
0!
0E
#169110000
1!
1E
#169120000
0!
0E
#169130000
1!
1E
#169140000
0!
0E
#169150000
1!
1E
#169160000
0!
0E
#169170000
1!
1E
#169180000
0!
0E
#169190000
1!
1E
#169200000
0!
0E
#169210000
1!
1E
#169220000
0!
0E
#169230000
1!
1E
#169240000
0!
0E
#169250000
1!
1E
#169260000
0!
0E
#169270000
1!
1E
#169280000
0!
0E
#169290000
1!
1E
#169300000
0!
0E
#169310000
1!
1E
#169320000
0!
0E
#169330000
1!
1E
#169340000
0!
0E
#169350000
1!
1E
#169360000
0!
0E
#169370000
1!
1E
#169380000
0!
0E
#169390000
1!
1E
#169400000
0#
0!
0G
0E
#169410000
1!
1E
0`
#169420000
0!
0E
#169430000
1!
1E
0f
1c
#169440000
0!
0E
#169450000
1!
1E
0c
#169460000
0!
0E
#169470000
1!
1E
#169480000
0!
0E
#169490000
1!
1E
#169500000
0!
0E
#169510000
1!
1E
#169520000
0!
0E
#169530000
1!
1E
#169540000
0!
0E
#169550000
1!
1E
#169560000
0!
0E
#169570000
1!
1E
#169580000
0!
0E
#169590000
1!
1E
#169600000
0!
0E
#169610000
1!
1E
#169620000
0!
0E
#169630000
1!
1E
#169640000
0!
0E
#169650000
1!
1E
#169660000
0!
0E
#169670000
1!
1E
#169680000
0!
0E
#169690000
1!
1E
#169700000
0!
0E
#169710000
1!
1E
#169720000
0!
0E
#169730000
1!
1E
#169740000
0!
0E
#169750000
1!
1E
#169760000
0!
0E
#169770000
1!
1E
#169780000
0!
0E
#169790000
1!
1E
#169800000
0!
0E
#169810000
1!
1E
#169820000
0!
0E
#169830000
1!
1E
#169840000
0!
0E
#169850000
1!
1E
#169860000
0!
0E
#169870000
1!
1E
#169880000
0!
0E
#169890000
1!
1E
#169900000
b10 A
0!
0E
#169910000
1!
1E
#169920000
0!
0E
#169930000
1!
1E
#169940000
0!
0E
#169950000
1!
1E
#169960000
0!
0E
#169970000
1!
1E
#169980000
0!
0E
#169990000
1!
1E
#170000000
0!
0E
#170010000
1!
1E
#170020000
0!
0E
#170030000
1!
1E
#170040000
0!
0E
#170050000
1!
1E
#170060000
0!
0E
#170070000
1!
1E
#170080000
0!
0E
#170090000
1!
1E
#170100000
0!
0E
#170110000
1!
1E
#170120000
0!
0E
#170130000
1!
1E
#170140000
0!
0E
#170150000
1!
1E
#170160000
0!
0E
#170170000
1!
1E
#170180000
0!
0E
#170190000
1!
1E
#170200000
0!
0E
#170210000
1!
1E
#170220000
0!
0E
#170230000
1!
1E
#170240000
0!
0E
#170250000
1!
1E
#170260000
0!
0E
#170270000
1!
1E
#170280000
0!
0E
#170290000
1!
1E
#170300000
0!
0E
#170310000
1!
1E
#170320000
0!
0E
#170330000
1!
1E
#170340000
0!
0E
#170350000
1!
1E
#170360000
0!
0E
#170370000
1!
1E
#170380000
0!
0E
#170390000
1!
1E
#170400000
1#
0!
1G
0E
#170410000
1!
1E
1`
#170420000
0!
0E
#170430000
1!
1E
1f
1d
#170440000
0!
0E
#170450000
1!
1E
0d
b110 r
b101000 i
0n
1m
0l
1k
#170460000
0!
0E
#170470000
1!
1E
#170480000
0!
0E
#170490000
1!
1E
#170500000
0!
0E
#170510000
1!
1E
#170520000
0!
0E
#170530000
1!
1E
#170540000
0!
0E
#170550000
1!
1E
#170560000
0!
0E
#170570000
1!
1E
#170580000
0!
0E
#170590000
1!
1E
#170600000
0!
0E
#170610000
1!
1E
#170620000
0!
0E
#170630000
1!
1E
#170640000
0!
0E
#170650000
1!
1E
#170660000
0!
0E
#170670000
1!
1E
#170680000
0!
0E
#170690000
1!
1E
#170700000
0!
0E
#170710000
1!
1E
#170720000
0!
0E
#170730000
1!
1E
#170740000
0!
0E
#170750000
1!
1E
#170760000
0!
0E
#170770000
1!
1E
#170780000
0!
0E
#170790000
1!
1E
#170800000
0!
0E
#170810000
1!
1E
#170820000
0!
0E
#170830000
1!
1E
#170840000
0!
0E
#170850000
1!
1E
#170860000
0!
0E
#170870000
1!
1E
#170880000
0!
0E
#170890000
1!
1E
#170900000
0!
0E
#170910000
1!
1E
#170920000
0!
0E
#170930000
1!
1E
#170940000
0!
0E
#170950000
1!
1E
#170960000
0!
0E
#170970000
1!
1E
#170980000
0!
0E
#170990000
1!
1E
#171000000
0!
0E
#171010000
1!
1E
#171020000
0!
0E
#171030000
1!
1E
#171040000
0!
0E
#171050000
1!
1E
#171060000
0!
0E
#171070000
1!
1E
#171080000
0!
0E
#171090000
1!
1E
#171100000
0!
0E
#171110000
1!
1E
#171120000
0!
0E
#171130000
1!
1E
#171140000
0!
0E
#171150000
1!
1E
#171160000
0!
0E
#171170000
1!
1E
#171180000
0!
0E
#171190000
1!
1E
#171200000
0!
0E
#171210000
1!
1E
#171220000
0!
0E
#171230000
1!
1E
#171240000
0!
0E
#171250000
1!
1E
#171260000
0!
0E
#171270000
1!
1E
#171280000
0!
0E
#171290000
1!
1E
#171300000
0!
0E
#171310000
1!
1E
#171320000
0!
0E
#171330000
1!
1E
#171340000
0!
0E
#171350000
1!
1E
#171360000
0!
0E
#171370000
1!
1E
#171380000
0!
0E
#171390000
1!
1E
#171400000
0#
0!
0G
0E
#171410000
1!
1E
0`
#171420000
0!
0E
#171430000
1!
1E
0f
1c
#171440000
0!
0E
#171450000
1!
1E
0c
#171460000
0!
0E
#171470000
1!
1E
#171480000
0!
0E
#171490000
1!
1E
#171500000
0!
0E
#171510000
1!
1E
#171520000
0!
0E
#171530000
1!
1E
#171540000
0!
0E
#171550000
1!
1E
#171560000
0!
0E
#171570000
1!
1E
#171580000
0!
0E
#171590000
1!
1E
#171600000
0!
0E
#171610000
1!
1E
#171620000
0!
0E
#171630000
1!
1E
#171640000
0!
0E
#171650000
1!
1E
#171660000
0!
0E
#171670000
1!
1E
#171680000
0!
0E
#171690000
1!
1E
#171700000
0!
0E
#171710000
1!
1E
#171720000
0!
0E
#171730000
1!
1E
#171740000
0!
0E
#171750000
1!
1E
#171760000
0!
0E
#171770000
1!
1E
#171780000
0!
0E
#171790000
1!
1E
#171800000
0!
0E
#171810000
1!
1E
#171820000
0!
0E
#171830000
1!
1E
#171840000
0!
0E
#171850000
1!
1E
#171860000
0!
0E
#171870000
1!
1E
#171880000
0!
0E
#171890000
1!
1E
#171900000
b1 A
0!
0E
#171910000
1!
1E
#171920000
0!
0E
#171930000
1!
1E
#171940000
0!
0E
#171950000
1!
1E
#171960000
0!
0E
#171970000
1!
1E
#171980000
0!
0E
#171990000
1!
1E
#172000000
0!
0E
#172010000
1!
1E
#172020000
0!
0E
#172030000
1!
1E
#172040000
0!
0E
#172050000
1!
1E
#172060000
0!
0E
#172070000
1!
1E
#172080000
0!
0E
#172090000
1!
1E
#172100000
0!
0E
#172110000
1!
1E
#172120000
0!
0E
#172130000
1!
1E
#172140000
0!
0E
#172150000
1!
1E
#172160000
0!
0E
#172170000
1!
1E
#172180000
0!
0E
#172190000
1!
1E
#172200000
0!
0E
#172210000
1!
1E
#172220000
0!
0E
#172230000
1!
1E
#172240000
0!
0E
#172250000
1!
1E
#172260000
0!
0E
#172270000
1!
1E
#172280000
0!
0E
#172290000
1!
1E
#172300000
0!
0E
#172310000
1!
1E
#172320000
0!
0E
#172330000
1!
1E
#172340000
0!
0E
#172350000
1!
1E
#172360000
0!
0E
#172370000
1!
1E
#172380000
0!
0E
#172390000
1!
1E
#172400000
1#
0!
1G
0E
#172410000
1!
1E
1`
#172420000
0!
0E
#172430000
1!
1E
1f
1d
#172440000
0!
0E
#172450000
1!
1E
0d
b111 r
b1010000 i
0m
1l
0k
1j
#172460000
0!
0E
#172470000
1!
1E
#172480000
0!
0E
#172490000
1!
1E
#172500000
0!
0E
#172510000
1!
1E
#172520000
0!
0E
#172530000
1!
1E
#172540000
0!
0E
#172550000
1!
1E
#172560000
0!
0E
#172570000
1!
1E
#172580000
0!
0E
#172590000
1!
1E
#172600000
0!
0E
#172610000
1!
1E
#172620000
0!
0E
#172630000
1!
1E
#172640000
0!
0E
#172650000
1!
1E
#172660000
0!
0E
#172670000
1!
1E
#172680000
0!
0E
#172690000
1!
1E
#172700000
0!
0E
#172710000
1!
1E
#172720000
0!
0E
#172730000
1!
1E
#172740000
0!
0E
#172750000
1!
1E
#172760000
0!
0E
#172770000
1!
1E
#172780000
0!
0E
#172790000
1!
1E
#172800000
0!
0E
#172810000
1!
1E
#172820000
0!
0E
#172830000
1!
1E
#172840000
0!
0E
#172850000
1!
1E
#172860000
0!
0E
#172870000
1!
1E
#172880000
0!
0E
#172890000
1!
1E
#172900000
0!
0E
#172910000
1!
1E
#172920000
0!
0E
#172930000
1!
1E
#172940000
0!
0E
#172950000
1!
1E
#172960000
0!
0E
#172970000
1!
1E
#172980000
0!
0E
#172990000
1!
1E
#173000000
0!
0E
#173010000
1!
1E
#173020000
0!
0E
#173030000
1!
1E
#173040000
0!
0E
#173050000
1!
1E
#173060000
0!
0E
#173070000
1!
1E
#173080000
0!
0E
#173090000
1!
1E
#173100000
0!
0E
#173110000
1!
1E
#173120000
0!
0E
#173130000
1!
1E
#173140000
0!
0E
#173150000
1!
1E
#173160000
0!
0E
#173170000
1!
1E
#173180000
0!
0E
#173190000
1!
1E
#173200000
0!
0E
#173210000
1!
1E
#173220000
0!
0E
#173230000
1!
1E
#173240000
0!
0E
#173250000
1!
1E
#173260000
0!
0E
#173270000
1!
1E
#173280000
0!
0E
#173290000
1!
1E
#173300000
0!
0E
#173310000
1!
1E
#173320000
0!
0E
#173330000
1!
1E
#173340000
0!
0E
#173350000
1!
1E
#173360000
0!
0E
#173370000
1!
1E
#173380000
0!
0E
#173390000
1!
1E
#173400000
0#
0!
0G
0E
#173410000
1!
1E
0`
#173420000
0!
0E
#173430000
1!
1E
0f
1c
#173440000
0!
0E
#173450000
1!
1E
0c
1s
#173460000
0!
0E
#173470000
1!
1E
#173480000
0!
0E
#173490000
1!
1E
#173500000
0!
0E
#173510000
1!
1E
#173520000
0!
0E
#173530000
1!
1E
#173540000
0!
0E
#173550000
1!
1E
#173560000
0!
0E
#173570000
1!
1E
#173580000
0!
0E
#173590000
1!
1E
#173600000
0!
0E
#173610000
1!
1E
#173620000
0!
0E
#173630000
1!
1E
#173640000
0!
0E
#173650000
1!
1E
#173660000
0!
0E
#173670000
1!
1E
#173680000
0!
0E
#173690000
1!
1E
#173700000
0!
0E
#173710000
1!
1E
#173720000
0!
0E
#173730000
1!
1E
#173740000
0!
0E
#173750000
1!
1E
#173760000
0!
0E
#173770000
1!
1E
#173780000
0!
0E
#173790000
1!
1E
#173800000
0!
0E
#173810000
1!
1E
#173820000
0!
0E
#173830000
1!
1E
#173840000
0!
0E
#173850000
1!
1E
#173860000
0!
0E
#173870000
1!
1E
#173880000
0!
0E
#173890000
1!
1E
#173900000
b0 A
0!
0E
#173910000
1!
1E
#173920000
0!
0E
#173930000
1!
1E
#173940000
0!
0E
#173950000
1!
1E
#173960000
0!
0E
#173970000
1!
1E
#173980000
0!
0E
#173990000
1!
1E
#174000000
0!
0E
#174010000
1!
1E
#174020000
0!
0E
#174030000
1!
1E
#174040000
0!
0E
#174050000
1!
1E
#174060000
0!
0E
#174070000
1!
1E
#174080000
0!
0E
#174090000
1!
1E
#174100000
0!
0E
#174110000
1!
1E
#174120000
0!
0E
#174130000
1!
1E
#174140000
0!
0E
#174150000
1!
1E
#174160000
0!
0E
#174170000
1!
1E
#174180000
0!
0E
#174190000
1!
1E
#174200000
0!
0E
#174210000
1!
1E
#174220000
0!
0E
#174230000
1!
1E
#174240000
0!
0E
#174250000
1!
1E
#174260000
0!
0E
#174270000
1!
1E
#174280000
0!
0E
#174290000
1!
1E
#174300000
0!
0E
#174310000
1!
1E
#174320000
0!
0E
#174330000
1!
1E
#174340000
0!
0E
#174350000
1!
1E
#174360000
0!
0E
#174370000
1!
1E
#174380000
0!
0E
#174390000
1!
1E
#174400000
1#
0!
1G
0E
#174410000
1!
1E
1`
#174420000
0!
0E
#174430000
1!
1E
1f
1d
b110 h
#174440000
0!
0E
#174450000
1!
1E
0d
b110 g
b0 r
b10100000 i
0l
1k
0j
#174460000
0!
0E
#174470000
1!
1E
#174480000
0!
0E
#174490000
1!
1E
#174500000
0!
0E
#174510000
1!
1E
#174520000
0!
0E
#174530000
1!
1E
#174540000
0!
0E
#174550000
1!
1E
#174560000
0!
0E
#174570000
1!
1E
#174580000
0!
0E
#174590000
1!
1E
#174600000
0!
0E
#174610000
1!
1E
#174620000
0!
0E
#174630000
1!
1E
#174640000
0!
0E
#174650000
1!
1E
#174660000
0!
0E
#174670000
1!
1E
#174680000
0!
0E
#174690000
1!
1E
#174700000
0!
0E
#174710000
1!
1E
#174720000
0!
0E
#174730000
1!
1E
#174740000
0!
0E
#174750000
1!
1E
#174760000
0!
0E
#174770000
1!
1E
#174780000
0!
0E
#174790000
1!
1E
#174800000
0!
0E
#174810000
1!
1E
#174820000
0!
0E
#174830000
1!
1E
#174840000
0!
0E
#174850000
1!
1E
#174860000
0!
0E
#174870000
1!
1E
#174880000
0!
0E
#174890000
1!
1E
#174900000
0!
0E
#174910000
1!
1E
#174920000
0!
0E
#174930000
1!
1E
#174940000
0!
0E
#174950000
1!
1E
#174960000
0!
0E
#174970000
1!
1E
#174980000
0!
0E
#174990000
1!
1E
#175000000
0!
0E
#175010000
1!
1E
#175020000
0!
0E
#175030000
1!
1E
#175040000
0!
0E
#175050000
1!
1E
#175060000
0!
0E
#175070000
1!
1E
#175080000
0!
0E
#175090000
1!
1E
#175100000
0!
0E
#175110000
1!
1E
#175120000
0!
0E
#175130000
1!
1E
#175140000
0!
0E
#175150000
1!
1E
#175160000
0!
0E
#175170000
1!
1E
#175180000
0!
0E
#175190000
1!
1E
#175200000
0!
0E
#175210000
1!
1E
#175220000
0!
0E
#175230000
1!
1E
#175240000
0!
0E
#175250000
1!
1E
#175260000
0!
0E
#175270000
1!
1E
#175280000
0!
0E
#175290000
1!
1E
#175300000
0!
0E
#175310000
1!
1E
#175320000
0!
0E
#175330000
1!
1E
#175340000
0!
0E
#175350000
1!
1E
#175360000
0!
0E
#175370000
1!
1E
#175380000
0!
0E
#175390000
1!
1E
#175400000
0#
0!
0G
0E
#175410000
1!
1E
0`
#175420000
0!
0E
#175430000
1!
1E
0f
1c
#175440000
0!
0E
#175450000
1!
1E
0c
0]
1^
#175460000
0!
0E
#175470000
1!
1E
#175480000
0!
0E
#175490000
1!
1E
#175500000
0!
0E
#175510000
1!
1E
#175520000
0!
0E
#175530000
1!
1E
#175540000
0!
0E
#175550000
1!
1E
#175560000
0!
0E
#175570000
1!
1E
#175580000
0!
0E
#175590000
1!
1E
#175600000
0!
0E
#175610000
1!
1E
#175620000
0!
0E
#175630000
1!
1E
#175640000
0!
0E
#175650000
1!
1E
#175660000
0!
0E
#175670000
1!
1E
#175680000
0!
0E
#175690000
1!
1E
#175700000
0!
0E
#175710000
1!
1E
#175720000
0!
0E
#175730000
1!
1E
#175740000
0!
0E
#175750000
1!
1E
#175760000
0!
0E
#175770000
1!
1E
#175780000
0!
0E
#175790000
1!
1E
#175800000
0!
0E
#175810000
1!
1E
#175820000
0!
0E
#175830000
1!
1E
#175840000
0!
0E
#175850000
1!
1E
#175860000
0!
0E
#175870000
1!
1E
#175880000
0!
0E
#175890000
1!
1E
#175900000
b11111111111111111111111111111111 A
0!
0E
#175910000
1!
1E
#175920000
0!
0E
#175930000
1!
1E
#175940000
0!
0E
#175950000
1!
1E
#175960000
0!
0E
#175970000
1!
1E
#175980000
0!
0E
#175990000
1!
1E
#176000000
0!
0E
#176010000
1!
1E
#176020000
0!
0E
#176030000
1!
1E
#176040000
0!
0E
#176050000
1!
1E
#176060000
0!
0E
#176070000
1!
1E
#176080000
0!
0E
#176090000
1!
1E
#176100000
0!
0E
#176110000
1!
1E
#176120000
0!
0E
#176130000
1!
1E
#176140000
0!
0E
#176150000
1!
1E
#176160000
0!
0E
#176170000
1!
1E
#176180000
0!
0E
#176190000
1!
1E
#176200000
0!
0E
#176210000
1!
1E
#176220000
0!
0E
#176230000
1!
1E
#176240000
0!
0E
#176250000
1!
1E
#176260000
0!
0E
#176270000
1!
1E
#176280000
0!
0E
#176290000
1!
1E
#176300000
0!
0E
#176310000
1!
1E
#176320000
0!
0E
#176330000
1!
1E
#176340000
0!
0E
#176350000
1!
1E
#176360000
0!
0E
#176370000
1!
1E
#176380000
0!
0E
#176390000
1!
1E
#176400000
1#
b1 @
0!
1G
0E
#176410000
1!
1E
1`
#176420000
0!
0E
#176430000
1!
1E
1f
1d
b11 h
#176440000
0!
0E
#176450000
1!
1E
0d
b11 g
#176460000
0!
0E
#176470000
1!
1E
#176480000
0!
0E
#176490000
1!
1E
#176500000
0!
0E
#176510000
1!
1E
#176520000
0!
0E
#176530000
1!
1E
#176540000
0!
0E
#176550000
1!
1E
#176560000
0!
0E
#176570000
1!
1E
#176580000
0!
0E
#176590000
1!
1E
#176600000
0!
0E
#176610000
1!
1E
#176620000
0!
0E
#176630000
1!
1E
#176640000
0!
0E
#176650000
1!
1E
#176660000
0!
0E
#176670000
1!
1E
#176680000
0!
0E
#176690000
1!
1E
#176700000
0!
0E
#176710000
1!
1E
#176720000
0!
0E
#176730000
1!
1E
#176740000
0!
0E
#176750000
1!
1E
#176760000
0!
0E
#176770000
1!
1E
#176780000
0!
0E
#176790000
1!
1E
#176800000
0!
0E
#176810000
1!
1E
#176820000
0!
0E
#176830000
1!
1E
#176840000
0!
0E
#176850000
1!
1E
#176860000
0!
0E
#176870000
1!
1E
#176880000
0!
0E
#176890000
1!
1E
#176900000
0!
0E
#176910000
1!
1E
#176920000
0!
0E
#176930000
1!
1E
#176940000
0!
0E
#176950000
1!
1E
#176960000
0!
0E
#176970000
1!
1E
#176980000
0!
0E
#176990000
1!
1E
#177000000
0!
0E
#177010000
1!
1E
#177020000
0!
0E
#177030000
1!
1E
#177040000
0!
0E
#177050000
1!
1E
#177060000
0!
0E
#177070000
1!
1E
#177080000
0!
0E
#177090000
1!
1E
#177100000
0!
0E
#177110000
1!
1E
#177120000
0!
0E
#177130000
1!
1E
#177140000
0!
0E
#177150000
1!
1E
#177160000
0!
0E
#177170000
1!
1E
#177180000
0!
0E
#177190000
1!
1E
#177200000
0!
0E
#177210000
1!
1E
#177220000
0!
0E
#177230000
1!
1E
#177240000
0!
0E
#177250000
1!
1E
#177260000
0!
0E
#177270000
1!
1E
#177280000
0!
0E
#177290000
1!
1E
#177300000
0!
0E
#177310000
1!
1E
#177320000
0!
0E
#177330000
1!
1E
#177340000
0!
0E
#177350000
1!
1E
#177360000
0!
0E
#177370000
1!
1E
#177380000
0!
0E
#177390000
1!
1E
#177400000
0#
0!
0G
0E
#177410000
1!
1E
0`
#177420000
0!
0E
#177430000
1!
1E
0f
1c
#177440000
0!
0E
#177450000
1!
1E
0c
1]
0^
#177460000
0!
0E
#177470000
1!
1E
#177480000
0!
0E
#177490000
1!
1E
#177500000
0!
0E
#177510000
1!
1E
#177520000
0!
0E
#177530000
1!
1E
#177540000
0!
0E
#177550000
1!
1E
#177560000
0!
0E
#177570000
1!
1E
#177580000
0!
0E
#177590000
1!
1E
#177600000
0!
0E
#177610000
1!
1E
#177620000
0!
0E
#177630000
1!
1E
#177640000
0!
0E
#177650000
1!
1E
#177660000
0!
0E
#177670000
1!
1E
#177680000
0!
0E
#177690000
1!
1E
#177700000
0!
0E
#177710000
1!
1E
#177720000
0!
0E
#177730000
1!
1E
#177740000
0!
0E
#177750000
1!
1E
#177760000
0!
0E
#177770000
1!
1E
#177780000
0!
0E
#177790000
1!
1E
#177800000
0!
0E
#177810000
1!
1E
#177820000
0!
0E
#177830000
1!
1E
#177840000
0!
0E
#177850000
1!
1E
#177860000
0!
0E
#177870000
1!
1E
#177880000
0!
0E
#177890000
1!
1E
#177900000
b100000 ?
b111 A
0!
0E
#177910000
1!
1E
#177920000
0!
0E
#177930000
1!
1E
#177940000
0!
0E
#177950000
1!
1E
#177960000
0!
0E
#177970000
1!
1E
#177980000
0!
0E
#177990000
1!
1E
#178000000
0!
0E
#178010000
1!
1E
#178020000
0!
0E
#178030000
1!
1E
#178040000
0!
0E
#178050000
1!
1E
#178060000
0!
0E
#178070000
1!
1E
#178080000
0!
0E
#178090000
1!
1E
#178100000
0!
0E
#178110000
1!
1E
#178120000
0!
0E
#178130000
1!
1E
#178140000
0!
0E
#178150000
1!
1E
#178160000
0!
0E
#178170000
1!
1E
#178180000
0!
0E
#178190000
1!
1E
#178200000
0!
0E
#178210000
1!
1E
#178220000
0!
0E
#178230000
1!
1E
#178240000
0!
0E
#178250000
1!
1E
#178260000
0!
0E
#178270000
1!
1E
#178280000
0!
0E
#178290000
1!
1E
#178300000
0!
0E
#178310000
1!
1E
#178320000
0!
0E
#178330000
1!
1E
#178340000
0!
0E
#178350000
1!
1E
#178360000
0!
0E
#178370000
1!
1E
#178380000
0!
0E
#178390000
1!
1E
#178400000
1#
0!
1G
0E
#178410000
1!
1E
1`
#178420000
0!
0E
#178430000
1!
1E
1f
1d
#178440000
0!
0E
#178450000
1!
1E
0d
b1 r
b1000000 i
0k
1j
#178460000
0!
0E
#178470000
1!
1E
#178480000
0!
0E
#178490000
1!
1E
#178500000
0!
0E
#178510000
1!
1E
#178520000
0!
0E
#178530000
1!
1E
#178540000
0!
0E
#178550000
1!
1E
#178560000
0!
0E
#178570000
1!
1E
#178580000
0!
0E
#178590000
1!
1E
#178600000
0!
0E
#178610000
1!
1E
#178620000
0!
0E
#178630000
1!
1E
#178640000
0!
0E
#178650000
1!
1E
#178660000
0!
0E
#178670000
1!
1E
#178680000
0!
0E
#178690000
1!
1E
#178700000
0!
0E
#178710000
1!
1E
#178720000
0!
0E
#178730000
1!
1E
#178740000
0!
0E
#178750000
1!
1E
#178760000
0!
0E
#178770000
1!
1E
#178780000
0!
0E
#178790000
1!
1E
#178800000
0!
0E
#178810000
1!
1E
#178820000
0!
0E
#178830000
1!
1E
#178840000
0!
0E
#178850000
1!
1E
#178860000
0!
0E
#178870000
1!
1E
#178880000
0!
0E
#178890000
1!
1E
#178900000
0!
0E
#178910000
1!
1E
#178920000
0!
0E
#178930000
1!
1E
#178940000
0!
0E
#178950000
1!
1E
#178960000
0!
0E
#178970000
1!
1E
#178980000
0!
0E
#178990000
1!
1E
#179000000
0!
0E
#179010000
1!
1E
#179020000
0!
0E
#179030000
1!
1E
#179040000
0!
0E
#179050000
1!
1E
#179060000
0!
0E
#179070000
1!
1E
#179080000
0!
0E
#179090000
1!
1E
#179100000
0!
0E
#179110000
1!
1E
#179120000
0!
0E
#179130000
1!
1E
#179140000
0!
0E
#179150000
1!
1E
#179160000
0!
0E
#179170000
1!
1E
#179180000
0!
0E
#179190000
1!
1E
#179200000
0!
0E
#179210000
1!
1E
#179220000
0!
0E
#179230000
1!
1E
#179240000
0!
0E
#179250000
1!
1E
#179260000
0!
0E
#179270000
1!
1E
#179280000
0!
0E
#179290000
1!
1E
#179300000
0!
0E
#179310000
1!
1E
#179320000
0!
0E
#179330000
1!
1E
#179340000
0!
0E
#179350000
1!
1E
#179360000
0!
0E
#179370000
1!
1E
#179380000
0!
0E
#179390000
1!
1E
#179400000
0#
0!
0G
0E
#179410000
1!
1E
0`
#179420000
0!
0E
#179430000
1!
1E
0f
1c
#179440000
0!
0E
#179450000
1!
1E
0c
#179460000
0!
0E
#179470000
1!
1E
#179480000
0!
0E
#179490000
1!
1E
#179500000
0!
0E
#179510000
1!
1E
#179520000
0!
0E
#179530000
1!
1E
#179540000
0!
0E
#179550000
1!
1E
#179560000
0!
0E
#179570000
1!
1E
#179580000
0!
0E
#179590000
1!
1E
#179600000
0!
0E
#179610000
1!
1E
#179620000
0!
0E
#179630000
1!
1E
#179640000
0!
0E
#179650000
1!
1E
#179660000
0!
0E
#179670000
1!
1E
#179680000
0!
0E
#179690000
1!
1E
#179700000
0!
0E
#179710000
1!
1E
#179720000
0!
0E
#179730000
1!
1E
#179740000
0!
0E
#179750000
1!
1E
#179760000
0!
0E
#179770000
1!
1E
#179780000
0!
0E
#179790000
1!
1E
#179800000
0!
0E
#179810000
1!
1E
#179820000
0!
0E
#179830000
1!
1E
#179840000
0!
0E
#179850000
1!
1E
#179860000
0!
0E
#179870000
1!
1E
#179880000
0!
0E
#179890000
1!
1E
#179900000
b110 A
0!
0E
#179910000
1!
1E
#179920000
0!
0E
#179930000
1!
1E
#179940000
0!
0E
#179950000
1!
1E
#179960000
0!
0E
#179970000
1!
1E
#179980000
0!
0E
#179990000
1!
1E
#180000000
0!
0E
#180010000
1!
1E
#180020000
0!
0E
#180030000
1!
1E
#180040000
0!
0E
#180050000
1!
1E
#180060000
0!
0E
#180070000
1!
1E
#180080000
0!
0E
#180090000
1!
1E
#180100000
0!
0E
#180110000
1!
1E
#180120000
0!
0E
#180130000
1!
1E
#180140000
0!
0E
#180150000
1!
1E
#180160000
0!
0E
#180170000
1!
1E
#180180000
0!
0E
#180190000
1!
1E
#180200000
0!
0E
#180210000
1!
1E
#180220000
0!
0E
#180230000
1!
1E
#180240000
0!
0E
#180250000
1!
1E
#180260000
0!
0E
#180270000
1!
1E
#180280000
0!
0E
#180290000
1!
1E
#180300000
0!
0E
#180310000
1!
1E
#180320000
0!
0E
#180330000
1!
1E
#180340000
0!
0E
#180350000
1!
1E
#180360000
0!
0E
#180370000
1!
1E
#180380000
0!
0E
#180390000
1!
1E
#180400000
1#
0!
1G
0E
#180410000
1!
1E
1`
#180420000
0!
0E
#180430000
1!
1E
1f
1d
#180440000
0!
0E
#180450000
1!
1E
0d
b10 r
b10000000 i
0j
#180460000
0!
0E
#180470000
1!
1E
#180480000
0!
0E
#180490000
1!
1E
#180500000
0!
0E
#180510000
1!
1E
#180520000
0!
0E
#180530000
1!
1E
#180540000
0!
0E
#180550000
1!
1E
#180560000
0!
0E
#180570000
1!
1E
#180580000
0!
0E
#180590000
1!
1E
#180600000
0!
0E
#180610000
1!
1E
#180620000
0!
0E
#180630000
1!
1E
#180640000
0!
0E
#180650000
1!
1E
#180660000
0!
0E
#180670000
1!
1E
#180680000
0!
0E
#180690000
1!
1E
#180700000
0!
0E
#180710000
1!
1E
#180720000
0!
0E
#180730000
1!
1E
#180740000
0!
0E
#180750000
1!
1E
#180760000
0!
0E
#180770000
1!
1E
#180780000
0!
0E
#180790000
1!
1E
#180800000
0!
0E
#180810000
1!
1E
#180820000
0!
0E
#180830000
1!
1E
#180840000
0!
0E
#180850000
1!
1E
#180860000
0!
0E
#180870000
1!
1E
#180880000
0!
0E
#180890000
1!
1E
#180900000
0!
0E
#180910000
1!
1E
#180920000
0!
0E
#180930000
1!
1E
#180940000
0!
0E
#180950000
1!
1E
#180960000
0!
0E
#180970000
1!
1E
#180980000
0!
0E
#180990000
1!
1E
#181000000
0!
0E
#181010000
1!
1E
#181020000
0!
0E
#181030000
1!
1E
#181040000
0!
0E
#181050000
1!
1E
#181060000
0!
0E
#181070000
1!
1E
#181080000
0!
0E
#181090000
1!
1E
#181100000
0!
0E
#181110000
1!
1E
#181120000
0!
0E
#181130000
1!
1E
#181140000
0!
0E
#181150000
1!
1E
#181160000
0!
0E
#181170000
1!
1E
#181180000
0!
0E
#181190000
1!
1E
#181200000
0!
0E
#181210000
1!
1E
#181220000
0!
0E
#181230000
1!
1E
#181240000
0!
0E
#181250000
1!
1E
#181260000
0!
0E
#181270000
1!
1E
#181280000
0!
0E
#181290000
1!
1E
#181300000
0!
0E
#181310000
1!
1E
#181320000
0!
0E
#181330000
1!
1E
#181340000
0!
0E
#181350000
1!
1E
#181360000
0!
0E
#181370000
1!
1E
#181380000
0!
0E
#181390000
1!
1E
#181400000
0#
0!
0G
0E
#181410000
1!
1E
0`
#181420000
0!
0E
#181430000
1!
1E
0f
1c
#181440000
0!
0E
#181450000
1!
1E
0c
#181460000
0!
0E
#181470000
1!
1E
#181480000
0!
0E
#181490000
1!
1E
#181500000
0!
0E
#181510000
1!
1E
#181520000
0!
0E
#181530000
1!
1E
#181540000
0!
0E
#181550000
1!
1E
#181560000
0!
0E
#181570000
1!
1E
#181580000
0!
0E
#181590000
1!
1E
#181600000
0!
0E
#181610000
1!
1E
#181620000
0!
0E
#181630000
1!
1E
#181640000
0!
0E
#181650000
1!
1E
#181660000
0!
0E
#181670000
1!
1E
#181680000
0!
0E
#181690000
1!
1E
#181700000
0!
0E
#181710000
1!
1E
#181720000
0!
0E
#181730000
1!
1E
#181740000
0!
0E
#181750000
1!
1E
#181760000
0!
0E
#181770000
1!
1E
#181780000
0!
0E
#181790000
1!
1E
#181800000
0!
0E
#181810000
1!
1E
#181820000
0!
0E
#181830000
1!
1E
#181840000
0!
0E
#181850000
1!
1E
#181860000
0!
0E
#181870000
1!
1E
#181880000
0!
0E
#181890000
1!
1E
#181900000
b101 A
1=
0!
1$
0E
#181910000
1!
1E
1_
1q
#181920000
0!
0E
#181930000
1!
1E
1e
1b
#181940000
0!
0E
#181950000
1!
1E
0b
#181960000
0!
0E
#181970000
1!
1E
#181980000
0!
0E
#181990000
1!
1E
#182000000
0!
0E
#182010000
1!
1E
#182020000
0!
0E
#182030000
1!
1E
#182040000
0!
0E
#182050000
1!
1E
#182060000
0!
0E
#182070000
1!
1E
#182080000
0!
0E
#182090000
1!
1E
#182100000
0!
0E
#182110000
1!
1E
#182120000
0!
0E
#182130000
1!
1E
#182140000
0!
0E
#182150000
1!
1E
#182160000
0!
0E
#182170000
1!
1E
#182180000
0!
0E
#182190000
1!
1E
#182200000
0!
0E
#182210000
1!
1E
#182220000
0!
0E
#182230000
1!
1E
#182240000
0!
0E
#182250000
1!
1E
#182260000
0!
0E
#182270000
1!
1E
#182280000
0!
0E
#182290000
1!
1E
#182300000
0!
0E
#182310000
1!
1E
#182320000
0!
0E
#182330000
1!
1E
#182340000
0!
0E
#182350000
1!
1E
#182360000
0!
0E
#182370000
1!
1E
#182380000
0!
0E
#182390000
1!
1E
#182400000
1#
0!
1G
0E
#182410000
1!
1E
1`
#182420000
0!
0E
#182430000
1!
1E
1f
1d
#182440000
0!
0E
#182450000
1!
1E
0d
b11 r
b1 i
1p
#182460000
0!
0E
#182470000
1!
1E
#182480000
0!
0E
#182490000
1!
1E
#182500000
0!
0E
#182510000
1!
1E
#182520000
0!
0E
#182530000
1!
1E
#182540000
0!
0E
#182550000
1!
1E
#182560000
0!
0E
#182570000
1!
1E
#182580000
0!
0E
#182590000
1!
1E
#182600000
0!
0E
#182610000
1!
1E
#182620000
0!
0E
#182630000
1!
1E
#182640000
0!
0E
#182650000
1!
1E
#182660000
0!
0E
#182670000
1!
1E
#182680000
0!
0E
#182690000
1!
1E
#182700000
0!
0E
#182710000
1!
1E
#182720000
0!
0E
#182730000
1!
1E
#182740000
0!
0E
#182750000
1!
1E
#182760000
0!
0E
#182770000
1!
1E
#182780000
0!
0E
#182790000
1!
1E
#182800000
0!
0E
#182810000
1!
1E
#182820000
0!
0E
#182830000
1!
1E
#182840000
0!
0E
#182850000
1!
1E
#182860000
0!
0E
#182870000
1!
1E
#182880000
0!
0E
#182890000
1!
1E
#182900000
0!
0E
#182910000
1!
1E
#182920000
0!
0E
#182930000
1!
1E
#182940000
0!
0E
#182950000
1!
1E
#182960000
0!
0E
#182970000
1!
1E
#182980000
0!
0E
#182990000
1!
1E
#183000000
0!
0E
#183010000
1!
1E
#183020000
0!
0E
#183030000
1!
1E
#183040000
0!
0E
#183050000
1!
1E
#183060000
0!
0E
#183070000
1!
1E
#183080000
0!
0E
#183090000
1!
1E
#183100000
0!
0E
#183110000
1!
1E
#183120000
0!
0E
#183130000
1!
1E
#183140000
0!
0E
#183150000
1!
1E
#183160000
0!
0E
#183170000
1!
1E
#183180000
0!
0E
#183190000
1!
1E
#183200000
0!
0E
#183210000
1!
1E
#183220000
0!
0E
#183230000
1!
1E
#183240000
0!
0E
#183250000
1!
1E
#183260000
0!
0E
#183270000
1!
1E
#183280000
0!
0E
#183290000
1!
1E
#183300000
0!
0E
#183310000
1!
1E
#183320000
0!
0E
#183330000
1!
1E
#183340000
0!
0E
#183350000
1!
1E
#183360000
0!
0E
#183370000
1!
1E
#183380000
0!
0E
#183390000
1!
1E
#183400000
0#
0!
0G
0E
#183410000
1!
1E
0`
#183420000
0!
0E
#183430000
1!
1E
0f
1c
#183440000
0!
0E
#183450000
1!
1E
0c
#183460000
0!
0E
#183470000
1!
1E
#183480000
0!
0E
#183490000
1!
1E
#183500000
0!
0E
#183510000
1!
1E
#183520000
0!
0E
#183530000
1!
1E
#183540000
0!
0E
#183550000
1!
1E
#183560000
0!
0E
#183570000
1!
1E
#183580000
0!
0E
#183590000
1!
1E
#183600000
0!
0E
#183610000
1!
1E
#183620000
0!
0E
#183630000
1!
1E
#183640000
0!
0E
#183650000
1!
1E
#183660000
0!
0E
#183670000
1!
1E
#183680000
0!
0E
#183690000
1!
1E
#183700000
0!
0E
#183710000
1!
1E
#183720000
0!
0E
#183730000
1!
1E
#183740000
0!
0E
#183750000
1!
1E
#183760000
0!
0E
#183770000
1!
1E
#183780000
0!
0E
#183790000
1!
1E
#183800000
0!
0E
#183810000
1!
1E
#183820000
0!
0E
#183830000
1!
1E
#183840000
0!
0E
#183850000
1!
1E
#183860000
0!
0E
#183870000
1!
1E
#183880000
0!
0E
#183890000
1!
1E
#183900000
b100 A
0=
0!
0$
0E
#183910000
1!
1E
0_
0q
#183920000
0!
0E
#183930000
1!
1E
0e
1a
#183940000
0!
0E
#183950000
1!
1E
0a
#183960000
0!
0E
#183970000
1!
1E
#183980000
0!
0E
#183990000
1!
1E
#184000000
0!
0E
#184010000
1!
1E
#184020000
0!
0E
#184030000
1!
1E
#184040000
0!
0E
#184050000
1!
1E
#184060000
0!
0E
#184070000
1!
1E
#184080000
0!
0E
#184090000
1!
1E
#184100000
0!
0E
#184110000
1!
1E
#184120000
0!
0E
#184130000
1!
1E
#184140000
0!
0E
#184150000
1!
1E
#184160000
0!
0E
#184170000
1!
1E
#184180000
0!
0E
#184190000
1!
1E
#184200000
0!
0E
#184210000
1!
1E
#184220000
0!
0E
#184230000
1!
1E
#184240000
0!
0E
#184250000
1!
1E
#184260000
0!
0E
#184270000
1!
1E
#184280000
0!
0E
#184290000
1!
1E
#184300000
0!
0E
#184310000
1!
1E
#184320000
0!
0E
#184330000
1!
1E
#184340000
0!
0E
#184350000
1!
1E
#184360000
0!
0E
#184370000
1!
1E
#184380000
0!
0E
#184390000
1!
1E
#184400000
1#
0!
1G
0E
#184410000
1!
1E
1`
#184420000
0!
0E
#184430000
1!
1E
1f
1d
#184440000
0!
0E
#184450000
1!
1E
0d
b100 r
b10 i
0p
1o
#184460000
0!
0E
#184470000
1!
1E
#184480000
0!
0E
#184490000
1!
1E
#184500000
0!
0E
#184510000
1!
1E
#184520000
0!
0E
#184530000
1!
1E
#184540000
0!
0E
#184550000
1!
1E
#184560000
0!
0E
#184570000
1!
1E
#184580000
0!
0E
#184590000
1!
1E
#184600000
0!
0E
#184610000
1!
1E
#184620000
0!
0E
#184630000
1!
1E
#184640000
0!
0E
#184650000
1!
1E
#184660000
0!
0E
#184670000
1!
1E
#184680000
0!
0E
#184690000
1!
1E
#184700000
0!
0E
#184710000
1!
1E
#184720000
0!
0E
#184730000
1!
1E
#184740000
0!
0E
#184750000
1!
1E
#184760000
0!
0E
#184770000
1!
1E
#184780000
0!
0E
#184790000
1!
1E
#184800000
0!
0E
#184810000
1!
1E
#184820000
0!
0E
#184830000
1!
1E
#184840000
0!
0E
#184850000
1!
1E
#184860000
0!
0E
#184870000
1!
1E
#184880000
0!
0E
#184890000
1!
1E
#184900000
0!
0E
#184910000
1!
1E
#184920000
0!
0E
#184930000
1!
1E
#184940000
0!
0E
#184950000
1!
1E
#184960000
0!
0E
#184970000
1!
1E
#184980000
0!
0E
#184990000
1!
1E
#185000000
0!
0E
#185010000
1!
1E
#185020000
0!
0E
#185030000
1!
1E
#185040000
0!
0E
#185050000
1!
1E
#185060000
0!
0E
#185070000
1!
1E
#185080000
0!
0E
#185090000
1!
1E
#185100000
0!
0E
#185110000
1!
1E
#185120000
0!
0E
#185130000
1!
1E
#185140000
0!
0E
#185150000
1!
1E
#185160000
0!
0E
#185170000
1!
1E
#185180000
0!
0E
#185190000
1!
1E
#185200000
0!
0E
#185210000
1!
1E
#185220000
0!
0E
#185230000
1!
1E
#185240000
0!
0E
#185250000
1!
1E
#185260000
0!
0E
#185270000
1!
1E
#185280000
0!
0E
#185290000
1!
1E
#185300000
0!
0E
#185310000
1!
1E
#185320000
0!
0E
#185330000
1!
1E
#185340000
0!
0E
#185350000
1!
1E
#185360000
0!
0E
#185370000
1!
1E
#185380000
0!
0E
#185390000
1!
1E
#185400000
0#
0!
0G
0E
#185410000
1!
1E
0`
#185420000
0!
0E
#185430000
1!
1E
0f
1c
#185440000
0!
0E
#185450000
1!
1E
0c
#185460000
0!
0E
#185470000
1!
1E
#185480000
0!
0E
#185490000
1!
1E
#185500000
0!
0E
#185510000
1!
1E
#185520000
0!
0E
#185530000
1!
1E
#185540000
0!
0E
#185550000
1!
1E
#185560000
0!
0E
#185570000
1!
1E
#185580000
0!
0E
#185590000
1!
1E
#185600000
0!
0E
#185610000
1!
1E
#185620000
0!
0E
#185630000
1!
1E
#185640000
0!
0E
#185650000
1!
1E
#185660000
0!
0E
#185670000
1!
1E
#185680000
0!
0E
#185690000
1!
1E
#185700000
0!
0E
#185710000
1!
1E
#185720000
0!
0E
#185730000
1!
1E
#185740000
0!
0E
#185750000
1!
1E
#185760000
0!
0E
#185770000
1!
1E
#185780000
0!
0E
#185790000
1!
1E
#185800000
0!
0E
#185810000
1!
1E
#185820000
0!
0E
#185830000
1!
1E
#185840000
0!
0E
#185850000
1!
1E
#185860000
0!
0E
#185870000
1!
1E
#185880000
0!
0E
#185890000
1!
1E
#185900000
b11 A
0!
0E
#185910000
1!
1E
#185920000
0!
0E
#185930000
1!
1E
#185940000
0!
0E
#185950000
1!
1E
#185960000
0!
0E
#185970000
1!
1E
#185980000
0!
0E
#185990000
1!
1E
#186000000
0!
0E
#186010000
1!
1E
#186020000
0!
0E
#186030000
1!
1E
#186040000
0!
0E
#186050000
1!
1E
#186060000
0!
0E
#186070000
1!
1E
#186080000
0!
0E
#186090000
1!
1E
#186100000
0!
0E
#186110000
1!
1E
#186120000
0!
0E
#186130000
1!
1E
#186140000
0!
0E
#186150000
1!
1E
#186160000
0!
0E
#186170000
1!
1E
#186180000
0!
0E
#186190000
1!
1E
#186200000
0!
0E
#186210000
1!
1E
#186220000
0!
0E
#186230000
1!
1E
#186240000
0!
0E
#186250000
1!
1E
#186260000
0!
0E
#186270000
1!
1E
#186280000
0!
0E
#186290000
1!
1E
#186300000
0!
0E
#186310000
1!
1E
#186320000
0!
0E
#186330000
1!
1E
#186340000
0!
0E
#186350000
1!
1E
#186360000
0!
0E
#186370000
1!
1E
#186380000
0!
0E
#186390000
1!
1E
#186400000
1#
0!
1G
0E
#186410000
1!
1E
1`
#186420000
0!
0E
#186430000
1!
1E
1f
1d
#186440000
0!
0E
#186450000
1!
1E
0d
b101 r
b100 i
0o
1n
#186460000
0!
0E
#186470000
1!
1E
#186480000
0!
0E
#186490000
1!
1E
#186500000
0!
0E
#186510000
1!
1E
#186520000
0!
0E
#186530000
1!
1E
#186540000
0!
0E
#186550000
1!
1E
#186560000
0!
0E
#186570000
1!
1E
#186580000
0!
0E
#186590000
1!
1E
#186600000
0!
0E
#186610000
1!
1E
#186620000
0!
0E
#186630000
1!
1E
#186640000
0!
0E
#186650000
1!
1E
#186660000
0!
0E
#186670000
1!
1E
#186680000
0!
0E
#186690000
1!
1E
#186700000
0!
0E
#186710000
1!
1E
#186720000
0!
0E
#186730000
1!
1E
#186740000
0!
0E
#186750000
1!
1E
#186760000
0!
0E
#186770000
1!
1E
#186780000
0!
0E
#186790000
1!
1E
#186800000
0!
0E
#186810000
1!
1E
#186820000
0!
0E
#186830000
1!
1E
#186840000
0!
0E
#186850000
1!
1E
#186860000
0!
0E
#186870000
1!
1E
#186880000
0!
0E
#186890000
1!
1E
#186900000
0!
0E
#186910000
1!
1E
#186920000
0!
0E
#186930000
1!
1E
#186940000
0!
0E
#186950000
1!
1E
#186960000
0!
0E
#186970000
1!
1E
#186980000
0!
0E
#186990000
1!
1E
#187000000
0!
0E
#187010000
1!
1E
#187020000
0!
0E
#187030000
1!
1E
#187040000
0!
0E
#187050000
1!
1E
#187060000
0!
0E
#187070000
1!
1E
#187080000
0!
0E
#187090000
1!
1E
#187100000
0!
0E
#187110000
1!
1E
#187120000
0!
0E
#187130000
1!
1E
#187140000
0!
0E
#187150000
1!
1E
#187160000
0!
0E
#187170000
1!
1E
#187180000
0!
0E
#187190000
1!
1E
#187200000
0!
0E
#187210000
1!
1E
#187220000
0!
0E
#187230000
1!
1E
#187240000
0!
0E
#187250000
1!
1E
#187260000
0!
0E
#187270000
1!
1E
#187280000
0!
0E
#187290000
1!
1E
#187300000
0!
0E
#187310000
1!
1E
#187320000
0!
0E
#187330000
1!
1E
#187340000
0!
0E
#187350000
1!
1E
#187360000
0!
0E
#187370000
1!
1E
#187380000
0!
0E
#187390000
1!
1E
#187400000
0#
0!
0G
0E
#187410000
1!
1E
0`
#187420000
0!
0E
#187430000
1!
1E
0f
1c
#187440000
0!
0E
#187450000
1!
1E
0c
#187460000
0!
0E
#187470000
1!
1E
#187480000
0!
0E
#187490000
1!
1E
#187500000
0!
0E
#187510000
1!
1E
#187520000
0!
0E
#187530000
1!
1E
#187540000
0!
0E
#187550000
1!
1E
#187560000
0!
0E
#187570000
1!
1E
#187580000
0!
0E
#187590000
1!
1E
#187600000
0!
0E
#187610000
1!
1E
#187620000
0!
0E
#187630000
1!
1E
#187640000
0!
0E
#187650000
1!
1E
#187660000
0!
0E
#187670000
1!
1E
#187680000
0!
0E
#187690000
1!
1E
#187700000
0!
0E
#187710000
1!
1E
#187720000
0!
0E
#187730000
1!
1E
#187740000
0!
0E
#187750000
1!
1E
#187760000
0!
0E
#187770000
1!
1E
#187780000
0!
0E
#187790000
1!
1E
#187800000
0!
0E
#187810000
1!
1E
#187820000
0!
0E
#187830000
1!
1E
#187840000
0!
0E
#187850000
1!
1E
#187860000
0!
0E
#187870000
1!
1E
#187880000
0!
0E
#187890000
1!
1E
#187900000
b10 A
0!
0E
#187910000
1!
1E
#187920000
0!
0E
#187930000
1!
1E
#187940000
0!
0E
#187950000
1!
1E
#187960000
0!
0E
#187970000
1!
1E
#187980000
0!
0E
#187990000
1!
1E
#188000000
0!
0E
#188010000
1!
1E
#188020000
0!
0E
#188030000
1!
1E
#188040000
0!
0E
#188050000
1!
1E
#188060000
0!
0E
#188070000
1!
1E
#188080000
0!
0E
#188090000
1!
1E
#188100000
0!
0E
#188110000
1!
1E
#188120000
0!
0E
#188130000
1!
1E
#188140000
0!
0E
#188150000
1!
1E
#188160000
0!
0E
#188170000
1!
1E
#188180000
0!
0E
#188190000
1!
1E
#188200000
0!
0E
#188210000
1!
1E
#188220000
0!
0E
#188230000
1!
1E
#188240000
0!
0E
#188250000
1!
1E
#188260000
0!
0E
#188270000
1!
1E
#188280000
0!
0E
#188290000
1!
1E
#188300000
0!
0E
#188310000
1!
1E
#188320000
0!
0E
#188330000
1!
1E
#188340000
0!
0E
#188350000
1!
1E
#188360000
0!
0E
#188370000
1!
1E
#188380000
0!
0E
#188390000
1!
1E
#188400000
1#
0!
1G
0E
#188410000
1!
1E
1`
#188420000
0!
0E
#188430000
1!
1E
1f
1d
#188440000
0!
0E
#188450000
1!
1E
0d
b110 r
b1000 i
0n
1m
#188460000
0!
0E
#188470000
1!
1E
#188480000
0!
0E
#188490000
1!
1E
#188500000
0!
0E
#188510000
1!
1E
#188520000
0!
0E
#188530000
1!
1E
#188540000
0!
0E
#188550000
1!
1E
#188560000
0!
0E
#188570000
1!
1E
#188580000
0!
0E
#188590000
1!
1E
#188600000
0!
0E
#188610000
1!
1E
#188620000
0!
0E
#188630000
1!
1E
#188640000
0!
0E
#188650000
1!
1E
#188660000
0!
0E
#188670000
1!
1E
#188680000
0!
0E
#188690000
1!
1E
#188700000
0!
0E
#188710000
1!
1E
#188720000
0!
0E
#188730000
1!
1E
#188740000
0!
0E
#188750000
1!
1E
#188760000
0!
0E
#188770000
1!
1E
#188780000
0!
0E
#188790000
1!
1E
#188800000
0!
0E
#188810000
1!
1E
#188820000
0!
0E
#188830000
1!
1E
#188840000
0!
0E
#188850000
1!
1E
#188860000
0!
0E
#188870000
1!
1E
#188880000
0!
0E
#188890000
1!
1E
#188900000
0!
0E
#188910000
1!
1E
#188920000
0!
0E
#188930000
1!
1E
#188940000
0!
0E
#188950000
1!
1E
#188960000
0!
0E
#188970000
1!
1E
#188980000
0!
0E
#188990000
1!
1E
#189000000
0!
0E
#189010000
1!
1E
#189020000
0!
0E
#189030000
1!
1E
#189040000
0!
0E
#189050000
1!
1E
#189060000
0!
0E
#189070000
1!
1E
#189080000
0!
0E
#189090000
1!
1E
#189100000
0!
0E
#189110000
1!
1E
#189120000
0!
0E
#189130000
1!
1E
#189140000
0!
0E
#189150000
1!
1E
#189160000
0!
0E
#189170000
1!
1E
#189180000
0!
0E
#189190000
1!
1E
#189200000
0!
0E
#189210000
1!
1E
#189220000
0!
0E
#189230000
1!
1E
#189240000
0!
0E
#189250000
1!
1E
#189260000
0!
0E
#189270000
1!
1E
#189280000
0!
0E
#189290000
1!
1E
#189300000
0!
0E
#189310000
1!
1E
#189320000
0!
0E
#189330000
1!
1E
#189340000
0!
0E
#189350000
1!
1E
#189360000
0!
0E
#189370000
1!
1E
#189380000
0!
0E
#189390000
1!
1E
#189400000
0#
0!
0G
0E
#189410000
1!
1E
0`
#189420000
0!
0E
#189430000
1!
1E
0f
1c
#189440000
0!
0E
#189450000
1!
1E
0c
#189460000
0!
0E
#189470000
1!
1E
#189480000
0!
0E
#189490000
1!
1E
#189500000
0!
0E
#189510000
1!
1E
#189520000
0!
0E
#189530000
1!
1E
#189540000
0!
0E
#189550000
1!
1E
#189560000
0!
0E
#189570000
1!
1E
#189580000
0!
0E
#189590000
1!
1E
#189600000
0!
0E
#189610000
1!
1E
#189620000
0!
0E
#189630000
1!
1E
#189640000
0!
0E
#189650000
1!
1E
#189660000
0!
0E
#189670000
1!
1E
#189680000
0!
0E
#189690000
1!
1E
#189700000
0!
0E
#189710000
1!
1E
#189720000
0!
0E
#189730000
1!
1E
#189740000
0!
0E
#189750000
1!
1E
#189760000
0!
0E
#189770000
1!
1E
#189780000
0!
0E
#189790000
1!
1E
#189800000
0!
0E
#189810000
1!
1E
#189820000
0!
0E
#189830000
1!
1E
#189840000
0!
0E
#189850000
1!
1E
#189860000
0!
0E
#189870000
1!
1E
#189880000
0!
0E
#189890000
1!
1E
#189900000
b1 A
0!
0E
#189910000
1!
1E
#189920000
0!
0E
#189930000
1!
1E
#189940000
0!
0E
#189950000
1!
1E
#189960000
0!
0E
#189970000
1!
1E
#189980000
0!
0E
#189990000
1!
1E
#190000000
0!
0E
#190010000
1!
1E
#190020000
0!
0E
#190030000
1!
1E
#190040000
0!
0E
#190050000
1!
1E
#190060000
0!
0E
#190070000
1!
1E
#190080000
0!
0E
#190090000
1!
1E
#190100000
0!
0E
#190110000
1!
1E
#190120000
0!
0E
#190130000
1!
1E
#190140000
0!
0E
#190150000
1!
1E
#190160000
0!
0E
#190170000
1!
1E
#190180000
0!
0E
#190190000
1!
1E
#190200000
0!
0E
#190210000
1!
1E
#190220000
0!
0E
#190230000
1!
1E
#190240000
0!
0E
#190250000
1!
1E
#190260000
0!
0E
#190270000
1!
1E
#190280000
0!
0E
#190290000
1!
1E
#190300000
0!
0E
#190310000
1!
1E
#190320000
0!
0E
#190330000
1!
1E
#190340000
0!
0E
#190350000
1!
1E
#190360000
0!
0E
#190370000
1!
1E
#190380000
0!
0E
#190390000
1!
1E
#190400000
1#
0!
1G
0E
#190410000
1!
1E
1`
#190420000
0!
0E
#190430000
1!
1E
1f
1d
#190440000
0!
0E
#190450000
1!
1E
0d
b111 r
b10000 i
0m
1l
#190460000
0!
0E
#190470000
1!
1E
#190480000
0!
0E
#190490000
1!
1E
#190500000
0!
0E
#190510000
1!
1E
#190520000
0!
0E
#190530000
1!
1E
#190540000
0!
0E
#190550000
1!
1E
#190560000
0!
0E
#190570000
1!
1E
#190580000
0!
0E
#190590000
1!
1E
#190600000
0!
0E
#190610000
1!
1E
#190620000
0!
0E
#190630000
1!
1E
#190640000
0!
0E
#190650000
1!
1E
#190660000
0!
0E
#190670000
1!
1E
#190680000
0!
0E
#190690000
1!
1E
#190700000
0!
0E
#190710000
1!
1E
#190720000
0!
0E
#190730000
1!
1E
#190740000
0!
0E
#190750000
1!
1E
#190760000
0!
0E
#190770000
1!
1E
#190780000
0!
0E
#190790000
1!
1E
#190800000
0!
0E
#190810000
1!
1E
#190820000
0!
0E
#190830000
1!
1E
#190840000
0!
0E
#190850000
1!
1E
#190860000
0!
0E
#190870000
1!
1E
#190880000
0!
0E
#190890000
1!
1E
#190900000
0!
0E
#190910000
1!
1E
#190920000
0!
0E
#190930000
1!
1E
#190940000
0!
0E
#190950000
1!
1E
#190960000
0!
0E
#190970000
1!
1E
#190980000
0!
0E
#190990000
1!
1E
#191000000
0!
0E
#191010000
1!
1E
#191020000
0!
0E
#191030000
1!
1E
#191040000
0!
0E
#191050000
1!
1E
#191060000
0!
0E
#191070000
1!
1E
#191080000
0!
0E
#191090000
1!
1E
#191100000
0!
0E
#191110000
1!
1E
#191120000
0!
0E
#191130000
1!
1E
#191140000
0!
0E
#191150000
1!
1E
#191160000
0!
0E
#191170000
1!
1E
#191180000
0!
0E
#191190000
1!
1E
#191200000
0!
0E
#191210000
1!
1E
#191220000
0!
0E
#191230000
1!
1E
#191240000
0!
0E
#191250000
1!
1E
#191260000
0!
0E
#191270000
1!
1E
#191280000
0!
0E
#191290000
1!
1E
#191300000
0!
0E
#191310000
1!
1E
#191320000
0!
0E
#191330000
1!
1E
#191340000
0!
0E
#191350000
1!
1E
#191360000
0!
0E
#191370000
1!
1E
#191380000
0!
0E
#191390000
1!
1E
#191400000
0#
0!
0G
0E
#191410000
1!
1E
0`
#191420000
0!
0E
#191430000
1!
1E
0f
1c
#191440000
0!
0E
#191450000
1!
1E
0c
#191460000
0!
0E
#191470000
1!
1E
#191480000
0!
0E
#191490000
1!
1E
#191500000
0!
0E
#191510000
1!
1E
#191520000
0!
0E
#191530000
1!
1E
#191540000
0!
0E
#191550000
1!
1E
#191560000
0!
0E
#191570000
1!
1E
#191580000
0!
0E
#191590000
1!
1E
#191600000
0!
0E
#191610000
1!
1E
#191620000
0!
0E
#191630000
1!
1E
#191640000
0!
0E
#191650000
1!
1E
#191660000
0!
0E
#191670000
1!
1E
#191680000
0!
0E
#191690000
1!
1E
#191700000
0!
0E
#191710000
1!
1E
#191720000
0!
0E
#191730000
1!
1E
#191740000
0!
0E
#191750000
1!
1E
#191760000
0!
0E
#191770000
1!
1E
#191780000
0!
0E
#191790000
1!
1E
#191800000
0!
0E
#191810000
1!
1E
#191820000
0!
0E
#191830000
1!
1E
#191840000
0!
0E
#191850000
1!
1E
#191860000
0!
0E
#191870000
1!
1E
#191880000
0!
0E
#191890000
1!
1E
#191900000
b0 A
0!
0E
#191910000
1!
1E
#191920000
0!
0E
#191930000
1!
1E
#191940000
0!
0E
#191950000
1!
1E
#191960000
0!
0E
#191970000
1!
1E
#191980000
0!
0E
#191990000
1!
1E
#192000000
0!
0E
#192010000
1!
1E
#192020000
0!
0E
#192030000
1!
1E
#192040000
0!
0E
#192050000
1!
1E
#192060000
0!
0E
#192070000
1!
1E
#192080000
0!
0E
#192090000
1!
1E
#192100000
0!
0E
#192110000
1!
1E
#192120000
0!
0E
#192130000
1!
1E
#192140000
0!
0E
#192150000
1!
1E
#192160000
0!
0E
#192170000
1!
1E
#192180000
0!
0E
#192190000
1!
1E
#192200000
0!
0E
#192210000
1!
1E
#192220000
0!
0E
#192230000
1!
1E
#192240000
0!
0E
#192250000
1!
1E
#192260000
0!
0E
#192270000
1!
1E
#192280000
0!
0E
#192290000
1!
1E
#192300000
0!
0E
#192310000
1!
1E
#192320000
0!
0E
#192330000
1!
1E
#192340000
0!
0E
#192350000
1!
1E
#192360000
0!
0E
#192370000
1!
1E
#192380000
0!
0E
#192390000
1!
1E
#192400000
1#
0!
1G
0E
#192410000
1!
1E
1`
#192420000
0!
0E
#192430000
1!
1E
1f
1d
b111 h
#192440000
0!
0E
#192450000
1!
1E
0d
b111 g
b0 r
b100000 i
b100000 u
1[
b100000 \
14
1x
0l
1k
11
#192460000
0!
0E
#192470000
1!
1E
0[
01
#192480000
0!
0E
#192490000
1!
1E
#192500000
0!
0E
#192510000
1!
1E
#192520000
0!
0E
#192530000
1!
1E
#192540000
0!
0E
#192550000
1!
1E
#192560000
0!
0E
#192570000
1!
1E
#192580000
0!
0E
#192590000
1!
1E
#192600000
0!
0E
#192610000
1!
1E
#192620000
0!
0E
#192630000
1!
1E
#192640000
0!
0E
#192650000
1!
1E
#192660000
0!
0E
#192670000
1!
1E
#192680000
0!
0E
#192690000
1!
1E
#192700000
0!
0E
#192710000
1!
1E
#192720000
0!
0E
#192730000
1!
1E
#192740000
0!
0E
#192750000
1!
1E
#192760000
0!
0E
#192770000
1!
1E
#192780000
0!
0E
#192790000
1!
1E
#192800000
0!
0E
#192810000
1!
1E
#192820000
0!
0E
#192830000
1!
1E
#192840000
0!
0E
#192850000
1!
1E
#192860000
0!
0E
#192870000
1!
1E
#192880000
0!
0E
#192890000
1!
1E
#192900000
0!
0E
#192910000
1!
1E
#192920000
0!
0E
#192930000
1!
1E
#192940000
0!
0E
#192950000
1!
1E
#192960000
0!
0E
#192970000
1!
1E
#192980000
0!
0E
#192990000
1!
1E
#193000000
0!
0E
#193010000
1!
1E
#193020000
0!
0E
#193030000
1!
1E
#193040000
0!
0E
#193050000
1!
1E
#193060000
0!
0E
#193070000
1!
1E
#193080000
0!
0E
#193090000
1!
1E
#193100000
0!
0E
#193110000
1!
1E
#193120000
0!
0E
#193130000
1!
1E
#193140000
0!
0E
#193150000
1!
1E
#193160000
0!
0E
#193170000
1!
1E
#193180000
0!
0E
#193190000
1!
1E
#193200000
0!
0E
#193210000
1!
1E
#193220000
0!
0E
#193230000
1!
1E
#193240000
0!
0E
#193250000
1!
1E
#193260000
0!
0E
#193270000
1!
1E
#193280000
0!
0E
#193290000
1!
1E
#193300000
0!
0E
#193310000
1!
1E
#193320000
0!
0E
#193330000
1!
1E
#193340000
0!
0E
#193350000
1!
1E
#193360000
0!
0E
#193370000
1!
1E
#193380000
0!
0E
#193390000
1!
1E
#193400000
0#
0!
0G
0E
#193410000
1!
1E
0`
#193420000
0!
0E
#193430000
1!
1E
0f
1c
#193440000
0!
0E
#193450000
1!
1E
0c
0]
1^
#193460000
0!
0E
#193470000
1!
1E
#193480000
0!
0E
#193490000
1!
1E
#193500000
0!
0E
#193510000
1!
1E
#193520000
0!
0E
#193530000
1!
1E
#193540000
0!
0E
#193550000
1!
1E
#193560000
0!
0E
#193570000
1!
1E
#193580000
0!
0E
#193590000
1!
1E
#193600000
0!
0E
#193610000
1!
1E
#193620000
0!
0E
#193630000
1!
1E
#193640000
0!
0E
#193650000
1!
1E
#193660000
0!
0E
#193670000
1!
1E
#193680000
0!
0E
#193690000
1!
1E
#193700000
0!
0E
#193710000
1!
1E
#193720000
0!
0E
#193730000
1!
1E
#193740000
0!
0E
#193750000
1!
1E
#193760000
0!
0E
#193770000
1!
1E
#193780000
0!
0E
#193790000
1!
1E
#193800000
0!
0E
#193810000
1!
1E
#193820000
0!
0E
#193830000
1!
1E
#193840000
0!
0E
#193850000
1!
1E
#193860000
0!
0E
#193870000
1!
1E
#193880000
0!
0E
#193890000
1!
1E
#193900000
b11111111111111111111111111111111 A
0!
0E
#193910000
1!
1E
#193920000
0!
0E
#193930000
1!
1E
#193940000
0!
0E
#193950000
1!
1E
#193960000
0!
0E
#193970000
1!
1E
#193980000
0!
0E
#193990000
1!
1E
#194000000
0!
0E
#194010000
1!
1E
#194020000
0!
0E
#194030000
1!
1E
#194040000
0!
0E
#194050000
1!
1E
#194060000
0!
0E
#194070000
1!
1E
#194080000
0!
0E
#194090000
1!
1E
#194100000
0!
0E
#194110000
1!
1E
#194120000
0!
0E
#194130000
1!
1E
#194140000
0!
0E
#194150000
1!
1E
#194160000
0!
0E
#194170000
1!
1E
#194180000
0!
0E
#194190000
1!
1E
#194200000
0!
0E
#194210000
1!
1E
#194220000
0!
0E
#194230000
1!
1E
#194240000
0!
0E
#194250000
1!
1E
#194260000
0!
0E
#194270000
1!
1E
#194280000
0!
0E
#194290000
1!
1E
#194300000
0!
0E
#194310000
1!
1E
#194320000
0!
0E
#194330000
1!
1E
#194340000
0!
0E
#194350000
1!
1E
#194360000
0!
0E
#194370000
1!
1E
#194380000
0!
0E
#194390000
1!
1E
#194400000
1#
0!
1G
0E
#194410000
1!
1E
1`
#194420000
0!
0E
#194430000
1!
1E
1f
1d
b100 h
#194440000
0!
0E
#194450000
1!
1E
0d
b100 g
#194460000
0!
0E
#194470000
1!
1E
#194480000
0!
0E
#194490000
1!
1E
#194500000
0!
0E
#194510000
1!
1E
#194520000
0!
0E
#194530000
1!
1E
#194540000
0!
0E
#194550000
1!
1E
#194560000
0!
0E
#194570000
1!
1E
#194580000
0!
0E
#194590000
1!
1E
#194600000
0!
0E
#194610000
1!
1E
#194620000
0!
0E
#194630000
1!
1E
#194640000
0!
0E
#194650000
1!
1E
#194660000
0!
0E
#194670000
1!
1E
#194680000
0!
0E
#194690000
1!
1E
#194700000
0!
0E
#194710000
1!
1E
#194720000
0!
0E
#194730000
1!
1E
#194740000
0!
0E
#194750000
1!
1E
#194760000
0!
0E
#194770000
1!
1E
#194780000
0!
0E
#194790000
1!
1E
#194800000
0!
0E
#194810000
1!
1E
#194820000
0!
0E
#194830000
1!
1E
#194840000
0!
0E
#194850000
1!
1E
#194860000
0!
0E
#194870000
1!
1E
#194880000
0!
0E
#194890000
1!
1E
#194900000
0!
0E
#194910000
1!
1E
#194920000
0!
0E
#194930000
1!
1E
#194940000
0!
0E
#194950000
1!
1E
#194960000
0!
0E
#194970000
1!
1E
#194980000
0!
0E
#194990000
1!
1E
#195000000
0!
0E
#195010000
1!
1E
#195020000
0!
0E
#195030000
1!
1E
#195040000
0!
0E
#195050000
1!
1E
#195060000
0!
0E
#195070000
1!
1E
#195080000
0!
0E
#195090000
1!
1E
#195100000
0!
0E
#195110000
1!
1E
#195120000
0!
0E
#195130000
1!
1E
#195140000
0!
0E
#195150000
1!
1E
#195160000
0!
0E
#195170000
1!
1E
#195180000
0!
0E
#195190000
1!
1E
#195200000
0!
0E
#195210000
1!
1E
#195220000
0!
0E
#195230000
1!
1E
#195240000
0!
0E
#195250000
1!
1E
#195260000
0!
0E
#195270000
1!
1E
#195280000
0!
0E
#195290000
1!
1E
#195300000
0!
0E
#195310000
1!
1E
#195320000
0!
0E
#195330000
1!
1E
#195340000
0!
0E
#195350000
1!
1E
#195360000
0!
0E
#195370000
1!
1E
#195380000
0!
0E
#195390000
1!
1E
#195400000
0#
0!
0G
0E
#195410000
1!
1E
0`
#195420000
0!
0E
#195430000
1!
1E
0f
1c
#195440000
0!
0E
#195450000
1!
1E
0c
1]
0^
#195460000
0!
0E
#195470000
1!
1E
#195480000
0!
0E
#195490000
1!
1E
#195500000
0!
0E
#195510000
1!
1E
#195520000
0!
0E
#195530000
1!
1E
#195540000
0!
0E
#195550000
1!
1E
#195560000
0!
0E
#195570000
1!
1E
#195580000
0!
0E
#195590000
1!
1E
#195600000
0!
0E
#195610000
1!
1E
#195620000
0!
0E
#195630000
1!
1E
#195640000
0!
0E
#195650000
1!
1E
#195660000
0!
0E
#195670000
1!
1E
#195680000
0!
0E
#195690000
1!
1E
#195700000
0!
0E
#195710000
1!
1E
#195720000
0!
0E
#195730000
1!
1E
#195740000
0!
0E
#195750000
1!
1E
#195760000
0!
0E
#195770000
1!
1E
#195780000
0!
0E
#195790000
1!
1E
#195800000
0!
0E
#195810000
1!
1E
#195820000
0!
0E
#195830000
1!
1E
#195840000
0!
0E
#195850000
1!
1E
#195860000
0!
0E
#195870000
1!
1E
#195880000
0!
0E
#195890000
1!
1E
#195900000
b1011010 ?
b111 A
0!
0E
#195910000
1!
1E
#195920000
0!
0E
#195930000
1!
1E
#195940000
0!
0E
#195950000
1!
1E
#195960000
0!
0E
#195970000
1!
1E
#195980000
0!
0E
#195990000
1!
1E
#196000000
0!
0E
#196010000
1!
1E
#196020000
0!
0E
#196030000
1!
1E
#196040000
0!
0E
#196050000
1!
1E
#196060000
0!
0E
#196070000
1!
1E
#196080000
0!
0E
#196090000
1!
1E
#196100000
0!
0E
#196110000
1!
1E
#196120000
0!
0E
#196130000
1!
1E
#196140000
0!
0E
#196150000
1!
1E
#196160000
0!
0E
#196170000
1!
1E
#196180000
0!
0E
#196190000
1!
1E
#196200000
0!
0E
#196210000
1!
1E
#196220000
0!
0E
#196230000
1!
1E
#196240000
0!
0E
#196250000
1!
1E
#196260000
0!
0E
#196270000
1!
1E
#196280000
0!
0E
#196290000
1!
1E
#196300000
0!
0E
#196310000
1!
1E
#196320000
0!
0E
#196330000
1!
1E
#196340000
0!
0E
#196350000
1!
1E
#196360000
0!
0E
#196370000
1!
1E
#196380000
0!
0E
#196390000
1!
1E
#196400000
1#
0!
1G
0E
#196410000
1!
1E
1`
#196420000
0!
0E
#196430000
1!
1E
1f
1d
#196440000
0!
0E
#196450000
1!
1E
0d
b1 r
b1000000 i
0k
1j
#196460000
0!
0E
#196470000
1!
1E
#196480000
0!
0E
#196490000
1!
1E
#196500000
0!
0E
#196510000
1!
1E
#196520000
0!
0E
#196530000
1!
1E
#196540000
0!
0E
#196550000
1!
1E
#196560000
0!
0E
#196570000
1!
1E
#196580000
0!
0E
#196590000
1!
1E
#196600000
0!
0E
#196610000
1!
1E
#196620000
0!
0E
#196630000
1!
1E
#196640000
0!
0E
#196650000
1!
1E
#196660000
0!
0E
#196670000
1!
1E
#196680000
0!
0E
#196690000
1!
1E
#196700000
0!
0E
#196710000
1!
1E
#196720000
0!
0E
#196730000
1!
1E
#196740000
0!
0E
#196750000
1!
1E
#196760000
0!
0E
#196770000
1!
1E
#196780000
0!
0E
#196790000
1!
1E
#196800000
0!
0E
#196810000
1!
1E
#196820000
0!
0E
#196830000
1!
1E
#196840000
0!
0E
#196850000
1!
1E
#196860000
0!
0E
#196870000
1!
1E
#196880000
0!
0E
#196890000
1!
1E
#196900000
0!
0E
#196910000
1!
1E
#196920000
0!
0E
#196930000
1!
1E
#196940000
0!
0E
#196950000
1!
1E
#196960000
0!
0E
#196970000
1!
1E
#196980000
0!
0E
#196990000
1!
1E
#197000000
0!
0E
#197010000
1!
1E
#197020000
0!
0E
#197030000
1!
1E
#197040000
0!
0E
#197050000
1!
1E
#197060000
0!
0E
#197070000
1!
1E
#197080000
0!
0E
#197090000
1!
1E
#197100000
0!
0E
#197110000
1!
1E
#197120000
0!
0E
#197130000
1!
1E
#197140000
0!
0E
#197150000
1!
1E
#197160000
0!
0E
#197170000
1!
1E
#197180000
0!
0E
#197190000
1!
1E
#197200000
0!
0E
#197210000
1!
1E
#197220000
0!
0E
#197230000
1!
1E
#197240000
0!
0E
#197250000
1!
1E
#197260000
0!
0E
#197270000
1!
1E
#197280000
0!
0E
#197290000
1!
1E
#197300000
0!
0E
#197310000
1!
1E
#197320000
0!
0E
#197330000
1!
1E
#197340000
0!
0E
#197350000
1!
1E
#197360000
0!
0E
#197370000
1!
1E
#197380000
0!
0E
#197390000
1!
1E
#197400000
0#
0!
0G
0E
#197410000
1!
1E
0`
#197420000
0!
0E
#197430000
1!
1E
0f
1c
#197440000
0!
0E
#197450000
1!
1E
0c
#197460000
0!
0E
#197470000
1!
1E
#197480000
0!
0E
#197490000
1!
1E
#197500000
0!
0E
#197510000
1!
1E
#197520000
0!
0E
#197530000
1!
1E
#197540000
0!
0E
#197550000
1!
1E
#197560000
0!
0E
#197570000
1!
1E
#197580000
0!
0E
#197590000
1!
1E
#197600000
0!
0E
#197610000
1!
1E
#197620000
0!
0E
#197630000
1!
1E
#197640000
0!
0E
#197650000
1!
1E
#197660000
0!
0E
#197670000
1!
1E
#197680000
0!
0E
#197690000
1!
1E
#197700000
0!
0E
#197710000
1!
1E
#197720000
0!
0E
#197730000
1!
1E
#197740000
0!
0E
#197750000
1!
1E
#197760000
0!
0E
#197770000
1!
1E
#197780000
0!
0E
#197790000
1!
1E
#197800000
0!
0E
#197810000
1!
1E
#197820000
0!
0E
#197830000
1!
1E
#197840000
0!
0E
#197850000
1!
1E
#197860000
0!
0E
#197870000
1!
1E
#197880000
0!
0E
#197890000
1!
1E
#197900000
b110 A
1=
0!
1$
0E
#197910000
1!
1E
1_
1q
#197920000
0!
0E
#197930000
1!
1E
1e
1b
#197940000
0!
0E
#197950000
1!
1E
0b
#197960000
0!
0E
#197970000
1!
1E
#197980000
0!
0E
#197990000
1!
1E
#198000000
0!
0E
#198010000
1!
1E
#198020000
0!
0E
#198030000
1!
1E
#198040000
0!
0E
#198050000
1!
1E
#198060000
0!
0E
#198070000
1!
1E
#198080000
0!
0E
#198090000
1!
1E
#198100000
0!
0E
#198110000
1!
1E
#198120000
0!
0E
#198130000
1!
1E
#198140000
0!
0E
#198150000
1!
1E
#198160000
0!
0E
#198170000
1!
1E
#198180000
0!
0E
#198190000
1!
1E
#198200000
0!
0E
#198210000
1!
1E
#198220000
0!
0E
#198230000
1!
1E
#198240000
0!
0E
#198250000
1!
1E
#198260000
0!
0E
#198270000
1!
1E
#198280000
0!
0E
#198290000
1!
1E
#198300000
0!
0E
#198310000
1!
1E
#198320000
0!
0E
#198330000
1!
1E
#198340000
0!
0E
#198350000
1!
1E
#198360000
0!
0E
#198370000
1!
1E
#198380000
0!
0E
#198390000
1!
1E
#198400000
1#
0!
1G
0E
#198410000
1!
1E
1`
#198420000
0!
0E
#198430000
1!
1E
1f
1d
#198440000
0!
0E
#198450000
1!
1E
0d
b10 r
b10000001 i
1p
0j
#198460000
0!
0E
#198470000
1!
1E
#198480000
0!
0E
#198490000
1!
1E
#198500000
0!
0E
#198510000
1!
1E
#198520000
0!
0E
#198530000
1!
1E
#198540000
0!
0E
#198550000
1!
1E
#198560000
0!
0E
#198570000
1!
1E
#198580000
0!
0E
#198590000
1!
1E
#198600000
0!
0E
#198610000
1!
1E
#198620000
0!
0E
#198630000
1!
1E
#198640000
0!
0E
#198650000
1!
1E
#198660000
0!
0E
#198670000
1!
1E
#198680000
0!
0E
#198690000
1!
1E
#198700000
0!
0E
#198710000
1!
1E
#198720000
0!
0E
#198730000
1!
1E
#198740000
0!
0E
#198750000
1!
1E
#198760000
0!
0E
#198770000
1!
1E
#198780000
0!
0E
#198790000
1!
1E
#198800000
0!
0E
#198810000
1!
1E
#198820000
0!
0E
#198830000
1!
1E
#198840000
0!
0E
#198850000
1!
1E
#198860000
0!
0E
#198870000
1!
1E
#198880000
0!
0E
#198890000
1!
1E
#198900000
0!
0E
#198910000
1!
1E
#198920000
0!
0E
#198930000
1!
1E
#198940000
0!
0E
#198950000
1!
1E
#198960000
0!
0E
#198970000
1!
1E
#198980000
0!
0E
#198990000
1!
1E
#199000000
0!
0E
#199010000
1!
1E
#199020000
0!
0E
#199030000
1!
1E
#199040000
0!
0E
#199050000
1!
1E
#199060000
0!
0E
#199070000
1!
1E
#199080000
0!
0E
#199090000
1!
1E
#199100000
0!
0E
#199110000
1!
1E
#199120000
0!
0E
#199130000
1!
1E
#199140000
0!
0E
#199150000
1!
1E
#199160000
0!
0E
#199170000
1!
1E
#199180000
0!
0E
#199190000
1!
1E
#199200000
0!
0E
#199210000
1!
1E
#199220000
0!
0E
#199230000
1!
1E
#199240000
0!
0E
#199250000
1!
1E
#199260000
0!
0E
#199270000
1!
1E
#199280000
0!
0E
#199290000
1!
1E
#199300000
0!
0E
#199310000
1!
1E
#199320000
0!
0E
#199330000
1!
1E
#199340000
0!
0E
#199350000
1!
1E
#199360000
0!
0E
#199370000
1!
1E
#199380000
0!
0E
#199390000
1!
1E
#199400000
0#
0!
0G
0E
#199410000
1!
1E
0`
#199420000
0!
0E
#199430000
1!
1E
0f
1c
#199440000
0!
0E
#199450000
1!
1E
0c
#199460000
0!
0E
#199470000
1!
1E
#199480000
0!
0E
#199490000
1!
1E
#199500000
0!
0E
#199510000
1!
1E
#199520000
0!
0E
#199530000
1!
1E
#199540000
0!
0E
#199550000
1!
1E
#199560000
0!
0E
#199570000
1!
1E
#199580000
0!
0E
#199590000
1!
1E
#199600000
0!
0E
#199610000
1!
1E
#199620000
0!
0E
#199630000
1!
1E
#199640000
0!
0E
#199650000
1!
1E
#199660000
0!
0E
#199670000
1!
1E
#199680000
0!
0E
#199690000
1!
1E
#199700000
0!
0E
#199710000
1!
1E
#199720000
0!
0E
#199730000
1!
1E
#199740000
0!
0E
#199750000
1!
1E
#199760000
0!
0E
#199770000
1!
1E
#199780000
0!
0E
#199790000
1!
1E
#199800000
0!
0E
#199810000
1!
1E
#199820000
0!
0E
#199830000
1!
1E
#199840000
0!
0E
#199850000
1!
1E
#199860000
0!
0E
#199870000
1!
1E
#199880000
0!
0E
#199890000
1!
1E
#199900000
b101 A
0=
0!
0$
0E
#199910000
1!
1E
0_
0q
#199920000
0!
0E
#199930000
1!
1E
0e
1a
#199940000
0!
0E
#199950000
1!
1E
0a
#199960000
0!
0E
#199970000
1!
1E
#199980000
0!
0E
#199990000
1!
1E
#200000000
0!
0E
#200010000
1!
1E
#200020000
0!
0E
#200030000
1!
1E
#200040000
0!
0E
#200050000
1!
1E
#200060000
0!
0E
#200070000
1!
1E
#200080000
0!
0E
#200090000
1!
1E
#200100000
0!
0E
#200110000
1!
1E
#200120000
0!
0E
#200130000
1!
1E
#200140000
0!
0E
#200150000
1!
1E
#200160000
0!
0E
#200170000
1!
1E
#200180000
0!
0E
#200190000
1!
1E
#200200000
0!
0E
#200210000
1!
1E
#200220000
0!
0E
#200230000
1!
1E
#200240000
0!
0E
#200250000
1!
1E
#200260000
0!
0E
#200270000
1!
1E
#200280000
0!
0E
#200290000
1!
1E
#200300000
0!
0E
#200310000
1!
1E
#200320000
0!
0E
#200330000
1!
1E
#200340000
0!
0E
#200350000
1!
1E
#200360000
0!
0E
#200370000
1!
1E
#200380000
0!
0E
#200390000
1!
1E
#200400000
1#
0!
1G
0E
#200410000
1!
1E
1`
#200420000
0!
0E
#200430000
1!
1E
1f
1d
#200440000
0!
0E
#200450000
1!
1E
0d
b11 r
b10 i
0p
1o
#200460000
0!
0E
#200470000
1!
1E
#200480000
0!
0E
#200490000
1!
1E
#200500000
0!
0E
#200510000
1!
1E
#200520000
0!
0E
#200530000
1!
1E
#200540000
0!
0E
#200550000
1!
1E
#200560000
0!
0E
#200570000
1!
1E
#200580000
0!
0E
#200590000
1!
1E
#200600000
0!
0E
#200610000
1!
1E
#200620000
0!
0E
#200630000
1!
1E
#200640000
0!
0E
#200650000
1!
1E
#200660000
0!
0E
#200670000
1!
1E
#200680000
0!
0E
#200690000
1!
1E
#200700000
0!
0E
#200710000
1!
1E
#200720000
0!
0E
#200730000
1!
1E
#200740000
0!
0E
#200750000
1!
1E
#200760000
0!
0E
#200770000
1!
1E
#200780000
0!
0E
#200790000
1!
1E
#200800000
0!
0E
#200810000
1!
1E
#200820000
0!
0E
#200830000
1!
1E
#200840000
0!
0E
#200850000
1!
1E
#200860000
0!
0E
#200870000
1!
1E
#200880000
0!
0E
#200890000
1!
1E
#200900000
0!
0E
#200910000
1!
1E
#200920000
0!
0E
#200930000
1!
1E
#200940000
0!
0E
#200950000
1!
1E
#200960000
0!
0E
#200970000
1!
1E
#200980000
0!
0E
#200990000
1!
1E
#201000000
0!
0E
#201010000
1!
1E
#201020000
0!
0E
#201030000
1!
1E
#201040000
0!
0E
#201050000
1!
1E
#201060000
0!
0E
#201070000
1!
1E
#201080000
0!
0E
#201090000
1!
1E
#201100000
0!
0E
#201110000
1!
1E
#201120000
0!
0E
#201130000
1!
1E
#201140000
0!
0E
#201150000
1!
1E
#201160000
0!
0E
#201170000
1!
1E
#201180000
0!
0E
#201190000
1!
1E
#201200000
0!
0E
#201210000
1!
1E
#201220000
0!
0E
#201230000
1!
1E
#201240000
0!
0E
#201250000
1!
1E
#201260000
0!
0E
#201270000
1!
1E
#201280000
0!
0E
#201290000
1!
1E
#201300000
0!
0E
#201310000
1!
1E
#201320000
0!
0E
#201330000
1!
1E
#201340000
0!
0E
#201350000
1!
1E
#201360000
0!
0E
#201370000
1!
1E
#201380000
0!
0E
#201390000
1!
1E
#201400000
0#
0!
0G
0E
#201410000
1!
1E
0`
#201420000
0!
0E
#201430000
1!
1E
0f
1c
#201440000
0!
0E
#201450000
1!
1E
0c
#201460000
0!
0E
#201470000
1!
1E
#201480000
0!
0E
#201490000
1!
1E
#201500000
0!
0E
#201510000
1!
1E
#201520000
0!
0E
#201530000
1!
1E
#201540000
0!
0E
#201550000
1!
1E
#201560000
0!
0E
#201570000
1!
1E
#201580000
0!
0E
#201590000
1!
1E
#201600000
0!
0E
#201610000
1!
1E
#201620000
0!
0E
#201630000
1!
1E
#201640000
0!
0E
#201650000
1!
1E
#201660000
0!
0E
#201670000
1!
1E
#201680000
0!
0E
#201690000
1!
1E
#201700000
0!
0E
#201710000
1!
1E
#201720000
0!
0E
#201730000
1!
1E
#201740000
0!
0E
#201750000
1!
1E
#201760000
0!
0E
#201770000
1!
1E
#201780000
0!
0E
#201790000
1!
1E
#201800000
0!
0E
#201810000
1!
1E
#201820000
0!
0E
#201830000
1!
1E
#201840000
0!
0E
#201850000
1!
1E
#201860000
0!
0E
#201870000
1!
1E
#201880000
0!
0E
#201890000
1!
1E
#201900000
b100 A
1=
0!
1$
0E
#201910000
1!
1E
1_
1q
#201920000
0!
0E
#201930000
1!
1E
1e
1b
#201940000
0!
0E
#201950000
1!
1E
0b
#201960000
0!
0E
#201970000
1!
1E
#201980000
0!
0E
#201990000
1!
1E
#202000000
0!
0E
#202010000
1!
1E
#202020000
0!
0E
#202030000
1!
1E
#202040000
0!
0E
#202050000
1!
1E
#202060000
0!
0E
#202070000
1!
1E
#202080000
0!
0E
#202090000
1!
1E
#202100000
0!
0E
#202110000
1!
1E
#202120000
0!
0E
#202130000
1!
1E
#202140000
0!
0E
#202150000
1!
1E
#202160000
0!
0E
#202170000
1!
1E
#202180000
0!
0E
#202190000
1!
1E
#202200000
0!
0E
#202210000
1!
1E
#202220000
0!
0E
#202230000
1!
1E
#202240000
0!
0E
#202250000
1!
1E
#202260000
0!
0E
#202270000
1!
1E
#202280000
0!
0E
#202290000
1!
1E
#202300000
0!
0E
#202310000
1!
1E
#202320000
0!
0E
#202330000
1!
1E
#202340000
0!
0E
#202350000
1!
1E
#202360000
0!
0E
#202370000
1!
1E
#202380000
0!
0E
#202390000
1!
1E
#202400000
1#
0!
1G
0E
#202410000
1!
1E
1`
#202420000
0!
0E
#202430000
1!
1E
1f
1d
#202440000
0!
0E
#202450000
1!
1E
0d
b100 r
b101 i
1p
0o
1n
#202460000
0!
0E
#202470000
1!
1E
#202480000
0!
0E
#202490000
1!
1E
#202500000
0!
0E
#202510000
1!
1E
#202520000
0!
0E
#202530000
1!
1E
#202540000
0!
0E
#202550000
1!
1E
#202560000
0!
0E
#202570000
1!
1E
#202580000
0!
0E
#202590000
1!
1E
#202600000
0!
0E
#202610000
1!
1E
#202620000
0!
0E
#202630000
1!
1E
#202640000
0!
0E
#202650000
1!
1E
#202660000
0!
0E
#202670000
1!
1E
#202680000
0!
0E
#202690000
1!
1E
#202700000
0!
0E
#202710000
1!
1E
#202720000
0!
0E
#202730000
1!
1E
#202740000
0!
0E
#202750000
1!
1E
#202760000
0!
0E
#202770000
1!
1E
#202780000
0!
0E
#202790000
1!
1E
#202800000
0!
0E
#202810000
1!
1E
#202820000
0!
0E
#202830000
1!
1E
#202840000
0!
0E
#202850000
1!
1E
#202860000
0!
0E
#202870000
1!
1E
#202880000
0!
0E
#202890000
1!
1E
#202900000
0!
0E
#202910000
1!
1E
#202920000
0!
0E
#202930000
1!
1E
#202940000
0!
0E
#202950000
1!
1E
#202960000
0!
0E
#202970000
1!
1E
#202980000
0!
0E
#202990000
1!
1E
#203000000
0!
0E
#203010000
1!
1E
#203020000
0!
0E
#203030000
1!
1E
#203040000
0!
0E
#203050000
1!
1E
#203060000
0!
0E
#203070000
1!
1E
#203080000
0!
0E
#203090000
1!
1E
#203100000
0!
0E
#203110000
1!
1E
#203120000
0!
0E
#203130000
1!
1E
#203140000
0!
0E
#203150000
1!
1E
#203160000
0!
0E
#203170000
1!
1E
#203180000
0!
0E
#203190000
1!
1E
#203200000
0!
0E
#203210000
1!
1E
#203220000
0!
0E
#203230000
1!
1E
#203240000
0!
0E
#203250000
1!
1E
#203260000
0!
0E
#203270000
1!
1E
#203280000
0!
0E
#203290000
1!
1E
#203300000
0!
0E
#203310000
1!
1E
#203320000
0!
0E
#203330000
1!
1E
#203340000
0!
0E
#203350000
1!
1E
#203360000
0!
0E
#203370000
1!
1E
#203380000
0!
0E
#203390000
1!
1E
#203400000
0#
0!
0G
0E
#203410000
1!
1E
0`
#203420000
0!
0E
#203430000
1!
1E
0f
1c
#203440000
0!
0E
#203450000
1!
1E
0c
#203460000
0!
0E
#203470000
1!
1E
#203480000
0!
0E
#203490000
1!
1E
#203500000
0!
0E
#203510000
1!
1E
#203520000
0!
0E
#203530000
1!
1E
#203540000
0!
0E
#203550000
1!
1E
#203560000
0!
0E
#203570000
1!
1E
#203580000
0!
0E
#203590000
1!
1E
#203600000
0!
0E
#203610000
1!
1E
#203620000
0!
0E
#203630000
1!
1E
#203640000
0!
0E
#203650000
1!
1E
#203660000
0!
0E
#203670000
1!
1E
#203680000
0!
0E
#203690000
1!
1E
#203700000
0!
0E
#203710000
1!
1E
#203720000
0!
0E
#203730000
1!
1E
#203740000
0!
0E
#203750000
1!
1E
#203760000
0!
0E
#203770000
1!
1E
#203780000
0!
0E
#203790000
1!
1E
#203800000
0!
0E
#203810000
1!
1E
#203820000
0!
0E
#203830000
1!
1E
#203840000
0!
0E
#203850000
1!
1E
#203860000
0!
0E
#203870000
1!
1E
#203880000
0!
0E
#203890000
1!
1E
#203900000
b11 A
0!
0E
#203910000
1!
1E
#203920000
0!
0E
#203930000
1!
1E
#203940000
0!
0E
#203950000
1!
1E
#203960000
0!
0E
#203970000
1!
1E
#203980000
0!
0E
#203990000
1!
1E
#204000000
0!
0E
#204010000
1!
1E
#204020000
0!
0E
#204030000
1!
1E
#204040000
0!
0E
#204050000
1!
1E
#204060000
0!
0E
#204070000
1!
1E
#204080000
0!
0E
#204090000
1!
1E
#204100000
0!
0E
#204110000
1!
1E
#204120000
0!
0E
#204130000
1!
1E
#204140000
0!
0E
#204150000
1!
1E
#204160000
0!
0E
#204170000
1!
1E
#204180000
0!
0E
#204190000
1!
1E
#204200000
0!
0E
#204210000
1!
1E
#204220000
0!
0E
#204230000
1!
1E
#204240000
0!
0E
#204250000
1!
1E
#204260000
0!
0E
#204270000
1!
1E
#204280000
0!
0E
#204290000
1!
1E
#204300000
0!
0E
#204310000
1!
1E
#204320000
0!
0E
#204330000
1!
1E
#204340000
0!
0E
#204350000
1!
1E
#204360000
0!
0E
#204370000
1!
1E
#204380000
0!
0E
#204390000
1!
1E
#204400000
1#
0!
1G
0E
#204410000
1!
1E
1`
#204420000
0!
0E
#204430000
1!
1E
1f
1d
#204440000
0!
0E
#204450000
1!
1E
0d
b101 r
b1011 i
1o
0n
1m
#204460000
0!
0E
#204470000
1!
1E
#204480000
0!
0E
#204490000
1!
1E
#204500000
0!
0E
#204510000
1!
1E
#204520000
0!
0E
#204530000
1!
1E
#204540000
0!
0E
#204550000
1!
1E
#204560000
0!
0E
#204570000
1!
1E
#204580000
0!
0E
#204590000
1!
1E
#204600000
0!
0E
#204610000
1!
1E
#204620000
0!
0E
#204630000
1!
1E
#204640000
0!
0E
#204650000
1!
1E
#204660000
0!
0E
#204670000
1!
1E
#204680000
0!
0E
#204690000
1!
1E
#204700000
0!
0E
#204710000
1!
1E
#204720000
0!
0E
#204730000
1!
1E
#204740000
0!
0E
#204750000
1!
1E
#204760000
0!
0E
#204770000
1!
1E
#204780000
0!
0E
#204790000
1!
1E
#204800000
0!
0E
#204810000
1!
1E
#204820000
0!
0E
#204830000
1!
1E
#204840000
0!
0E
#204850000
1!
1E
#204860000
0!
0E
#204870000
1!
1E
#204880000
0!
0E
#204890000
1!
1E
#204900000
0!
0E
#204910000
1!
1E
#204920000
0!
0E
#204930000
1!
1E
#204940000
0!
0E
#204950000
1!
1E
#204960000
0!
0E
#204970000
1!
1E
#204980000
0!
0E
#204990000
1!
1E
#205000000
0!
0E
#205010000
1!
1E
#205020000
0!
0E
#205030000
1!
1E
#205040000
0!
0E
#205050000
1!
1E
#205060000
0!
0E
#205070000
1!
1E
#205080000
0!
0E
#205090000
1!
1E
#205100000
0!
0E
#205110000
1!
1E
#205120000
0!
0E
#205130000
1!
1E
#205140000
0!
0E
#205150000
1!
1E
#205160000
0!
0E
#205170000
1!
1E
#205180000
0!
0E
#205190000
1!
1E
#205200000
0!
0E
#205210000
1!
1E
#205220000
0!
0E
#205230000
1!
1E
#205240000
0!
0E
#205250000
1!
1E
#205260000
0!
0E
#205270000
1!
1E
#205280000
0!
0E
#205290000
1!
1E
#205300000
0!
0E
#205310000
1!
1E
#205320000
0!
0E
#205330000
1!
1E
#205340000
0!
0E
#205350000
1!
1E
#205360000
0!
0E
#205370000
1!
1E
#205380000
0!
0E
#205390000
1!
1E
#205400000
0#
0!
0G
0E
#205410000
1!
1E
0`
#205420000
0!
0E
#205430000
1!
1E
0f
1c
#205440000
0!
0E
#205450000
1!
1E
0c
#205460000
0!
0E
#205470000
1!
1E
#205480000
0!
0E
#205490000
1!
1E
#205500000
0!
0E
#205510000
1!
1E
#205520000
0!
0E
#205530000
1!
1E
#205540000
0!
0E
#205550000
1!
1E
#205560000
0!
0E
#205570000
1!
1E
#205580000
0!
0E
#205590000
1!
1E
#205600000
0!
0E
#205610000
1!
1E
#205620000
0!
0E
#205630000
1!
1E
#205640000
0!
0E
#205650000
1!
1E
#205660000
0!
0E
#205670000
1!
1E
#205680000
0!
0E
#205690000
1!
1E
#205700000
0!
0E
#205710000
1!
1E
#205720000
0!
0E
#205730000
1!
1E
#205740000
0!
0E
#205750000
1!
1E
#205760000
0!
0E
#205770000
1!
1E
#205780000
0!
0E
#205790000
1!
1E
#205800000
0!
0E
#205810000
1!
1E
#205820000
0!
0E
#205830000
1!
1E
#205840000
0!
0E
#205850000
1!
1E
#205860000
0!
0E
#205870000
1!
1E
#205880000
0!
0E
#205890000
1!
1E
#205900000
b10 A
0=
0!
0$
0E
#205910000
1!
1E
0_
0q
#205920000
0!
0E
#205930000
1!
1E
0e
1a
#205940000
0!
0E
#205950000
1!
1E
0a
#205960000
0!
0E
#205970000
1!
1E
#205980000
0!
0E
#205990000
1!
1E
#206000000
0!
0E
#206010000
1!
1E
#206020000
0!
0E
#206030000
1!
1E
#206040000
0!
0E
#206050000
1!
1E
#206060000
0!
0E
#206070000
1!
1E
#206080000
0!
0E
#206090000
1!
1E
#206100000
0!
0E
#206110000
1!
1E
#206120000
0!
0E
#206130000
1!
1E
#206140000
0!
0E
#206150000
1!
1E
#206160000
0!
0E
#206170000
1!
1E
#206180000
0!
0E
#206190000
1!
1E
#206200000
0!
0E
#206210000
1!
1E
#206220000
0!
0E
#206230000
1!
1E
#206240000
0!
0E
#206250000
1!
1E
#206260000
0!
0E
#206270000
1!
1E
#206280000
0!
0E
#206290000
1!
1E
#206300000
0!
0E
#206310000
1!
1E
#206320000
0!
0E
#206330000
1!
1E
#206340000
0!
0E
#206350000
1!
1E
#206360000
0!
0E
#206370000
1!
1E
#206380000
0!
0E
#206390000
1!
1E
#206400000
1#
0!
1G
0E
#206410000
1!
1E
1`
#206420000
0!
0E
#206430000
1!
1E
1f
1d
#206440000
0!
0E
#206450000
1!
1E
0d
b110 r
b10110 i
0p
1n
0m
1l
#206460000
0!
0E
#206470000
1!
1E
#206480000
0!
0E
#206490000
1!
1E
#206500000
0!
0E
#206510000
1!
1E
#206520000
0!
0E
#206530000
1!
1E
#206540000
0!
0E
#206550000
1!
1E
#206560000
0!
0E
#206570000
1!
1E
#206580000
0!
0E
#206590000
1!
1E
#206600000
0!
0E
#206610000
1!
1E
#206620000
0!
0E
#206630000
1!
1E
#206640000
0!
0E
#206650000
1!
1E
#206660000
0!
0E
#206670000
1!
1E
#206680000
0!
0E
#206690000
1!
1E
#206700000
0!
0E
#206710000
1!
1E
#206720000
0!
0E
#206730000
1!
1E
#206740000
0!
0E
#206750000
1!
1E
#206760000
0!
0E
#206770000
1!
1E
#206780000
0!
0E
#206790000
1!
1E
#206800000
0!
0E
#206810000
1!
1E
#206820000
0!
0E
#206830000
1!
1E
#206840000
0!
0E
#206850000
1!
1E
#206860000
0!
0E
#206870000
1!
1E
#206880000
0!
0E
#206890000
1!
1E
#206900000
0!
0E
#206910000
1!
1E
#206920000
0!
0E
#206930000
1!
1E
#206940000
0!
0E
#206950000
1!
1E
#206960000
0!
0E
#206970000
1!
1E
#206980000
0!
0E
#206990000
1!
1E
#207000000
0!
0E
#207010000
1!
1E
#207020000
0!
0E
#207030000
1!
1E
#207040000
0!
0E
#207050000
1!
1E
#207060000
0!
0E
#207070000
1!
1E
#207080000
0!
0E
#207090000
1!
1E
#207100000
0!
0E
#207110000
1!
1E
#207120000
0!
0E
#207130000
1!
1E
#207140000
0!
0E
#207150000
1!
1E
#207160000
0!
0E
#207170000
1!
1E
#207180000
0!
0E
#207190000
1!
1E
#207200000
0!
0E
#207210000
1!
1E
#207220000
0!
0E
#207230000
1!
1E
#207240000
0!
0E
#207250000
1!
1E
#207260000
0!
0E
#207270000
1!
1E
#207280000
0!
0E
#207290000
1!
1E
#207300000
0!
0E
#207310000
1!
1E
#207320000
0!
0E
#207330000
1!
1E
#207340000
0!
0E
#207350000
1!
1E
#207360000
0!
0E
#207370000
1!
1E
#207380000
0!
0E
#207390000
1!
1E
#207400000
0#
0!
0G
0E
#207410000
1!
1E
0`
#207420000
0!
0E
#207430000
1!
1E
0f
1c
#207440000
0!
0E
#207450000
1!
1E
0c
#207460000
0!
0E
#207470000
1!
1E
#207480000
0!
0E
#207490000
1!
1E
#207500000
0!
0E
#207510000
1!
1E
#207520000
0!
0E
#207530000
1!
1E
#207540000
0!
0E
#207550000
1!
1E
#207560000
0!
0E
#207570000
1!
1E
#207580000
0!
0E
#207590000
1!
1E
#207600000
0!
0E
#207610000
1!
1E
#207620000
0!
0E
#207630000
1!
1E
#207640000
0!
0E
#207650000
1!
1E
#207660000
0!
0E
#207670000
1!
1E
#207680000
0!
0E
#207690000
1!
1E
#207700000
0!
0E
#207710000
1!
1E
#207720000
0!
0E
#207730000
1!
1E
#207740000
0!
0E
#207750000
1!
1E
#207760000
0!
0E
#207770000
1!
1E
#207780000
0!
0E
#207790000
1!
1E
#207800000
0!
0E
#207810000
1!
1E
#207820000
0!
0E
#207830000
1!
1E
#207840000
0!
0E
#207850000
1!
1E
#207860000
0!
0E
#207870000
1!
1E
#207880000
0!
0E
#207890000
1!
1E
#207900000
b1 A
1=
0!
1$
0E
#207910000
1!
1E
1_
1q
#207920000
0!
0E
#207930000
1!
1E
1e
1b
#207940000
0!
0E
#207950000
1!
1E
0b
#207960000
0!
0E
#207970000
1!
1E
#207980000
0!
0E
#207990000
1!
1E
#208000000
0!
0E
#208010000
1!
1E
#208020000
0!
0E
#208030000
1!
1E
#208040000
0!
0E
#208050000
1!
1E
#208060000
0!
0E
#208070000
1!
1E
#208080000
0!
0E
#208090000
1!
1E
#208100000
0!
0E
#208110000
1!
1E
#208120000
0!
0E
#208130000
1!
1E
#208140000
0!
0E
#208150000
1!
1E
#208160000
0!
0E
#208170000
1!
1E
#208180000
0!
0E
#208190000
1!
1E
#208200000
0!
0E
#208210000
1!
1E
#208220000
0!
0E
#208230000
1!
1E
#208240000
0!
0E
#208250000
1!
1E
#208260000
0!
0E
#208270000
1!
1E
#208280000
0!
0E
#208290000
1!
1E
#208300000
0!
0E
#208310000
1!
1E
#208320000
0!
0E
#208330000
1!
1E
#208340000
0!
0E
#208350000
1!
1E
#208360000
0!
0E
#208370000
1!
1E
#208380000
0!
0E
#208390000
1!
1E
#208400000
1#
0!
1G
0E
#208410000
1!
1E
1`
#208420000
0!
0E
#208430000
1!
1E
1f
1d
#208440000
0!
0E
#208450000
1!
1E
0d
b111 r
b101101 i
1p
0o
1m
0l
1k
#208460000
0!
0E
#208470000
1!
1E
#208480000
0!
0E
#208490000
1!
1E
#208500000
0!
0E
#208510000
1!
1E
#208520000
0!
0E
#208530000
1!
1E
#208540000
0!
0E
#208550000
1!
1E
#208560000
0!
0E
#208570000
1!
1E
#208580000
0!
0E
#208590000
1!
1E
#208600000
0!
0E
#208610000
1!
1E
#208620000
0!
0E
#208630000
1!
1E
#208640000
0!
0E
#208650000
1!
1E
#208660000
0!
0E
#208670000
1!
1E
#208680000
0!
0E
#208690000
1!
1E
#208700000
0!
0E
#208710000
1!
1E
#208720000
0!
0E
#208730000
1!
1E
#208740000
0!
0E
#208750000
1!
1E
#208760000
0!
0E
#208770000
1!
1E
#208780000
0!
0E
#208790000
1!
1E
#208800000
0!
0E
#208810000
1!
1E
#208820000
0!
0E
#208830000
1!
1E
#208840000
0!
0E
#208850000
1!
1E
#208860000
0!
0E
#208870000
1!
1E
#208880000
0!
0E
#208890000
1!
1E
#208900000
0!
0E
#208910000
1!
1E
#208920000
0!
0E
#208930000
1!
1E
#208940000
0!
0E
#208950000
1!
1E
#208960000
0!
0E
#208970000
1!
1E
#208980000
0!
0E
#208990000
1!
1E
#209000000
0!
0E
#209010000
1!
1E
#209020000
0!
0E
#209030000
1!
1E
#209040000
0!
0E
#209050000
1!
1E
#209060000
0!
0E
#209070000
1!
1E
#209080000
0!
0E
#209090000
1!
1E
#209100000
0!
0E
#209110000
1!
1E
#209120000
0!
0E
#209130000
1!
1E
#209140000
0!
0E
#209150000
1!
1E
#209160000
0!
0E
#209170000
1!
1E
#209180000
0!
0E
#209190000
1!
1E
#209200000
0!
0E
#209210000
1!
1E
#209220000
0!
0E
#209230000
1!
1E
#209240000
0!
0E
#209250000
1!
1E
#209260000
0!
0E
#209270000
1!
1E
#209280000
0!
0E
#209290000
1!
1E
#209300000
0!
0E
#209310000
1!
1E
#209320000
0!
0E
#209330000
1!
1E
#209340000
0!
0E
#209350000
1!
1E
#209360000
0!
0E
#209370000
1!
1E
#209380000
0!
0E
#209390000
1!
1E
#209400000
0#
0!
0G
0E
#209410000
1!
1E
0`
#209420000
0!
0E
#209430000
1!
1E
0f
1c
#209440000
0!
0E
#209450000
1!
1E
0c
#209460000
0!
0E
#209470000
1!
1E
#209480000
0!
0E
#209490000
1!
1E
#209500000
0!
0E
#209510000
1!
1E
#209520000
0!
0E
#209530000
1!
1E
#209540000
0!
0E
#209550000
1!
1E
#209560000
0!
0E
#209570000
1!
1E
#209580000
0!
0E
#209590000
1!
1E
#209600000
0!
0E
#209610000
1!
1E
#209620000
0!
0E
#209630000
1!
1E
#209640000
0!
0E
#209650000
1!
1E
#209660000
0!
0E
#209670000
1!
1E
#209680000
0!
0E
#209690000
1!
1E
#209700000
0!
0E
#209710000
1!
1E
#209720000
0!
0E
#209730000
1!
1E
#209740000
0!
0E
#209750000
1!
1E
#209760000
0!
0E
#209770000
1!
1E
#209780000
0!
0E
#209790000
1!
1E
#209800000
0!
0E
#209810000
1!
1E
#209820000
0!
0E
#209830000
1!
1E
#209840000
0!
0E
#209850000
1!
1E
#209860000
0!
0E
#209870000
1!
1E
#209880000
0!
0E
#209890000
1!
1E
#209900000
b0 A
0=
0!
0$
0E
#209910000
1!
1E
0_
0q
#209920000
0!
0E
#209930000
1!
1E
0e
1a
#209940000
0!
0E
#209950000
1!
1E
0a
#209960000
0!
0E
#209970000
1!
1E
#209980000
0!
0E
#209990000
1!
1E
#210000000
0!
0E
#210010000
1!
1E
#210020000
0!
0E
#210030000
1!
1E
#210040000
0!
0E
#210050000
1!
1E
#210060000
0!
0E
#210070000
1!
1E
#210080000
0!
0E
#210090000
1!
1E
#210100000
0!
0E
#210110000
1!
1E
#210120000
0!
0E
#210130000
1!
1E
#210140000
0!
0E
#210150000
1!
1E
#210160000
0!
0E
#210170000
1!
1E
#210180000
0!
0E
#210190000
1!
1E
#210200000
0!
0E
#210210000
1!
1E
#210220000
0!
0E
#210230000
1!
1E
#210240000
0!
0E
#210250000
1!
1E
#210260000
0!
0E
#210270000
1!
1E
#210280000
0!
0E
#210290000
1!
1E
#210300000
0!
0E
#210310000
1!
1E
#210320000
0!
0E
#210330000
1!
1E
#210340000
0!
0E
#210350000
1!
1E
#210360000
0!
0E
#210370000
1!
1E
#210380000
0!
0E
#210390000
1!
1E
#210400000
1#
0!
1G
0E
#210410000
1!
1E
1`
#210420000
0!
0E
#210430000
1!
1E
1f
1d
b1000 h
#210440000
0!
0E
#210450000
1!
1E
0d
b1000 g
b0 r
b1011010 i
b100001 u
1Z
b1011010 Y
10
1.
1,
1+
1)
0}
1|
0p
1o
0n
1l
0k
1j
#210460000
0!
0E
#210470000
1!
1E
0Z
00
#210480000
0!
0E
#210490000
1!
1E
#210500000
0!
0E
#210510000
1!
1E
#210520000
0!
0E
#210530000
1!
1E
#210540000
0!
0E
#210550000
1!
1E
#210560000
0!
0E
#210570000
1!
1E
#210580000
0!
0E
#210590000
1!
1E
#210600000
0!
0E
#210610000
1!
1E
#210620000
0!
0E
#210630000
1!
1E
#210640000
0!
0E
#210650000
1!
1E
#210660000
0!
0E
#210670000
1!
1E
#210680000
0!
0E
#210690000
1!
1E
#210700000
0!
0E
#210710000
1!
1E
#210720000
0!
0E
#210730000
1!
1E
#210740000
0!
0E
#210750000
1!
1E
#210760000
0!
0E
#210770000
1!
1E
#210780000
0!
0E
#210790000
1!
1E
#210800000
0!
0E
#210810000
1!
1E
#210820000
0!
0E
#210830000
1!
1E
#210840000
0!
0E
#210850000
1!
1E
#210860000
0!
0E
#210870000
1!
1E
#210880000
0!
0E
#210890000
1!
1E
#210900000
0!
0E
#210910000
1!
1E
#210920000
0!
0E
#210930000
1!
1E
#210940000
0!
0E
#210950000
1!
1E
#210960000
0!
0E
#210970000
1!
1E
#210980000
0!
0E
#210990000
1!
1E
#211000000
0!
0E
#211010000
1!
1E
#211020000
0!
0E
#211030000
1!
1E
#211040000
0!
0E
#211050000
1!
1E
#211060000
0!
0E
#211070000
1!
1E
#211080000
0!
0E
#211090000
1!
1E
#211100000
0!
0E
#211110000
1!
1E
#211120000
0!
0E
#211130000
1!
1E
#211140000
0!
0E
#211150000
1!
1E
#211160000
0!
0E
#211170000
1!
1E
#211180000
0!
0E
#211190000
1!
1E
#211200000
0!
0E
#211210000
1!
1E
#211220000
0!
0E
#211230000
1!
1E
#211240000
0!
0E
#211250000
1!
1E
#211260000
0!
0E
#211270000
1!
1E
#211280000
0!
0E
#211290000
1!
1E
#211300000
0!
0E
#211310000
1!
1E
#211320000
0!
0E
#211330000
1!
1E
#211340000
0!
0E
#211350000
1!
1E
#211360000
0!
0E
#211370000
1!
1E
#211380000
0!
0E
#211390000
1!
1E
#211400000
0#
0!
0G
0E
#211410000
1!
1E
0`
#211420000
0!
0E
#211430000
1!
1E
0f
1c
#211440000
0!
0E
#211450000
1!
1E
0c
0]
1^
#211460000
0!
0E
#211470000
1!
1E
#211480000
0!
0E
#211490000
1!
1E
#211500000
0!
0E
#211510000
1!
1E
#211520000
0!
0E
#211530000
1!
1E
#211540000
0!
0E
#211550000
1!
1E
#211560000
0!
0E
#211570000
1!
1E
#211580000
0!
0E
#211590000
1!
1E
#211600000
0!
0E
#211610000
1!
1E
#211620000
0!
0E
#211630000
1!
1E
#211640000
0!
0E
#211650000
1!
1E
#211660000
0!
0E
#211670000
1!
1E
#211680000
0!
0E
#211690000
1!
1E
#211700000
0!
0E
#211710000
1!
1E
#211720000
0!
0E
#211730000
1!
1E
#211740000
0!
0E
#211750000
1!
1E
#211760000
0!
0E
#211770000
1!
1E
#211780000
0!
0E
#211790000
1!
1E
#211800000
0!
0E
#211810000
1!
1E
#211820000
0!
0E
#211830000
1!
1E
#211840000
0!
0E
#211850000
1!
1E
#211860000
0!
0E
#211870000
1!
1E
#211880000
0!
0E
#211890000
1!
1E
#211900000
b11111111111111111111111111111111 A
0!
0E
#211910000
1!
1E
#211920000
0!
0E
#211930000
1!
1E
#211940000
0!
0E
#211950000
1!
1E
#211960000
0!
0E
#211970000
1!
1E
#211980000
0!
0E
#211990000
1!
1E
#212000000
0!
0E
#212010000
1!
1E
#212020000
0!
0E
#212030000
1!
1E
#212040000
0!
0E
#212050000
1!
1E
#212060000
0!
0E
#212070000
1!
1E
#212080000
0!
0E
#212090000
1!
1E
#212100000
0!
0E
#212110000
1!
1E
#212120000
0!
0E
#212130000
1!
1E
#212140000
0!
0E
#212150000
1!
1E
#212160000
0!
0E
#212170000
1!
1E
#212180000
0!
0E
#212190000
1!
1E
#212200000
0!
0E
#212210000
1!
1E
#212220000
0!
0E
#212230000
1!
1E
#212240000
0!
0E
#212250000
1!
1E
#212260000
0!
0E
#212270000
1!
1E
#212280000
0!
0E
#212290000
1!
1E
#212300000
0!
0E
#212310000
1!
1E
#212320000
0!
0E
#212330000
1!
1E
#212340000
0!
0E
#212350000
1!
1E
#212360000
0!
0E
#212370000
1!
1E
#212380000
0!
0E
#212390000
1!
1E
#212400000
1#
0!
1G
0E
#212410000
1!
1E
1`
#212420000
0!
0E
#212430000
1!
1E
1f
1d
b100 h
#212440000
0!
0E
#212450000
1!
1E
0d
b100 g
#212460000
0!
0E
#212470000
1!
1E
#212480000
0!
0E
#212490000
1!
1E
#212500000
0!
0E
#212510000
1!
1E
#212520000
0!
0E
#212530000
1!
1E
#212540000
0!
0E
#212550000
1!
1E
#212560000
0!
0E
#212570000
1!
1E
#212580000
0!
0E
#212590000
1!
1E
#212600000
0!
0E
#212610000
1!
1E
#212620000
0!
0E
#212630000
1!
1E
#212640000
0!
0E
#212650000
1!
1E
#212660000
0!
0E
#212670000
1!
1E
#212680000
0!
0E
#212690000
1!
1E
#212700000
0!
0E
#212710000
1!
1E
#212720000
0!
0E
#212730000
1!
1E
#212740000
0!
0E
#212750000
1!
1E
#212760000
0!
0E
#212770000
1!
1E
#212780000
0!
0E
#212790000
1!
1E
#212800000
0!
0E
#212810000
1!
1E
#212820000
0!
0E
#212830000
1!
1E
#212840000
0!
0E
#212850000
1!
1E
#212860000
0!
0E
#212870000
1!
1E
#212880000
0!
0E
#212890000
1!
1E
#212900000
0!
0E
#212910000
1!
1E
#212920000
0!
0E
#212930000
1!
1E
#212940000
0!
0E
#212950000
1!
1E
#212960000
0!
0E
#212970000
1!
1E
#212980000
0!
0E
#212990000
1!
1E
#213000000
0!
0E
#213010000
1!
1E
#213020000
0!
0E
#213030000
1!
1E
#213040000
0!
0E
#213050000
1!
1E
#213060000
0!
0E
#213070000
1!
1E
#213080000
0!
0E
#213090000
1!
1E
#213100000
0!
0E
#213110000
1!
1E
#213120000
0!
0E
#213130000
1!
1E
#213140000
0!
0E
#213150000
1!
1E
#213160000
0!
0E
#213170000
1!
1E
#213180000
0!
0E
#213190000
1!
1E
#213200000
0!
0E
#213210000
1!
1E
#213220000
0!
0E
#213230000
1!
1E
#213240000
0!
0E
#213250000
1!
1E
#213260000
0!
0E
#213270000
1!
1E
#213280000
0!
0E
#213290000
1!
1E
#213300000
0!
0E
#213310000
1!
1E
#213320000
0!
0E
#213330000
1!
1E
#213340000
0!
0E
#213350000
1!
1E
#213360000
0!
0E
#213370000
1!
1E
#213380000
0!
0E
#213390000
1!
1E
#213400000
0#
0!
0G
0E
#213410000
1!
1E
0`
#213420000
0!
0E
#213430000
1!
1E
0f
1c
#213440000
0!
0E
#213450000
1!
1E
0c
1]
0^
#213460000
0!
0E
#213470000
1!
1E
#213480000
0!
0E
#213490000
1!
1E
#213500000
0!
0E
#213510000
1!
1E
#213520000
0!
0E
#213530000
1!
1E
#213540000
0!
0E
#213550000
1!
1E
#213560000
0!
0E
#213570000
1!
1E
#213580000
0!
0E
#213590000
1!
1E
#213600000
0!
0E
#213610000
1!
1E
#213620000
0!
0E
#213630000
1!
1E
#213640000
0!
0E
#213650000
1!
1E
#213660000
0!
0E
#213670000
1!
1E
#213680000
0!
0E
#213690000
1!
1E
#213700000
0!
0E
#213710000
1!
1E
#213720000
0!
0E
#213730000
1!
1E
#213740000
0!
0E
#213750000
1!
1E
#213760000
0!
0E
#213770000
1!
1E
#213780000
0!
0E
#213790000
1!
1E
#213800000
0!
0E
#213810000
1!
1E
#213820000
0!
0E
#213830000
1!
1E
#213840000
0!
0E
#213850000
1!
1E
#213860000
0!
0E
#213870000
1!
1E
#213880000
0!
0E
#213890000
1!
1E
#213900000
b11101110 ?
b111 A
1=
0!
1$
0E
#213910000
1!
1E
1_
1q
#213920000
0!
0E
#213930000
1!
1E
1e
1b
#213940000
0!
0E
#213950000
1!
1E
0b
#213960000
0!
0E
#213970000
1!
1E
#213980000
0!
0E
#213990000
1!
1E
#214000000
0!
0E
#214010000
1!
1E
#214020000
0!
0E
#214030000
1!
1E
#214040000
0!
0E
#214050000
1!
1E
#214060000
0!
0E
#214070000
1!
1E
#214080000
0!
0E
#214090000
1!
1E
#214100000
0!
0E
#214110000
1!
1E
#214120000
0!
0E
#214130000
1!
1E
#214140000
0!
0E
#214150000
1!
1E
#214160000
0!
0E
#214170000
1!
1E
#214180000
0!
0E
#214190000
1!
1E
#214200000
0!
0E
#214210000
1!
1E
#214220000
0!
0E
#214230000
1!
1E
#214240000
0!
0E
#214250000
1!
1E
#214260000
0!
0E
#214270000
1!
1E
#214280000
0!
0E
#214290000
1!
1E
#214300000
0!
0E
#214310000
1!
1E
#214320000
0!
0E
#214330000
1!
1E
#214340000
0!
0E
#214350000
1!
1E
#214360000
0!
0E
#214370000
1!
1E
#214380000
0!
0E
#214390000
1!
1E
#214400000
1#
0!
1G
0E
#214410000
1!
1E
1`
#214420000
0!
0E
#214430000
1!
1E
1f
1d
#214440000
0!
0E
#214450000
1!
1E
0d
b1 r
b10110101 i
1p
0o
1n
0m
1k
0j
#214460000
0!
0E
#214470000
1!
1E
#214480000
0!
0E
#214490000
1!
1E
#214500000
0!
0E
#214510000
1!
1E
#214520000
0!
0E
#214530000
1!
1E
#214540000
0!
0E
#214550000
1!
1E
#214560000
0!
0E
#214570000
1!
1E
#214580000
0!
0E
#214590000
1!
1E
#214600000
0!
0E
#214610000
1!
1E
#214620000
0!
0E
#214630000
1!
1E
#214640000
0!
0E
#214650000
1!
1E
#214660000
0!
0E
#214670000
1!
1E
#214680000
0!
0E
#214690000
1!
1E
#214700000
0!
0E
#214710000
1!
1E
#214720000
0!
0E
#214730000
1!
1E
#214740000
0!
0E
#214750000
1!
1E
#214760000
0!
0E
#214770000
1!
1E
#214780000
0!
0E
#214790000
1!
1E
#214800000
0!
0E
#214810000
1!
1E
#214820000
0!
0E
#214830000
1!
1E
#214840000
0!
0E
#214850000
1!
1E
#214860000
0!
0E
#214870000
1!
1E
#214880000
0!
0E
#214890000
1!
1E
#214900000
0!
0E
#214910000
1!
1E
#214920000
0!
0E
#214930000
1!
1E
#214940000
0!
0E
#214950000
1!
1E
#214960000
0!
0E
#214970000
1!
1E
#214980000
0!
0E
#214990000
1!
1E
#215000000
0!
0E
#215010000
1!
1E
#215020000
0!
0E
#215030000
1!
1E
#215040000
0!
0E
#215050000
1!
1E
#215060000
0!
0E
#215070000
1!
1E
#215080000
0!
0E
#215090000
1!
1E
#215100000
0!
0E
#215110000
1!
1E
#215120000
0!
0E
#215130000
1!
1E
#215140000
0!
0E
#215150000
1!
1E
#215160000
0!
0E
#215170000
1!
1E
#215180000
0!
0E
#215190000
1!
1E
#215200000
0!
0E
#215210000
1!
1E
#215220000
0!
0E
#215230000
1!
1E
#215240000
0!
0E
#215250000
1!
1E
#215260000
0!
0E
#215270000
1!
1E
#215280000
0!
0E
#215290000
1!
1E
#215300000
0!
0E
#215310000
1!
1E
#215320000
0!
0E
#215330000
1!
1E
#215340000
0!
0E
#215350000
1!
1E
#215360000
0!
0E
#215370000
1!
1E
#215380000
0!
0E
#215390000
1!
1E
#215400000
0#
0!
0G
0E
#215410000
1!
1E
0`
#215420000
0!
0E
#215430000
1!
1E
0f
1c
#215440000
0!
0E
#215450000
1!
1E
0c
#215460000
0!
0E
#215470000
1!
1E
#215480000
0!
0E
#215490000
1!
1E
#215500000
0!
0E
#215510000
1!
1E
#215520000
0!
0E
#215530000
1!
1E
#215540000
0!
0E
#215550000
1!
1E
#215560000
0!
0E
#215570000
1!
1E
#215580000
0!
0E
#215590000
1!
1E
#215600000
0!
0E
#215610000
1!
1E
#215620000
0!
0E
#215630000
1!
1E
#215640000
0!
0E
#215650000
1!
1E
#215660000
0!
0E
#215670000
1!
1E
#215680000
0!
0E
#215690000
1!
1E
#215700000
0!
0E
#215710000
1!
1E
#215720000
0!
0E
#215730000
1!
1E
#215740000
0!
0E
#215750000
1!
1E
#215760000
0!
0E
#215770000
1!
1E
#215780000
0!
0E
#215790000
1!
1E
#215800000
0!
0E
#215810000
1!
1E
#215820000
0!
0E
#215830000
1!
1E
#215840000
0!
0E
#215850000
1!
1E
#215860000
0!
0E
#215870000
1!
1E
#215880000
0!
0E
#215890000
1!
1E
#215900000
b110 A
0!
0E
#215910000
1!
1E
#215920000
0!
0E
#215930000
1!
1E
#215940000
0!
0E
#215950000
1!
1E
#215960000
0!
0E
#215970000
1!
1E
#215980000
0!
0E
#215990000
1!
1E
#216000000
0!
0E
#216010000
1!
1E
#216020000
0!
0E
#216030000
1!
1E
#216040000
0!
0E
#216050000
1!
1E
#216060000
0!
0E
#216070000
1!
1E
#216080000
0!
0E
#216090000
1!
1E
#216100000
0!
0E
#216110000
1!
1E
#216120000
0!
0E
#216130000
1!
1E
#216140000
0!
0E
#216150000
1!
1E
#216160000
0!
0E
#216170000
1!
1E
#216180000
0!
0E
#216190000
1!
1E
#216200000
0!
0E
#216210000
1!
1E
#216220000
0!
0E
#216230000
1!
1E
#216240000
0!
0E
#216250000
1!
1E
#216260000
0!
0E
#216270000
1!
1E
#216280000
0!
0E
#216290000
1!
1E
#216300000
0!
0E
#216310000
1!
1E
#216320000
0!
0E
#216330000
1!
1E
#216340000
0!
0E
#216350000
1!
1E
#216360000
0!
0E
#216370000
1!
1E
#216380000
0!
0E
#216390000
1!
1E
#216400000
1#
0!
1G
0E
#216410000
1!
1E
1`
#216420000
0!
0E
#216430000
1!
1E
1f
1d
#216440000
0!
0E
#216450000
1!
1E
0d
b10 r
b1101011 i
1o
0n
1m
0l
1j
#216460000
0!
0E
#216470000
1!
1E
#216480000
0!
0E
#216490000
1!
1E
#216500000
0!
0E
#216510000
1!
1E
#216520000
0!
0E
#216530000
1!
1E
#216540000
0!
0E
#216550000
1!
1E
#216560000
0!
0E
#216570000
1!
1E
#216580000
0!
0E
#216590000
1!
1E
#216600000
0!
0E
#216610000
1!
1E
#216620000
0!
0E
#216630000
1!
1E
#216640000
0!
0E
#216650000
1!
1E
#216660000
0!
0E
#216670000
1!
1E
#216680000
0!
0E
#216690000
1!
1E
#216700000
0!
0E
#216710000
1!
1E
#216720000
0!
0E
#216730000
1!
1E
#216740000
0!
0E
#216750000
1!
1E
#216760000
0!
0E
#216770000
1!
1E
#216780000
0!
0E
#216790000
1!
1E
#216800000
0!
0E
#216810000
1!
1E
#216820000
0!
0E
#216830000
1!
1E
#216840000
0!
0E
#216850000
1!
1E
#216860000
0!
0E
#216870000
1!
1E
#216880000
0!
0E
#216890000
1!
1E
#216900000
0!
0E
#216910000
1!
1E
#216920000
0!
0E
#216930000
1!
1E
#216940000
0!
0E
#216950000
1!
1E
#216960000
0!
0E
#216970000
1!
1E
#216980000
0!
0E
#216990000
1!
1E
#217000000
0!
0E
#217010000
1!
1E
#217020000
0!
0E
#217030000
1!
1E
#217040000
0!
0E
#217050000
1!
1E
#217060000
0!
0E
#217070000
1!
1E
#217080000
0!
0E
#217090000
1!
1E
#217100000
0!
0E
#217110000
1!
1E
#217120000
0!
0E
#217130000
1!
1E
#217140000
0!
0E
#217150000
1!
1E
#217160000
0!
0E
#217170000
1!
1E
#217180000
0!
0E
#217190000
1!
1E
#217200000
0!
0E
#217210000
1!
1E
#217220000
0!
0E
#217230000
1!
1E
#217240000
0!
0E
#217250000
1!
1E
#217260000
0!
0E
#217270000
1!
1E
#217280000
0!
0E
#217290000
1!
1E
#217300000
0!
0E
#217310000
1!
1E
#217320000
0!
0E
#217330000
1!
1E
#217340000
0!
0E
#217350000
1!
1E
#217360000
0!
0E
#217370000
1!
1E
#217380000
0!
0E
#217390000
1!
1E
#217400000
0#
0!
0G
0E
#217410000
1!
1E
0`
#217420000
0!
0E
#217430000
1!
1E
0f
1c
#217440000
0!
0E
#217450000
1!
1E
0c
#217460000
0!
0E
#217470000
1!
1E
#217480000
0!
0E
#217490000
1!
1E
#217500000
0!
0E
#217510000
1!
1E
#217520000
0!
0E
#217530000
1!
1E
#217540000
0!
0E
#217550000
1!
1E
#217560000
0!
0E
#217570000
1!
1E
#217580000
0!
0E
#217590000
1!
1E
#217600000
0!
0E
#217610000
1!
1E
#217620000
0!
0E
#217630000
1!
1E
#217640000
0!
0E
#217650000
1!
1E
#217660000
0!
0E
#217670000
1!
1E
#217680000
0!
0E
#217690000
1!
1E
#217700000
0!
0E
#217710000
1!
1E
#217720000
0!
0E
#217730000
1!
1E
#217740000
0!
0E
#217750000
1!
1E
#217760000
0!
0E
#217770000
1!
1E
#217780000
0!
0E
#217790000
1!
1E
#217800000
0!
0E
#217810000
1!
1E
#217820000
0!
0E
#217830000
1!
1E
#217840000
0!
0E
#217850000
1!
1E
#217860000
0!
0E
#217870000
1!
1E
#217880000
0!
0E
#217890000
1!
1E
#217900000
b101 A
0!
0E
#217910000
1!
1E
#217920000
0!
0E
#217930000
1!
1E
#217940000
0!
0E
#217950000
1!
1E
#217960000
0!
0E
#217970000
1!
1E
#217980000
0!
0E
#217990000
1!
1E
#218000000
0!
0E
#218010000
1!
1E
#218020000
0!
0E
#218030000
1!
1E
#218040000
0!
0E
#218050000
1!
1E
#218060000
0!
0E
#218070000
1!
1E
#218080000
0!
0E
#218090000
1!
1E
#218100000
0!
0E
#218110000
1!
1E
#218120000
0!
0E
#218130000
1!
1E
#218140000
0!
0E
#218150000
1!
1E
#218160000
0!
0E
#218170000
1!
1E
#218180000
0!
0E
#218190000
1!
1E
#218200000
0!
0E
#218210000
1!
1E
#218220000
0!
0E
#218230000
1!
1E
#218240000
0!
0E
#218250000
1!
1E
#218260000
0!
0E
#218270000
1!
1E
#218280000
0!
0E
#218290000
1!
1E
#218300000
0!
0E
#218310000
1!
1E
#218320000
0!
0E
#218330000
1!
1E
#218340000
0!
0E
#218350000
1!
1E
#218360000
0!
0E
#218370000
1!
1E
#218380000
0!
0E
#218390000
1!
1E
#218400000
1#
0!
1G
0E
#218410000
1!
1E
1`
#218420000
0!
0E
#218430000
1!
1E
1f
1d
#218440000
0!
0E
#218450000
1!
1E
0d
b11 r
b11010111 i
1n
0m
1l
0k
#218460000
0!
0E
#218470000
1!
1E
#218480000
0!
0E
#218490000
1!
1E
#218500000
0!
0E
#218510000
1!
1E
#218520000
0!
0E
#218530000
1!
1E
#218540000
0!
0E
#218550000
1!
1E
#218560000
0!
0E
#218570000
1!
1E
#218580000
0!
0E
#218590000
1!
1E
#218600000
0!
0E
#218610000
1!
1E
#218620000
0!
0E
#218630000
1!
1E
#218640000
0!
0E
#218650000
1!
1E
#218660000
0!
0E
#218670000
1!
1E
#218680000
0!
0E
#218690000
1!
1E
#218700000
0!
0E
#218710000
1!
1E
#218720000
0!
0E
#218730000
1!
1E
#218740000
0!
0E
#218750000
1!
1E
#218760000
0!
0E
#218770000
1!
1E
#218780000
0!
0E
#218790000
1!
1E
#218800000
0!
0E
#218810000
1!
1E
#218820000
0!
0E
#218830000
1!
1E
#218840000
0!
0E
#218850000
1!
1E
#218860000
0!
0E
#218870000
1!
1E
#218880000
0!
0E
#218890000
1!
1E
#218900000
0!
0E
#218910000
1!
1E
#218920000
0!
0E
#218930000
1!
1E
#218940000
0!
0E
#218950000
1!
1E
#218960000
0!
0E
#218970000
1!
1E
#218980000
0!
0E
#218990000
1!
1E
#219000000
0!
0E
#219010000
1!
1E
#219020000
0!
0E
#219030000
1!
1E
#219040000
0!
0E
#219050000
1!
1E
#219060000
0!
0E
#219070000
1!
1E
#219080000
0!
0E
#219090000
1!
1E
#219100000
0!
0E
#219110000
1!
1E
#219120000
0!
0E
#219130000
1!
1E
#219140000
0!
0E
#219150000
1!
1E
#219160000
0!
0E
#219170000
1!
1E
#219180000
0!
0E
#219190000
1!
1E
#219200000
0!
0E
#219210000
1!
1E
#219220000
0!
0E
#219230000
1!
1E
#219240000
0!
0E
#219250000
1!
1E
#219260000
0!
0E
#219270000
1!
1E
#219280000
0!
0E
#219290000
1!
1E
#219300000
0!
0E
#219310000
1!
1E
#219320000
0!
0E
#219330000
1!
1E
#219340000
0!
0E
#219350000
1!
1E
#219360000
0!
0E
#219370000
1!
1E
#219380000
0!
0E
#219390000
1!
1E
#219400000
0#
0!
0G
0E
#219410000
1!
1E
0`
#219420000
0!
0E
#219430000
1!
1E
0f
1c
#219440000
0!
0E
#219450000
1!
1E
0c
#219460000
0!
0E
#219470000
1!
1E
#219480000
0!
0E
#219490000
1!
1E
#219500000
0!
0E
#219510000
1!
1E
#219520000
0!
0E
#219530000
1!
1E
#219540000
0!
0E
#219550000
1!
1E
#219560000
0!
0E
#219570000
1!
1E
#219580000
0!
0E
#219590000
1!
1E
#219600000
0!
0E
#219610000
1!
1E
#219620000
0!
0E
#219630000
1!
1E
#219640000
0!
0E
#219650000
1!
1E
#219660000
0!
0E
#219670000
1!
1E
#219680000
0!
0E
#219690000
1!
1E
#219700000
0!
0E
#219710000
1!
1E
#219720000
0!
0E
#219730000
1!
1E
#219740000
0!
0E
#219750000
1!
1E
#219760000
0!
0E
#219770000
1!
1E
#219780000
0!
0E
#219790000
1!
1E
#219800000
0!
0E
#219810000
1!
1E
#219820000
0!
0E
#219830000
1!
1E
#219840000
0!
0E
#219850000
1!
1E
#219860000
0!
0E
#219870000
1!
1E
#219880000
0!
0E
#219890000
1!
1E
#219900000
b100 A
0=
0!
0$
0E
#219910000
1!
1E
0_
0q
#219920000
0!
0E
#219930000
1!
1E
0e
1a
#219940000
0!
0E
#219950000
1!
1E
0a
#219960000
0!
0E
#219970000
1!
1E
#219980000
0!
0E
#219990000
1!
1E
#220000000
0!
0E
#220010000
1!
1E
#220020000
0!
0E
#220030000
1!
1E
#220040000
0!
0E
#220050000
1!
1E
#220060000
0!
0E
#220070000
1!
1E
#220080000
0!
0E
#220090000
1!
1E
#220100000
0!
0E
#220110000
1!
1E
#220120000
0!
0E
#220130000
1!
1E
#220140000
0!
0E
#220150000
1!
1E
#220160000
0!
0E
#220170000
1!
1E
#220180000
0!
0E
#220190000
1!
1E
#220200000
0!
0E
#220210000
1!
1E
#220220000
0!
0E
#220230000
1!
1E
#220240000
0!
0E
#220250000
1!
1E
#220260000
0!
0E
#220270000
1!
1E
#220280000
0!
0E
#220290000
1!
1E
#220300000
0!
0E
#220310000
1!
1E
#220320000
0!
0E
#220330000
1!
1E
#220340000
0!
0E
#220350000
1!
1E
#220360000
0!
0E
#220370000
1!
1E
#220380000
0!
0E
#220390000
1!
1E
#220400000
1#
0!
1G
0E
#220410000
1!
1E
1`
#220420000
0!
0E
#220430000
1!
1E
1f
1d
#220440000
0!
0E
#220450000
1!
1E
0d
b100 r
b10101110 i
0p
1m
0l
1k
0j
#220460000
0!
0E
#220470000
1!
1E
#220480000
0!
0E
#220490000
1!
1E
#220500000
0!
0E
#220510000
1!
1E
#220520000
0!
0E
#220530000
1!
1E
#220540000
0!
0E
#220550000
1!
1E
#220560000
0!
0E
#220570000
1!
1E
#220580000
0!
0E
#220590000
1!
1E
#220600000
0!
0E
#220610000
1!
1E
#220620000
0!
0E
#220630000
1!
1E
#220640000
0!
0E
#220650000
1!
1E
#220660000
0!
0E
#220670000
1!
1E
#220680000
0!
0E
#220690000
1!
1E
#220700000
0!
0E
#220710000
1!
1E
#220720000
0!
0E
#220730000
1!
1E
#220740000
0!
0E
#220750000
1!
1E
#220760000
0!
0E
#220770000
1!
1E
#220780000
0!
0E
#220790000
1!
1E
#220800000
0!
0E
#220810000
1!
1E
#220820000
0!
0E
#220830000
1!
1E
#220840000
0!
0E
#220850000
1!
1E
#220860000
0!
0E
#220870000
1!
1E
#220880000
0!
0E
#220890000
1!
1E
#220900000
0!
0E
#220910000
1!
1E
#220920000
0!
0E
#220930000
1!
1E
#220940000
0!
0E
#220950000
1!
1E
#220960000
0!
0E
#220970000
1!
1E
#220980000
0!
0E
#220990000
1!
1E
#221000000
0!
0E
#221010000
1!
1E
#221020000
0!
0E
#221030000
1!
1E
#221040000
0!
0E
#221050000
1!
1E
#221060000
0!
0E
#221070000
1!
1E
#221080000
0!
0E
#221090000
1!
1E
#221100000
0!
0E
#221110000
1!
1E
#221120000
0!
0E
#221130000
1!
1E
#221140000
0!
0E
#221150000
1!
1E
#221160000
0!
0E
#221170000
1!
1E
#221180000
0!
0E
#221190000
1!
1E
#221200000
0!
0E
#221210000
1!
1E
#221220000
0!
0E
#221230000
1!
1E
#221240000
0!
0E
#221250000
1!
1E
#221260000
0!
0E
#221270000
1!
1E
#221280000
0!
0E
#221290000
1!
1E
#221300000
0!
0E
#221310000
1!
1E
#221320000
0!
0E
#221330000
1!
1E
#221340000
0!
0E
#221350000
1!
1E
#221360000
0!
0E
#221370000
1!
1E
#221380000
0!
0E
#221390000
1!
1E
#221400000
0#
0!
0G
0E
#221410000
1!
1E
0`
#221420000
0!
0E
#221430000
1!
1E
0f
1c
#221440000
0!
0E
#221450000
1!
1E
0c
#221460000
0!
0E
#221470000
1!
1E
#221480000
0!
0E
#221490000
1!
1E
#221500000
0!
0E
#221510000
1!
1E
#221520000
0!
0E
#221530000
1!
1E
#221540000
0!
0E
#221550000
1!
1E
#221560000
0!
0E
#221570000
1!
1E
#221580000
0!
0E
#221590000
1!
1E
#221600000
0!
0E
#221610000
1!
1E
#221620000
0!
0E
#221630000
1!
1E
#221640000
0!
0E
#221650000
1!
1E
#221660000
0!
0E
#221670000
1!
1E
#221680000
0!
0E
#221690000
1!
1E
#221700000
0!
0E
#221710000
1!
1E
#221720000
0!
0E
#221730000
1!
1E
#221740000
0!
0E
#221750000
1!
1E
#221760000
0!
0E
#221770000
1!
1E
#221780000
0!
0E
#221790000
1!
1E
#221800000
0!
0E
#221810000
1!
1E
#221820000
0!
0E
#221830000
1!
1E
#221840000
0!
0E
#221850000
1!
1E
#221860000
0!
0E
#221870000
1!
1E
#221880000
0!
0E
#221890000
1!
1E
#221900000
b11 A
1=
0!
1$
0E
#221910000
1!
1E
1_
1q
#221920000
0!
0E
#221930000
1!
1E
1e
1b
#221940000
0!
0E
#221950000
1!
1E
0b
#221960000
0!
0E
#221970000
1!
1E
#221980000
0!
0E
#221990000
1!
1E
#222000000
0!
0E
#222010000
1!
1E
#222020000
0!
0E
#222030000
1!
1E
#222040000
0!
0E
#222050000
1!
1E
#222060000
0!
0E
#222070000
1!
1E
#222080000
0!
0E
#222090000
1!
1E
#222100000
0!
0E
#222110000
1!
1E
#222120000
0!
0E
#222130000
1!
1E
#222140000
0!
0E
#222150000
1!
1E
#222160000
0!
0E
#222170000
1!
1E
#222180000
0!
0E
#222190000
1!
1E
#222200000
0!
0E
#222210000
1!
1E
#222220000
0!
0E
#222230000
1!
1E
#222240000
0!
0E
#222250000
1!
1E
#222260000
0!
0E
#222270000
1!
1E
#222280000
0!
0E
#222290000
1!
1E
#222300000
0!
0E
#222310000
1!
1E
#222320000
0!
0E
#222330000
1!
1E
#222340000
0!
0E
#222350000
1!
1E
#222360000
0!
0E
#222370000
1!
1E
#222380000
0!
0E
#222390000
1!
1E
#222400000
1#
0!
1G
0E
#222410000
1!
1E
1`
#222420000
0!
0E
#222430000
1!
1E
1f
1d
#222440000
0!
0E
#222450000
1!
1E
0d
b101 r
b1011101 i
1p
0o
1l
0k
1j
#222460000
0!
0E
#222470000
1!
1E
#222480000
0!
0E
#222490000
1!
1E
#222500000
0!
0E
#222510000
1!
1E
#222520000
0!
0E
#222530000
1!
1E
#222540000
0!
0E
#222550000
1!
1E
#222560000
0!
0E
#222570000
1!
1E
#222580000
0!
0E
#222590000
1!
1E
#222600000
0!
0E
#222610000
1!
1E
#222620000
0!
0E
#222630000
1!
1E
#222640000
0!
0E
#222650000
1!
1E
#222660000
0!
0E
#222670000
1!
1E
#222680000
0!
0E
#222690000
1!
1E
#222700000
0!
0E
#222710000
1!
1E
#222720000
0!
0E
#222730000
1!
1E
#222740000
0!
0E
#222750000
1!
1E
#222760000
0!
0E
#222770000
1!
1E
#222780000
0!
0E
#222790000
1!
1E
#222800000
0!
0E
#222810000
1!
1E
#222820000
0!
0E
#222830000
1!
1E
#222840000
0!
0E
#222850000
1!
1E
#222860000
0!
0E
#222870000
1!
1E
#222880000
0!
0E
#222890000
1!
1E
#222900000
0!
0E
#222910000
1!
1E
#222920000
0!
0E
#222930000
1!
1E
#222940000
0!
0E
#222950000
1!
1E
#222960000
0!
0E
#222970000
1!
1E
#222980000
0!
0E
#222990000
1!
1E
#223000000
0!
0E
#223010000
1!
1E
#223020000
0!
0E
#223030000
1!
1E
#223040000
0!
0E
#223050000
1!
1E
#223060000
0!
0E
#223070000
1!
1E
#223080000
0!
0E
#223090000
1!
1E
#223100000
0!
0E
#223110000
1!
1E
#223120000
0!
0E
#223130000
1!
1E
#223140000
0!
0E
#223150000
1!
1E
#223160000
0!
0E
#223170000
1!
1E
#223180000
0!
0E
#223190000
1!
1E
#223200000
0!
0E
#223210000
1!
1E
#223220000
0!
0E
#223230000
1!
1E
#223240000
0!
0E
#223250000
1!
1E
#223260000
0!
0E
#223270000
1!
1E
#223280000
0!
0E
#223290000
1!
1E
#223300000
0!
0E
#223310000
1!
1E
#223320000
0!
0E
#223330000
1!
1E
#223340000
0!
0E
#223350000
1!
1E
#223360000
0!
0E
#223370000
1!
1E
#223380000
0!
0E
#223390000
1!
1E
#223400000
0#
0!
0G
0E
#223410000
1!
1E
0`
#223420000
0!
0E
#223430000
1!
1E
0f
1c
#223440000
0!
0E
#223450000
1!
1E
0c
#223460000
0!
0E
#223470000
1!
1E
#223480000
0!
0E
#223490000
1!
1E
#223500000
0!
0E
#223510000
1!
1E
#223520000
0!
0E
#223530000
1!
1E
#223540000
0!
0E
#223550000
1!
1E
#223560000
0!
0E
#223570000
1!
1E
#223580000
0!
0E
#223590000
1!
1E
#223600000
0!
0E
#223610000
1!
1E
#223620000
0!
0E
#223630000
1!
1E
#223640000
0!
0E
#223650000
1!
1E
#223660000
0!
0E
#223670000
1!
1E
#223680000
0!
0E
#223690000
1!
1E
#223700000
0!
0E
#223710000
1!
1E
#223720000
0!
0E
#223730000
1!
1E
#223740000
0!
0E
#223750000
1!
1E
#223760000
0!
0E
#223770000
1!
1E
#223780000
0!
0E
#223790000
1!
1E
#223800000
0!
0E
#223810000
1!
1E
#223820000
0!
0E
#223830000
1!
1E
#223840000
0!
0E
#223850000
1!
1E
#223860000
0!
0E
#223870000
1!
1E
#223880000
0!
0E
#223890000
1!
1E
#223900000
b10 A
0!
0E
#223910000
1!
1E
#223920000
0!
0E
#223930000
1!
1E
#223940000
0!
0E
#223950000
1!
1E
#223960000
0!
0E
#223970000
1!
1E
#223980000
0!
0E
#223990000
1!
1E
#224000000
0!
0E
#224010000
1!
1E
#224020000
0!
0E
#224030000
1!
1E
#224040000
0!
0E
#224050000
1!
1E
#224060000
0!
0E
#224070000
1!
1E
#224080000
0!
0E
#224090000
1!
1E
#224100000
0!
0E
#224110000
1!
1E
#224120000
0!
0E
#224130000
1!
1E
#224140000
0!
0E
#224150000
1!
1E
#224160000
0!
0E
#224170000
1!
1E
#224180000
0!
0E
#224190000
1!
1E
#224200000
0!
0E
#224210000
1!
1E
#224220000
0!
0E
#224230000
1!
1E
#224240000
0!
0E
#224250000
1!
1E
#224260000
0!
0E
#224270000
1!
1E
#224280000
0!
0E
#224290000
1!
1E
#224300000
0!
0E
#224310000
1!
1E
#224320000
0!
0E
#224330000
1!
1E
#224340000
0!
0E
#224350000
1!
1E
#224360000
0!
0E
#224370000
1!
1E
#224380000
0!
0E
#224390000
1!
1E
#224400000
1#
0!
1G
0E
#224410000
1!
1E
1`
#224420000
0!
0E
#224430000
1!
1E
1f
1d
#224440000
0!
0E
#224450000
1!
1E
0d
b110 r
b10111011 i
1o
0n
1k
0j
#224460000
0!
0E
#224470000
1!
1E
#224480000
0!
0E
#224490000
1!
1E
#224500000
0!
0E
#224510000
1!
1E
#224520000
0!
0E
#224530000
1!
1E
#224540000
0!
0E
#224550000
1!
1E
#224560000
0!
0E
#224570000
1!
1E
#224580000
0!
0E
#224590000
1!
1E
#224600000
0!
0E
#224610000
1!
1E
#224620000
0!
0E
#224630000
1!
1E
#224640000
0!
0E
#224650000
1!
1E
#224660000
0!
0E
#224670000
1!
1E
#224680000
0!
0E
#224690000
1!
1E
#224700000
0!
0E
#224710000
1!
1E
#224720000
0!
0E
#224730000
1!
1E
#224740000
0!
0E
#224750000
1!
1E
#224760000
0!
0E
#224770000
1!
1E
#224780000
0!
0E
#224790000
1!
1E
#224800000
0!
0E
#224810000
1!
1E
#224820000
0!
0E
#224830000
1!
1E
#224840000
0!
0E
#224850000
1!
1E
#224860000
0!
0E
#224870000
1!
1E
#224880000
0!
0E
#224890000
1!
1E
#224900000
0!
0E
#224910000
1!
1E
#224920000
0!
0E
#224930000
1!
1E
#224940000
0!
0E
#224950000
1!
1E
#224960000
0!
0E
#224970000
1!
1E
#224980000
0!
0E
#224990000
1!
1E
#225000000
0!
0E
#225010000
1!
1E
#225020000
0!
0E
#225030000
1!
1E
#225040000
0!
0E
#225050000
1!
1E
#225060000
0!
0E
#225070000
1!
1E
#225080000
0!
0E
#225090000
1!
1E
#225100000
0!
0E
#225110000
1!
1E
#225120000
0!
0E
#225130000
1!
1E
#225140000
0!
0E
#225150000
1!
1E
#225160000
0!
0E
#225170000
1!
1E
#225180000
0!
0E
#225190000
1!
1E
#225200000
0!
0E
#225210000
1!
1E
#225220000
0!
0E
#225230000
1!
1E
#225240000
0!
0E
#225250000
1!
1E
#225260000
0!
0E
#225270000
1!
1E
#225280000
0!
0E
#225290000
1!
1E
#225300000
0!
0E
#225310000
1!
1E
#225320000
0!
0E
#225330000
1!
1E
#225340000
0!
0E
#225350000
1!
1E
#225360000
0!
0E
#225370000
1!
1E
#225380000
0!
0E
#225390000
1!
1E
#225400000
0#
0!
0G
0E
#225410000
1!
1E
0`
#225420000
0!
0E
#225430000
1!
1E
0f
1c
#225440000
0!
0E
#225450000
1!
1E
0c
#225460000
0!
0E
#225470000
1!
1E
#225480000
0!
0E
#225490000
1!
1E
#225500000
0!
0E
#225510000
1!
1E
#225520000
0!
0E
#225530000
1!
1E
#225540000
0!
0E
#225550000
1!
1E
#225560000
0!
0E
#225570000
1!
1E
#225580000
0!
0E
#225590000
1!
1E
#225600000
0!
0E
#225610000
1!
1E
#225620000
0!
0E
#225630000
1!
1E
#225640000
0!
0E
#225650000
1!
1E
#225660000
0!
0E
#225670000
1!
1E
#225680000
0!
0E
#225690000
1!
1E
#225700000
0!
0E
#225710000
1!
1E
#225720000
0!
0E
#225730000
1!
1E
#225740000
0!
0E
#225750000
1!
1E
#225760000
0!
0E
#225770000
1!
1E
#225780000
0!
0E
#225790000
1!
1E
#225800000
0!
0E
#225810000
1!
1E
#225820000
0!
0E
#225830000
1!
1E
#225840000
0!
0E
#225850000
1!
1E
#225860000
0!
0E
#225870000
1!
1E
#225880000
0!
0E
#225890000
1!
1E
#225900000
b1 A
0!
0E
#225910000
1!
1E
#225920000
0!
0E
#225930000
1!
1E
#225940000
0!
0E
#225950000
1!
1E
#225960000
0!
0E
#225970000
1!
1E
#225980000
0!
0E
#225990000
1!
1E
#226000000
0!
0E
#226010000
1!
1E
#226020000
0!
0E
#226030000
1!
1E
#226040000
0!
0E
#226050000
1!
1E
#226060000
0!
0E
#226070000
1!
1E
#226080000
0!
0E
#226090000
1!
1E
#226100000
0!
0E
#226110000
1!
1E
#226120000
0!
0E
#226130000
1!
1E
#226140000
0!
0E
#226150000
1!
1E
#226160000
0!
0E
#226170000
1!
1E
#226180000
0!
0E
#226190000
1!
1E
#226200000
0!
0E
#226210000
1!
1E
#226220000
0!
0E
#226230000
1!
1E
#226240000
0!
0E
#226250000
1!
1E
#226260000
0!
0E
#226270000
1!
1E
#226280000
0!
0E
#226290000
1!
1E
#226300000
0!
0E
#226310000
1!
1E
#226320000
0!
0E
#226330000
1!
1E
#226340000
0!
0E
#226350000
1!
1E
#226360000
0!
0E
#226370000
1!
1E
#226380000
0!
0E
#226390000
1!
1E
#226400000
1#
0!
1G
0E
#226410000
1!
1E
1`
#226420000
0!
0E
#226430000
1!
1E
1f
1d
#226440000
0!
0E
#226450000
1!
1E
0d
b111 r
b1110111 i
1n
0m
1j
#226460000
0!
0E
#226470000
1!
1E
#226480000
0!
0E
#226490000
1!
1E
#226500000
0!
0E
#226510000
1!
1E
#226520000
0!
0E
#226530000
1!
1E
#226540000
0!
0E
#226550000
1!
1E
#226560000
0!
0E
#226570000
1!
1E
#226580000
0!
0E
#226590000
1!
1E
#226600000
0!
0E
#226610000
1!
1E
#226620000
0!
0E
#226630000
1!
1E
#226640000
0!
0E
#226650000
1!
1E
#226660000
0!
0E
#226670000
1!
1E
#226680000
0!
0E
#226690000
1!
1E
#226700000
0!
0E
#226710000
1!
1E
#226720000
0!
0E
#226730000
1!
1E
#226740000
0!
0E
#226750000
1!
1E
#226760000
0!
0E
#226770000
1!
1E
#226780000
0!
0E
#226790000
1!
1E
#226800000
0!
0E
#226810000
1!
1E
#226820000
0!
0E
#226830000
1!
1E
#226840000
0!
0E
#226850000
1!
1E
#226860000
0!
0E
#226870000
1!
1E
#226880000
0!
0E
#226890000
1!
1E
#226900000
0!
0E
#226910000
1!
1E
#226920000
0!
0E
#226930000
1!
1E
#226940000
0!
0E
#226950000
1!
1E
#226960000
0!
0E
#226970000
1!
1E
#226980000
0!
0E
#226990000
1!
1E
#227000000
0!
0E
#227010000
1!
1E
#227020000
0!
0E
#227030000
1!
1E
#227040000
0!
0E
#227050000
1!
1E
#227060000
0!
0E
#227070000
1!
1E
#227080000
0!
0E
#227090000
1!
1E
#227100000
0!
0E
#227110000
1!
1E
#227120000
0!
0E
#227130000
1!
1E
#227140000
0!
0E
#227150000
1!
1E
#227160000
0!
0E
#227170000
1!
1E
#227180000
0!
0E
#227190000
1!
1E
#227200000
0!
0E
#227210000
1!
1E
#227220000
0!
0E
#227230000
1!
1E
#227240000
0!
0E
#227250000
1!
1E
#227260000
0!
0E
#227270000
1!
1E
#227280000
0!
0E
#227290000
1!
1E
#227300000
0!
0E
#227310000
1!
1E
#227320000
0!
0E
#227330000
1!
1E
#227340000
0!
0E
#227350000
1!
1E
#227360000
0!
0E
#227370000
1!
1E
#227380000
0!
0E
#227390000
1!
1E
#227400000
0#
0!
0G
0E
#227410000
1!
1E
0`
#227420000
0!
0E
#227430000
1!
1E
0f
1c
#227440000
0!
0E
#227450000
1!
1E
0c
#227460000
0!
0E
#227470000
1!
1E
#227480000
0!
0E
#227490000
1!
1E
#227500000
0!
0E
#227510000
1!
1E
#227520000
0!
0E
#227530000
1!
1E
#227540000
0!
0E
#227550000
1!
1E
#227560000
0!
0E
#227570000
1!
1E
#227580000
0!
0E
#227590000
1!
1E
#227600000
0!
0E
#227610000
1!
1E
#227620000
0!
0E
#227630000
1!
1E
#227640000
0!
0E
#227650000
1!
1E
#227660000
0!
0E
#227670000
1!
1E
#227680000
0!
0E
#227690000
1!
1E
#227700000
0!
0E
#227710000
1!
1E
#227720000
0!
0E
#227730000
1!
1E
#227740000
0!
0E
#227750000
1!
1E
#227760000
0!
0E
#227770000
1!
1E
#227780000
0!
0E
#227790000
1!
1E
#227800000
0!
0E
#227810000
1!
1E
#227820000
0!
0E
#227830000
1!
1E
#227840000
0!
0E
#227850000
1!
1E
#227860000
0!
0E
#227870000
1!
1E
#227880000
0!
0E
#227890000
1!
1E
#227900000
b0 A
0=
0!
0$
0E
#227910000
1!
1E
0_
0q
#227920000
0!
0E
#227930000
1!
1E
0e
1a
#227940000
0!
0E
#227950000
1!
1E
0a
#227960000
0!
0E
#227970000
1!
1E
#227980000
0!
0E
#227990000
1!
1E
#228000000
0!
0E
#228010000
1!
1E
#228020000
0!
0E
#228030000
1!
1E
#228040000
0!
0E
#228050000
1!
1E
#228060000
0!
0E
#228070000
1!
1E
#228080000
0!
0E
#228090000
1!
1E
#228100000
0!
0E
#228110000
1!
1E
#228120000
0!
0E
#228130000
1!
1E
#228140000
0!
0E
#228150000
1!
1E
#228160000
0!
0E
#228170000
1!
1E
#228180000
0!
0E
#228190000
1!
1E
#228200000
0!
0E
#228210000
1!
1E
#228220000
0!
0E
#228230000
1!
1E
#228240000
0!
0E
#228250000
1!
1E
#228260000
0!
0E
#228270000
1!
1E
#228280000
0!
0E
#228290000
1!
1E
#228300000
0!
0E
#228310000
1!
1E
#228320000
0!
0E
#228330000
1!
1E
#228340000
0!
0E
#228350000
1!
1E
#228360000
0!
0E
#228370000
1!
1E
#228380000
0!
0E
#228390000
1!
1E
#228400000
1#
0!
1G
0E
#228410000
1!
1E
1`
#228420000
0!
0E
#228430000
1!
1E
1f
1d
b1000 h
#228440000
0!
0E
#228450000
1!
1E
0d
b1000 g
b0 r
b11101110 i
b100010 u
1Z
b11101110 Y
10
1-
0+
1*
1(
1}
0p
1m
0l
#228460000
0!
0E
#228470000
1!
1E
0Z
00
#228480000
0!
0E
#228490000
1!
1E
#228500000
0!
0E
#228510000
1!
1E
#228520000
0!
0E
#228530000
1!
1E
#228540000
0!
0E
#228550000
1!
1E
#228560000
0!
0E
#228570000
1!
1E
#228580000
0!
0E
#228590000
1!
1E
#228600000
0!
0E
#228610000
1!
1E
#228620000
0!
0E
#228630000
1!
1E
#228640000
0!
0E
#228650000
1!
1E
#228660000
0!
0E
#228670000
1!
1E
#228680000
0!
0E
#228690000
1!
1E
#228700000
0!
0E
#228710000
1!
1E
#228720000
0!
0E
#228730000
1!
1E
#228740000
0!
0E
#228750000
1!
1E
#228760000
0!
0E
#228770000
1!
1E
#228780000
0!
0E
#228790000
1!
1E
#228800000
0!
0E
#228810000
1!
1E
#228820000
0!
0E
#228830000
1!
1E
#228840000
0!
0E
#228850000
1!
1E
#228860000
0!
0E
#228870000
1!
1E
#228880000
0!
0E
#228890000
1!
1E
#228900000
0!
0E
#228910000
1!
1E
#228920000
0!
0E
#228930000
1!
1E
#228940000
0!
0E
#228950000
1!
1E
#228960000
0!
0E
#228970000
1!
1E
#228980000
0!
0E
#228990000
1!
1E
#229000000
0!
0E
#229010000
1!
1E
#229020000
0!
0E
#229030000
1!
1E
#229040000
0!
0E
#229050000
1!
1E
#229060000
0!
0E
#229070000
1!
1E
#229080000
0!
0E
#229090000
1!
1E
#229100000
0!
0E
#229110000
1!
1E
#229120000
0!
0E
#229130000
1!
1E
#229140000
0!
0E
#229150000
1!
1E
#229160000
0!
0E
#229170000
1!
1E
#229180000
0!
0E
#229190000
1!
1E
#229200000
0!
0E
#229210000
1!
1E
#229220000
0!
0E
#229230000
1!
1E
#229240000
0!
0E
#229250000
1!
1E
#229260000
0!
0E
#229270000
1!
1E
#229280000
0!
0E
#229290000
1!
1E
#229300000
0!
0E
#229310000
1!
1E
#229320000
0!
0E
#229330000
1!
1E
#229340000
0!
0E
#229350000
1!
1E
#229360000
0!
0E
#229370000
1!
1E
#229380000
0!
0E
#229390000
1!
1E
#229400000
0#
0!
0G
0E
#229410000
1!
1E
0`
#229420000
0!
0E
#229430000
1!
1E
0f
1c
#229440000
0!
0E
#229450000
1!
1E
0c
0]
1^
#229460000
0!
0E
#229470000
1!
1E
#229480000
0!
0E
#229490000
1!
1E
#229500000
0!
0E
#229510000
1!
1E
#229520000
0!
0E
#229530000
1!
1E
#229540000
0!
0E
#229550000
1!
1E
#229560000
0!
0E
#229570000
1!
1E
#229580000
0!
0E
#229590000
1!
1E
#229600000
0!
0E
#229610000
1!
1E
#229620000
0!
0E
#229630000
1!
1E
#229640000
0!
0E
#229650000
1!
1E
#229660000
0!
0E
#229670000
1!
1E
#229680000
0!
0E
#229690000
1!
1E
#229700000
0!
0E
#229710000
1!
1E
#229720000
0!
0E
#229730000
1!
1E
#229740000
0!
0E
#229750000
1!
1E
#229760000
0!
0E
#229770000
1!
1E
#229780000
0!
0E
#229790000
1!
1E
#229800000
0!
0E
#229810000
1!
1E
#229820000
0!
0E
#229830000
1!
1E
#229840000
0!
0E
#229850000
1!
1E
#229860000
0!
0E
#229870000
1!
1E
#229880000
0!
0E
#229890000
1!
1E
#229900000
b11111111111111111111111111111111 A
0!
0E
#229910000
1!
1E
#229920000
0!
0E
#229930000
1!
1E
#229940000
0!
0E
#229950000
1!
1E
#229960000
0!
0E
#229970000
1!
1E
#229980000
0!
0E
#229990000
1!
1E
#230000000
0!
0E
#230010000
1!
1E
#230020000
0!
0E
#230030000
1!
1E
#230040000
0!
0E
#230050000
1!
1E
#230060000
0!
0E
#230070000
1!
1E
#230080000
0!
0E
#230090000
1!
1E
#230100000
0!
0E
#230110000
1!
1E
#230120000
0!
0E
#230130000
1!
1E
#230140000
0!
0E
#230150000
1!
1E
#230160000
0!
0E
#230170000
1!
1E
#230180000
0!
0E
#230190000
1!
1E
#230200000
0!
0E
#230210000
1!
1E
#230220000
0!
0E
#230230000
1!
1E
#230240000
0!
0E
#230250000
1!
1E
#230260000
0!
0E
#230270000
1!
1E
#230280000
0!
0E
#230290000
1!
1E
#230300000
0!
0E
#230310000
1!
1E
#230320000
0!
0E
#230330000
1!
1E
#230340000
0!
0E
#230350000
1!
1E
#230360000
0!
0E
#230370000
1!
1E
#230380000
0!
0E
#230390000
1!
1E
#230400000
1#
0!
1G
0E
#230410000
1!
1E
1`
#230420000
0!
0E
#230430000
1!
1E
1f
1d
b100 h
#230440000
0!
0E
#230450000
1!
1E
0d
b100 g
#230460000
0!
0E
#230470000
1!
1E
#230480000
0!
0E
#230490000
1!
1E
#230500000
0!
0E
#230510000
1!
1E
#230520000
0!
0E
#230530000
1!
1E
#230540000
0!
0E
#230550000
1!
1E
#230560000
0!
0E
#230570000
1!
1E
#230580000
0!
0E
#230590000
1!
1E
#230600000
0!
0E
#230610000
1!
1E
#230620000
0!
0E
#230630000
1!
1E
#230640000
0!
0E
#230650000
1!
1E
#230660000
0!
0E
#230670000
1!
1E
#230680000
0!
0E
#230690000
1!
1E
#230700000
0!
0E
#230710000
1!
1E
#230720000
0!
0E
#230730000
1!
1E
#230740000
0!
0E
#230750000
1!
1E
#230760000
0!
0E
#230770000
1!
1E
#230780000
0!
0E
#230790000
1!
1E
#230800000
0!
0E
#230810000
1!
1E
#230820000
0!
0E
#230830000
1!
1E
#230840000
0!
0E
#230850000
1!
1E
#230860000
0!
0E
#230870000
1!
1E
#230880000
0!
0E
#230890000
1!
1E
#230900000
0!
0E
#230910000
1!
1E
#230920000
0!
0E
#230930000
1!
1E
#230940000
0!
0E
#230950000
1!
1E
#230960000
0!
0E
#230970000
1!
1E
#230980000
0!
0E
#230990000
1!
1E
#231000000
0!
0E
#231010000
1!
1E
#231020000
0!
0E
#231030000
1!
1E
#231040000
0!
0E
#231050000
1!
1E
#231060000
0!
0E
#231070000
1!
1E
#231080000
0!
0E
#231090000
1!
1E
#231100000
0!
0E
#231110000
1!
1E
#231120000
0!
0E
#231130000
1!
1E
#231140000
0!
0E
#231150000
1!
1E
#231160000
0!
0E
#231170000
1!
1E
#231180000
0!
0E
#231190000
1!
1E
#231200000
0!
0E
#231210000
1!
1E
#231220000
0!
0E
#231230000
1!
1E
#231240000
0!
0E
#231250000
1!
1E
#231260000
0!
0E
#231270000
1!
1E
#231280000
0!
0E
#231290000
1!
1E
#231300000
0!
0E
#231310000
1!
1E
#231320000
0!
0E
#231330000
1!
1E
#231340000
0!
0E
#231350000
1!
1E
#231360000
0!
0E
#231370000
1!
1E
#231380000
0!
0E
#231390000
1!
1E
#231400000
0#
0!
0G
0E
#231410000
1!
1E
0`
#231420000
0!
0E
#231430000
1!
1E
0f
1c
#231440000
0!
0E
#231450000
1!
1E
0c
1]
0^
#231460000
0!
0E
#231470000
1!
1E
#231480000
0!
0E
#231490000
1!
1E
#231500000
0!
0E
#231510000
1!
1E
#231520000
0!
0E
#231530000
1!
1E
#231540000
0!
0E
#231550000
1!
1E
#231560000
0!
0E
#231570000
1!
1E
#231580000
0!
0E
#231590000
1!
1E
#231600000
0!
0E
#231610000
1!
1E
#231620000
0!
0E
#231630000
1!
1E
#231640000
0!
0E
#231650000
1!
1E
#231660000
0!
0E
#231670000
1!
1E
#231680000
0!
0E
#231690000
1!
1E
#231700000
0!
0E
#231710000
1!
1E
#231720000
0!
0E
#231730000
1!
1E
#231740000
0!
0E
#231750000
1!
1E
#231760000
0!
0E
#231770000
1!
1E
#231780000
0!
0E
#231790000
1!
1E
#231800000
0!
0E
#231810000
1!
1E
#231820000
0!
0E
#231830000
1!
1E
#231840000
0!
0E
#231850000
1!
1E
#231860000
0!
0E
#231870000
1!
1E
#231880000
0!
0E
#231890000
1!
1E
#231900000
0!
0E
#231910000
1!
1E
#231920000
0!
0E
#231930000
1!
1E
#231940000
0!
0E
#231950000
1!
1E
#231960000
0!
0E
#231970000
1!
1E
#231980000
0!
0E
#231990000
1!
1E
#232000000
0!
0E
#232010000
1!
1E
#232020000
0!
0E
#232030000
1!
1E
#232040000
0!
0E
#232050000
1!
1E
#232060000
0!
0E
#232070000
1!
1E
#232080000
0!
0E
#232090000
1!
1E
#232100000
0!
0E
#232110000
1!
1E
#232120000
0!
0E
#232130000
1!
1E
#232140000
0!
0E
#232150000
1!
1E
#232160000
0!
0E
#232170000
1!
1E
#232180000
0!
0E
#232190000
1!
1E
#232200000
0!
0E
#232210000
1!
1E
#232220000
0!
0E
#232230000
1!
1E
#232240000
0!
0E
#232250000
1!
1E
#232260000
0!
0E
#232270000
1!
1E
#232280000
0!
0E
#232290000
1!
1E
#232300000
0!
0E
#232310000
1!
1E
#232320000
0!
0E
#232330000
1!
1E
#232340000
0!
0E
#232350000
1!
1E
#232360000
0!
0E
#232370000
1!
1E
#232380000
0!
0E
#232390000
1!
1E
#232400000
0!
0E
#232410000
1!
1E
#232420000
0!
0E
#232430000
1!
1E
#232440000
0!
0E
#232450000
1!
1E
#232460000
0!
0E
#232470000
1!
1E
#232480000
0!
0E
#232490000
1!
1E
#232500000
0!
0E
#232510000
1!
1E
#232520000
0!
0E
#232530000
1!
1E
#232540000
0!
0E
#232550000
1!
1E
#232560000
0!
0E
#232570000
1!
1E
#232580000
0!
0E
#232590000
1!
1E
#232600000
0!
0E
#232610000
1!
1E
#232620000
0!
0E
#232630000
1!
1E
#232640000
0!
0E
#232650000
1!
1E
#232660000
0!
0E
#232670000
1!
1E
#232680000
0!
0E
#232690000
1!
1E
#232700000
0!
0E
#232710000
1!
1E
#232720000
0!
0E
#232730000
1!
1E
#232740000
0!
0E
#232750000
1!
1E
#232760000
0!
0E
#232770000
1!
1E
#232780000
0!
0E
#232790000
1!
1E
#232800000
0!
0E
#232810000
1!
1E
#232820000
0!
0E
#232830000
1!
1E
#232840000
0!
0E
#232850000
1!
1E
#232860000
0!
0E
#232870000
1!
1E
#232880000
0!
0E
#232890000
1!
1E
#232900000
1#
0!
1G
0E
#232910000
1!
1E
1`
#232920000
0!
0E
#232930000
1!
1E
1f
1d
#232940000
0!
0E
#232950000
1!
1E
0d
b1 r
b11011100 i
0o
1l
0k
#232960000
0!
0E
#232970000
1!
1E
#232980000
0!
0E
#232990000
1!
1E
#233000000
0!
0E
#233010000
1!
1E
#233020000
0!
0E
#233030000
1!
1E
#233040000
0!
0E
#233050000
1!
1E
#233060000
0!
0E
#233070000
1!
1E
#233080000
0!
0E
#233090000
1!
1E
#233100000
0!
0E
#233110000
1!
1E
#233120000
0!
0E
#233130000
1!
1E
#233140000
0!
0E
#233150000
1!
1E
#233160000
0!
0E
#233170000
1!
1E
#233180000
0!
0E
#233190000
1!
1E
#233200000
0!
0E
#233210000
1!
1E
#233220000
0!
0E
#233230000
1!
1E
#233240000
0!
0E
#233250000
1!
1E
#233260000
0!
0E
#233270000
1!
1E
#233280000
0!
0E
#233290000
1!
1E
#233300000
0!
0E
#233310000
1!
1E
#233320000
0!
0E
#233330000
1!
1E
#233340000
0!
0E
#233350000
1!
1E
#233360000
0!
0E
#233370000
1!
1E
#233380000
0!
0E
#233390000
1!
1E
#233400000
0!
0E
#233410000
1!
1E
#233420000
0!
0E
#233430000
1!
1E
#233440000
0!
0E
#233450000
1!
1E
#233460000
0!
0E
#233470000
1!
1E
#233480000
0!
0E
#233490000
1!
1E
#233500000
0!
0E
#233510000
1!
1E
#233520000
0!
0E
#233530000
1!
1E
#233540000
0!
0E
#233550000
1!
1E
#233560000
0!
0E
#233570000
1!
1E
#233580000
0!
0E
#233590000
1!
1E
#233600000
0!
0E
#233610000
1!
1E
#233620000
0!
0E
#233630000
1!
1E
#233640000
0!
0E
#233650000
1!
1E
#233660000
0!
0E
#233670000
1!
1E
#233680000
0!
0E
#233690000
1!
1E
#233700000
0!
0E
#233710000
1!
1E
#233720000
0!
0E
#233730000
1!
1E
#233740000
0!
0E
#233750000
1!
1E
#233760000
0!
0E
#233770000
1!
1E
#233780000
0!
0E
#233790000
1!
1E
#233800000
0!
0E
#233810000
1!
1E
#233820000
0!
0E
#233830000
1!
1E
#233840000
0!
0E
#233850000
1!
1E
#233860000
0!
0E
#233870000
1!
1E
#233880000
0!
0E
#233890000
1!
1E
#233900000
1=
0!
1$
0E
#233910000
1!
1E
1_
1q
#233920000
0!
0E
#233930000
1!
1E
1e
1b
b1011 h
#233940000
0!
0E
#233950000
1!
1E
0b
b1011 g
#233960000
0!
0E
#233970000
1!
1E
b0 r
#233980000
0!
0E
#233990000
1!
1E
#234000000
0!
0E
#234010000
1!
1E
#234020000
0!
0E
#234030000
1!
1E
#234040000
0!
0E
#234050000
1!
1E
#234060000
0!
0E
#234070000
1!
1E
#234080000
0!
0E
#234090000
1!
1E
#234100000
0!
0E
#234110000
1!
1E
#234120000
0!
0E
#234130000
1!
1E
#234140000
0!
0E
#234150000
1!
1E
#234160000
0!
0E
#234170000
1!
1E
#234180000
0!
0E
#234190000
1!
1E
#234200000
0!
0E
#234210000
1!
1E
#234220000
0!
0E
#234230000
1!
1E
#234240000
0!
0E
#234250000
1!
1E
#234260000
0!
0E
#234270000
1!
1E
#234280000
0!
0E
#234290000
1!
1E
#234300000
0!
0E
#234310000
1!
1E
#234320000
0!
0E
#234330000
1!
1E
#234340000
0!
0E
#234350000
1!
1E
#234360000
0!
0E
#234370000
1!
1E
#234380000
0!
0E
#234390000
1!
1E
#234400000
0!
0E
#234410000
1!
1E
#234420000
0!
0E
#234430000
1!
1E
#234440000
0!
0E
#234450000
1!
1E
#234460000
0!
0E
#234470000
1!
1E
#234480000
0!
0E
#234490000
1!
1E
#234500000
0!
0E
#234510000
1!
1E
#234520000
0!
0E
#234530000
1!
1E
#234540000
0!
0E
#234550000
1!
1E
#234560000
0!
0E
#234570000
1!
1E
#234580000
0!
0E
#234590000
1!
1E
#234600000
0!
0E
#234610000
1!
1E
#234620000
0!
0E
#234630000
1!
1E
#234640000
0!
0E
#234650000
1!
1E
#234660000
0!
0E
#234670000
1!
1E
#234680000
0!
0E
#234690000
1!
1E
#234700000
0!
0E
#234710000
1!
1E
#234720000
0!
0E
#234730000
1!
1E
#234740000
0!
0E
#234750000
1!
1E
#234760000
0!
0E
#234770000
1!
1E
#234780000
0!
0E
#234790000
1!
1E
#234800000
0!
0E
#234810000
1!
1E
#234820000
0!
0E
#234830000
1!
1E
#234840000
0!
0E
#234850000
1!
1E
#234860000
0!
0E
#234870000
1!
1E
#234880000
0!
0E
#234890000
1!
1E
#234900000
0!
0E
#234910000
1!
1E
#234920000
0!
0E
#234930000
1!
1E
#234940000
0!
0E
#234950000
1!
1E
#234960000
0!
0E
#234970000
1!
1E
#234980000
0!
0E
#234990000
1!
1E
#235000000
0!
0E
#235010000
1!
1E
#235020000
0!
0E
#235030000
1!
1E
#235040000
0!
0E
#235050000
1!
1E
#235060000
0!
0E
#235070000
1!
1E
#235080000
0!
0E
#235090000
1!
1E
#235100000
0!
0E
#235110000
1!
1E
#235120000
0!
0E
#235130000
1!
1E
#235140000
0!
0E
#235150000
1!
1E
#235160000
0!
0E
#235170000
1!
1E
#235180000
0!
0E
#235190000
1!
1E
#235200000
0!
0E
#235210000
1!
1E
#235220000
0!
0E
#235230000
1!
1E
#235240000
0!
0E
#235250000
1!
1E
#235260000
0!
0E
#235270000
1!
1E
#235280000
0!
0E
#235290000
1!
1E
#235300000
0!
0E
#235310000
1!
1E
#235320000
0!
0E
#235330000
1!
1E
#235340000
0!
0E
#235350000
1!
1E
#235360000
0!
0E
#235370000
1!
1E
#235380000
0!
0E
#235390000
1!
1E
#235400000
0!
0E
#235410000
1!
1E
#235420000
0!
0E
#235430000
1!
1E
#235440000
0!
0E
#235450000
1!
1E
#235460000
0!
0E
#235470000
1!
1E
#235480000
0!
0E
#235490000
1!
1E
#235500000
0!
0E
#235510000
1!
1E
#235520000
0!
0E
#235530000
1!
1E
#235540000
0!
0E
#235550000
1!
1E
#235560000
0!
0E
#235570000
1!
1E
#235580000
0!
0E
#235590000
1!
1E
#235600000
0!
0E
#235610000
1!
1E
#235620000
0!
0E
#235630000
1!
1E
#235640000
0!
0E
#235650000
1!
1E
#235660000
0!
0E
#235670000
1!
1E
#235680000
0!
0E
#235690000
1!
1E
#235700000
0!
0E
#235710000
1!
1E
#235720000
0!
0E
#235730000
1!
1E
#235740000
0!
0E
#235750000
1!
1E
#235760000
0!
0E
#235770000
1!
1E
#235780000
0!
0E
#235790000
1!
1E
#235800000
0!
0E
#235810000
1!
1E
#235820000
0!
0E
#235830000
1!
1E
#235840000
0!
0E
#235850000
1!
1E
#235860000
0!
0E
#235870000
1!
1E
#235880000
0!
0E
#235890000
1!
1E
#235900000
0!
0E
#235910000
1!
1E
#235920000
0!
0E
#235930000
1!
1E
#235940000
0!
0E
#235950000
1!
1E
#235960000
0!
0E
#235970000
1!
1E
#235980000
0!
0E
#235990000
1!
1E
#236000000
0!
0E
#236010000
1!
1E
#236020000
0!
0E
#236030000
1!
1E
#236040000
0!
0E
#236050000
1!
1E
#236060000
0!
0E
#236070000
1!
1E
#236080000
0!
0E
#236090000
1!
1E
#236100000
0!
0E
#236110000
1!
1E
#236120000
0!
0E
#236130000
1!
1E
#236140000
0!
0E
#236150000
1!
1E
#236160000
0!
0E
#236170000
1!
1E
#236180000
0!
0E
#236190000
1!
1E
#236200000
0!
0E
#236210000
1!
1E
#236220000
0!
0E
#236230000
1!
1E
#236240000
0!
0E
#236250000
1!
1E
#236260000
0!
0E
#236270000
1!
1E
#236280000
0!
0E
#236290000
1!
1E
#236300000
0!
0E
#236310000
1!
1E
#236320000
0!
0E
#236330000
1!
1E
#236340000
0!
0E
#236350000
1!
1E
#236360000
0!
0E
#236370000
1!
1E
#236380000
0!
0E
#236390000
1!
1E
#236400000
0!
0E
#236410000
1!
1E
#236420000
0!
0E
#236430000
1!
1E
#236440000
0!
0E
#236450000
1!
1E
#236460000
0!
0E
#236470000
1!
1E
#236480000
0!
0E
#236490000
1!
1E
#236500000
0!
0E
#236510000
1!
1E
#236520000
0!
0E
#236530000
1!
1E
#236540000
0!
0E
#236550000
1!
1E
#236560000
0!
0E
#236570000
1!
1E
#236580000
0!
0E
#236590000
1!
1E
#236600000
0!
0E
#236610000
1!
1E
#236620000
0!
0E
#236630000
1!
1E
#236640000
0!
0E
#236650000
1!
1E
#236660000
0!
0E
#236670000
1!
1E
#236680000
0!
0E
#236690000
1!
1E
#236700000
0!
0E
#236710000
1!
1E
#236720000
0!
0E
#236730000
1!
1E
#236740000
0!
0E
#236750000
1!
1E
#236760000
0!
0E
#236770000
1!
1E
#236780000
0!
0E
#236790000
1!
1E
#236800000
0!
0E
#236810000
1!
1E
#236820000
0!
0E
#236830000
1!
1E
#236840000
0!
0E
#236850000
1!
1E
#236860000
0!
0E
#236870000
1!
1E
#236880000
0!
0E
#236890000
1!
1E
#236900000
0!
0E
#236910000
1!
1E
#236920000
0!
0E
#236930000
1!
1E
#236940000
0!
0E
#236950000
1!
1E
#236960000
0!
0E
#236970000
1!
1E
#236980000
0!
0E
#236990000
1!
1E
#237000000
0!
0E
#237010000
1!
1E
#237020000
0!
0E
#237030000
1!
1E
#237040000
0!
0E
#237050000
1!
1E
#237060000
0!
0E
#237070000
1!
1E
#237080000
0!
0E
#237090000
1!
1E
#237100000
0!
0E
#237110000
1!
1E
#237120000
0!
0E
#237130000
1!
1E
#237140000
0!
0E
#237150000
1!
1E
#237160000
0!
0E
#237170000
1!
1E
#237180000
0!
0E
#237190000
1!
1E
#237200000
0!
0E
#237210000
1!
1E
#237220000
0!
0E
#237230000
1!
1E
#237240000
0!
0E
#237250000
1!
1E
#237260000
0!
0E
#237270000
1!
1E
#237280000
0!
0E
#237290000
1!
1E
#237300000
0!
0E
#237310000
1!
1E
#237320000
0!
0E
#237330000
1!
1E
#237340000
0!
0E
#237350000
1!
1E
#237360000
0!
0E
#237370000
1!
1E
#237380000
0!
0E
#237390000
1!
1E
#237400000
0!
0E
#237410000
1!
1E
#237420000
0!
0E
#237430000
1!
1E
#237440000
0!
0E
#237450000
1!
1E
#237460000
0!
0E
#237470000
1!
1E
#237480000
0!
0E
#237490000
1!
1E
#237500000
0!
0E
#237510000
1!
1E
#237520000
0!
0E
#237530000
1!
1E
#237540000
0!
0E
#237550000
1!
1E
#237560000
0!
0E
#237570000
1!
1E
#237580000
0!
0E
#237590000
1!
1E
#237600000
0!
0E
#237610000
1!
1E
#237620000
0!
0E
#237630000
1!
1E
#237640000
0!
0E
#237650000
1!
1E
#237660000
0!
0E
#237670000
1!
1E
#237680000
0!
0E
#237690000
1!
1E
#237700000
0!
0E
#237710000
1!
1E
#237720000
0!
0E
#237730000
1!
1E
#237740000
0!
0E
#237750000
1!
1E
#237760000
0!
0E
#237770000
1!
1E
#237780000
0!
0E
#237790000
1!
1E
#237800000
0!
0E
#237810000
1!
1E
#237820000
0!
0E
#237830000
1!
1E
#237840000
0!
0E
#237850000
1!
1E
#237860000
0!
0E
#237870000
1!
1E
#237880000
0!
0E
#237890000
1!
1E
#237900000
0!
0E
#237910000
1!
1E
#237920000
0!
0E
#237930000
1!
1E
#237940000
0!
0E
#237950000
1!
1E
#237960000
0!
0E
#237970000
1!
1E
#237980000
0!
0E
#237990000
1!
1E
#238000000
0!
0E
#238010000
1!
1E
#238020000
0!
0E
#238030000
1!
1E
#238040000
0!
0E
#238050000
1!
1E
#238060000
0!
0E
#238070000
1!
1E
#238080000
0!
0E
#238090000
1!
1E
#238100000
0!
0E
#238110000
1!
1E
#238120000
0!
0E
#238130000
1!
1E
#238140000
0!
0E
#238150000
1!
1E
#238160000
0!
0E
#238170000
1!
1E
#238180000
0!
0E
#238190000
1!
1E
#238200000
0!
0E
#238210000
1!
1E
#238220000
0!
0E
#238230000
1!
1E
#238240000
0!
0E
#238250000
1!
1E
#238260000
0!
0E
#238270000
1!
1E
#238280000
0!
0E
#238290000
1!
1E
#238300000
0!
0E
#238310000
1!
1E
#238320000
0!
0E
#238330000
1!
1E
#238340000
0!
0E
#238350000
1!
1E
#238360000
0!
0E
#238370000
1!
1E
#238380000
0!
0E
#238390000
1!
1E
#238400000
0!
0E
#238410000
1!
1E
#238420000
0!
0E
#238430000
1!
1E
#238440000
0!
0E
#238450000
1!
1E
#238460000
0!
0E
#238470000
1!
1E
#238480000
0!
0E
#238490000
1!
1E
#238500000
0!
0E
#238510000
1!
1E
#238520000
0!
0E
#238530000
1!
1E
#238540000
0!
0E
#238550000
1!
1E
#238560000
0!
0E
#238570000
1!
1E
#238580000
0!
0E
#238590000
1!
1E
#238600000
0!
0E
#238610000
1!
1E
#238620000
0!
0E
#238630000
1!
1E
#238640000
0!
0E
#238650000
1!
1E
#238660000
0!
0E
#238670000
1!
1E
#238680000
0!
0E
#238690000
1!
1E
#238700000
0!
0E
#238710000
1!
1E
#238720000
0!
0E
#238730000
1!
1E
#238740000
0!
0E
#238750000
1!
1E
#238760000
0!
0E
#238770000
1!
1E
#238780000
0!
0E
#238790000
1!
1E
#238800000
0!
0E
#238810000
1!
1E
#238820000
0!
0E
#238830000
1!
1E
#238840000
0!
0E
#238850000
1!
1E
#238860000
0!
0E
#238870000
1!
1E
#238880000
0!
0E
#238890000
1!
1E
#238900000
0!
0E
#238910000
1!
1E
#238920000
0!
0E
#238930000
1!
1E
#238940000
0!
0E
#238950000
1!
1E
#238960000
0!
0E
#238970000
1!
1E
#238980000
0!
0E
#238990000
1!
1E
#239000000
0!
0E
#239010000
1!
1E
#239020000
0!
0E
#239030000
1!
1E
#239040000
0!
0E
#239050000
1!
1E
#239060000
0!
0E
#239070000
1!
1E
#239080000
0!
0E
#239090000
1!
1E
#239100000
0!
0E
#239110000
1!
1E
#239120000
0!
0E
#239130000
1!
1E
#239140000
0!
0E
#239150000
1!
1E
#239160000
0!
0E
#239170000
1!
1E
#239180000
0!
0E
#239190000
1!
1E
#239200000
0!
0E
#239210000
1!
1E
#239220000
0!
0E
#239230000
1!
1E
#239240000
0!
0E
#239250000
1!
1E
#239260000
0!
0E
#239270000
1!
1E
#239280000
0!
0E
#239290000
1!
1E
#239300000
0!
0E
#239310000
1!
1E
#239320000
0!
0E
#239330000
1!
1E
#239340000
0!
0E
#239350000
1!
1E
#239360000
0!
0E
#239370000
1!
1E
#239380000
0!
0E
#239390000
1!
1E
#239400000
0!
0E
#239410000
1!
1E
#239420000
0!
0E
#239430000
1!
1E
#239440000
0!
0E
#239450000
1!
1E
#239460000
0!
0E
#239470000
1!
1E
#239480000
0!
0E
#239490000
1!
1E
#239500000
0!
0E
#239510000
1!
1E
#239520000
0!
0E
#239530000
1!
1E
#239540000
0!
0E
#239550000
1!
1E
#239560000
0!
0E
#239570000
1!
1E
#239580000
0!
0E
#239590000
1!
1E
#239600000
0!
0E
#239610000
1!
1E
#239620000
0!
0E
#239630000
1!
1E
#239640000
0!
0E
#239650000
1!
1E
#239660000
0!
0E
#239670000
1!
1E
#239680000
0!
0E
#239690000
1!
1E
#239700000
0!
0E
#239710000
1!
1E
#239720000
0!
0E
#239730000
1!
1E
#239740000
0!
0E
#239750000
1!
1E
#239760000
0!
0E
#239770000
1!
1E
#239780000
0!
0E
#239790000
1!
1E
#239800000
0!
0E
#239810000
1!
1E
#239820000
0!
0E
#239830000
1!
1E
#239840000
0!
0E
#239850000
1!
1E
#239860000
0!
0E
#239870000
1!
1E
#239880000
0!
0E
#239890000
1!
1E
#239900000
b10000011 :
b10000100 :
0!
0E
#239910000
1!
1E
#239920000
0!
0E
#239930000
1!
1E
#239940000
0!
0E
#239950000
1!
1E
#239960000
0!
0E
#239970000
1!
1E
#239980000
0!
0E
#239990000
1!
1E
#240000000
0!
0E
#240010000
1!
1E
#240020000
0!
0E
#240030000
1!
1E
#240040000
0!
0E
#240050000
1!
1E
#240060000
0!
0E
#240070000
1!
1E
#240080000
0!
0E
#240090000
1!
1E
#240100000
0!
0E
#240110000
1!
1E
#240120000
0!
0E
#240130000
1!
1E
#240140000
0!
0E
#240150000
1!
1E
#240160000
0!
0E
#240170000
1!
1E
#240180000
0!
0E
#240190000
1!
1E
#240200000
0!
0E
#240210000
1!
1E
#240220000
0!
0E
#240230000
1!
1E
#240240000
0!
0E
#240250000
1!
1E
#240260000
0!
0E
#240270000
1!
1E
#240280000
0!
0E
#240290000
1!
1E
#240300000
0!
0E
#240310000
1!
1E
#240320000
0!
0E
#240330000
1!
1E
#240340000
0!
0E
#240350000
1!
1E
#240360000
0!
0E
#240370000
1!
1E
#240380000
0!
0E
#240390000
1!
1E
#240400000
0!
0E
#240410000
1!
1E
#240420000
0!
0E
#240430000
1!
1E
#240440000
0!
0E
#240450000
1!
1E
#240460000
0!
0E
#240470000
1!
1E
#240480000
0!
0E
#240490000
1!
1E
#240500000
0!
0E
#240510000
1!
1E
#240520000
0!
0E
#240530000
1!
1E
#240540000
0!
0E
#240550000
1!
1E
#240560000
0!
0E
#240570000
1!
1E
#240580000
0!
0E
#240590000
1!
1E
#240600000
0!
0E
#240610000
1!
1E
#240620000
0!
0E
#240630000
1!
1E
#240640000
0!
0E
#240650000
1!
1E
#240660000
0!
0E
#240670000
1!
1E
#240680000
0!
0E
#240690000
1!
1E
#240700000
0!
0E
#240710000
1!
1E
#240720000
0!
0E
#240730000
1!
1E
#240740000
0!
0E
#240750000
1!
1E
#240760000
0!
0E
#240770000
1!
1E
#240780000
0!
0E
#240790000
1!
1E
#240800000
0!
0E
#240810000
1!
1E
#240820000
0!
0E
#240830000
1!
1E
#240840000
0!
0E
#240850000
1!
1E
#240860000
0!
0E
#240870000
1!
1E
#240880000
0!
0E
#240890000
1!
1E
#240900000
0!
0E
#240910000
1!
1E
#240920000
0!
0E
#240930000
1!
1E
#240940000
0!
0E
#240950000
1!
1E
#240960000
0!
0E
#240970000
1!
1E
#240980000
0!
0E
#240990000
1!
1E
#241000000
b10000011 <
b110000 %
b11000011 &
1'
0!
0U
0T
0S
0R
1Q
1P
0O
0N
0M
0L
0I
1X
0E
#241010000
1!
1E
1Z
10
#241020000
0!
0E
#241030000
1!
1E
0Z
1Z
#241040000
0!
0E
#241050000
1!
1E
0Z
1Z
#241060000
0!
0E
#241070000
1!
1E
0Z
1Z
#241080000
0!
0E
#241090000
1!
1E
0Z
1Z
#241100000
0'
0!
0X
0E
#241110000
1!
1E
0Z
00
#241120000
0!
0E
#241130000
1!
1E
#241140000
0!
0E
#241150000
1!
1E
#241160000
0!
0E
#241170000
1!
1E
#241180000
0!
0E
#241190000
1!
1E
#241200000
0!
0E
#241210000
1!
1E
#241220000
0!
0E
#241230000
1!
1E
#241240000
0!
0E
#241250000
1!
1E
#241260000
0!
0E
#241270000
1!
1E
#241280000
0!
0E
#241290000
1!
1E
#241300000
0!
0E
#241310000
1!
1E
#241320000
0!
0E
#241330000
1!
1E
#241340000
0!
0E
#241350000
1!
1E
#241360000
0!
0E
#241370000
1!
1E
#241380000
0!
0E
#241390000
1!
1E
#241400000
0!
0E
#241410000
1!
1E
#241420000
0!
0E
#241430000
1!
1E
#241440000
0!
0E
#241450000
1!
1E
#241460000
0!
0E
#241470000
1!
1E
#241480000
0!
0E
#241490000
1!
1E
#241500000
0!
0E
#241510000
1!
1E
#241520000
0!
0E
#241530000
1!
1E
#241540000
0!
0E
#241550000
1!
1E
#241560000
0!
0E
#241570000
1!
1E
#241580000
0!
0E
#241590000
1!
1E
#241600000
0!
0E
#241610000
1!
1E
#241620000
0!
0E
#241630000
1!
1E
#241640000
0!
0E
#241650000
1!
1E
#241660000
0!
0E
#241670000
1!
1E
#241680000
0!
0E
#241690000
1!
1E
#241700000
0!
0E
#241710000
1!
1E
#241720000
0!
0E
#241730000
1!
1E
#241740000
0!
0E
#241750000
1!
1E
#241760000
0!
0E
#241770000
1!
1E
#241780000
0!
0E
#241790000
1!
1E
#241800000
0!
0E
#241810000
1!
1E
#241820000
0!
0E
#241830000
1!
1E
#241840000
0!
0E
#241850000
1!
1E
#241860000
0!
0E
#241870000
1!
1E
#241880000
0!
0E
#241890000
1!
1E
#241900000
0!
0E
#241910000
1!
1E
#241920000
0!
0E
#241930000
1!
1E
#241940000
0!
0E
#241950000
1!
1E
#241960000
0!
0E
#241970000
1!
1E
#241980000
0!
0E
#241990000
1!
1E
#242000000
0!
0E
#242010000
1!
1E
#242020000
0!
0E
#242030000
1!
1E
#242040000
0!
0E
#242050000
1!
1E
#242060000
0!
0E
#242070000
1!
1E
#242080000
0!
0E
#242090000
1!
1E
#242100000
0!
0E
#242110000
1!
1E
#242120000
0!
0E
#242130000
1!
1E
#242140000
0!
0E
#242150000
1!
1E
#242160000
0!
0E
#242170000
1!
1E
#242180000
0!
0E
#242190000
1!
1E
#242200000
0!
0E
#242210000
1!
1E
#242220000
0!
0E
#242230000
1!
1E
#242240000
0!
0E
#242250000
1!
1E
#242260000
0!
0E
#242270000
1!
1E
#242280000
0!
0E
#242290000
1!
1E
#242300000
0!
0E
#242310000
1!
1E
#242320000
0!
0E
#242330000
1!
1E
#242340000
0!
0E
#242350000
1!
1E
#242360000
0!
0E
#242370000
1!
1E
#242380000
0!
0E
#242390000
1!
1E
#242400000
0!
0E
#242410000
1!
1E
#242420000
0!
0E
#242430000
1!
1E
#242440000
0!
0E
#242450000
1!
1E
#242460000
0!
0E
#242470000
1!
1E
#242480000
0!
0E
#242490000
1!
1E
#242500000
0!
0E
#242510000
1!
1E
#242520000
0!
0E
#242530000
1!
1E
#242540000
0!
0E
#242550000
1!
1E
#242560000
0!
0E
#242570000
1!
1E
#242580000
0!
0E
#242590000
1!
1E
#242600000
0!
0E
#242610000
1!
1E
#242620000
0!
0E
#242630000
1!
1E
#242640000
0!
0E
#242650000
1!
1E
#242660000
0!
0E
#242670000
1!
1E
#242680000
0!
0E
#242690000
1!
1E
#242700000
0!
0E
#242710000
1!
1E
#242720000
0!
0E
#242730000
1!
1E
#242740000
0!
0E
#242750000
1!
1E
#242760000
0!
0E
#242770000
1!
1E
#242780000
0!
0E
#242790000
1!
1E
#242800000
0!
0E
#242810000
1!
1E
#242820000
0!
0E
#242830000
1!
1E
#242840000
0!
0E
#242850000
1!
1E
#242860000
0!
0E
#242870000
1!
1E
#242880000
0!
0E
#242890000
1!
1E
#242900000
0!
0E
#242910000
1!
1E
#242920000
0!
0E
#242930000
1!
1E
#242940000
0!
0E
#242950000
1!
1E
#242960000
0!
0E
#242970000
1!
1E
#242980000
0!
0E
#242990000
1!
1E
#243000000
0!
0E
#243010000
1!
1E
#243020000
0!
0E
#243030000
1!
1E
#243040000
0!
0E
#243050000
1!
1E
#243060000
0!
0E
#243070000
1!
1E
#243080000
0!
0E
#243090000
1!
1E
#243100000
0=
0!
0$
0E
#243110000
1!
1E
0_
0q
#243120000
0!
0E
#243130000
1!
1E
0e
1a
b1 h
#243140000
0!
0E
#243150000
1!
1E
0a
b1 g
#243160000
0!
0E
#243170000
1!
1E
#243180000
0!
0E
#243190000
1!
1E
#243200000
0!
0E
#243210000
1!
1E
#243220000
0!
0E
#243230000
1!
1E
#243240000
0!
0E
#243250000
1!
1E
#243260000
0!
0E
#243270000
1!
1E
#243280000
0!
0E
#243290000
1!
1E
#243300000
0!
0E
#243310000
1!
1E
#243320000
0!
0E
#243330000
1!
1E
#243340000
0!
0E
#243350000
1!
1E
#243360000
0!
0E
#243370000
1!
1E
#243380000
0!
0E
#243390000
1!
1E
#243400000
0!
0E
#243410000
1!
1E
#243420000
0!
0E
#243430000
1!
1E
#243440000
0!
0E
#243450000
1!
1E
#243460000
0!
0E
#243470000
1!
1E
#243480000
0!
0E
#243490000
1!
1E
#243500000
0!
0E
#243510000
1!
1E
#243520000
0!
0E
#243530000
1!
1E
#243540000
0!
0E
#243550000
1!
1E
#243560000
0!
0E
#243570000
1!
1E
#243580000
0!
0E
#243590000
1!
1E
#243600000
0!
0E
#243610000
1!
1E
#243620000
0!
0E
#243630000
1!
1E
#243640000
0!
0E
#243650000
1!
1E
#243660000
0!
0E
#243670000
1!
1E
#243680000
0!
0E
#243690000
1!
1E
#243700000
0!
0E
#243710000
1!
1E
#243720000
0!
0E
#243730000
1!
1E
#243740000
0!
0E
#243750000
1!
1E
#243760000
0!
0E
#243770000
1!
1E
#243780000
0!
0E
#243790000
1!
1E
#243800000
0!
0E
#243810000
1!
1E
#243820000
0!
0E
#243830000
1!
1E
#243840000
0!
0E
#243850000
1!
1E
#243860000
0!
0E
#243870000
1!
1E
#243880000
0!
0E
#243890000
1!
1E
#243900000
0!
0E
#243910000
1!
1E
#243920000
0!
0E
#243930000
1!
1E
#243940000
0!
0E
#243950000
1!
1E
#243960000
0!
0E
#243970000
1!
1E
#243980000
0!
0E
#243990000
1!
1E
#244000000
0!
0E
#244010000
1!
1E
#244020000
0!
0E
#244030000
1!
1E
#244040000
0!
0E
#244050000
1!
1E
#244060000
0!
0E
#244070000
1!
1E
#244080000
0!
0E
#244090000
1!
1E
#244100000
0#
0!
0G
0E
#244110000
1!
1E
0`
#244120000
0!
0E
#244130000
1!
1E
0f
1c
b10 h
#244140000
0!
0E
#244150000
1!
1E
0c
b10 g
#244160000
0!
0E
#244170000
1!
1E
#244180000
0!
0E
#244190000
1!
1E
#244200000
0!
0E
#244210000
1!
1E
#244220000
0!
0E
#244230000
1!
1E
#244240000
0!
0E
#244250000
1!
1E
#244260000
0!
0E
#244270000
1!
1E
#244280000
0!
0E
#244290000
1!
1E
#244300000
0!
0E
#244310000
1!
1E
#244320000
0!
0E
#244330000
1!
1E
#244340000
0!
0E
#244350000
1!
1E
#244360000
0!
0E
#244370000
1!
1E
#244380000
0!
0E
#244390000
1!
1E
#244400000
0!
0E
#244410000
1!
1E
#244420000
0!
0E
#244430000
1!
1E
#244440000
0!
0E
#244450000
1!
1E
#244460000
0!
0E
#244470000
1!
1E
#244480000
0!
0E
#244490000
1!
1E
#244500000
0!
0E
#244510000
1!
1E
#244520000
0!
0E
#244530000
1!
1E
#244540000
0!
0E
#244550000
1!
1E
#244560000
0!
0E
#244570000
1!
1E
#244580000
0!
0E
#244590000
1!
1E
#244600000
0!
0E
#244610000
1!
1E
#244620000
0!
0E
#244630000
1!
1E
#244640000
0!
0E
#244650000
1!
1E
#244660000
0!
0E
#244670000
1!
1E
#244680000
0!
0E
#244690000
1!
1E
#244700000
0!
0E
#244710000
1!
1E
#244720000
0!
0E
#244730000
1!
1E
#244740000
0!
0E
#244750000
1!
1E
#244760000
0!
0E
#244770000
1!
1E
#244780000
0!
0E
#244790000
1!
1E
#244800000
0!
0E
#244810000
1!
1E
#244820000
0!
0E
#244830000
1!
1E
#244840000
0!
0E
#244850000
1!
1E
#244860000
0!
0E
#244870000
1!
1E
#244880000
0!
0E
#244890000
1!
1E
#244900000
0!
0E
#244910000
1!
1E
#244920000
0!
0E
#244930000
1!
1E
#244940000
0!
0E
#244950000
1!
1E
#244960000
0!
0E
#244970000
1!
1E
#244980000
0!
0E
#244990000
1!
1E
#245000000
0!
0E
#245010000
1!
1E
#245020000
0!
0E
#245030000
1!
1E
#245040000
0!
0E
#245050000
1!
1E
#245060000
0!
0E
#245070000
1!
1E
#245080000
0!
0E
#245090000
1!
1E
#245100000
b10100000 ?
b111 A
1=
0!
1$
0E
#245110000
1!
1E
1_
1q
#245120000
0!
0E
#245130000
1!
1E
1e
1b
#245140000
0!
0E
#245150000
1!
1E
0b
#245160000
0!
0E
#245170000
1!
1E
#245180000
0!
0E
#245190000
1!
1E
#245200000
0!
0E
#245210000
1!
1E
#245220000
0!
0E
#245230000
1!
1E
#245240000
0!
0E
#245250000
1!
1E
#245260000
0!
0E
#245270000
1!
1E
#245280000
0!
0E
#245290000
1!
1E
#245300000
0!
0E
#245310000
1!
1E
#245320000
0!
0E
#245330000
1!
1E
#245340000
0!
0E
#245350000
1!
1E
#245360000
0!
0E
#245370000
1!
1E
#245380000
0!
0E
#245390000
1!
1E
#245400000
0!
0E
#245410000
1!
1E
#245420000
0!
0E
#245430000
1!
1E
#245440000
0!
0E
#245450000
1!
1E
#245460000
0!
0E
#245470000
1!
1E
#245480000
0!
0E
#245490000
1!
1E
#245500000
0!
0E
#245510000
1!
1E
#245520000
0!
0E
#245530000
1!
1E
#245540000
0!
0E
#245550000
1!
1E
#245560000
0!
0E
#245570000
1!
1E
#245580000
0!
0E
#245590000
1!
1E
#245600000
1#
0!
1G
0E
#245610000
1!
1E
1`
#245620000
0!
0E
#245630000
1!
1E
1f
1d
#245640000
0!
0E
#245650000
1!
1E
0d
b1 r
b10111001 i
1p
0n
1k
0j
#245660000
0!
0E
#245670000
1!
1E
#245680000
0!
0E
#245690000
1!
1E
#245700000
0!
0E
#245710000
1!
1E
#245720000
0!
0E
#245730000
1!
1E
#245740000
0!
0E
#245750000
1!
1E
#245760000
0!
0E
#245770000
1!
1E
#245780000
0!
0E
#245790000
1!
1E
#245800000
0!
0E
#245810000
1!
1E
#245820000
0!
0E
#245830000
1!
1E
#245840000
0!
0E
#245850000
1!
1E
#245860000
0!
0E
#245870000
1!
1E
#245880000
0!
0E
#245890000
1!
1E
#245900000
0!
0E
#245910000
1!
1E
#245920000
0!
0E
#245930000
1!
1E
#245940000
0!
0E
#245950000
1!
1E
#245960000
0!
0E
#245970000
1!
1E
#245980000
0!
0E
#245990000
1!
1E
#246000000
0!
0E
#246010000
1!
1E
#246020000
0!
0E
#246030000
1!
1E
#246040000
0!
0E
#246050000
1!
1E
#246060000
0!
0E
#246070000
1!
1E
#246080000
0!
0E
#246090000
1!
1E
#246100000
0!
0E
#246110000
1!
1E
#246120000
0!
0E
#246130000
1!
1E
#246140000
0!
0E
#246150000
1!
1E
#246160000
0!
0E
#246170000
1!
1E
#246180000
0!
0E
#246190000
1!
1E
#246200000
0!
0E
#246210000
1!
1E
#246220000
0!
0E
#246230000
1!
1E
#246240000
0!
0E
#246250000
1!
1E
#246260000
0!
0E
#246270000
1!
1E
#246280000
0!
0E
#246290000
1!
1E
#246300000
0!
0E
#246310000
1!
1E
#246320000
0!
0E
#246330000
1!
1E
#246340000
0!
0E
#246350000
1!
1E
#246360000
0!
0E
#246370000
1!
1E
#246380000
0!
0E
#246390000
1!
1E
#246400000
0!
0E
#246410000
1!
1E
#246420000
0!
0E
#246430000
1!
1E
#246440000
0!
0E
#246450000
1!
1E
#246460000
0!
0E
#246470000
1!
1E
#246480000
0!
0E
#246490000
1!
1E
#246500000
0!
0E
#246510000
1!
1E
#246520000
0!
0E
#246530000
1!
1E
#246540000
0!
0E
#246550000
1!
1E
#246560000
0!
0E
#246570000
1!
1E
#246580000
0!
0E
#246590000
1!
1E
#246600000
0#
0!
0G
0E
#246610000
1!
1E
0`
#246620000
0!
0E
#246630000
1!
1E
0f
1c
#246640000
0!
0E
#246650000
1!
1E
0c
#246660000
0!
0E
#246670000
1!
1E
#246680000
0!
0E
#246690000
1!
1E
#246700000
0!
0E
#246710000
1!
1E
#246720000
0!
0E
#246730000
1!
1E
#246740000
0!
0E
#246750000
1!
1E
#246760000
0!
0E
#246770000
1!
1E
#246780000
0!
0E
#246790000
1!
1E
#246800000
0!
0E
#246810000
1!
1E
#246820000
0!
0E
#246830000
1!
1E
#246840000
0!
0E
#246850000
1!
1E
#246860000
0!
0E
#246870000
1!
1E
#246880000
0!
0E
#246890000
1!
1E
#246900000
0!
0E
#246910000
1!
1E
#246920000
0!
0E
#246930000
1!
1E
#246940000
0!
0E
#246950000
1!
1E
#246960000
0!
0E
#246970000
1!
1E
#246980000
0!
0E
#246990000
1!
1E
#247000000
0!
0E
#247010000
1!
1E
#247020000
0!
0E
#247030000
1!
1E
#247040000
0!
0E
#247050000
1!
1E
#247060000
0!
0E
#247070000
1!
1E
#247080000
0!
0E
#247090000
1!
1E
#247100000
b110 A
0=
0!
0$
0E
#247110000
1!
1E
0_
0q
#247120000
0!
0E
#247130000
1!
1E
0e
1a
#247140000
0!
0E
#247150000
1!
1E
0a
#247160000
0!
0E
#247170000
1!
1E
#247180000
0!
0E
#247190000
1!
1E
#247200000
0!
0E
#247210000
1!
1E
#247220000
0!
0E
#247230000
1!
1E
#247240000
0!
0E
#247250000
1!
1E
#247260000
0!
0E
#247270000
1!
1E
#247280000
0!
0E
#247290000
1!
1E
#247300000
0!
0E
#247310000
1!
1E
#247320000
0!
0E
#247330000
1!
1E
#247340000
0!
0E
#247350000
1!
1E
#247360000
0!
0E
#247370000
1!
1E
#247380000
0!
0E
#247390000
1!
1E
#247400000
0!
0E
#247410000
1!
1E
#247420000
0!
0E
#247430000
1!
1E
#247440000
0!
0E
#247450000
1!
1E
#247460000
0!
0E
#247470000
1!
1E
#247480000
0!
0E
#247490000
1!
1E
#247500000
0!
0E
#247510000
1!
1E
#247520000
0!
0E
#247530000
1!
1E
#247540000
0!
0E
#247550000
1!
1E
#247560000
0!
0E
#247570000
1!
1E
#247580000
0!
0E
#247590000
1!
1E
#247600000
1#
0!
1G
0E
#247610000
1!
1E
1`
#247620000
0!
0E
#247630000
1!
1E
1f
1d
#247640000
0!
0E
#247650000
1!
1E
0d
b10 r
b1110010 i
0p
1o
0m
1j
#247660000
0!
0E
#247670000
1!
1E
#247680000
0!
0E
#247690000
1!
1E
#247700000
0!
0E
#247710000
1!
1E
#247720000
0!
0E
#247730000
1!
1E
#247740000
0!
0E
#247750000
1!
1E
#247760000
0!
0E
#247770000
1!
1E
#247780000
0!
0E
#247790000
1!
1E
#247800000
0!
0E
#247810000
1!
1E
#247820000
0!
0E
#247830000
1!
1E
#247840000
0!
0E
#247850000
1!
1E
#247860000
0!
0E
#247870000
1!
1E
#247880000
0!
0E
#247890000
1!
1E
#247900000
0!
0E
#247910000
1!
1E
#247920000
0!
0E
#247930000
1!
1E
#247940000
0!
0E
#247950000
1!
1E
#247960000
0!
0E
#247970000
1!
1E
#247980000
0!
0E
#247990000
1!
1E
#248000000
0!
0E
#248010000
1!
1E
#248020000
0!
0E
#248030000
1!
1E
#248040000
0!
0E
#248050000
1!
1E
#248060000
0!
0E
#248070000
1!
1E
#248080000
0!
0E
#248090000
1!
1E
#248100000
0!
0E
#248110000
1!
1E
#248120000
0!
0E
#248130000
1!
1E
#248140000
0!
0E
#248150000
1!
1E
#248160000
0!
0E
#248170000
1!
1E
#248180000
0!
0E
#248190000
1!
1E
#248200000
0!
0E
#248210000
1!
1E
#248220000
0!
0E
#248230000
1!
1E
#248240000
0!
0E
#248250000
1!
1E
#248260000
0!
0E
#248270000
1!
1E
#248280000
0!
0E
#248290000
1!
1E
#248300000
0!
0E
#248310000
1!
1E
#248320000
0!
0E
#248330000
1!
1E
#248340000
0!
0E
#248350000
1!
1E
#248360000
0!
0E
#248370000
1!
1E
#248380000
0!
0E
#248390000
1!
1E
#248400000
0!
0E
#248410000
1!
1E
#248420000
0!
0E
#248430000
1!
1E
#248440000
0!
0E
#248450000
1!
1E
#248460000
0!
0E
#248470000
1!
1E
#248480000
0!
0E
#248490000
1!
1E
#248500000
0!
0E
#248510000
1!
1E
#248520000
0!
0E
#248530000
1!
1E
#248540000
0!
0E
#248550000
1!
1E
#248560000
0!
0E
#248570000
1!
1E
#248580000
0!
0E
#248590000
1!
1E
#248600000
0#
0!
0G
0E
#248610000
1!
1E
0`
#248620000
0!
0E
#248630000
1!
1E
0f
1c
#248640000
0!
0E
#248650000
1!
1E
0c
#248660000
0!
0E
#248670000
1!
1E
#248680000
0!
0E
#248690000
1!
1E
#248700000
0!
0E
#248710000
1!
1E
#248720000
0!
0E
#248730000
1!
1E
#248740000
0!
0E
#248750000
1!
1E
#248760000
0!
0E
#248770000
1!
1E
#248780000
0!
0E
#248790000
1!
1E
#248800000
0!
0E
#248810000
1!
1E
#248820000
0!
0E
#248830000
1!
1E
#248840000
0!
0E
#248850000
1!
1E
#248860000
0!
0E
#248870000
1!
1E
#248880000
0!
0E
#248890000
1!
1E
#248900000
0!
0E
#248910000
1!
1E
#248920000
0!
0E
#248930000
1!
1E
#248940000
0!
0E
#248950000
1!
1E
#248960000
0!
0E
#248970000
1!
1E
#248980000
0!
0E
#248990000
1!
1E
#249000000
0!
0E
#249010000
1!
1E
#249020000
0!
0E
#249030000
1!
1E
#249040000
0!
0E
#249050000
1!
1E
#249060000
0!
0E
#249070000
1!
1E
#249080000
0!
0E
#249090000
1!
1E
#249100000
b101 A
1=
0!
1$
0E
#249110000
1!
1E
1_
1q
#249120000
0!
0E
#249130000
1!
1E
1e
1b
#249140000
0!
0E
#249150000
1!
1E
0b
#249160000
0!
0E
#249170000
1!
1E
#249180000
0!
0E
#249190000
1!
1E
#249200000
0!
0E
#249210000
1!
1E
#249220000
0!
0E
#249230000
1!
1E
#249240000
0!
0E
#249250000
1!
1E
#249260000
0!
0E
#249270000
1!
1E
#249280000
0!
0E
#249290000
1!
1E
#249300000
0!
0E
#249310000
1!
1E
#249320000
0!
0E
#249330000
1!
1E
#249340000
0!
0E
#249350000
1!
1E
#249360000
0!
0E
#249370000
1!
1E
#249380000
0!
0E
#249390000
1!
1E
#249400000
0!
0E
#249410000
1!
1E
#249420000
0!
0E
#249430000
1!
1E
#249440000
0!
0E
#249450000
1!
1E
#249460000
0!
0E
#249470000
1!
1E
#249480000
0!
0E
#249490000
1!
1E
#249500000
0!
0E
#249510000
1!
1E
#249520000
0!
0E
#249530000
1!
1E
#249540000
0!
0E
#249550000
1!
1E
#249560000
0!
0E
#249570000
1!
1E
#249580000
0!
0E
#249590000
1!
1E
#249600000
1#
0!
1G
0E
#249610000
1!
1E
1`
#249620000
0!
0E
#249630000
1!
1E
1f
1d
#249640000
0!
0E
#249650000
1!
1E
0d
b11 r
b11100101 i
1p
0o
1n
0l
#249660000
0!
0E
#249670000
1!
1E
#249680000
0!
0E
#249690000
1!
1E
#249700000
0!
0E
#249710000
1!
1E
#249720000
0!
0E
#249730000
1!
1E
#249740000
0!
0E
#249750000
1!
1E
#249760000
0!
0E
#249770000
1!
1E
#249780000
0!
0E
#249790000
1!
1E
#249800000
0!
0E
#249810000
1!
1E
#249820000
0!
0E
#249830000
1!
1E
#249840000
0!
0E
#249850000
1!
1E
#249860000
0!
0E
#249870000
1!
1E
#249880000
0!
0E
#249890000
1!
1E
#249900000
0!
0E
#249910000
1!
1E
#249920000
0!
0E
#249930000
1!
1E
#249940000
0!
0E
#249950000
1!
1E
#249960000
0!
0E
#249970000
1!
1E
#249980000
0!
0E
#249990000
1!
1E
#250000000
0!
0E
#250010000
1!
1E
#250020000
0!
0E
#250030000
1!
1E
#250040000
0!
0E
#250050000
1!
1E
#250060000
0!
0E
#250070000
1!
1E
#250080000
0!
0E
#250090000
1!
1E
#250100000
0!
0E
#250110000
1!
1E
#250120000
0!
0E
#250130000
1!
1E
#250140000
0!
0E
#250150000
1!
1E
#250160000
0!
0E
#250170000
1!
1E
#250180000
0!
0E
#250190000
1!
1E
#250200000
0!
0E
#250210000
1!
1E
#250220000
0!
0E
#250230000
1!
1E
#250240000
0!
0E
#250250000
1!
1E
#250260000
0!
0E
#250270000
1!
1E
#250280000
0!
0E
#250290000
1!
1E
#250300000
0!
0E
#250310000
1!
1E
#250320000
0!
0E
#250330000
1!
1E
#250340000
0!
0E
#250350000
1!
1E
#250360000
0!
0E
#250370000
1!
1E
#250380000
0!
0E
#250390000
1!
1E
#250400000
0!
0E
#250410000
1!
1E
#250420000
0!
0E
#250430000
1!
1E
#250440000
0!
0E
#250450000
1!
1E
#250460000
0!
0E
#250470000
1!
1E
#250480000
0!
0E
#250490000
1!
1E
#250500000
0!
0E
#250510000
1!
1E
#250520000
0!
0E
#250530000
1!
1E
#250540000
0!
0E
#250550000
1!
1E
#250560000
0!
0E
#250570000
1!
1E
#250580000
0!
0E
#250590000
1!
1E
#250600000
0#
0!
0G
0E
#250610000
1!
1E
0`
#250620000
0!
0E
#250630000
1!
1E
0f
1c
#250640000
0!
0E
#250650000
1!
1E
0c
#250660000
0!
0E
#250670000
1!
1E
#250680000
0!
0E
#250690000
1!
1E
#250700000
0!
0E
#250710000
1!
1E
#250720000
0!
0E
#250730000
1!
1E
#250740000
0!
0E
#250750000
1!
1E
#250760000
0!
0E
#250770000
1!
1E
#250780000
0!
0E
#250790000
1!
1E
#250800000
0!
0E
#250810000
1!
1E
#250820000
0!
0E
#250830000
1!
1E
#250840000
0!
0E
#250850000
1!
1E
#250860000
0!
0E
#250870000
1!
1E
#250880000
0!
0E
#250890000
1!
1E
#250900000
0!
0E
#250910000
1!
1E
#250920000
0!
0E
#250930000
1!
1E
#250940000
0!
0E
#250950000
1!
1E
#250960000
0!
0E
#250970000
1!
1E
#250980000
0!
0E
#250990000
1!
1E
#251000000
0!
0E
#251010000
1!
1E
#251020000
0!
0E
#251030000
1!
1E
#251040000
0!
0E
#251050000
1!
1E
#251060000
0!
0E
#251070000
1!
1E
#251080000
0!
0E
#251090000
1!
1E
#251100000
b100 A
0=
0!
0$
0E
#251110000
1!
1E
0_
0q
#251120000
0!
0E
#251130000
1!
1E
0e
1a
#251140000
0!
0E
#251150000
1!
1E
0a
#251160000
0!
0E
#251170000
1!
1E
#251180000
0!
0E
#251190000
1!
1E
#251200000
0!
0E
#251210000
1!
1E
#251220000
0!
0E
#251230000
1!
1E
#251240000
0!
0E
#251250000
1!
1E
#251260000
0!
0E
#251270000
1!
1E
#251280000
0!
0E
#251290000
1!
1E
#251300000
0!
0E
#251310000
1!
1E
#251320000
0!
0E
#251330000
1!
1E
#251340000
0!
0E
#251350000
1!
1E
#251360000
0!
0E
#251370000
1!
1E
#251380000
0!
0E
#251390000
1!
1E
#251400000
0!
0E
#251410000
1!
1E
#251420000
0!
0E
#251430000
1!
1E
#251440000
0!
0E
#251450000
1!
1E
#251460000
0!
0E
#251470000
1!
1E
#251480000
0!
0E
#251490000
1!
1E
#251500000
0!
0E
#251510000
1!
1E
#251520000
0!
0E
#251530000
1!
1E
#251540000
0!
0E
#251550000
1!
1E
#251560000
0!
0E
#251570000
1!
1E
#251580000
0!
0E
#251590000
1!
1E
#251600000
1#
0!
1G
0E
#251610000
1!
1E
1`
#251620000
0!
0E
#251630000
1!
1E
1f
1d
#251640000
0!
0E
#251650000
1!
1E
0d
b100 r
b11001010 i
0p
1o
0n
1m
0k
#251660000
0!
0E
#251670000
1!
1E
#251680000
0!
0E
#251690000
1!
1E
#251700000
0!
0E
#251710000
1!
1E
#251720000
0!
0E
#251730000
1!
1E
#251740000
0!
0E
#251750000
1!
1E
#251760000
0!
0E
#251770000
1!
1E
#251780000
0!
0E
#251790000
1!
1E
#251800000
0!
0E
#251810000
1!
1E
#251820000
0!
0E
#251830000
1!
1E
#251840000
0!
0E
#251850000
1!
1E
#251860000
0!
0E
#251870000
1!
1E
#251880000
0!
0E
#251890000
1!
1E
#251900000
0!
0E
#251910000
1!
1E
#251920000
0!
0E
#251930000
1!
1E
#251940000
0!
0E
#251950000
1!
1E
#251960000
0!
0E
#251970000
1!
1E
#251980000
0!
0E
#251990000
1!
1E
#252000000
0!
0E
#252010000
1!
1E
#252020000
0!
0E
#252030000
1!
1E
#252040000
0!
0E
#252050000
1!
1E
#252060000
0!
0E
#252070000
1!
1E
#252080000
0!
0E
#252090000
1!
1E
#252100000
0!
0E
#252110000
1!
1E
#252120000
0!
0E
#252130000
1!
1E
#252140000
0!
0E
#252150000
1!
1E
#252160000
0!
0E
#252170000
1!
1E
#252180000
0!
0E
#252190000
1!
1E
#252200000
0!
0E
#252210000
1!
1E
#252220000
0!
0E
#252230000
1!
1E
#252240000
0!
0E
#252250000
1!
1E
#252260000
0!
0E
#252270000
1!
1E
#252280000
0!
0E
#252290000
1!
1E
#252300000
0!
0E
#252310000
1!
1E
#252320000
0!
0E
#252330000
1!
1E
#252340000
0!
0E
#252350000
1!
1E
#252360000
0!
0E
#252370000
1!
1E
#252380000
0!
0E
#252390000
1!
1E
#252400000
0!
0E
#252410000
1!
1E
#252420000
0!
0E
#252430000
1!
1E
#252440000
0!
0E
#252450000
1!
1E
#252460000
0!
0E
#252470000
1!
1E
#252480000
0!
0E
#252490000
1!
1E
#252500000
0!
0E
#252510000
1!
1E
#252520000
0!
0E
#252530000
1!
1E
#252540000
0!
0E
#252550000
1!
1E
#252560000
0!
0E
#252570000
1!
1E
#252580000
0!
0E
#252590000
1!
1E
#252600000
0#
0!
0G
0E
#252610000
1!
1E
0`
#252620000
0!
0E
#252630000
1!
1E
0f
1c
#252640000
0!
0E
#252650000
1!
1E
0c
#252660000
0!
0E
#252670000
1!
1E
#252680000
0!
0E
#252690000
1!
1E
#252700000
0!
0E
#252710000
1!
1E
#252720000
0!
0E
#252730000
1!
1E
#252740000
0!
0E
#252750000
1!
1E
#252760000
0!
0E
#252770000
1!
1E
#252780000
0!
0E
#252790000
1!
1E
#252800000
0!
0E
#252810000
1!
1E
#252820000
0!
0E
#252830000
1!
1E
#252840000
0!
0E
#252850000
1!
1E
#252860000
0!
0E
#252870000
1!
1E
#252880000
0!
0E
#252890000
1!
1E
#252900000
0!
0E
#252910000
1!
1E
#252920000
0!
0E
#252930000
1!
1E
#252940000
0!
0E
#252950000
1!
1E
#252960000
0!
0E
#252970000
1!
1E
#252980000
0!
0E
#252990000
1!
1E
#253000000
0!
0E
#253010000
1!
1E
#253020000
0!
0E
#253030000
1!
1E
#253040000
0!
0E
#253050000
1!
1E
#253060000
0!
0E
#253070000
1!
1E
#253080000
0!
0E
#253090000
1!
1E
#253100000
b11 A
0!
0E
#253110000
1!
1E
#253120000
0!
0E
#253130000
1!
1E
#253140000
0!
0E
#253150000
1!
1E
#253160000
0!
0E
#253170000
1!
1E
#253180000
0!
0E
#253190000
1!
1E
#253200000
0!
0E
#253210000
1!
1E
#253220000
0!
0E
#253230000
1!
1E
#253240000
0!
0E
#253250000
1!
1E
#253260000
0!
0E
#253270000
1!
1E
#253280000
0!
0E
#253290000
1!
1E
#253300000
0!
0E
#253310000
1!
1E
#253320000
0!
0E
#253330000
1!
1E
#253340000
0!
0E
#253350000
1!
1E
#253360000
0!
0E
#253370000
1!
1E
#253380000
0!
0E
#253390000
1!
1E
#253400000
0!
0E
#253410000
1!
1E
#253420000
0!
0E
#253430000
1!
1E
#253440000
0!
0E
#253450000
1!
1E
#253460000
0!
0E
#253470000
1!
1E
#253480000
0!
0E
#253490000
1!
1E
#253500000
0!
0E
#253510000
1!
1E
#253520000
0!
0E
#253530000
1!
1E
#253540000
0!
0E
#253550000
1!
1E
#253560000
0!
0E
#253570000
1!
1E
#253580000
0!
0E
#253590000
1!
1E
#253600000
1#
0!
1G
0E
#253610000
1!
1E
1`
#253620000
0!
0E
#253630000
1!
1E
1f
1d
#253640000
0!
0E
#253650000
1!
1E
0d
b101 r
b10010100 i
0o
1n
0m
1l
0j
#253660000
0!
0E
#253670000
1!
1E
#253680000
0!
0E
#253690000
1!
1E
#253700000
0!
0E
#253710000
1!
1E
#253720000
0!
0E
#253730000
1!
1E
#253740000
0!
0E
#253750000
1!
1E
#253760000
0!
0E
#253770000
1!
1E
#253780000
0!
0E
#253790000
1!
1E
#253800000
0!
0E
#253810000
1!
1E
#253820000
0!
0E
#253830000
1!
1E
#253840000
0!
0E
#253850000
1!
1E
#253860000
0!
0E
#253870000
1!
1E
#253880000
0!
0E
#253890000
1!
1E
#253900000
0!
0E
#253910000
1!
1E
#253920000
0!
0E
#253930000
1!
1E
#253940000
0!
0E
#253950000
1!
1E
#253960000
0!
0E
#253970000
1!
1E
#253980000
0!
0E
#253990000
1!
1E
#254000000
0!
0E
#254010000
1!
1E
#254020000
0!
0E
#254030000
1!
1E
#254040000
0!
0E
#254050000
1!
1E
#254060000
0!
0E
#254070000
1!
1E
#254080000
0!
0E
#254090000
1!
1E
#254100000
0!
0E
#254110000
1!
1E
#254120000
0!
0E
#254130000
1!
1E
#254140000
0!
0E
#254150000
1!
1E
#254160000
0!
0E
#254170000
1!
1E
#254180000
0!
0E
#254190000
1!
1E
#254200000
0!
0E
#254210000
1!
1E
#254220000
0!
0E
#254230000
1!
1E
#254240000
0!
0E
#254250000
1!
1E
#254260000
0!
0E
#254270000
1!
1E
#254280000
0!
0E
#254290000
1!
1E
#254300000
0!
0E
#254310000
1!
1E
#254320000
0!
0E
#254330000
1!
1E
#254340000
0!
0E
#254350000
1!
1E
#254360000
0!
0E
#254370000
1!
1E
#254380000
0!
0E
#254390000
1!
1E
#254400000
0!
0E
#254410000
1!
1E
#254420000
0!
0E
#254430000
1!
1E
#254440000
0!
0E
#254450000
1!
1E
#254460000
0!
0E
#254470000
1!
1E
#254480000
0!
0E
#254490000
1!
1E
#254500000
0!
0E
#254510000
1!
1E
#254520000
0!
0E
#254530000
1!
1E
#254540000
0!
0E
#254550000
1!
1E
#254560000
0!
0E
#254570000
1!
1E
#254580000
0!
0E
#254590000
1!
1E
#254600000
0#
0!
0G
0E
#254610000
1!
1E
0`
#254620000
0!
0E
#254630000
1!
1E
0f
1c
#254640000
0!
0E
#254650000
1!
1E
0c
#254660000
0!
0E
#254670000
1!
1E
#254680000
0!
0E
#254690000
1!
1E
#254700000
0!
0E
#254710000
1!
1E
#254720000
0!
0E
#254730000
1!
1E
#254740000
0!
0E
#254750000
1!
1E
#254760000
0!
0E
#254770000
1!
1E
#254780000
0!
0E
#254790000
1!
1E
#254800000
0!
0E
#254810000
1!
1E
#254820000
0!
0E
#254830000
1!
1E
#254840000
0!
0E
#254850000
1!
1E
#254860000
0!
0E
#254870000
1!
1E
#254880000
0!
0E
#254890000
1!
1E
#254900000
0!
0E
#254910000
1!
1E
#254920000
0!
0E
#254930000
1!
1E
#254940000
0!
0E
#254950000
1!
1E
#254960000
0!
0E
#254970000
1!
1E
#254980000
0!
0E
#254990000
1!
1E
#255000000
0!
0E
#255010000
1!
1E
#255020000
0!
0E
#255030000
1!
1E
#255040000
0!
0E
#255050000
1!
1E
#255060000
0!
0E
#255070000
1!
1E
#255080000
0!
0E
#255090000
1!
1E
#255100000
b10 A
0!
0E
#255110000
1!
1E
#255120000
0!
0E
#255130000
1!
1E
#255140000
0!
0E
#255150000
1!
1E
#255160000
0!
0E
#255170000
1!
1E
#255180000
0!
0E
#255190000
1!
1E
#255200000
0!
0E
#255210000
1!
1E
#255220000
0!
0E
#255230000
1!
1E
#255240000
0!
0E
#255250000
1!
1E
#255260000
0!
0E
#255270000
1!
1E
#255280000
0!
0E
#255290000
1!
1E
#255300000
0!
0E
#255310000
1!
1E
#255320000
0!
0E
#255330000
1!
1E
#255340000
0!
0E
#255350000
1!
1E
#255360000
0!
0E
#255370000
1!
1E
#255380000
0!
0E
#255390000
1!
1E
#255400000
0!
0E
#255410000
1!
1E
#255420000
0!
0E
#255430000
1!
1E
#255440000
0!
0E
#255450000
1!
1E
#255460000
0!
0E
#255470000
1!
1E
#255480000
0!
0E
#255490000
1!
1E
#255500000
0!
0E
#255510000
1!
1E
#255520000
0!
0E
#255530000
1!
1E
#255540000
0!
0E
#255550000
1!
1E
#255560000
0!
0E
#255570000
1!
1E
#255580000
0!
0E
#255590000
1!
1E
#255600000
1#
0!
1G
0E
#255610000
1!
1E
1`
#255620000
0!
0E
#255630000
1!
1E
1f
1d
#255640000
0!
0E
#255650000
1!
1E
0d
b110 r
b101000 i
0n
1m
0l
1k
#255660000
0!
0E
#255670000
1!
1E
#255680000
0!
0E
#255690000
1!
1E
#255700000
0!
0E
#255710000
1!
1E
#255720000
0!
0E
#255730000
1!
1E
#255740000
0!
0E
#255750000
1!
1E
#255760000
0!
0E
#255770000
1!
1E
#255780000
0!
0E
#255790000
1!
1E
#255800000
0!
0E
#255810000
1!
1E
#255820000
0!
0E
#255830000
1!
1E
#255840000
0!
0E
#255850000
1!
1E
#255860000
0!
0E
#255870000
1!
1E
#255880000
0!
0E
#255890000
1!
1E
#255900000
0!
0E
#255910000
1!
1E
#255920000
0!
0E
#255930000
1!
1E
#255940000
0!
0E
#255950000
1!
1E
#255960000
0!
0E
#255970000
1!
1E
#255980000
0!
0E
#255990000
1!
1E
#256000000
0!
0E
#256010000
1!
1E
#256020000
0!
0E
#256030000
1!
1E
#256040000
0!
0E
#256050000
1!
1E
#256060000
0!
0E
#256070000
1!
1E
#256080000
0!
0E
#256090000
1!
1E
#256100000
0!
0E
#256110000
1!
1E
#256120000
0!
0E
#256130000
1!
1E
#256140000
0!
0E
#256150000
1!
1E
#256160000
0!
0E
#256170000
1!
1E
#256180000
0!
0E
#256190000
1!
1E
#256200000
0!
0E
#256210000
1!
1E
#256220000
0!
0E
#256230000
1!
1E
#256240000
0!
0E
#256250000
1!
1E
#256260000
0!
0E
#256270000
1!
1E
#256280000
0!
0E
#256290000
1!
1E
#256300000
0!
0E
#256310000
1!
1E
#256320000
0!
0E
#256330000
1!
1E
#256340000
0!
0E
#256350000
1!
1E
#256360000
0!
0E
#256370000
1!
1E
#256380000
0!
0E
#256390000
1!
1E
#256400000
0!
0E
#256410000
1!
1E
#256420000
0!
0E
#256430000
1!
1E
#256440000
0!
0E
#256450000
1!
1E
#256460000
0!
0E
#256470000
1!
1E
#256480000
0!
0E
#256490000
1!
1E
#256500000
0!
0E
#256510000
1!
1E
#256520000
0!
0E
#256530000
1!
1E
#256540000
0!
0E
#256550000
1!
1E
#256560000
0!
0E
#256570000
1!
1E
#256580000
0!
0E
#256590000
1!
1E
#256600000
0#
0!
0G
0E
#256610000
1!
1E
0`
#256620000
0!
0E
#256630000
1!
1E
0f
1c
#256640000
0!
0E
#256650000
1!
1E
0c
#256660000
0!
0E
#256670000
1!
1E
#256680000
0!
0E
#256690000
1!
1E
#256700000
0!
0E
#256710000
1!
1E
#256720000
0!
0E
#256730000
1!
1E
#256740000
0!
0E
#256750000
1!
1E
#256760000
0!
0E
#256770000
1!
1E
#256780000
0!
0E
#256790000
1!
1E
#256800000
0!
0E
#256810000
1!
1E
#256820000
0!
0E
#256830000
1!
1E
#256840000
0!
0E
#256850000
1!
1E
#256860000
0!
0E
#256870000
1!
1E
#256880000
0!
0E
#256890000
1!
1E
#256900000
0!
0E
#256910000
1!
1E
#256920000
0!
0E
#256930000
1!
1E
#256940000
0!
0E
#256950000
1!
1E
#256960000
0!
0E
#256970000
1!
1E
#256980000
0!
0E
#256990000
1!
1E
#257000000
0!
0E
#257010000
1!
1E
#257020000
0!
0E
#257030000
1!
1E
#257040000
0!
0E
#257050000
1!
1E
#257060000
0!
0E
#257070000
1!
1E
#257080000
0!
0E
#257090000
1!
1E
#257100000
b1 A
0!
0E
#257110000
1!
1E
#257120000
0!
0E
#257130000
1!
1E
#257140000
0!
0E
#257150000
1!
1E
#257160000
0!
0E
#257170000
1!
1E
#257180000
0!
0E
#257190000
1!
1E
#257200000
0!
0E
#257210000
1!
1E
#257220000
0!
0E
#257230000
1!
1E
#257240000
0!
0E
#257250000
1!
1E
#257260000
0!
0E
#257270000
1!
1E
#257280000
0!
0E
#257290000
1!
1E
#257300000
0!
0E
#257310000
1!
1E
#257320000
0!
0E
#257330000
1!
1E
#257340000
0!
0E
#257350000
1!
1E
#257360000
0!
0E
#257370000
1!
1E
#257380000
0!
0E
#257390000
1!
1E
#257400000
0!
0E
#257410000
1!
1E
#257420000
0!
0E
#257430000
1!
1E
#257440000
0!
0E
#257450000
1!
1E
#257460000
0!
0E
#257470000
1!
1E
#257480000
0!
0E
#257490000
1!
1E
#257500000
0!
0E
#257510000
1!
1E
#257520000
0!
0E
#257530000
1!
1E
#257540000
0!
0E
#257550000
1!
1E
#257560000
0!
0E
#257570000
1!
1E
#257580000
0!
0E
#257590000
1!
1E
#257600000
1#
0!
1G
0E
#257610000
1!
1E
1`
#257620000
0!
0E
#257630000
1!
1E
1f
1d
#257640000
0!
0E
#257650000
1!
1E
0d
b111 r
b1010000 i
0m
1l
0k
1j
#257660000
0!
0E
#257670000
1!
1E
#257680000
0!
0E
#257690000
1!
1E
#257700000
0!
0E
#257710000
1!
1E
#257720000
0!
0E
#257730000
1!
1E
#257740000
0!
0E
#257750000
1!
1E
#257760000
0!
0E
#257770000
1!
1E
#257780000
0!
0E
#257790000
1!
1E
#257800000
0!
0E
#257810000
1!
1E
#257820000
0!
0E
#257830000
1!
1E
#257840000
0!
0E
#257850000
1!
1E
#257860000
0!
0E
#257870000
1!
1E
#257880000
0!
0E
#257890000
1!
1E
#257900000
0!
0E
#257910000
1!
1E
#257920000
0!
0E
#257930000
1!
1E
#257940000
0!
0E
#257950000
1!
1E
#257960000
0!
0E
#257970000
1!
1E
#257980000
0!
0E
#257990000
1!
1E
#258000000
0!
0E
#258010000
1!
1E
#258020000
0!
0E
#258030000
1!
1E
#258040000
0!
0E
#258050000
1!
1E
#258060000
0!
0E
#258070000
1!
1E
#258080000
0!
0E
#258090000
1!
1E
#258100000
0!
0E
#258110000
1!
1E
#258120000
0!
0E
#258130000
1!
1E
#258140000
0!
0E
#258150000
1!
1E
#258160000
0!
0E
#258170000
1!
1E
#258180000
0!
0E
#258190000
1!
1E
#258200000
0!
0E
#258210000
1!
1E
#258220000
0!
0E
#258230000
1!
1E
#258240000
0!
0E
#258250000
1!
1E
#258260000
0!
0E
#258270000
1!
1E
#258280000
0!
0E
#258290000
1!
1E
#258300000
0!
0E
#258310000
1!
1E
#258320000
0!
0E
#258330000
1!
1E
#258340000
0!
0E
#258350000
1!
1E
#258360000
0!
0E
#258370000
1!
1E
#258380000
0!
0E
#258390000
1!
1E
#258400000
0!
0E
#258410000
1!
1E
#258420000
0!
0E
#258430000
1!
1E
#258440000
0!
0E
#258450000
1!
1E
#258460000
0!
0E
#258470000
1!
1E
#258480000
0!
0E
#258490000
1!
1E
#258500000
0!
0E
#258510000
1!
1E
#258520000
0!
0E
#258530000
1!
1E
#258540000
0!
0E
#258550000
1!
1E
#258560000
0!
0E
#258570000
1!
1E
#258580000
0!
0E
#258590000
1!
1E
#258600000
0#
0!
0G
0E
#258610000
1!
1E
0`
#258620000
0!
0E
#258630000
1!
1E
0f
1c
#258640000
0!
0E
#258650000
1!
1E
0c
#258660000
0!
0E
#258670000
1!
1E
#258680000
0!
0E
#258690000
1!
1E
#258700000
0!
0E
#258710000
1!
1E
#258720000
0!
0E
#258730000
1!
1E
#258740000
0!
0E
#258750000
1!
1E
#258760000
0!
0E
#258770000
1!
1E
#258780000
0!
0E
#258790000
1!
1E
#258800000
0!
0E
#258810000
1!
1E
#258820000
0!
0E
#258830000
1!
1E
#258840000
0!
0E
#258850000
1!
1E
#258860000
0!
0E
#258870000
1!
1E
#258880000
0!
0E
#258890000
1!
1E
#258900000
0!
0E
#258910000
1!
1E
#258920000
0!
0E
#258930000
1!
1E
#258940000
0!
0E
#258950000
1!
1E
#258960000
0!
0E
#258970000
1!
1E
#258980000
0!
0E
#258990000
1!
1E
#259000000
0!
0E
#259010000
1!
1E
#259020000
0!
0E
#259030000
1!
1E
#259040000
0!
0E
#259050000
1!
1E
#259060000
0!
0E
#259070000
1!
1E
#259080000
0!
0E
#259090000
1!
1E
#259100000
b0 A
0!
0E
#259110000
1!
1E
#259120000
0!
0E
#259130000
1!
1E
#259140000
0!
0E
#259150000
1!
1E
#259160000
0!
0E
#259170000
1!
1E
#259180000
0!
0E
#259190000
1!
1E
#259200000
0!
0E
#259210000
1!
1E
#259220000
0!
0E
#259230000
1!
1E
#259240000
0!
0E
#259250000
1!
1E
#259260000
0!
0E
#259270000
1!
1E
#259280000
0!
0E
#259290000
1!
1E
#259300000
0!
0E
#259310000
1!
1E
#259320000
0!
0E
#259330000
1!
1E
#259340000
0!
0E
#259350000
1!
1E
#259360000
0!
0E
#259370000
1!
1E
#259380000
0!
0E
#259390000
1!
1E
#259400000
0!
0E
#259410000
1!
1E
#259420000
0!
0E
#259430000
1!
1E
#259440000
0!
0E
#259450000
1!
1E
#259460000
0!
0E
#259470000
1!
1E
#259480000
0!
0E
#259490000
1!
1E
#259500000
0!
0E
#259510000
1!
1E
#259520000
0!
0E
#259530000
1!
1E
#259540000
0!
0E
#259550000
1!
1E
#259560000
0!
0E
#259570000
1!
1E
#259580000
0!
0E
#259590000
1!
1E
#259600000
1#
0!
1G
0E
#259610000
1!
1E
1`
#259620000
0!
0E
#259630000
1!
1E
1f
1d
b110 h
#259640000
0!
0E
#259650000
1!
1E
0d
b110 g
b0 r
b10100000 i
0l
1k
0j
#259660000
0!
0E
#259670000
1!
1E
#259680000
0!
0E
#259690000
1!
1E
#259700000
0!
0E
#259710000
1!
1E
#259720000
0!
0E
#259730000
1!
1E
#259740000
0!
0E
#259750000
1!
1E
#259760000
0!
0E
#259770000
1!
1E
#259780000
0!
0E
#259790000
1!
1E
#259800000
0!
0E
#259810000
1!
1E
#259820000
0!
0E
#259830000
1!
1E
#259840000
0!
0E
#259850000
1!
1E
#259860000
0!
0E
#259870000
1!
1E
#259880000
0!
0E
#259890000
1!
1E
#259900000
0!
0E
#259910000
1!
1E
#259920000
0!
0E
#259930000
1!
1E
#259940000
0!
0E
#259950000
1!
1E
#259960000
0!
0E
#259970000
1!
1E
#259980000
0!
0E
#259990000
1!
1E
#260000000
0!
0E
#260010000
1!
1E
#260020000
0!
0E
#260030000
1!
1E
#260040000
0!
0E
#260050000
1!
1E
#260060000
0!
0E
#260070000
1!
1E
#260080000
0!
0E
#260090000
1!
1E
#260100000
0!
0E
#260110000
1!
1E
#260120000
0!
0E
#260130000
1!
1E
#260140000
0!
0E
#260150000
1!
1E
#260160000
0!
0E
#260170000
1!
1E
#260180000
0!
0E
#260190000
1!
1E
#260200000
0!
0E
#260210000
1!
1E
#260220000
0!
0E
#260230000
1!
1E
#260240000
0!
0E
#260250000
1!
1E
#260260000
0!
0E
#260270000
1!
1E
#260280000
0!
0E
#260290000
1!
1E
#260300000
0!
0E
#260310000
1!
1E
#260320000
0!
0E
#260330000
1!
1E
#260340000
0!
0E
#260350000
1!
1E
#260360000
0!
0E
#260370000
1!
1E
#260380000
0!
0E
#260390000
1!
1E
#260400000
0!
0E
#260410000
1!
1E
#260420000
0!
0E
#260430000
1!
1E
#260440000
0!
0E
#260450000
1!
1E
#260460000
0!
0E
#260470000
1!
1E
#260480000
0!
0E
#260490000
1!
1E
#260500000
0!
0E
#260510000
1!
1E
#260520000
0!
0E
#260530000
1!
1E
#260540000
0!
0E
#260550000
1!
1E
#260560000
0!
0E
#260570000
1!
1E
#260580000
0!
0E
#260590000
1!
1E
#260600000
0#
0!
0G
0E
#260610000
1!
1E
0`
#260620000
0!
0E
#260630000
1!
1E
0f
1c
#260640000
0!
0E
#260650000
1!
1E
0c
0]
1^
#260660000
0!
0E
#260670000
1!
1E
#260680000
0!
0E
#260690000
1!
1E
#260700000
0!
0E
#260710000
1!
1E
#260720000
0!
0E
#260730000
1!
1E
#260740000
0!
0E
#260750000
1!
1E
#260760000
0!
0E
#260770000
1!
1E
#260780000
0!
0E
#260790000
1!
1E
#260800000
0!
0E
#260810000
1!
1E
#260820000
0!
0E
#260830000
1!
1E
#260840000
0!
0E
#260850000
1!
1E
#260860000
0!
0E
#260870000
1!
1E
#260880000
0!
0E
#260890000
1!
1E
#260900000
0!
0E
#260910000
1!
1E
#260920000
0!
0E
#260930000
1!
1E
#260940000
0!
0E
#260950000
1!
1E
#260960000
0!
0E
#260970000
1!
1E
#260980000
0!
0E
#260990000
1!
1E
#261000000
0!
0E
#261010000
1!
1E
#261020000
0!
0E
#261030000
1!
1E
#261040000
0!
0E
#261050000
1!
1E
#261060000
0!
0E
#261070000
1!
1E
#261080000
0!
0E
#261090000
1!
1E
#261100000
b11111111111111111111111111111111 A
0!
0E
#261110000
1!
1E
#261120000
0!
0E
#261130000
1!
1E
#261140000
0!
0E
#261150000
1!
1E
#261160000
0!
0E
#261170000
1!
1E
#261180000
0!
0E
#261190000
1!
1E
#261200000
0!
0E
#261210000
1!
1E
#261220000
0!
0E
#261230000
1!
1E
#261240000
0!
0E
#261250000
1!
1E
#261260000
0!
0E
#261270000
1!
1E
#261280000
0!
0E
#261290000
1!
1E
#261300000
0!
0E
#261310000
1!
1E
#261320000
0!
0E
#261330000
1!
1E
#261340000
0!
0E
#261350000
1!
1E
#261360000
0!
0E
#261370000
1!
1E
#261380000
0!
0E
#261390000
1!
1E
#261400000
0!
0E
#261410000
1!
1E
#261420000
0!
0E
#261430000
1!
1E
#261440000
0!
0E
#261450000
1!
1E
#261460000
0!
0E
#261470000
1!
1E
#261480000
0!
0E
#261490000
1!
1E
#261500000
0!
0E
#261510000
1!
1E
#261520000
0!
0E
#261530000
1!
1E
#261540000
0!
0E
#261550000
1!
1E
#261560000
0!
0E
#261570000
1!
1E
#261580000
0!
0E
#261590000
1!
1E
#261600000
1#
0!
1G
0E
#261610000
1!
1E
1`
#261620000
0!
0E
#261630000
1!
1E
1f
1d
b11 h
#261640000
0!
0E
#261650000
1!
1E
0d
b11 g
#261660000
0!
0E
#261670000
1!
1E
#261680000
0!
0E
#261690000
1!
1E
#261700000
0!
0E
#261710000
1!
1E
#261720000
0!
0E
#261730000
1!
1E
#261740000
0!
0E
#261750000
1!
1E
#261760000
0!
0E
#261770000
1!
1E
#261780000
0!
0E
#261790000
1!
1E
#261800000
0!
0E
#261810000
1!
1E
#261820000
0!
0E
#261830000
1!
1E
#261840000
0!
0E
#261850000
1!
1E
#261860000
0!
0E
#261870000
1!
1E
#261880000
0!
0E
#261890000
1!
1E
#261900000
0!
0E
#261910000
1!
1E
#261920000
0!
0E
#261930000
1!
1E
#261940000
0!
0E
#261950000
1!
1E
#261960000
0!
0E
#261970000
1!
1E
#261980000
0!
0E
#261990000
1!
1E
#262000000
0!
0E
#262010000
1!
1E
#262020000
0!
0E
#262030000
1!
1E
#262040000
0!
0E
#262050000
1!
1E
#262060000
0!
0E
#262070000
1!
1E
#262080000
0!
0E
#262090000
1!
1E
#262100000
0!
0E
#262110000
1!
1E
#262120000
0!
0E
#262130000
1!
1E
#262140000
0!
0E
#262150000
1!
1E
#262160000
0!
0E
#262170000
1!
1E
#262180000
0!
0E
#262190000
1!
1E
#262200000
0!
0E
#262210000
1!
1E
#262220000
0!
0E
#262230000
1!
1E
#262240000
0!
0E
#262250000
1!
1E
#262260000
0!
0E
#262270000
1!
1E
#262280000
0!
0E
#262290000
1!
1E
#262300000
0!
0E
#262310000
1!
1E
#262320000
0!
0E
#262330000
1!
1E
#262340000
0!
0E
#262350000
1!
1E
#262360000
0!
0E
#262370000
1!
1E
#262380000
0!
0E
#262390000
1!
1E
#262400000
0!
0E
#262410000
1!
1E
#262420000
0!
0E
#262430000
1!
1E
#262440000
0!
0E
#262450000
1!
1E
#262460000
0!
0E
#262470000
1!
1E
#262480000
0!
0E
#262490000
1!
1E
#262500000
0!
0E
#262510000
1!
1E
#262520000
0!
0E
#262530000
1!
1E
#262540000
0!
0E
#262550000
1!
1E
#262560000
0!
0E
#262570000
1!
1E
#262580000
0!
0E
#262590000
1!
1E
#262600000
0#
0!
0G
0E
#262610000
1!
1E
0`
#262620000
0!
0E
#262630000
1!
1E
0f
1c
#262640000
0!
0E
#262650000
1!
1E
0c
1]
0^
#262660000
0!
0E
#262670000
1!
1E
#262680000
0!
0E
#262690000
1!
1E
#262700000
0!
0E
#262710000
1!
1E
#262720000
0!
0E
#262730000
1!
1E
#262740000
0!
0E
#262750000
1!
1E
#262760000
0!
0E
#262770000
1!
1E
#262780000
0!
0E
#262790000
1!
1E
#262800000
0!
0E
#262810000
1!
1E
#262820000
0!
0E
#262830000
1!
1E
#262840000
0!
0E
#262850000
1!
1E
#262860000
0!
0E
#262870000
1!
1E
#262880000
0!
0E
#262890000
1!
1E
#262900000
0!
0E
#262910000
1!
1E
#262920000
0!
0E
#262930000
1!
1E
#262940000
0!
0E
#262950000
1!
1E
#262960000
0!
0E
#262970000
1!
1E
#262980000
0!
0E
#262990000
1!
1E
#263000000
0!
0E
#263010000
1!
1E
#263020000
0!
0E
#263030000
1!
1E
#263040000
0!
0E
#263050000
1!
1E
#263060000
0!
0E
#263070000
1!
1E
#263080000
0!
0E
#263090000
1!
1E
#263100000
b110000 ?
b111 A
0!
0E
#263110000
1!
1E
#263120000
0!
0E
#263130000
1!
1E
#263140000
0!
0E
#263150000
1!
1E
#263160000
0!
0E
#263170000
1!
1E
#263180000
0!
0E
#263190000
1!
1E
#263200000
0!
0E
#263210000
1!
1E
#263220000
0!
0E
#263230000
1!
1E
#263240000
0!
0E
#263250000
1!
1E
#263260000
0!
0E
#263270000
1!
1E
#263280000
0!
0E
#263290000
1!
1E
#263300000
0!
0E
#263310000
1!
1E
#263320000
0!
0E
#263330000
1!
1E
#263340000
0!
0E
#263350000
1!
1E
#263360000
0!
0E
#263370000
1!
1E
#263380000
0!
0E
#263390000
1!
1E
#263400000
0!
0E
#263410000
1!
1E
#263420000
0!
0E
#263430000
1!
1E
#263440000
0!
0E
#263450000
1!
1E
#263460000
0!
0E
#263470000
1!
1E
#263480000
0!
0E
#263490000
1!
1E
#263500000
0!
0E
#263510000
1!
1E
#263520000
0!
0E
#263530000
1!
1E
#263540000
0!
0E
#263550000
1!
1E
#263560000
0!
0E
#263570000
1!
1E
#263580000
0!
0E
#263590000
1!
1E
#263600000
1#
0!
1G
0E
#263610000
1!
1E
1`
#263620000
0!
0E
#263630000
1!
1E
1f
1d
#263640000
0!
0E
#263650000
1!
1E
0d
b1 r
b1000000 i
0k
1j
#263660000
0!
0E
#263670000
1!
1E
#263680000
0!
0E
#263690000
1!
1E
#263700000
0!
0E
#263710000
1!
1E
#263720000
0!
0E
#263730000
1!
1E
#263740000
0!
0E
#263750000
1!
1E
#263760000
0!
0E
#263770000
1!
1E
#263780000
0!
0E
#263790000
1!
1E
#263800000
0!
0E
#263810000
1!
1E
#263820000
0!
0E
#263830000
1!
1E
#263840000
0!
0E
#263850000
1!
1E
#263860000
0!
0E
#263870000
1!
1E
#263880000
0!
0E
#263890000
1!
1E
#263900000
0!
0E
#263910000
1!
1E
#263920000
0!
0E
#263930000
1!
1E
#263940000
0!
0E
#263950000
1!
1E
#263960000
0!
0E
#263970000
1!
1E
#263980000
0!
0E
#263990000
1!
1E
#264000000
0!
0E
#264010000
1!
1E
#264020000
0!
0E
#264030000
1!
1E
#264040000
0!
0E
#264050000
1!
1E
#264060000
0!
0E
#264070000
1!
1E
#264080000
0!
0E
#264090000
1!
1E
#264100000
0!
0E
#264110000
1!
1E
#264120000
0!
0E
#264130000
1!
1E
#264140000
0!
0E
#264150000
1!
1E
#264160000
0!
0E
#264170000
1!
1E
#264180000
0!
0E
#264190000
1!
1E
#264200000
0!
0E
#264210000
1!
1E
#264220000
0!
0E
#264230000
1!
1E
#264240000
0!
0E
#264250000
1!
1E
#264260000
0!
0E
#264270000
1!
1E
#264280000
0!
0E
#264290000
1!
1E
#264300000
0!
0E
#264310000
1!
1E
#264320000
0!
0E
#264330000
1!
1E
#264340000
0!
0E
#264350000
1!
1E
#264360000
0!
0E
#264370000
1!
1E
#264380000
0!
0E
#264390000
1!
1E
#264400000
0!
0E
#264410000
1!
1E
#264420000
0!
0E
#264430000
1!
1E
#264440000
0!
0E
#264450000
1!
1E
#264460000
0!
0E
#264470000
1!
1E
#264480000
0!
0E
#264490000
1!
1E
#264500000
0!
0E
#264510000
1!
1E
#264520000
0!
0E
#264530000
1!
1E
#264540000
0!
0E
#264550000
1!
1E
#264560000
0!
0E
#264570000
1!
1E
#264580000
0!
0E
#264590000
1!
1E
#264600000
0#
0!
0G
0E
#264610000
1!
1E
0`
#264620000
0!
0E
#264630000
1!
1E
0f
1c
#264640000
0!
0E
#264650000
1!
1E
0c
#264660000
0!
0E
#264670000
1!
1E
#264680000
0!
0E
#264690000
1!
1E
#264700000
0!
0E
#264710000
1!
1E
#264720000
0!
0E
#264730000
1!
1E
#264740000
0!
0E
#264750000
1!
1E
#264760000
0!
0E
#264770000
1!
1E
#264780000
0!
0E
#264790000
1!
1E
#264800000
0!
0E
#264810000
1!
1E
#264820000
0!
0E
#264830000
1!
1E
#264840000
0!
0E
#264850000
1!
1E
#264860000
0!
0E
#264870000
1!
1E
#264880000
0!
0E
#264890000
1!
1E
#264900000
0!
0E
#264910000
1!
1E
#264920000
0!
0E
#264930000
1!
1E
#264940000
0!
0E
#264950000
1!
1E
#264960000
0!
0E
#264970000
1!
1E
#264980000
0!
0E
#264990000
1!
1E
#265000000
0!
0E
#265010000
1!
1E
#265020000
0!
0E
#265030000
1!
1E
#265040000
0!
0E
#265050000
1!
1E
#265060000
0!
0E
#265070000
1!
1E
#265080000
0!
0E
#265090000
1!
1E
#265100000
b110 A
0!
0E
#265110000
1!
1E
#265120000
0!
0E
#265130000
1!
1E
#265140000
0!
0E
#265150000
1!
1E
#265160000
0!
0E
#265170000
1!
1E
#265180000
0!
0E
#265190000
1!
1E
#265200000
0!
0E
#265210000
1!
1E
#265220000
0!
0E
#265230000
1!
1E
#265240000
0!
0E
#265250000
1!
1E
#265260000
0!
0E
#265270000
1!
1E
#265280000
0!
0E
#265290000
1!
1E
#265300000
0!
0E
#265310000
1!
1E
#265320000
0!
0E
#265330000
1!
1E
#265340000
0!
0E
#265350000
1!
1E
#265360000
0!
0E
#265370000
1!
1E
#265380000
0!
0E
#265390000
1!
1E
#265400000
0!
0E
#265410000
1!
1E
#265420000
0!
0E
#265430000
1!
1E
#265440000
0!
0E
#265450000
1!
1E
#265460000
0!
0E
#265470000
1!
1E
#265480000
0!
0E
#265490000
1!
1E
#265500000
0!
0E
#265510000
1!
1E
#265520000
0!
0E
#265530000
1!
1E
#265540000
0!
0E
#265550000
1!
1E
#265560000
0!
0E
#265570000
1!
1E
#265580000
0!
0E
#265590000
1!
1E
#265600000
1#
0!
1G
0E
#265610000
1!
1E
1`
#265620000
0!
0E
#265630000
1!
1E
1f
1d
#265640000
0!
0E
#265650000
1!
1E
0d
b10 r
b10000000 i
0j
#265660000
0!
0E
#265670000
1!
1E
#265680000
0!
0E
#265690000
1!
1E
#265700000
0!
0E
#265710000
1!
1E
#265720000
0!
0E
#265730000
1!
1E
#265740000
0!
0E
#265750000
1!
1E
#265760000
0!
0E
#265770000
1!
1E
#265780000
0!
0E
#265790000
1!
1E
#265800000
0!
0E
#265810000
1!
1E
#265820000
0!
0E
#265830000
1!
1E
#265840000
0!
0E
#265850000
1!
1E
#265860000
0!
0E
#265870000
1!
1E
#265880000
0!
0E
#265890000
1!
1E
#265900000
0!
0E
#265910000
1!
1E
#265920000
0!
0E
#265930000
1!
1E
#265940000
0!
0E
#265950000
1!
1E
#265960000
0!
0E
#265970000
1!
1E
#265980000
0!
0E
#265990000
1!
1E
#266000000
0!
0E
#266010000
1!
1E
#266020000
0!
0E
#266030000
1!
1E
#266040000
0!
0E
#266050000
1!
1E
#266060000
0!
0E
#266070000
1!
1E
#266080000
0!
0E
#266090000
1!
1E
#266100000
0!
0E
#266110000
1!
1E
#266120000
0!
0E
#266130000
1!
1E
#266140000
0!
0E
#266150000
1!
1E
#266160000
0!
0E
#266170000
1!
1E
#266180000
0!
0E
#266190000
1!
1E
#266200000
0!
0E
#266210000
1!
1E
#266220000
0!
0E
#266230000
1!
1E
#266240000
0!
0E
#266250000
1!
1E
#266260000
0!
0E
#266270000
1!
1E
#266280000
0!
0E
#266290000
1!
1E
#266300000
0!
0E
#266310000
1!
1E
#266320000
0!
0E
#266330000
1!
1E
#266340000
0!
0E
#266350000
1!
1E
#266360000
0!
0E
#266370000
1!
1E
#266380000
0!
0E
#266390000
1!
1E
#266400000
0!
0E
#266410000
1!
1E
#266420000
0!
0E
#266430000
1!
1E
#266440000
0!
0E
#266450000
1!
1E
#266460000
0!
0E
#266470000
1!
1E
#266480000
0!
0E
#266490000
1!
1E
#266500000
0!
0E
#266510000
1!
1E
#266520000
0!
0E
#266530000
1!
1E
#266540000
0!
0E
#266550000
1!
1E
#266560000
0!
0E
#266570000
1!
1E
#266580000
0!
0E
#266590000
1!
1E
#266600000
0#
0!
0G
0E
#266610000
1!
1E
0`
#266620000
0!
0E
#266630000
1!
1E
0f
1c
#266640000
0!
0E
#266650000
1!
1E
0c
#266660000
0!
0E
#266670000
1!
1E
#266680000
0!
0E
#266690000
1!
1E
#266700000
0!
0E
#266710000
1!
1E
#266720000
0!
0E
#266730000
1!
1E
#266740000
0!
0E
#266750000
1!
1E
#266760000
0!
0E
#266770000
1!
1E
#266780000
0!
0E
#266790000
1!
1E
#266800000
0!
0E
#266810000
1!
1E
#266820000
0!
0E
#266830000
1!
1E
#266840000
0!
0E
#266850000
1!
1E
#266860000
0!
0E
#266870000
1!
1E
#266880000
0!
0E
#266890000
1!
1E
#266900000
0!
0E
#266910000
1!
1E
#266920000
0!
0E
#266930000
1!
1E
#266940000
0!
0E
#266950000
1!
1E
#266960000
0!
0E
#266970000
1!
1E
#266980000
0!
0E
#266990000
1!
1E
#267000000
0!
0E
#267010000
1!
1E
#267020000
0!
0E
#267030000
1!
1E
#267040000
0!
0E
#267050000
1!
1E
#267060000
0!
0E
#267070000
1!
1E
#267080000
0!
0E
#267090000
1!
1E
#267100000
b101 A
1=
0!
1$
0E
#267110000
1!
1E
1_
1q
#267120000
0!
0E
#267130000
1!
1E
1e
1b
#267140000
0!
0E
#267150000
1!
1E
0b
#267160000
0!
0E
#267170000
1!
1E
#267180000
0!
0E
#267190000
1!
1E
#267200000
0!
0E
#267210000
1!
1E
#267220000
0!
0E
#267230000
1!
1E
#267240000
0!
0E
#267250000
1!
1E
#267260000
0!
0E
#267270000
1!
1E
#267280000
0!
0E
#267290000
1!
1E
#267300000
0!
0E
#267310000
1!
1E
#267320000
0!
0E
#267330000
1!
1E
#267340000
0!
0E
#267350000
1!
1E
#267360000
0!
0E
#267370000
1!
1E
#267380000
0!
0E
#267390000
1!
1E
#267400000
0!
0E
#267410000
1!
1E
#267420000
0!
0E
#267430000
1!
1E
#267440000
0!
0E
#267450000
1!
1E
#267460000
0!
0E
#267470000
1!
1E
#267480000
0!
0E
#267490000
1!
1E
#267500000
0!
0E
#267510000
1!
1E
#267520000
0!
0E
#267530000
1!
1E
#267540000
0!
0E
#267550000
1!
1E
#267560000
0!
0E
#267570000
1!
1E
#267580000
0!
0E
#267590000
1!
1E
#267600000
1#
0!
1G
0E
#267610000
1!
1E
1`
#267620000
0!
0E
#267630000
1!
1E
1f
1d
#267640000
0!
0E
#267650000
1!
1E
0d
b11 r
b1 i
1p
#267660000
0!
0E
#267670000
1!
1E
#267680000
0!
0E
#267690000
1!
1E
#267700000
0!
0E
#267710000
1!
1E
#267720000
0!
0E
#267730000
1!
1E
#267740000
0!
0E
#267750000
1!
1E
#267760000
0!
0E
#267770000
1!
1E
#267780000
0!
0E
#267790000
1!
1E
#267800000
0!
0E
#267810000
1!
1E
#267820000
0!
0E
#267830000
1!
1E
#267840000
0!
0E
#267850000
1!
1E
#267860000
0!
0E
#267870000
1!
1E
#267880000
0!
0E
#267890000
1!
1E
#267900000
0!
0E
#267910000
1!
1E
#267920000
0!
0E
#267930000
1!
1E
#267940000
0!
0E
#267950000
1!
1E
#267960000
0!
0E
#267970000
1!
1E
#267980000
0!
0E
#267990000
1!
1E
#268000000
0!
0E
#268010000
1!
1E
#268020000
0!
0E
#268030000
1!
1E
#268040000
0!
0E
#268050000
1!
1E
#268060000
0!
0E
#268070000
1!
1E
#268080000
0!
0E
#268090000
1!
1E
#268100000
0!
0E
#268110000
1!
1E
#268120000
0!
0E
#268130000
1!
1E
#268140000
0!
0E
#268150000
1!
1E
#268160000
0!
0E
#268170000
1!
1E
#268180000
0!
0E
#268190000
1!
1E
#268200000
0!
0E
#268210000
1!
1E
#268220000
0!
0E
#268230000
1!
1E
#268240000
0!
0E
#268250000
1!
1E
#268260000
0!
0E
#268270000
1!
1E
#268280000
0!
0E
#268290000
1!
1E
#268300000
0!
0E
#268310000
1!
1E
#268320000
0!
0E
#268330000
1!
1E
#268340000
0!
0E
#268350000
1!
1E
#268360000
0!
0E
#268370000
1!
1E
#268380000
0!
0E
#268390000
1!
1E
#268400000
0!
0E
#268410000
1!
1E
#268420000
0!
0E
#268430000
1!
1E
#268440000
0!
0E
#268450000
1!
1E
#268460000
0!
0E
#268470000
1!
1E
#268480000
0!
0E
#268490000
1!
1E
#268500000
0!
0E
#268510000
1!
1E
#268520000
0!
0E
#268530000
1!
1E
#268540000
0!
0E
#268550000
1!
1E
#268560000
0!
0E
#268570000
1!
1E
#268580000
0!
0E
#268590000
1!
1E
#268600000
0#
0!
0G
0E
#268610000
1!
1E
0`
#268620000
0!
0E
#268630000
1!
1E
0f
1c
#268640000
0!
0E
#268650000
1!
1E
0c
#268660000
0!
0E
#268670000
1!
1E
#268680000
0!
0E
#268690000
1!
1E
#268700000
0!
0E
#268710000
1!
1E
#268720000
0!
0E
#268730000
1!
1E
#268740000
0!
0E
#268750000
1!
1E
#268760000
0!
0E
#268770000
1!
1E
#268780000
0!
0E
#268790000
1!
1E
#268800000
0!
0E
#268810000
1!
1E
#268820000
0!
0E
#268830000
1!
1E
#268840000
0!
0E
#268850000
1!
1E
#268860000
0!
0E
#268870000
1!
1E
#268880000
0!
0E
#268890000
1!
1E
#268900000
0!
0E
#268910000
1!
1E
#268920000
0!
0E
#268930000
1!
1E
#268940000
0!
0E
#268950000
1!
1E
#268960000
0!
0E
#268970000
1!
1E
#268980000
0!
0E
#268990000
1!
1E
#269000000
0!
0E
#269010000
1!
1E
#269020000
0!
0E
#269030000
1!
1E
#269040000
0!
0E
#269050000
1!
1E
#269060000
0!
0E
#269070000
1!
1E
#269080000
0!
0E
#269090000
1!
1E
#269100000
b100 A
0!
0E
#269110000
1!
1E
#269120000
0!
0E
#269130000
1!
1E
#269140000
0!
0E
#269150000
1!
1E
#269160000
0!
0E
#269170000
1!
1E
#269180000
0!
0E
#269190000
1!
1E
#269200000
0!
0E
#269210000
1!
1E
#269220000
0!
0E
#269230000
1!
1E
#269240000
0!
0E
#269250000
1!
1E
#269260000
0!
0E
#269270000
1!
1E
#269280000
0!
0E
#269290000
1!
1E
#269300000
0!
0E
#269310000
1!
1E
#269320000
0!
0E
#269330000
1!
1E
#269340000
0!
0E
#269350000
1!
1E
#269360000
0!
0E
#269370000
1!
1E
#269380000
0!
0E
#269390000
1!
1E
#269400000
0!
0E
#269410000
1!
1E
#269420000
0!
0E
#269430000
1!
1E
#269440000
0!
0E
#269450000
1!
1E
#269460000
0!
0E
#269470000
1!
1E
#269480000
0!
0E
#269490000
1!
1E
#269500000
0!
0E
#269510000
1!
1E
#269520000
0!
0E
#269530000
1!
1E
#269540000
0!
0E
#269550000
1!
1E
#269560000
0!
0E
#269570000
1!
1E
#269580000
0!
0E
#269590000
1!
1E
#269600000
1#
0!
1G
0E
#269610000
1!
1E
1`
#269620000
0!
0E
#269630000
1!
1E
1f
1d
#269640000
0!
0E
#269650000
1!
1E
0d
b100 r
b11 i
1o
#269660000
0!
0E
#269670000
1!
1E
#269680000
0!
0E
#269690000
1!
1E
#269700000
0!
0E
#269710000
1!
1E
#269720000
0!
0E
#269730000
1!
1E
#269740000
0!
0E
#269750000
1!
1E
#269760000
0!
0E
#269770000
1!
1E
#269780000
0!
0E
#269790000
1!
1E
#269800000
0!
0E
#269810000
1!
1E
#269820000
0!
0E
#269830000
1!
1E
#269840000
0!
0E
#269850000
1!
1E
#269860000
0!
0E
#269870000
1!
1E
#269880000
0!
0E
#269890000
1!
1E
#269900000
0!
0E
#269910000
1!
1E
#269920000
0!
0E
#269930000
1!
1E
#269940000
0!
0E
#269950000
1!
1E
#269960000
0!
0E
#269970000
1!
1E
#269980000
0!
0E
#269990000
1!
1E
#270000000
0!
0E
#270010000
1!
1E
#270020000
0!
0E
#270030000
1!
1E
#270040000
0!
0E
#270050000
1!
1E
#270060000
0!
0E
#270070000
1!
1E
#270080000
0!
0E
#270090000
1!
1E
#270100000
0!
0E
#270110000
1!
1E
#270120000
0!
0E
#270130000
1!
1E
#270140000
0!
0E
#270150000
1!
1E
#270160000
0!
0E
#270170000
1!
1E
#270180000
0!
0E
#270190000
1!
1E
#270200000
0!
0E
#270210000
1!
1E
#270220000
0!
0E
#270230000
1!
1E
#270240000
0!
0E
#270250000
1!
1E
#270260000
0!
0E
#270270000
1!
1E
#270280000
0!
0E
#270290000
1!
1E
#270300000
0!
0E
#270310000
1!
1E
#270320000
0!
0E
#270330000
1!
1E
#270340000
0!
0E
#270350000
1!
1E
#270360000
0!
0E
#270370000
1!
1E
#270380000
0!
0E
#270390000
1!
1E
#270400000
0!
0E
#270410000
1!
1E
#270420000
0!
0E
#270430000
1!
1E
#270440000
0!
0E
#270450000
1!
1E
#270460000
0!
0E
#270470000
1!
1E
#270480000
0!
0E
#270490000
1!
1E
#270500000
0!
0E
#270510000
1!
1E
#270520000
0!
0E
#270530000
1!
1E
#270540000
0!
0E
#270550000
1!
1E
#270560000
0!
0E
#270570000
1!
1E
#270580000
0!
0E
#270590000
1!
1E
#270600000
0#
0!
0G
0E
#270610000
1!
1E
0`
#270620000
0!
0E
#270630000
1!
1E
0f
1c
#270640000
0!
0E
#270650000
1!
1E
0c
#270660000
0!
0E
#270670000
1!
1E
#270680000
0!
0E
#270690000
1!
1E
#270700000
0!
0E
#270710000
1!
1E
#270720000
0!
0E
#270730000
1!
1E
#270740000
0!
0E
#270750000
1!
1E
#270760000
0!
0E
#270770000
1!
1E
#270780000
0!
0E
#270790000
1!
1E
#270800000
0!
0E
#270810000
1!
1E
#270820000
0!
0E
#270830000
1!
1E
#270840000
0!
0E
#270850000
1!
1E
#270860000
0!
0E
#270870000
1!
1E
#270880000
0!
0E
#270890000
1!
1E
#270900000
0!
0E
#270910000
1!
1E
#270920000
0!
0E
#270930000
1!
1E
#270940000
0!
0E
#270950000
1!
1E
#270960000
0!
0E
#270970000
1!
1E
#270980000
0!
0E
#270990000
1!
1E
#271000000
0!
0E
#271010000
1!
1E
#271020000
0!
0E
#271030000
1!
1E
#271040000
0!
0E
#271050000
1!
1E
#271060000
0!
0E
#271070000
1!
1E
#271080000
0!
0E
#271090000
1!
1E
#271100000
b11 A
0=
0!
0$
0E
#271110000
1!
1E
0_
0q
#271120000
0!
0E
#271130000
1!
1E
0e
1a
#271140000
0!
0E
#271150000
1!
1E
0a
#271160000
0!
0E
#271170000
1!
1E
#271180000
0!
0E
#271190000
1!
1E
#271200000
0!
0E
#271210000
1!
1E
#271220000
0!
0E
#271230000
1!
1E
#271240000
0!
0E
#271250000
1!
1E
#271260000
0!
0E
#271270000
1!
1E
#271280000
0!
0E
#271290000
1!
1E
#271300000
0!
0E
#271310000
1!
1E
#271320000
0!
0E
#271330000
1!
1E
#271340000
0!
0E
#271350000
1!
1E
#271360000
0!
0E
#271370000
1!
1E
#271380000
0!
0E
#271390000
1!
1E
#271400000
0!
0E
#271410000
1!
1E
#271420000
0!
0E
#271430000
1!
1E
#271440000
0!
0E
#271450000
1!
1E
#271460000
0!
0E
#271470000
1!
1E
#271480000
0!
0E
#271490000
1!
1E
#271500000
0!
0E
#271510000
1!
1E
#271520000
0!
0E
#271530000
1!
1E
#271540000
0!
0E
#271550000
1!
1E
#271560000
0!
0E
#271570000
1!
1E
#271580000
0!
0E
#271590000
1!
1E
#271600000
1#
0!
1G
0E
#271610000
1!
1E
1`
#271620000
0!
0E
#271630000
1!
1E
1f
1d
#271640000
0!
0E
#271650000
1!
1E
0d
b101 r
b110 i
0p
1n
#271660000
0!
0E
#271670000
1!
1E
#271680000
0!
0E
#271690000
1!
1E
#271700000
0!
0E
#271710000
1!
1E
#271720000
0!
0E
#271730000
1!
1E
#271740000
0!
0E
#271750000
1!
1E
#271760000
0!
0E
#271770000
1!
1E
#271780000
0!
0E
#271790000
1!
1E
#271800000
0!
0E
#271810000
1!
1E
#271820000
0!
0E
#271830000
1!
1E
#271840000
0!
0E
#271850000
1!
1E
#271860000
0!
0E
#271870000
1!
1E
#271880000
0!
0E
#271890000
1!
1E
#271900000
0!
0E
#271910000
1!
1E
#271920000
0!
0E
#271930000
1!
1E
#271940000
0!
0E
#271950000
1!
1E
#271960000
0!
0E
#271970000
1!
1E
#271980000
0!
0E
#271990000
1!
1E
#272000000
0!
0E
#272010000
1!
1E
#272020000
0!
0E
#272030000
1!
1E
#272040000
0!
0E
#272050000
1!
1E
#272060000
0!
0E
#272070000
1!
1E
#272080000
0!
0E
#272090000
1!
1E
#272100000
0!
0E
#272110000
1!
1E
#272120000
0!
0E
#272130000
1!
1E
#272140000
0!
0E
#272150000
1!
1E
#272160000
0!
0E
#272170000
1!
1E
#272180000
0!
0E
#272190000
1!
1E
#272200000
0!
0E
#272210000
1!
1E
#272220000
0!
0E
#272230000
1!
1E
#272240000
0!
0E
#272250000
1!
1E
#272260000
0!
0E
#272270000
1!
1E
#272280000
0!
0E
#272290000
1!
1E
#272300000
0!
0E
#272310000
1!
1E
#272320000
0!
0E
#272330000
1!
1E
#272340000
0!
0E
#272350000
1!
1E
#272360000
0!
0E
#272370000
1!
1E
#272380000
0!
0E
#272390000
1!
1E
#272400000
0!
0E
#272410000
1!
1E
#272420000
0!
0E
#272430000
1!
1E
#272440000
0!
0E
#272450000
1!
1E
#272460000
0!
0E
#272470000
1!
1E
#272480000
0!
0E
#272490000
1!
1E
#272500000
0!
0E
#272510000
1!
1E
#272520000
0!
0E
#272530000
1!
1E
#272540000
0!
0E
#272550000
1!
1E
#272560000
0!
0E
#272570000
1!
1E
#272580000
0!
0E
#272590000
1!
1E
#272600000
0#
0!
0G
0E
#272610000
1!
1E
0`
#272620000
0!
0E
#272630000
1!
1E
0f
1c
#272640000
0!
0E
#272650000
1!
1E
0c
#272660000
0!
0E
#272670000
1!
1E
#272680000
0!
0E
#272690000
1!
1E
#272700000
0!
0E
#272710000
1!
1E
#272720000
0!
0E
#272730000
1!
1E
#272740000
0!
0E
#272750000
1!
1E
#272760000
0!
0E
#272770000
1!
1E
#272780000
0!
0E
#272790000
1!
1E
#272800000
0!
0E
#272810000
1!
1E
#272820000
0!
0E
#272830000
1!
1E
#272840000
0!
0E
#272850000
1!
1E
#272860000
0!
0E
#272870000
1!
1E
#272880000
0!
0E
#272890000
1!
1E
#272900000
0!
0E
#272910000
1!
1E
#272920000
0!
0E
#272930000
1!
1E
#272940000
0!
0E
#272950000
1!
1E
#272960000
0!
0E
#272970000
1!
1E
#272980000
0!
0E
#272990000
1!
1E
#273000000
0!
0E
#273010000
1!
1E
#273020000
0!
0E
#273030000
1!
1E
#273040000
0!
0E
#273050000
1!
1E
#273060000
0!
0E
#273070000
1!
1E
#273080000
0!
0E
#273090000
1!
1E
#273100000
b10 A
0!
0E
#273110000
1!
1E
#273120000
0!
0E
#273130000
1!
1E
#273140000
0!
0E
#273150000
1!
1E
#273160000
0!
0E
#273170000
1!
1E
#273180000
0!
0E
#273190000
1!
1E
#273200000
0!
0E
#273210000
1!
1E
#273220000
0!
0E
#273230000
1!
1E
#273240000
0!
0E
#273250000
1!
1E
#273260000
0!
0E
#273270000
1!
1E
#273280000
0!
0E
#273290000
1!
1E
#273300000
0!
0E
#273310000
1!
1E
#273320000
0!
0E
#273330000
1!
1E
#273340000
0!
0E
#273350000
1!
1E
#273360000
0!
0E
#273370000
1!
1E
#273380000
0!
0E
#273390000
1!
1E
#273400000
0!
0E
#273410000
1!
1E
#273420000
0!
0E
#273430000
1!
1E
#273440000
0!
0E
#273450000
1!
1E
#273460000
0!
0E
#273470000
1!
1E
#273480000
0!
0E
#273490000
1!
1E
#273500000
0!
0E
#273510000
1!
1E
#273520000
0!
0E
#273530000
1!
1E
#273540000
0!
0E
#273550000
1!
1E
#273560000
0!
0E
#273570000
1!
1E
#273580000
0!
0E
#273590000
1!
1E
#273600000
1#
0!
1G
0E
#273610000
1!
1E
1`
#273620000
0!
0E
#273630000
1!
1E
1f
1d
#273640000
0!
0E
#273650000
1!
1E
0d
b110 r
b1100 i
0o
1m
#273660000
0!
0E
#273670000
1!
1E
#273680000
0!
0E
#273690000
1!
1E
#273700000
0!
0E
#273710000
1!
1E
#273720000
0!
0E
#273730000
1!
1E
#273740000
0!
0E
#273750000
1!
1E
#273760000
0!
0E
#273770000
1!
1E
#273780000
0!
0E
#273790000
1!
1E
#273800000
0!
0E
#273810000
1!
1E
#273820000
0!
0E
#273830000
1!
1E
#273840000
0!
0E
#273850000
1!
1E
#273860000
0!
0E
#273870000
1!
1E
#273880000
0!
0E
#273890000
1!
1E
#273900000
0!
0E
#273910000
1!
1E
#273920000
0!
0E
#273930000
1!
1E
#273940000
0!
0E
#273950000
1!
1E
#273960000
0!
0E
#273970000
1!
1E
#273980000
0!
0E
#273990000
1!
1E
#274000000
0!
0E
#274010000
1!
1E
#274020000
0!
0E
#274030000
1!
1E
#274040000
0!
0E
#274050000
1!
1E
#274060000
0!
0E
#274070000
1!
1E
#274080000
0!
0E
#274090000
1!
1E
#274100000
0!
0E
#274110000
1!
1E
#274120000
0!
0E
#274130000
1!
1E
#274140000
0!
0E
#274150000
1!
1E
#274160000
0!
0E
#274170000
1!
1E
#274180000
0!
0E
#274190000
1!
1E
#274200000
0!
0E
#274210000
1!
1E
#274220000
0!
0E
#274230000
1!
1E
#274240000
0!
0E
#274250000
1!
1E
#274260000
0!
0E
#274270000
1!
1E
#274280000
0!
0E
#274290000
1!
1E
#274300000
0!
0E
#274310000
1!
1E
#274320000
0!
0E
#274330000
1!
1E
#274340000
0!
0E
#274350000
1!
1E
#274360000
0!
0E
#274370000
1!
1E
#274380000
0!
0E
#274390000
1!
1E
#274400000
0!
0E
#274410000
1!
1E
#274420000
0!
0E
#274430000
1!
1E
#274440000
0!
0E
#274450000
1!
1E
#274460000
0!
0E
#274470000
1!
1E
#274480000
0!
0E
#274490000
1!
1E
#274500000
0!
0E
#274510000
1!
1E
#274520000
0!
0E
#274530000
1!
1E
#274540000
0!
0E
#274550000
1!
1E
#274560000
0!
0E
#274570000
1!
1E
#274580000
0!
0E
#274590000
1!
1E
#274600000
0#
0!
0G
0E
#274610000
1!
1E
0`
#274620000
0!
0E
#274630000
1!
1E
0f
1c
#274640000
0!
0E
#274650000
1!
1E
0c
#274660000
0!
0E
#274670000
1!
1E
#274680000
0!
0E
#274690000
1!
1E
#274700000
0!
0E
#274710000
1!
1E
#274720000
0!
0E
#274730000
1!
1E
#274740000
0!
0E
#274750000
1!
1E
#274760000
0!
0E
#274770000
1!
1E
#274780000
0!
0E
#274790000
1!
1E
#274800000
0!
0E
#274810000
1!
1E
#274820000
0!
0E
#274830000
1!
1E
#274840000
0!
0E
#274850000
1!
1E
#274860000
0!
0E
#274870000
1!
1E
#274880000
0!
0E
#274890000
1!
1E
#274900000
0!
0E
#274910000
1!
1E
#274920000
0!
0E
#274930000
1!
1E
#274940000
0!
0E
#274950000
1!
1E
#274960000
0!
0E
#274970000
1!
1E
#274980000
0!
0E
#274990000
1!
1E
#275000000
0!
0E
#275010000
1!
1E
#275020000
0!
0E
#275030000
1!
1E
#275040000
0!
0E
#275050000
1!
1E
#275060000
0!
0E
#275070000
1!
1E
#275080000
0!
0E
#275090000
1!
1E
#275100000
b1 A
0!
0E
#275110000
1!
1E
#275120000
0!
0E
#275130000
1!
1E
#275140000
0!
0E
#275150000
1!
1E
#275160000
0!
0E
#275170000
1!
1E
#275180000
0!
0E
#275190000
1!
1E
#275200000
0!
0E
#275210000
1!
1E
#275220000
0!
0E
#275230000
1!
1E
#275240000
0!
0E
#275250000
1!
1E
#275260000
0!
0E
#275270000
1!
1E
#275280000
0!
0E
#275290000
1!
1E
#275300000
0!
0E
#275310000
1!
1E
#275320000
0!
0E
#275330000
1!
1E
#275340000
0!
0E
#275350000
1!
1E
#275360000
0!
0E
#275370000
1!
1E
#275380000
0!
0E
#275390000
1!
1E
#275400000
0!
0E
#275410000
1!
1E
#275420000
0!
0E
#275430000
1!
1E
#275440000
0!
0E
#275450000
1!
1E
#275460000
0!
0E
#275470000
1!
1E
#275480000
0!
0E
#275490000
1!
1E
#275500000
0!
0E
#275510000
1!
1E
#275520000
0!
0E
#275530000
1!
1E
#275540000
0!
0E
#275550000
1!
1E
#275560000
0!
0E
#275570000
1!
1E
#275580000
0!
0E
#275590000
1!
1E
#275600000
1#
0!
1G
0E
#275610000
1!
1E
1`
#275620000
0!
0E
#275630000
1!
1E
1f
1d
#275640000
0!
0E
#275650000
1!
1E
0d
b111 r
b11000 i
0n
1l
#275660000
0!
0E
#275670000
1!
1E
#275680000
0!
0E
#275690000
1!
1E
#275700000
0!
0E
#275710000
1!
1E
#275720000
0!
0E
#275730000
1!
1E
#275740000
0!
0E
#275750000
1!
1E
#275760000
0!
0E
#275770000
1!
1E
#275780000
0!
0E
#275790000
1!
1E
#275800000
0!
0E
#275810000
1!
1E
#275820000
0!
0E
#275830000
1!
1E
#275840000
0!
0E
#275850000
1!
1E
#275860000
0!
0E
#275870000
1!
1E
#275880000
0!
0E
#275890000
1!
1E
#275900000
0!
0E
#275910000
1!
1E
#275920000
0!
0E
#275930000
1!
1E
#275940000
0!
0E
#275950000
1!
1E
#275960000
0!
0E
#275970000
1!
1E
#275980000
0!
0E
#275990000
1!
1E
#276000000
0!
0E
#276010000
1!
1E
#276020000
0!
0E
#276030000
1!
1E
#276040000
0!
0E
#276050000
1!
1E
#276060000
0!
0E
#276070000
1!
1E
#276080000
0!
0E
#276090000
1!
1E
#276100000
0!
0E
#276110000
1!
1E
#276120000
0!
0E
#276130000
1!
1E
#276140000
0!
0E
#276150000
1!
1E
#276160000
0!
0E
#276170000
1!
1E
#276180000
0!
0E
#276190000
1!
1E
#276200000
0!
0E
#276210000
1!
1E
#276220000
0!
0E
#276230000
1!
1E
#276240000
0!
0E
#276250000
1!
1E
#276260000
0!
0E
#276270000
1!
1E
#276280000
0!
0E
#276290000
1!
1E
#276300000
0!
0E
#276310000
1!
1E
#276320000
0!
0E
#276330000
1!
1E
#276340000
0!
0E
#276350000
1!
1E
#276360000
0!
0E
#276370000
1!
1E
#276380000
0!
0E
#276390000
1!
1E
#276400000
0!
0E
#276410000
1!
1E
#276420000
0!
0E
#276430000
1!
1E
#276440000
0!
0E
#276450000
1!
1E
#276460000
0!
0E
#276470000
1!
1E
#276480000
0!
0E
#276490000
1!
1E
#276500000
0!
0E
#276510000
1!
1E
#276520000
0!
0E
#276530000
1!
1E
#276540000
0!
0E
#276550000
1!
1E
#276560000
0!
0E
#276570000
1!
1E
#276580000
0!
0E
#276590000
1!
1E
#276600000
0#
0!
0G
0E
#276610000
1!
1E
0`
#276620000
0!
0E
#276630000
1!
1E
0f
1c
#276640000
0!
0E
#276650000
1!
1E
0c
#276660000
0!
0E
#276670000
1!
1E
#276680000
0!
0E
#276690000
1!
1E
#276700000
0!
0E
#276710000
1!
1E
#276720000
0!
0E
#276730000
1!
1E
#276740000
0!
0E
#276750000
1!
1E
#276760000
0!
0E
#276770000
1!
1E
#276780000
0!
0E
#276790000
1!
1E
#276800000
0!
0E
#276810000
1!
1E
#276820000
0!
0E
#276830000
1!
1E
#276840000
0!
0E
#276850000
1!
1E
#276860000
0!
0E
#276870000
1!
1E
#276880000
0!
0E
#276890000
1!
1E
#276900000
0!
0E
#276910000
1!
1E
#276920000
0!
0E
#276930000
1!
1E
#276940000
0!
0E
#276950000
1!
1E
#276960000
0!
0E
#276970000
1!
1E
#276980000
0!
0E
#276990000
1!
1E
#277000000
0!
0E
#277010000
1!
1E
#277020000
0!
0E
#277030000
1!
1E
#277040000
0!
0E
#277050000
1!
1E
#277060000
0!
0E
#277070000
1!
1E
#277080000
0!
0E
#277090000
1!
1E
#277100000
b0 A
0!
0E
#277110000
1!
1E
#277120000
0!
0E
#277130000
1!
1E
#277140000
0!
0E
#277150000
1!
1E
#277160000
0!
0E
#277170000
1!
1E
#277180000
0!
0E
#277190000
1!
1E
#277200000
0!
0E
#277210000
1!
1E
#277220000
0!
0E
#277230000
1!
1E
#277240000
0!
0E
#277250000
1!
1E
#277260000
0!
0E
#277270000
1!
1E
#277280000
0!
0E
#277290000
1!
1E
#277300000
0!
0E
#277310000
1!
1E
#277320000
0!
0E
#277330000
1!
1E
#277340000
0!
0E
#277350000
1!
1E
#277360000
0!
0E
#277370000
1!
1E
#277380000
0!
0E
#277390000
1!
1E
#277400000
0!
0E
#277410000
1!
1E
#277420000
0!
0E
#277430000
1!
1E
#277440000
0!
0E
#277450000
1!
1E
#277460000
0!
0E
#277470000
1!
1E
#277480000
0!
0E
#277490000
1!
1E
#277500000
0!
0E
#277510000
1!
1E
#277520000
0!
0E
#277530000
1!
1E
#277540000
0!
0E
#277550000
1!
1E
#277560000
0!
0E
#277570000
1!
1E
#277580000
0!
0E
#277590000
1!
1E
#277600000
1#
0!
1G
0E
#277610000
1!
1E
1`
#277620000
0!
0E
#277630000
1!
1E
1f
1d
b111 h
#277640000
0!
0E
#277650000
1!
1E
0d
b111 g
b0 r
b110000 i
b110000 u
1[
b110000 \
15
0|
1y
0m
1k
11
#277660000
0!
0E
#277670000
1!
1E
0[
01
#277680000
0!
0E
#277690000
1!
1E
#277700000
0!
0E
#277710000
1!
1E
#277720000
0!
0E
#277730000
1!
1E
#277740000
0!
0E
#277750000
1!
1E
#277760000
0!
0E
#277770000
1!
1E
#277780000
0!
0E
#277790000
1!
1E
#277800000
0!
0E
#277810000
1!
1E
#277820000
0!
0E
#277830000
1!
1E
#277840000
0!
0E
#277850000
1!
1E
#277860000
0!
0E
#277870000
1!
1E
#277880000
0!
0E
#277890000
1!
1E
#277900000
0!
0E
#277910000
1!
1E
#277920000
0!
0E
#277930000
1!
1E
#277940000
0!
0E
#277950000
1!
1E
#277960000
0!
0E
#277970000
1!
1E
#277980000
0!
0E
#277990000
1!
1E
#278000000
0!
0E
#278010000
1!
1E
#278020000
0!
0E
#278030000
1!
1E
#278040000
0!
0E
#278050000
1!
1E
#278060000
0!
0E
#278070000
1!
1E
#278080000
0!
0E
#278090000
1!
1E
#278100000
0!
0E
#278110000
1!
1E
#278120000
0!
0E
#278130000
1!
1E
#278140000
0!
0E
#278150000
1!
1E
#278160000
0!
0E
#278170000
1!
1E
#278180000
0!
0E
#278190000
1!
1E
#278200000
0!
0E
#278210000
1!
1E
#278220000
0!
0E
#278230000
1!
1E
#278240000
0!
0E
#278250000
1!
1E
#278260000
0!
0E
#278270000
1!
1E
#278280000
0!
0E
#278290000
1!
1E
#278300000
0!
0E
#278310000
1!
1E
#278320000
0!
0E
#278330000
1!
1E
#278340000
0!
0E
#278350000
1!
1E
#278360000
0!
0E
#278370000
1!
1E
#278380000
0!
0E
#278390000
1!
1E
#278400000
0!
0E
#278410000
1!
1E
#278420000
0!
0E
#278430000
1!
1E
#278440000
0!
0E
#278450000
1!
1E
#278460000
0!
0E
#278470000
1!
1E
#278480000
0!
0E
#278490000
1!
1E
#278500000
0!
0E
#278510000
1!
1E
#278520000
0!
0E
#278530000
1!
1E
#278540000
0!
0E
#278550000
1!
1E
#278560000
0!
0E
#278570000
1!
1E
#278580000
0!
0E
#278590000
1!
1E
#278600000
0#
0!
0G
0E
#278610000
1!
1E
0`
#278620000
0!
0E
#278630000
1!
1E
0f
1c
#278640000
0!
0E
#278650000
1!
1E
0c
0]
1^
#278660000
0!
0E
#278670000
1!
1E
#278680000
0!
0E
#278690000
1!
1E
#278700000
0!
0E
#278710000
1!
1E
#278720000
0!
0E
#278730000
1!
1E
#278740000
0!
0E
#278750000
1!
1E
#278760000
0!
0E
#278770000
1!
1E
#278780000
0!
0E
#278790000
1!
1E
#278800000
0!
0E
#278810000
1!
1E
#278820000
0!
0E
#278830000
1!
1E
#278840000
0!
0E
#278850000
1!
1E
#278860000
0!
0E
#278870000
1!
1E
#278880000
0!
0E
#278890000
1!
1E
#278900000
0!
0E
#278910000
1!
1E
#278920000
0!
0E
#278930000
1!
1E
#278940000
0!
0E
#278950000
1!
1E
#278960000
0!
0E
#278970000
1!
1E
#278980000
0!
0E
#278990000
1!
1E
#279000000
0!
0E
#279010000
1!
1E
#279020000
0!
0E
#279030000
1!
1E
#279040000
0!
0E
#279050000
1!
1E
#279060000
0!
0E
#279070000
1!
1E
#279080000
0!
0E
#279090000
1!
1E
#279100000
b11111111111111111111111111111111 A
0!
0E
#279110000
1!
1E
#279120000
0!
0E
#279130000
1!
1E
#279140000
0!
0E
#279150000
1!
1E
#279160000
0!
0E
#279170000
1!
1E
#279180000
0!
0E
#279190000
1!
1E
#279200000
0!
0E
#279210000
1!
1E
#279220000
0!
0E
#279230000
1!
1E
#279240000
0!
0E
#279250000
1!
1E
#279260000
0!
0E
#279270000
1!
1E
#279280000
0!
0E
#279290000
1!
1E
#279300000
0!
0E
#279310000
1!
1E
#279320000
0!
0E
#279330000
1!
1E
#279340000
0!
0E
#279350000
1!
1E
#279360000
0!
0E
#279370000
1!
1E
#279380000
0!
0E
#279390000
1!
1E
#279400000
0!
0E
#279410000
1!
1E
#279420000
0!
0E
#279430000
1!
1E
#279440000
0!
0E
#279450000
1!
1E
#279460000
0!
0E
#279470000
1!
1E
#279480000
0!
0E
#279490000
1!
1E
#279500000
0!
0E
#279510000
1!
1E
#279520000
0!
0E
#279530000
1!
1E
#279540000
0!
0E
#279550000
1!
1E
#279560000
0!
0E
#279570000
1!
1E
#279580000
0!
0E
#279590000
1!
1E
#279600000
1#
0!
1G
0E
#279610000
1!
1E
1`
#279620000
0!
0E
#279630000
1!
1E
1f
1d
b100 h
#279640000
0!
0E
#279650000
1!
1E
0d
b100 g
#279660000
0!
0E
#279670000
1!
1E
#279680000
0!
0E
#279690000
1!
1E
#279700000
0!
0E
#279710000
1!
1E
#279720000
0!
0E
#279730000
1!
1E
#279740000
0!
0E
#279750000
1!
1E
#279760000
0!
0E
#279770000
1!
1E
#279780000
0!
0E
#279790000
1!
1E
#279800000
0!
0E
#279810000
1!
1E
#279820000
0!
0E
#279830000
1!
1E
#279840000
0!
0E
#279850000
1!
1E
#279860000
0!
0E
#279870000
1!
1E
#279880000
0!
0E
#279890000
1!
1E
#279900000
0!
0E
#279910000
1!
1E
#279920000
0!
0E
#279930000
1!
1E
#279940000
0!
0E
#279950000
1!
1E
#279960000
0!
0E
#279970000
1!
1E
#279980000
0!
0E
#279990000
1!
1E
#280000000
0!
0E
#280010000
1!
1E
#280020000
0!
0E
#280030000
1!
1E
#280040000
0!
0E
#280050000
1!
1E
#280060000
0!
0E
#280070000
1!
1E
#280080000
0!
0E
#280090000
1!
1E
#280100000
0!
0E
#280110000
1!
1E
#280120000
0!
0E
#280130000
1!
1E
#280140000
0!
0E
#280150000
1!
1E
#280160000
0!
0E
#280170000
1!
1E
#280180000
0!
0E
#280190000
1!
1E
#280200000
0!
0E
#280210000
1!
1E
#280220000
0!
0E
#280230000
1!
1E
#280240000
0!
0E
#280250000
1!
1E
#280260000
0!
0E
#280270000
1!
1E
#280280000
0!
0E
#280290000
1!
1E
#280300000
0!
0E
#280310000
1!
1E
#280320000
0!
0E
#280330000
1!
1E
#280340000
0!
0E
#280350000
1!
1E
#280360000
0!
0E
#280370000
1!
1E
#280380000
0!
0E
#280390000
1!
1E
#280400000
0!
0E
#280410000
1!
1E
#280420000
0!
0E
#280430000
1!
1E
#280440000
0!
0E
#280450000
1!
1E
#280460000
0!
0E
#280470000
1!
1E
#280480000
0!
0E
#280490000
1!
1E
#280500000
0!
0E
#280510000
1!
1E
#280520000
0!
0E
#280530000
1!
1E
#280540000
0!
0E
#280550000
1!
1E
#280560000
0!
0E
#280570000
1!
1E
#280580000
0!
0E
#280590000
1!
1E
#280600000
0#
0!
0G
0E
#280610000
1!
1E
0`
#280620000
0!
0E
#280630000
1!
1E
0f
1c
#280640000
0!
0E
#280650000
1!
1E
0c
1]
0^
#280660000
0!
0E
#280670000
1!
1E
#280680000
0!
0E
#280690000
1!
1E
#280700000
0!
0E
#280710000
1!
1E
#280720000
0!
0E
#280730000
1!
1E
#280740000
0!
0E
#280750000
1!
1E
#280760000
0!
0E
#280770000
1!
1E
#280780000
0!
0E
#280790000
1!
1E
#280800000
0!
0E
#280810000
1!
1E
#280820000
0!
0E
#280830000
1!
1E
#280840000
0!
0E
#280850000
1!
1E
#280860000
0!
0E
#280870000
1!
1E
#280880000
0!
0E
#280890000
1!
1E
#280900000
0!
0E
#280910000
1!
1E
#280920000
0!
0E
#280930000
1!
1E
#280940000
0!
0E
#280950000
1!
1E
#280960000
0!
0E
#280970000
1!
1E
#280980000
0!
0E
#280990000
1!
1E
#281000000
0!
0E
#281010000
1!
1E
#281020000
0!
0E
#281030000
1!
1E
#281040000
0!
0E
#281050000
1!
1E
#281060000
0!
0E
#281070000
1!
1E
#281080000
0!
0E
#281090000
1!
1E
#281100000
1=
0!
1$
0E
#281110000
1!
1E
1_
1q
#281120000
0!
0E
#281130000
1!
1E
1e
1b
#281140000
0!
0E
#281150000
1!
1E
0b
#281160000
0!
0E
#281170000
1!
1E
#281180000
0!
0E
#281190000
1!
1E
#281200000
0!
0E
#281210000
1!
1E
#281220000
0!
0E
#281230000
1!
1E
#281240000
0!
0E
#281250000
1!
1E
#281260000
0!
0E
#281270000
1!
1E
#281280000
0!
0E
#281290000
1!
1E
#281300000
0!
0E
#281310000
1!
1E
#281320000
0!
0E
#281330000
1!
1E
#281340000
0!
0E
#281350000
1!
1E
#281360000
0!
0E
#281370000
1!
1E
#281380000
0!
0E
#281390000
1!
1E
#281400000
0!
0E
#281410000
1!
1E
#281420000
0!
0E
#281430000
1!
1E
#281440000
0!
0E
#281450000
1!
1E
#281460000
0!
0E
#281470000
1!
1E
#281480000
0!
0E
#281490000
1!
1E
#281500000
0!
0E
#281510000
1!
1E
#281520000
0!
0E
#281530000
1!
1E
#281540000
0!
0E
#281550000
1!
1E
#281560000
0!
0E
#281570000
1!
1E
#281580000
0!
0E
#281590000
1!
1E
#281600000
0!
0E
#281610000
1!
1E
#281620000
0!
0E
#281630000
1!
1E
#281640000
0!
0E
#281650000
1!
1E
#281660000
0!
0E
#281670000
1!
1E
#281680000
0!
0E
#281690000
1!
1E
#281700000
0!
0E
#281710000
1!
1E
#281720000
0!
0E
#281730000
1!
1E
#281740000
0!
0E
#281750000
1!
1E
#281760000
0!
0E
#281770000
1!
1E
#281780000
0!
0E
#281790000
1!
1E
#281800000
0!
0E
#281810000
1!
1E
#281820000
0!
0E
#281830000
1!
1E
#281840000
0!
0E
#281850000
1!
1E
#281860000
0!
0E
#281870000
1!
1E
#281880000
0!
0E
#281890000
1!
1E
#281900000
0!
0E
#281910000
1!
1E
#281920000
0!
0E
#281930000
1!
1E
#281940000
0!
0E
#281950000
1!
1E
#281960000
0!
0E
#281970000
1!
1E
#281980000
0!
0E
#281990000
1!
1E
#282000000
0!
0E
#282010000
1!
1E
#282020000
0!
0E
#282030000
1!
1E
#282040000
0!
0E
#282050000
1!
1E
#282060000
0!
0E
#282070000
1!
1E
#282080000
0!
0E
#282090000
1!
1E
#282100000
1#
0!
1G
0E
#282110000
1!
1E
1`
#282120000
0!
0E
#282130000
1!
1E
1f
1d
#282140000
0!
0E
#282150000
1!
1E
0d
b1 r
b1100001 i
1p
0l
1j
#282160000
0!
0E
#282170000
1!
1E
#282180000
0!
0E
#282190000
1!
1E
#282200000
0!
0E
#282210000
1!
1E
#282220000
0!
0E
#282230000
1!
1E
#282240000
0!
0E
#282250000
1!
1E
#282260000
0!
0E
#282270000
1!
1E
#282280000
0!
0E
#282290000
1!
1E
#282300000
0!
0E
#282310000
1!
1E
#282320000
0!
0E
#282330000
1!
1E
#282340000
0!
0E
#282350000
1!
1E
#282360000
0!
0E
#282370000
1!
1E
#282380000
0!
0E
#282390000
1!
1E
#282400000
0!
0E
#282410000
1!
1E
#282420000
0!
0E
#282430000
1!
1E
#282440000
0!
0E
#282450000
1!
1E
#282460000
0!
0E
#282470000
1!
1E
#282480000
0!
0E
#282490000
1!
1E
#282500000
0!
0E
#282510000
1!
1E
#282520000
0!
0E
#282530000
1!
1E
#282540000
0!
0E
#282550000
1!
1E
#282560000
0!
0E
#282570000
1!
1E
#282580000
0!
0E
#282590000
1!
1E
#282600000
0!
0E
#282610000
1!
1E
#282620000
0!
0E
#282630000
1!
1E
#282640000
0!
0E
#282650000
1!
1E
#282660000
0!
0E
#282670000
1!
1E
#282680000
0!
0E
#282690000
1!
1E
#282700000
0!
0E
#282710000
1!
1E
#282720000
0!
0E
#282730000
1!
1E
#282740000
0!
0E
#282750000
1!
1E
#282760000
0!
0E
#282770000
1!
1E
#282780000
0!
0E
#282790000
1!
1E
#282800000
0!
0E
#282810000
1!
1E
#282820000
0!
0E
#282830000
1!
1E
#282840000
0!
0E
#282850000
1!
1E
#282860000
0!
0E
#282870000
1!
1E
#282880000
0!
0E
#282890000
1!
1E
#282900000
0!
0E
#282910000
1!
1E
#282920000
0!
0E
#282930000
1!
1E
#282940000
0!
0E
#282950000
1!
1E
#282960000
0!
0E
#282970000
1!
1E
#282980000
0!
0E
#282990000
1!
1E
#283000000
0!
0E
#283010000
1!
1E
#283020000
0!
0E
#283030000
1!
1E
#283040000
0!
0E
#283050000
1!
1E
#283060000
0!
0E
#283070000
1!
1E
#283080000
0!
0E
#283090000
1!
1E
#283100000
0=
0!
0$
0E
#283110000
1!
1E
0_
0q
#283120000
0!
0E
#283130000
1!
1E
0e
1a
b1 h
#283140000
0!
0E
#283150000
1!
1E
0a
b1 g
#283160000
0!
0E
#283170000
1!
1E
b0 r
#283180000
0!
0E
#283190000
1!
1E
#283200000
0!
0E
#283210000
1!
1E
#283220000
0!
0E
#283230000
1!
1E
#283240000
0!
0E
#283250000
1!
1E
#283260000
0!
0E
#283270000
1!
1E
#283280000
0!
0E
#283290000
1!
1E
#283300000
0!
0E
#283310000
1!
1E
#283320000
0!
0E
#283330000
1!
1E
#283340000
0!
0E
#283350000
1!
1E
#283360000
0!
0E
#283370000
1!
1E
#283380000
0!
0E
#283390000
1!
1E
#283400000
0!
0E
#283410000
1!
1E
#283420000
0!
0E
#283430000
1!
1E
#283440000
0!
0E
#283450000
1!
1E
#283460000
0!
0E
#283470000
1!
1E
#283480000
0!
0E
#283490000
1!
1E
#283500000
0!
0E
#283510000
1!
1E
#283520000
0!
0E
#283530000
1!
1E
#283540000
0!
0E
#283550000
1!
1E
#283560000
0!
0E
#283570000
1!
1E
#283580000
0!
0E
#283590000
1!
1E
#283600000
0!
0E
#283610000
1!
1E
#283620000
0!
0E
#283630000
1!
1E
#283640000
0!
0E
#283650000
1!
1E
#283660000
0!
0E
#283670000
1!
1E
#283680000
0!
0E
#283690000
1!
1E
#283700000
0!
0E
#283710000
1!
1E
#283720000
0!
0E
#283730000
1!
1E
#283740000
0!
0E
#283750000
1!
1E
#283760000
0!
0E
#283770000
1!
1E
#283780000
0!
0E
#283790000
1!
1E
#283800000
0!
0E
#283810000
1!
1E
#283820000
0!
0E
#283830000
1!
1E
#283840000
0!
0E
#283850000
1!
1E
#283860000
0!
0E
#283870000
1!
1E
#283880000
0!
0E
#283890000
1!
1E
#283900000
0!
0E
#283910000
1!
1E
#283920000
0!
0E
#283930000
1!
1E
#283940000
0!
0E
#283950000
1!
1E
#283960000
0!
0E
#283970000
1!
1E
#283980000
0!
0E
#283990000
1!
1E
#284000000
0!
0E
#284010000
1!
1E
#284020000
0!
0E
#284030000
1!
1E
#284040000
0!
0E
#284050000
1!
1E
#284060000
0!
0E
#284070000
1!
1E
#284080000
0!
0E
#284090000
1!
1E
#284100000
0#
0!
0G
0E
#284110000
1!
1E
0`
#284120000
0!
0E
#284130000
1!
1E
0f
1c
b10 h
#284140000
0!
0E
#284150000
1!
1E
0c
b10 g
#284160000
0!
0E
#284170000
1!
1E
#284180000
0!
0E
#284190000
1!
1E
#284200000
0!
0E
#284210000
1!
1E
#284220000
0!
0E
#284230000
1!
1E
#284240000
0!
0E
#284250000
1!
1E
#284260000
0!
0E
#284270000
1!
1E
#284280000
0!
0E
#284290000
1!
1E
#284300000
0!
0E
#284310000
1!
1E
#284320000
0!
0E
#284330000
1!
1E
#284340000
0!
0E
#284350000
1!
1E
#284360000
0!
0E
#284370000
1!
1E
#284380000
0!
0E
#284390000
1!
1E
#284400000
0!
0E
#284410000
1!
1E
#284420000
0!
0E
#284430000
1!
1E
#284440000
0!
0E
#284450000
1!
1E
#284460000
0!
0E
#284470000
1!
1E
#284480000
0!
0E
#284490000
1!
1E
#284500000
0!
0E
#284510000
1!
1E
#284520000
0!
0E
#284530000
1!
1E
#284540000
0!
0E
#284550000
1!
1E
#284560000
0!
0E
#284570000
1!
1E
#284580000
0!
0E
#284590000
1!
1E
#284600000
0!
0E
#284610000
1!
1E
#284620000
0!
0E
#284630000
1!
1E
#284640000
0!
0E
#284650000
1!
1E
#284660000
0!
0E
#284670000
1!
1E
#284680000
0!
0E
#284690000
1!
1E
#284700000
0!
0E
#284710000
1!
1E
#284720000
0!
0E
#284730000
1!
1E
#284740000
0!
0E
#284750000
1!
1E
#284760000
0!
0E
#284770000
1!
1E
#284780000
0!
0E
#284790000
1!
1E
#284800000
0!
0E
#284810000
1!
1E
#284820000
0!
0E
#284830000
1!
1E
#284840000
0!
0E
#284850000
1!
1E
#284860000
0!
0E
#284870000
1!
1E
#284880000
0!
0E
#284890000
1!
1E
#284900000
0!
0E
#284910000
1!
1E
#284920000
0!
0E
#284930000
1!
1E
#284940000
0!
0E
#284950000
1!
1E
#284960000
0!
0E
#284970000
1!
1E
#284980000
0!
0E
#284990000
1!
1E
#285000000
0!
0E
#285010000
1!
1E
#285020000
0!
0E
#285030000
1!
1E
#285040000
0!
0E
#285050000
1!
1E
#285060000
0!
0E
#285070000
1!
1E
#285080000
0!
0E
#285090000
1!
1E
#285100000
b10100001 ?
b111 A
1=
0!
1$
0E
#285110000
1!
1E
1_
1q
#285120000
0!
0E
#285130000
1!
1E
1e
1b
#285140000
0!
0E
#285150000
1!
1E
0b
#285160000
0!
0E
#285170000
1!
1E
#285180000
0!
0E
#285190000
1!
1E
#285200000
0!
0E
#285210000
1!
1E
#285220000
0!
0E
#285230000
1!
1E
#285240000
0!
0E
#285250000
1!
1E
#285260000
0!
0E
#285270000
1!
1E
#285280000
0!
0E
#285290000
1!
1E
#285300000
0!
0E
#285310000
1!
1E
#285320000
0!
0E
#285330000
1!
1E
#285340000
0!
0E
#285350000
1!
1E
#285360000
0!
0E
#285370000
1!
1E
#285380000
0!
0E
#285390000
1!
1E
#285400000
0!
0E
#285410000
1!
1E
#285420000
0!
0E
#285430000
1!
1E
#285440000
0!
0E
#285450000
1!
1E
#285460000
0!
0E
#285470000
1!
1E
#285480000
0!
0E
#285490000
1!
1E
#285500000
0!
0E
#285510000
1!
1E
#285520000
0!
0E
#285530000
1!
1E
#285540000
0!
0E
#285550000
1!
1E
#285560000
0!
0E
#285570000
1!
1E
#285580000
0!
0E
#285590000
1!
1E
#285600000
1#
0!
1G
0E
#285610000
1!
1E
1`
#285620000
0!
0E
#285630000
1!
1E
1f
1d
#285640000
0!
0E
#285650000
1!
1E
0d
b1 r
b11000011 i
1o
0k
#285660000
0!
0E
#285670000
1!
1E
#285680000
0!
0E
#285690000
1!
1E
#285700000
0!
0E
#285710000
1!
1E
#285720000
0!
0E
#285730000
1!
1E
#285740000
0!
0E
#285750000
1!
1E
#285760000
0!
0E
#285770000
1!
1E
#285780000
0!
0E
#285790000
1!
1E
#285800000
0!
0E
#285810000
1!
1E
#285820000
0!
0E
#285830000
1!
1E
#285840000
0!
0E
#285850000
1!
1E
#285860000
0!
0E
#285870000
1!
1E
#285880000
0!
0E
#285890000
1!
1E
#285900000
0!
0E
#285910000
1!
1E
#285920000
0!
0E
#285930000
1!
1E
#285940000
0!
0E
#285950000
1!
1E
#285960000
0!
0E
#285970000
1!
1E
#285980000
0!
0E
#285990000
1!
1E
#286000000
0!
0E
#286010000
1!
1E
#286020000
0!
0E
#286030000
1!
1E
#286040000
0!
0E
#286050000
1!
1E
#286060000
0!
0E
#286070000
1!
1E
#286080000
0!
0E
#286090000
1!
1E
#286100000
0!
0E
#286110000
1!
1E
#286120000
0!
0E
#286130000
1!
1E
#286140000
0!
0E
#286150000
1!
1E
#286160000
0!
0E
#286170000
1!
1E
#286180000
0!
0E
#286190000
1!
1E
#286200000
0!
0E
#286210000
1!
1E
#286220000
0!
0E
#286230000
1!
1E
#286240000
0!
0E
#286250000
1!
1E
#286260000
0!
0E
#286270000
1!
1E
#286280000
0!
0E
#286290000
1!
1E
#286300000
0!
0E
#286310000
1!
1E
#286320000
0!
0E
#286330000
1!
1E
#286340000
0!
0E
#286350000
1!
1E
#286360000
0!
0E
#286370000
1!
1E
#286380000
0!
0E
#286390000
1!
1E
#286400000
0!
0E
#286410000
1!
1E
#286420000
0!
0E
#286430000
1!
1E
#286440000
0!
0E
#286450000
1!
1E
#286460000
0!
0E
#286470000
1!
1E
#286480000
0!
0E
#286490000
1!
1E
#286500000
0!
0E
#286510000
1!
1E
#286520000
0!
0E
#286530000
1!
1E
#286540000
0!
0E
#286550000
1!
1E
#286560000
0!
0E
#286570000
1!
1E
#286580000
0!
0E
#286590000
1!
1E
#286600000
0#
0!
0G
0E
#286610000
1!
1E
0`
#286620000
0!
0E
#286630000
1!
1E
0f
1c
#286640000
0!
0E
#286650000
1!
1E
0c
#286660000
0!
0E
#286670000
1!
1E
#286680000
0!
0E
#286690000
1!
1E
#286700000
0!
0E
#286710000
1!
1E
#286720000
0!
0E
#286730000
1!
1E
#286740000
0!
0E
#286750000
1!
1E
#286760000
0!
0E
#286770000
1!
1E
#286780000
0!
0E
#286790000
1!
1E
#286800000
0!
0E
#286810000
1!
1E
#286820000
0!
0E
#286830000
1!
1E
#286840000
0!
0E
#286850000
1!
1E
#286860000
0!
0E
#286870000
1!
1E
#286880000
0!
0E
#286890000
1!
1E
#286900000
0!
0E
#286910000
1!
1E
#286920000
0!
0E
#286930000
1!
1E
#286940000
0!
0E
#286950000
1!
1E
#286960000
0!
0E
#286970000
1!
1E
#286980000
0!
0E
#286990000
1!
1E
#287000000
0!
0E
#287010000
1!
1E
#287020000
0!
0E
#287030000
1!
1E
#287040000
0!
0E
#287050000
1!
1E
#287060000
0!
0E
#287070000
1!
1E
#287080000
0!
0E
#287090000
1!
1E
#287100000
b110 A
0=
0!
0$
0E
#287110000
1!
1E
0_
0q
#287120000
0!
0E
#287130000
1!
1E
0e
1a
#287140000
0!
0E
#287150000
1!
1E
0a
#287160000
0!
0E
#287170000
1!
1E
#287180000
0!
0E
#287190000
1!
1E
#287200000
0!
0E
#287210000
1!
1E
#287220000
0!
0E
#287230000
1!
1E
#287240000
0!
0E
#287250000
1!
1E
#287260000
0!
0E
#287270000
1!
1E
#287280000
0!
0E
#287290000
1!
1E
#287300000
0!
0E
#287310000
1!
1E
#287320000
0!
0E
#287330000
1!
1E
#287340000
0!
0E
#287350000
1!
1E
#287360000
0!
0E
#287370000
1!
1E
#287380000
0!
0E
#287390000
1!
1E
#287400000
0!
0E
#287410000
1!
1E
#287420000
0!
0E
#287430000
1!
1E
#287440000
0!
0E
#287450000
1!
1E
#287460000
0!
0E
#287470000
1!
1E
#287480000
0!
0E
#287490000
1!
1E
#287500000
0!
0E
#287510000
1!
1E
#287520000
0!
0E
#287530000
1!
1E
#287540000
0!
0E
#287550000
1!
1E
#287560000
0!
0E
#287570000
1!
1E
#287580000
0!
0E
#287590000
1!
1E
#287600000
1#
0!
1G
0E
#287610000
1!
1E
1`
#287620000
0!
0E
#287630000
1!
1E
1f
1d
#287640000
0!
0E
#287650000
1!
1E
0d
b10 r
b10000110 i
0p
1n
0j
#287660000
0!
0E
#287670000
1!
1E
#287680000
0!
0E
#287690000
1!
1E
#287700000
0!
0E
#287710000
1!
1E
#287720000
0!
0E
#287730000
1!
1E
#287740000
0!
0E
#287750000
1!
1E
#287760000
0!
0E
#287770000
1!
1E
#287780000
0!
0E
#287790000
1!
1E
#287800000
0!
0E
#287810000
1!
1E
#287820000
0!
0E
#287830000
1!
1E
#287840000
0!
0E
#287850000
1!
1E
#287860000
0!
0E
#287870000
1!
1E
#287880000
0!
0E
#287890000
1!
1E
#287900000
0!
0E
#287910000
1!
1E
#287920000
0!
0E
#287930000
1!
1E
#287940000
0!
0E
#287950000
1!
1E
#287960000
0!
0E
#287970000
1!
1E
#287980000
0!
0E
#287990000
1!
1E
#288000000
0!
0E
#288010000
1!
1E
#288020000
0!
0E
#288030000
1!
1E
#288040000
0!
0E
#288050000
1!
1E
#288060000
0!
0E
#288070000
1!
1E
#288080000
0!
0E
#288090000
1!
1E
#288100000
0!
0E
#288110000
1!
1E
#288120000
0!
0E
#288130000
1!
1E
#288140000
0!
0E
#288150000
1!
1E
#288160000
0!
0E
#288170000
1!
1E
#288180000
0!
0E
#288190000
1!
1E
#288200000
0!
0E
#288210000
1!
1E
#288220000
0!
0E
#288230000
1!
1E
#288240000
0!
0E
#288250000
1!
1E
#288260000
0!
0E
#288270000
1!
1E
#288280000
0!
0E
#288290000
1!
1E
#288300000
0!
0E
#288310000
1!
1E
#288320000
0!
0E
#288330000
1!
1E
#288340000
0!
0E
#288350000
1!
1E
#288360000
0!
0E
#288370000
1!
1E
#288380000
0!
0E
#288390000
1!
1E
#288400000
0!
0E
#288410000
1!
1E
#288420000
0!
0E
#288430000
1!
1E
#288440000
0!
0E
#288450000
1!
1E
#288460000
0!
0E
#288470000
1!
1E
#288480000
0!
0E
#288490000
1!
1E
#288500000
0!
0E
#288510000
1!
1E
#288520000
0!
0E
#288530000
1!
1E
#288540000
0!
0E
#288550000
1!
1E
#288560000
0!
0E
#288570000
1!
1E
#288580000
0!
0E
#288590000
1!
1E
#288600000
0#
0!
0G
0E
#288610000
1!
1E
0`
#288620000
0!
0E
#288630000
1!
1E
0f
1c
#288640000
0!
0E
#288650000
1!
1E
0c
#288660000
0!
0E
#288670000
1!
1E
#288680000
0!
0E
#288690000
1!
1E
#288700000
0!
0E
#288710000
1!
1E
#288720000
0!
0E
#288730000
1!
1E
#288740000
0!
0E
#288750000
1!
1E
#288760000
0!
0E
#288770000
1!
1E
#288780000
0!
0E
#288790000
1!
1E
#288800000
0!
0E
#288810000
1!
1E
#288820000
0!
0E
#288830000
1!
1E
#288840000
0!
0E
#288850000
1!
1E
#288860000
0!
0E
#288870000
1!
1E
#288880000
0!
0E
#288890000
1!
1E
#288900000
0!
0E
#288910000
1!
1E
#288920000
0!
0E
#288930000
1!
1E
#288940000
0!
0E
#288950000
1!
1E
#288960000
0!
0E
#288970000
1!
1E
#288980000
0!
0E
#288990000
1!
1E
#289000000
0!
0E
#289010000
1!
1E
#289020000
0!
0E
#289030000
1!
1E
#289040000
0!
0E
#289050000
1!
1E
#289060000
0!
0E
#289070000
1!
1E
#289080000
0!
0E
#289090000
1!
1E
#289100000
b101 A
1=
0!
1$
0E
#289110000
1!
1E
1_
1q
#289120000
0!
0E
#289130000
1!
1E
1e
1b
#289140000
0!
0E
#289150000
1!
1E
0b
#289160000
0!
0E
#289170000
1!
1E
#289180000
0!
0E
#289190000
1!
1E
#289200000
0!
0E
#289210000
1!
1E
#289220000
0!
0E
#289230000
1!
1E
#289240000
0!
0E
#289250000
1!
1E
#289260000
0!
0E
#289270000
1!
1E
#289280000
0!
0E
#289290000
1!
1E
#289300000
0!
0E
#289310000
1!
1E
#289320000
0!
0E
#289330000
1!
1E
#289340000
0!
0E
#289350000
1!
1E
#289360000
0!
0E
#289370000
1!
1E
#289380000
0!
0E
#289390000
1!
1E
#289400000
0!
0E
#289410000
1!
1E
#289420000
0!
0E
#289430000
1!
1E
#289440000
0!
0E
#289450000
1!
1E
#289460000
0!
0E
#289470000
1!
1E
#289480000
0!
0E
#289490000
1!
1E
#289500000
0!
0E
#289510000
1!
1E
#289520000
0!
0E
#289530000
1!
1E
#289540000
0!
0E
#289550000
1!
1E
#289560000
0!
0E
#289570000
1!
1E
#289580000
0!
0E
#289590000
1!
1E
#289600000
1#
0!
1G
0E
#289610000
1!
1E
1`
#289620000
0!
0E
#289630000
1!
1E
1f
1d
#289640000
0!
0E
#289650000
1!
1E
0d
b11 r
b1101 i
1p
0o
1m
#289660000
0!
0E
#289670000
1!
1E
#289680000
0!
0E
#289690000
1!
1E
#289700000
0!
0E
#289710000
1!
1E
#289720000
0!
0E
#289730000
1!
1E
#289740000
0!
0E
#289750000
1!
1E
#289760000
0!
0E
#289770000
1!
1E
#289780000
0!
0E
#289790000
1!
1E
#289800000
0!
0E
#289810000
1!
1E
#289820000
0!
0E
#289830000
1!
1E
#289840000
0!
0E
#289850000
1!
1E
#289860000
0!
0E
#289870000
1!
1E
#289880000
0!
0E
#289890000
1!
1E
#289900000
0!
0E
#289910000
1!
1E
#289920000
0!
0E
#289930000
1!
1E
#289940000
0!
0E
#289950000
1!
1E
#289960000
0!
0E
#289970000
1!
1E
#289980000
0!
0E
#289990000
1!
1E
#290000000
0!
0E
#290010000
1!
1E
#290020000
0!
0E
#290030000
1!
1E
#290040000
0!
0E
#290050000
1!
1E
#290060000
0!
0E
#290070000
1!
1E
#290080000
0!
0E
#290090000
1!
1E
#290100000
0!
0E
#290110000
1!
1E
#290120000
0!
0E
#290130000
1!
1E
#290140000
0!
0E
#290150000
1!
1E
#290160000
0!
0E
#290170000
1!
1E
#290180000
0!
0E
#290190000
1!
1E
#290200000
0!
0E
#290210000
1!
1E
#290220000
0!
0E
#290230000
1!
1E
#290240000
0!
0E
#290250000
1!
1E
#290260000
0!
0E
#290270000
1!
1E
#290280000
0!
0E
#290290000
1!
1E
#290300000
0!
0E
#290310000
1!
1E
#290320000
0!
0E
#290330000
1!
1E
#290340000
0!
0E
#290350000
1!
1E
#290360000
0!
0E
#290370000
1!
1E
#290380000
0!
0E
#290390000
1!
1E
#290400000
0!
0E
#290410000
1!
1E
#290420000
0!
0E
#290430000
1!
1E
#290440000
0!
0E
#290450000
1!
1E
#290460000
0!
0E
#290470000
1!
1E
#290480000
0!
0E
#290490000
1!
1E
#290500000
0!
0E
#290510000
1!
1E
#290520000
0!
0E
#290530000
1!
1E
#290540000
0!
0E
#290550000
1!
1E
#290560000
0!
0E
#290570000
1!
1E
#290580000
0!
0E
#290590000
1!
1E
#290600000
0#
0!
0G
0E
#290610000
1!
1E
0`
#290620000
0!
0E
#290630000
1!
1E
0f
1c
#290640000
0!
0E
#290650000
1!
1E
0c
#290660000
0!
0E
#290670000
1!
1E
#290680000
0!
0E
#290690000
1!
1E
#290700000
0!
0E
#290710000
1!
1E
#290720000
0!
0E
#290730000
1!
1E
#290740000
0!
0E
#290750000
1!
1E
#290760000
0!
0E
#290770000
1!
1E
#290780000
0!
0E
#290790000
1!
1E
#290800000
0!
0E
#290810000
1!
1E
#290820000
0!
0E
#290830000
1!
1E
#290840000
0!
0E
#290850000
1!
1E
#290860000
0!
0E
#290870000
1!
1E
#290880000
0!
0E
#290890000
1!
1E
#290900000
0!
0E
#290910000
1!
1E
#290920000
0!
0E
#290930000
1!
1E
#290940000
0!
0E
#290950000
1!
1E
#290960000
0!
0E
#290970000
1!
1E
#290980000
0!
0E
#290990000
1!
1E
#291000000
0!
0E
#291010000
1!
1E
#291020000
0!
0E
#291030000
1!
1E
#291040000
0!
0E
#291050000
1!
1E
#291060000
0!
0E
#291070000
1!
1E
#291080000
0!
0E
#291090000
1!
1E
#291100000
b100 A
0=
0!
0$
0E
#291110000
1!
1E
0_
0q
#291120000
0!
0E
#291130000
1!
1E
0e
1a
#291140000
0!
0E
#291150000
1!
1E
0a
#291160000
0!
0E
#291170000
1!
1E
#291180000
0!
0E
#291190000
1!
1E
#291200000
0!
0E
#291210000
1!
1E
#291220000
0!
0E
#291230000
1!
1E
#291240000
0!
0E
#291250000
1!
1E
#291260000
0!
0E
#291270000
1!
1E
#291280000
0!
0E
#291290000
1!
1E
#291300000
0!
0E
#291310000
1!
1E
#291320000
0!
0E
#291330000
1!
1E
#291340000
0!
0E
#291350000
1!
1E
#291360000
0!
0E
#291370000
1!
1E
#291380000
0!
0E
#291390000
1!
1E
#291400000
0!
0E
#291410000
1!
1E
#291420000
0!
0E
#291430000
1!
1E
#291440000
0!
0E
#291450000
1!
1E
#291460000
0!
0E
#291470000
1!
1E
#291480000
0!
0E
#291490000
1!
1E
#291500000
0!
0E
#291510000
1!
1E
#291520000
0!
0E
#291530000
1!
1E
#291540000
0!
0E
#291550000
1!
1E
#291560000
0!
0E
#291570000
1!
1E
#291580000
0!
0E
#291590000
1!
1E
#291600000
1#
0!
1G
0E
#291610000
1!
1E
1`
#291620000
0!
0E
#291630000
1!
1E
1f
1d
#291640000
0!
0E
#291650000
1!
1E
0d
b100 r
b11010 i
0p
1o
0n
1l
#291660000
0!
0E
#291670000
1!
1E
#291680000
0!
0E
#291690000
1!
1E
#291700000
0!
0E
#291710000
1!
1E
#291720000
0!
0E
#291730000
1!
1E
#291740000
0!
0E
#291750000
1!
1E
#291760000
0!
0E
#291770000
1!
1E
#291780000
0!
0E
#291790000
1!
1E
#291800000
0!
0E
#291810000
1!
1E
#291820000
0!
0E
#291830000
1!
1E
#291840000
0!
0E
#291850000
1!
1E
#291860000
0!
0E
#291870000
1!
1E
#291880000
0!
0E
#291890000
1!
1E
#291900000
0!
0E
#291910000
1!
1E
#291920000
0!
0E
#291930000
1!
1E
#291940000
0!
0E
#291950000
1!
1E
#291960000
0!
0E
#291970000
1!
1E
#291980000
0!
0E
#291990000
1!
1E
#292000000
0!
0E
#292010000
1!
1E
#292020000
0!
0E
#292030000
1!
1E
#292040000
0!
0E
#292050000
1!
1E
#292060000
0!
0E
#292070000
1!
1E
#292080000
0!
0E
#292090000
1!
1E
#292100000
0!
0E
#292110000
1!
1E
#292120000
0!
0E
#292130000
1!
1E
#292140000
0!
0E
#292150000
1!
1E
#292160000
0!
0E
#292170000
1!
1E
#292180000
0!
0E
#292190000
1!
1E
#292200000
0!
0E
#292210000
1!
1E
#292220000
0!
0E
#292230000
1!
1E
#292240000
0!
0E
#292250000
1!
1E
#292260000
0!
0E
#292270000
1!
1E
#292280000
0!
0E
#292290000
1!
1E
#292300000
0!
0E
#292310000
1!
1E
#292320000
0!
0E
#292330000
1!
1E
#292340000
0!
0E
#292350000
1!
1E
#292360000
0!
0E
#292370000
1!
1E
#292380000
0!
0E
#292390000
1!
1E
#292400000
0!
0E
#292410000
1!
1E
#292420000
0!
0E
#292430000
1!
1E
#292440000
0!
0E
#292450000
1!
1E
#292460000
0!
0E
#292470000
1!
1E
#292480000
0!
0E
#292490000
1!
1E
#292500000
0!
0E
#292510000
1!
1E
#292520000
0!
0E
#292530000
1!
1E
#292540000
0!
0E
#292550000
1!
1E
#292560000
0!
0E
#292570000
1!
1E
#292580000
0!
0E
#292590000
1!
1E
#292600000
0#
0!
0G
0E
#292610000
1!
1E
0`
#292620000
0!
0E
#292630000
1!
1E
0f
1c
#292640000
0!
0E
#292650000
1!
1E
0c
#292660000
0!
0E
#292670000
1!
1E
#292680000
0!
0E
#292690000
1!
1E
#292700000
0!
0E
#292710000
1!
1E
#292720000
0!
0E
#292730000
1!
1E
#292740000
0!
0E
#292750000
1!
1E
#292760000
0!
0E
#292770000
1!
1E
#292780000
0!
0E
#292790000
1!
1E
#292800000
0!
0E
#292810000
1!
1E
#292820000
0!
0E
#292830000
1!
1E
#292840000
0!
0E
#292850000
1!
1E
#292860000
0!
0E
#292870000
1!
1E
#292880000
0!
0E
#292890000
1!
1E
#292900000
0!
0E
#292910000
1!
1E
#292920000
0!
0E
#292930000
1!
1E
#292940000
0!
0E
#292950000
1!
1E
#292960000
0!
0E
#292970000
1!
1E
#292980000
0!
0E
#292990000
1!
1E
#293000000
0!
0E
#293010000
1!
1E
#293020000
0!
0E
#293030000
1!
1E
#293040000
0!
0E
#293050000
1!
1E
#293060000
0!
0E
#293070000
1!
1E
#293080000
0!
0E
#293090000
1!
1E
#293100000
b11 A
0!
0E
#293110000
1!
1E
#293120000
0!
0E
#293130000
1!
1E
#293140000
0!
0E
#293150000
1!
1E
#293160000
0!
0E
#293170000
1!
1E
#293180000
0!
0E
#293190000
1!
1E
#293200000
0!
0E
#293210000
1!
1E
#293220000
0!
0E
#293230000
1!
1E
#293240000
0!
0E
#293250000
1!
1E
#293260000
0!
0E
#293270000
1!
1E
#293280000
0!
0E
#293290000
1!
1E
#293300000
0!
0E
#293310000
1!
1E
#293320000
0!
0E
#293330000
1!
1E
#293340000
0!
0E
#293350000
1!
1E
#293360000
0!
0E
#293370000
1!
1E
#293380000
0!
0E
#293390000
1!
1E
#293400000
0!
0E
#293410000
1!
1E
#293420000
0!
0E
#293430000
1!
1E
#293440000
0!
0E
#293450000
1!
1E
#293460000
0!
0E
#293470000
1!
1E
#293480000
0!
0E
#293490000
1!
1E
#293500000
0!
0E
#293510000
1!
1E
#293520000
0!
0E
#293530000
1!
1E
#293540000
0!
0E
#293550000
1!
1E
#293560000
0!
0E
#293570000
1!
1E
#293580000
0!
0E
#293590000
1!
1E
#293600000
1#
0!
1G
0E
#293610000
1!
1E
1`
#293620000
0!
0E
#293630000
1!
1E
1f
1d
#293640000
0!
0E
#293650000
1!
1E
0d
b101 r
b110100 i
0o
1n
0m
1k
#293660000
0!
0E
#293670000
1!
1E
#293680000
0!
0E
#293690000
1!
1E
#293700000
0!
0E
#293710000
1!
1E
#293720000
0!
0E
#293730000
1!
1E
#293740000
0!
0E
#293750000
1!
1E
#293760000
0!
0E
#293770000
1!
1E
#293780000
0!
0E
#293790000
1!
1E
#293800000
0!
0E
#293810000
1!
1E
#293820000
0!
0E
#293830000
1!
1E
#293840000
0!
0E
#293850000
1!
1E
#293860000
0!
0E
#293870000
1!
1E
#293880000
0!
0E
#293890000
1!
1E
#293900000
0!
0E
#293910000
1!
1E
#293920000
0!
0E
#293930000
1!
1E
#293940000
0!
0E
#293950000
1!
1E
#293960000
0!
0E
#293970000
1!
1E
#293980000
0!
0E
#293990000
1!
1E
#294000000
0!
0E
#294010000
1!
1E
#294020000
0!
0E
#294030000
1!
1E
#294040000
0!
0E
#294050000
1!
1E
#294060000
0!
0E
#294070000
1!
1E
#294080000
0!
0E
#294090000
1!
1E
#294100000
0!
0E
#294110000
1!
1E
#294120000
0!
0E
#294130000
1!
1E
#294140000
0!
0E
#294150000
1!
1E
#294160000
0!
0E
#294170000
1!
1E
#294180000
0!
0E
#294190000
1!
1E
#294200000
0!
0E
#294210000
1!
1E
#294220000
0!
0E
#294230000
1!
1E
#294240000
0!
0E
#294250000
1!
1E
#294260000
0!
0E
#294270000
1!
1E
#294280000
0!
0E
#294290000
1!
1E
#294300000
0!
0E
#294310000
1!
1E
#294320000
0!
0E
#294330000
1!
1E
#294340000
0!
0E
#294350000
1!
1E
#294360000
0!
0E
#294370000
1!
1E
#294380000
0!
0E
#294390000
1!
1E
#294400000
0!
0E
#294410000
1!
1E
#294420000
0!
0E
#294430000
1!
1E
#294440000
0!
0E
#294450000
1!
1E
#294460000
0!
0E
#294470000
1!
1E
#294480000
0!
0E
#294490000
1!
1E
#294500000
0!
0E
#294510000
1!
1E
#294520000
0!
0E
#294530000
1!
1E
#294540000
0!
0E
#294550000
1!
1E
#294560000
0!
0E
#294570000
1!
1E
#294580000
0!
0E
#294590000
1!
1E
#294600000
0#
0!
0G
0E
#294610000
1!
1E
0`
#294620000
0!
0E
#294630000
1!
1E
0f
1c
#294640000
0!
0E
#294650000
1!
1E
0c
#294660000
0!
0E
#294670000
1!
1E
#294680000
0!
0E
#294690000
1!
1E
#294700000
0!
0E
#294710000
1!
1E
#294720000
0!
0E
#294730000
1!
1E
#294740000
0!
0E
#294750000
1!
1E
#294760000
0!
0E
#294770000
1!
1E
#294780000
0!
0E
#294790000
1!
1E
#294800000
0!
0E
#294810000
1!
1E
#294820000
0!
0E
#294830000
1!
1E
#294840000
0!
0E
#294850000
1!
1E
#294860000
0!
0E
#294870000
1!
1E
#294880000
0!
0E
#294890000
1!
1E
#294900000
0!
0E
#294910000
1!
1E
#294920000
0!
0E
#294930000
1!
1E
#294940000
0!
0E
#294950000
1!
1E
#294960000
0!
0E
#294970000
1!
1E
#294980000
0!
0E
#294990000
1!
1E
#295000000
0!
0E
#295010000
1!
1E
#295020000
0!
0E
#295030000
1!
1E
#295040000
0!
0E
#295050000
1!
1E
#295060000
0!
0E
#295070000
1!
1E
#295080000
0!
0E
#295090000
1!
1E
#295100000
b10 A
0!
0E
#295110000
1!
1E
#295120000
0!
0E
#295130000
1!
1E
#295140000
0!
0E
#295150000
1!
1E
#295160000
0!
0E
#295170000
1!
1E
#295180000
0!
0E
#295190000
1!
1E
#295200000
0!
0E
#295210000
1!
1E
#295220000
0!
0E
#295230000
1!
1E
#295240000
0!
0E
#295250000
1!
1E
#295260000
0!
0E
#295270000
1!
1E
#295280000
0!
0E
#295290000
1!
1E
#295300000
0!
0E
#295310000
1!
1E
#295320000
0!
0E
#295330000
1!
1E
#295340000
0!
0E
#295350000
1!
1E
#295360000
0!
0E
#295370000
1!
1E
#295380000
0!
0E
#295390000
1!
1E
#295400000
0!
0E
#295410000
1!
1E
#295420000
0!
0E
#295430000
1!
1E
#295440000
0!
0E
#295450000
1!
1E
#295460000
0!
0E
#295470000
1!
1E
#295480000
0!
0E
#295490000
1!
1E
#295500000
0!
0E
#295510000
1!
1E
#295520000
0!
0E
#295530000
1!
1E
#295540000
0!
0E
#295550000
1!
1E
#295560000
0!
0E
#295570000
1!
1E
#295580000
0!
0E
#295590000
1!
1E
#295600000
1#
0!
1G
0E
#295610000
1!
1E
1`
#295620000
0!
0E
#295630000
1!
1E
1f
1d
#295640000
0!
0E
#295650000
1!
1E
0d
b110 r
b1101000 i
0n
1m
0l
1j
#295660000
0!
0E
#295670000
1!
1E
#295680000
0!
0E
#295690000
1!
1E
#295700000
0!
0E
#295710000
1!
1E
#295720000
0!
0E
#295730000
1!
1E
#295740000
0!
0E
#295750000
1!
1E
#295760000
0!
0E
#295770000
1!
1E
#295780000
0!
0E
#295790000
1!
1E
#295800000
0!
0E
#295810000
1!
1E
#295820000
0!
0E
#295830000
1!
1E
#295840000
0!
0E
#295850000
1!
1E
#295860000
0!
0E
#295870000
1!
1E
#295880000
0!
0E
#295890000
1!
1E
#295900000
0!
0E
#295910000
1!
1E
#295920000
0!
0E
#295930000
1!
1E
#295940000
0!
0E
#295950000
1!
1E
#295960000
0!
0E
#295970000
1!
1E
#295980000
0!
0E
#295990000
1!
1E
#296000000
0!
0E
#296010000
1!
1E
#296020000
0!
0E
#296030000
1!
1E
#296040000
0!
0E
#296050000
1!
1E
#296060000
0!
0E
#296070000
1!
1E
#296080000
0!
0E
#296090000
1!
1E
#296100000
0!
0E
#296110000
1!
1E
#296120000
0!
0E
#296130000
1!
1E
#296140000
0!
0E
#296150000
1!
1E
#296160000
0!
0E
#296170000
1!
1E
#296180000
0!
0E
#296190000
1!
1E
#296200000
0!
0E
#296210000
1!
1E
#296220000
0!
0E
#296230000
1!
1E
#296240000
0!
0E
#296250000
1!
1E
#296260000
0!
0E
#296270000
1!
1E
#296280000
0!
0E
#296290000
1!
1E
#296300000
0!
0E
#296310000
1!
1E
#296320000
0!
0E
#296330000
1!
1E
#296340000
0!
0E
#296350000
1!
1E
#296360000
0!
0E
#296370000
1!
1E
#296380000
0!
0E
#296390000
1!
1E
#296400000
0!
0E
#296410000
1!
1E
#296420000
0!
0E
#296430000
1!
1E
#296440000
0!
0E
#296450000
1!
1E
#296460000
0!
0E
#296470000
1!
1E
#296480000
0!
0E
#296490000
1!
1E
#296500000
0!
0E
#296510000
1!
1E
#296520000
0!
0E
#296530000
1!
1E
#296540000
0!
0E
#296550000
1!
1E
#296560000
0!
0E
#296570000
1!
1E
#296580000
0!
0E
#296590000
1!
1E
#296600000
0#
0!
0G
0E
#296610000
1!
1E
0`
#296620000
0!
0E
#296630000
1!
1E
0f
1c
#296640000
0!
0E
#296650000
1!
1E
0c
#296660000
0!
0E
#296670000
1!
1E
#296680000
0!
0E
#296690000
1!
1E
#296700000
0!
0E
#296710000
1!
1E
#296720000
0!
0E
#296730000
1!
1E
#296740000
0!
0E
#296750000
1!
1E
#296760000
0!
0E
#296770000
1!
1E
#296780000
0!
0E
#296790000
1!
1E
#296800000
0!
0E
#296810000
1!
1E
#296820000
0!
0E
#296830000
1!
1E
#296840000
0!
0E
#296850000
1!
1E
#296860000
0!
0E
#296870000
1!
1E
#296880000
0!
0E
#296890000
1!
1E
#296900000
0!
0E
#296910000
1!
1E
#296920000
0!
0E
#296930000
1!
1E
#296940000
0!
0E
#296950000
1!
1E
#296960000
0!
0E
#296970000
1!
1E
#296980000
0!
0E
#296990000
1!
1E
#297000000
0!
0E
#297010000
1!
1E
#297020000
0!
0E
#297030000
1!
1E
#297040000
0!
0E
#297050000
1!
1E
#297060000
0!
0E
#297070000
1!
1E
#297080000
0!
0E
#297090000
1!
1E
#297100000
b1 A
0!
0E
#297110000
1!
1E
#297120000
0!
0E
#297130000
1!
1E
#297140000
0!
0E
#297150000
1!
1E
#297160000
0!
0E
#297170000
1!
1E
#297180000
0!
0E
#297190000
1!
1E
#297200000
0!
0E
#297210000
1!
1E
#297220000
0!
0E
#297230000
1!
1E
#297240000
0!
0E
#297250000
1!
1E
#297260000
0!
0E
#297270000
1!
1E
#297280000
0!
0E
#297290000
1!
1E
#297300000
0!
0E
#297310000
1!
1E
#297320000
0!
0E
#297330000
1!
1E
#297340000
0!
0E
#297350000
1!
1E
#297360000
0!
0E
#297370000
1!
1E
#297380000
0!
0E
#297390000
1!
1E
#297400000
0!
0E
#297410000
1!
1E
#297420000
0!
0E
#297430000
1!
1E
#297440000
0!
0E
#297450000
1!
1E
#297460000
0!
0E
#297470000
1!
1E
#297480000
0!
0E
#297490000
1!
1E
#297500000
0!
0E
#297510000
1!
1E
#297520000
0!
0E
#297530000
1!
1E
#297540000
0!
0E
#297550000
1!
1E
#297560000
0!
0E
#297570000
1!
1E
#297580000
0!
0E
#297590000
1!
1E
#297600000
1#
0!
1G
0E
#297610000
1!
1E
1`
#297620000
0!
0E
#297630000
1!
1E
1f
1d
#297640000
0!
0E
#297650000
1!
1E
0d
b111 r
b11010000 i
0m
1l
0k
#297660000
0!
0E
#297670000
1!
1E
#297680000
0!
0E
#297690000
1!
1E
#297700000
0!
0E
#297710000
1!
1E
#297720000
0!
0E
#297730000
1!
1E
#297740000
0!
0E
#297750000
1!
1E
#297760000
0!
0E
#297770000
1!
1E
#297780000
0!
0E
#297790000
1!
1E
#297800000
0!
0E
#297810000
1!
1E
#297820000
0!
0E
#297830000
1!
1E
#297840000
0!
0E
#297850000
1!
1E
#297860000
0!
0E
#297870000
1!
1E
#297880000
0!
0E
#297890000
1!
1E
#297900000
0!
0E
#297910000
1!
1E
#297920000
0!
0E
#297930000
1!
1E
#297940000
0!
0E
#297950000
1!
1E
#297960000
0!
0E
#297970000
1!
1E
#297980000
0!
0E
#297990000
1!
1E
#298000000
0!
0E
#298010000
1!
1E
#298020000
0!
0E
#298030000
1!
1E
#298040000
0!
0E
#298050000
1!
1E
#298060000
0!
0E
#298070000
1!
1E
#298080000
0!
0E
#298090000
1!
1E
#298100000
0!
0E
#298110000
1!
1E
#298120000
0!
0E
#298130000
1!
1E
#298140000
0!
0E
#298150000
1!
1E
#298160000
0!
0E
#298170000
1!
1E
#298180000
0!
0E
#298190000
1!
1E
#298200000
0!
0E
#298210000
1!
1E
#298220000
0!
0E
#298230000
1!
1E
#298240000
0!
0E
#298250000
1!
1E
#298260000
0!
0E
#298270000
1!
1E
#298280000
0!
0E
#298290000
1!
1E
#298300000
0!
0E
#298310000
1!
1E
#298320000
0!
0E
#298330000
1!
1E
#298340000
0!
0E
#298350000
1!
1E
#298360000
0!
0E
#298370000
1!
1E
#298380000
0!
0E
#298390000
1!
1E
#298400000
0!
0E
#298410000
1!
1E
#298420000
0!
0E
#298430000
1!
1E
#298440000
0!
0E
#298450000
1!
1E
#298460000
0!
0E
#298470000
1!
1E
#298480000
0!
0E
#298490000
1!
1E
#298500000
0!
0E
#298510000
1!
1E
#298520000
0!
0E
#298530000
1!
1E
#298540000
0!
0E
#298550000
1!
1E
#298560000
0!
0E
#298570000
1!
1E
#298580000
0!
0E
#298590000
1!
1E
#298600000
0#
0!
0G
0E
#298610000
1!
1E
0`
#298620000
0!
0E
#298630000
1!
1E
0f
1c
#298640000
0!
0E
#298650000
1!
1E
0c
#298660000
0!
0E
#298670000
1!
1E
#298680000
0!
0E
#298690000
1!
1E
#298700000
0!
0E
#298710000
1!
1E
#298720000
0!
0E
#298730000
1!
1E
#298740000
0!
0E
#298750000
1!
1E
#298760000
0!
0E
#298770000
1!
1E
#298780000
0!
0E
#298790000
1!
1E
#298800000
0!
0E
#298810000
1!
1E
#298820000
0!
0E
#298830000
1!
1E
#298840000
0!
0E
#298850000
1!
1E
#298860000
0!
0E
#298870000
1!
1E
#298880000
0!
0E
#298890000
1!
1E
#298900000
0!
0E
#298910000
1!
1E
#298920000
0!
0E
#298930000
1!
1E
#298940000
0!
0E
#298950000
1!
1E
#298960000
0!
0E
#298970000
1!
1E
#298980000
0!
0E
#298990000
1!
1E
#299000000
0!
0E
#299010000
1!
1E
#299020000
0!
0E
#299030000
1!
1E
#299040000
0!
0E
#299050000
1!
1E
#299060000
0!
0E
#299070000
1!
1E
#299080000
0!
0E
#299090000
1!
1E
#299100000
b0 A
1=
0!
1$
0E
#299110000
1!
1E
1_
1q
#299120000
0!
0E
#299130000
1!
1E
1e
1b
#299140000
0!
0E
#299150000
1!
1E
0b
#299160000
0!
0E
#299170000
1!
1E
#299180000
0!
0E
#299190000
1!
1E
#299200000
0!
0E
#299210000
1!
1E
#299220000
0!
0E
#299230000
1!
1E
#299240000
0!
0E
#299250000
1!
1E
#299260000
0!
0E
#299270000
1!
1E
#299280000
0!
0E
#299290000
1!
1E
#299300000
0!
0E
#299310000
1!
1E
#299320000
0!
0E
#299330000
1!
1E
#299340000
0!
0E
#299350000
1!
1E
#299360000
0!
0E
#299370000
1!
1E
#299380000
0!
0E
#299390000
1!
1E
#299400000
0!
0E
#299410000
1!
1E
#299420000
0!
0E
#299430000
1!
1E
#299440000
0!
0E
#299450000
1!
1E
#299460000
0!
0E
#299470000
1!
1E
#299480000
0!
0E
#299490000
1!
1E
#299500000
0!
0E
#299510000
1!
1E
#299520000
0!
0E
#299530000
1!
1E
#299540000
0!
0E
#299550000
1!
1E
#299560000
0!
0E
#299570000
1!
1E
#299580000
0!
0E
#299590000
1!
1E
#299600000
1#
0!
1G
0E
#299610000
1!
1E
1`
#299620000
0!
0E
#299630000
1!
1E
1f
1d
b110 h
#299640000
0!
0E
#299650000
1!
1E
0d
b110 g
b0 r
b10100001 i
1t
1p
0l
1k
0j
#299660000
0!
0E
#299670000
1!
1E
#299680000
0!
0E
#299690000
1!
1E
#299700000
0!
0E
#299710000
1!
1E
#299720000
0!
0E
#299730000
1!
1E
#299740000
0!
0E
#299750000
1!
1E
#299760000
0!
0E
#299770000
1!
1E
#299780000
0!
0E
#299790000
1!
1E
#299800000
0!
0E
#299810000
1!
1E
#299820000
0!
0E
#299830000
1!
1E
#299840000
0!
0E
#299850000
1!
1E
#299860000
0!
0E
#299870000
1!
1E
#299880000
0!
0E
#299890000
1!
1E
#299900000
0!
0E
#299910000
1!
1E
#299920000
0!
0E
#299930000
1!
1E
#299940000
0!
0E
#299950000
1!
1E
#299960000
0!
0E
#299970000
1!
1E
#299980000
0!
0E
#299990000
1!
1E
#300000000
0!
0E
#300010000
1!
1E
#300020000
0!
0E
#300030000
1!
1E
#300040000
0!
0E
#300050000
1!
1E
#300060000
0!
0E
#300070000
1!
1E
#300080000
0!
0E
#300090000
1!
1E
#300100000
0!
0E
#300110000
1!
1E
#300120000
0!
0E
#300130000
1!
1E
#300140000
0!
0E
#300150000
1!
1E
#300160000
0!
0E
#300170000
1!
1E
#300180000
0!
0E
#300190000
1!
1E
#300200000
0!
0E
#300210000
1!
1E
#300220000
0!
0E
#300230000
1!
1E
#300240000
0!
0E
#300250000
1!
1E
#300260000
0!
0E
#300270000
1!
1E
#300280000
0!
0E
#300290000
1!
1E
#300300000
0!
0E
#300310000
1!
1E
#300320000
0!
0E
#300330000
1!
1E
#300340000
0!
0E
#300350000
1!
1E
#300360000
0!
0E
#300370000
1!
1E
#300380000
0!
0E
#300390000
1!
1E
#300400000
0!
0E
#300410000
1!
1E
#300420000
0!
0E
#300430000
1!
1E
#300440000
0!
0E
#300450000
1!
1E
#300460000
0!
0E
#300470000
1!
1E
#300480000
0!
0E
#300490000
1!
1E
#300500000
0!
0E
#300510000
1!
1E
#300520000
0!
0E
#300530000
1!
1E
#300540000
0!
0E
#300550000
1!
1E
#300560000
0!
0E
#300570000
1!
1E
#300580000
0!
0E
#300590000
1!
1E
#300600000
0#
0!
0G
0E
#300610000
1!
1E
0`
#300620000
0!
0E
#300630000
1!
1E
0f
1c
#300640000
0!
0E
#300650000
1!
1E
0c
0]
1^
0$
#300660000
0!
0E
#300670000
1!
1E
0_
0q
#300680000
0!
0E
#300690000
1!
1E
0e
1a
#300700000
0!
0E
#300710000
1!
1E
0a
#300720000
0!
0E
#300730000
1!
1E
#300740000
0!
0E
#300750000
1!
1E
#300760000
0!
0E
#300770000
1!
1E
#300780000
0!
0E
#300790000
1!
1E
#300800000
0!
0E
#300810000
1!
1E
#300820000
0!
0E
#300830000
1!
1E
#300840000
0!
0E
#300850000
1!
1E
#300860000
0!
0E
#300870000
1!
1E
#300880000
0!
0E
#300890000
1!
1E
#300900000
0!
0E
#300910000
1!
1E
#300920000
0!
0E
#300930000
1!
1E
#300940000
0!
0E
#300950000
1!
1E
#300960000
0!
0E
#300970000
1!
1E
#300980000
0!
0E
#300990000
1!
1E
#301000000
0!
0E
#301010000
1!
1E
#301020000
0!
0E
#301030000
1!
1E
#301040000
0!
0E
#301050000
1!
1E
#301060000
0!
0E
#301070000
1!
1E
#301080000
0!
0E
#301090000
1!
1E
#301100000
b11111111111111111111111111111111 A
0=
0!
0E
#301110000
1!
1E
#301120000
0!
0E
#301130000
1!
1E
#301140000
0!
0E
#301150000
1!
1E
#301160000
0!
0E
#301170000
1!
1E
#301180000
0!
0E
#301190000
1!
1E
#301200000
0!
0E
#301210000
1!
1E
#301220000
0!
0E
#301230000
1!
1E
#301240000
0!
0E
#301250000
1!
1E
#301260000
0!
0E
#301270000
1!
1E
#301280000
0!
0E
#301290000
1!
1E
#301300000
0!
0E
#301310000
1!
1E
#301320000
0!
0E
#301330000
1!
1E
#301340000
0!
0E
#301350000
1!
1E
#301360000
0!
0E
#301370000
1!
1E
#301380000
0!
0E
#301390000
1!
1E
#301400000
0!
0E
#301410000
1!
1E
#301420000
0!
0E
#301430000
1!
1E
#301440000
0!
0E
#301450000
1!
1E
#301460000
0!
0E
#301470000
1!
1E
#301480000
0!
0E
#301490000
1!
1E
#301500000
0!
0E
#301510000
1!
1E
#301520000
0!
0E
#301530000
1!
1E
#301540000
0!
0E
#301550000
1!
1E
#301560000
0!
0E
#301570000
1!
1E
#301580000
0!
0E
#301590000
1!
1E
#301600000
1#
0!
1G
0E
#301610000
1!
1E
1`
#301620000
0!
0E
#301630000
1!
1E
1f
1d
b101 h
#301640000
0!
0E
#301650000
1!
1E
0d
b101 g
#301660000
0!
0E
#301670000
1!
1E
#301680000
0!
0E
#301690000
1!
1E
#301700000
0!
0E
#301710000
1!
1E
#301720000
0!
0E
#301730000
1!
1E
#301740000
0!
0E
#301750000
1!
1E
#301760000
0!
0E
#301770000
1!
1E
#301780000
0!
0E
#301790000
1!
1E
#301800000
0!
0E
#301810000
1!
1E
#301820000
0!
0E
#301830000
1!
1E
#301840000
0!
0E
#301850000
1!
1E
#301860000
0!
0E
#301870000
1!
1E
#301880000
0!
0E
#301890000
1!
1E
#301900000
0!
0E
#301910000
1!
1E
#301920000
0!
0E
#301930000
1!
1E
#301940000
0!
0E
#301950000
1!
1E
#301960000
0!
0E
#301970000
1!
1E
#301980000
0!
0E
#301990000
1!
1E
#302000000
0!
0E
#302010000
1!
1E
#302020000
0!
0E
#302030000
1!
1E
#302040000
0!
0E
#302050000
1!
1E
#302060000
0!
0E
#302070000
1!
1E
#302080000
0!
0E
#302090000
1!
1E
#302100000
0!
0E
#302110000
1!
1E
#302120000
0!
0E
#302130000
1!
1E
#302140000
0!
0E
#302150000
1!
1E
#302160000
0!
0E
#302170000
1!
1E
#302180000
0!
0E
#302190000
1!
1E
#302200000
0!
0E
#302210000
1!
1E
#302220000
0!
0E
#302230000
1!
1E
#302240000
0!
0E
#302250000
1!
1E
#302260000
0!
0E
#302270000
1!
1E
#302280000
0!
0E
#302290000
1!
1E
#302300000
0!
0E
#302310000
1!
1E
#302320000
0!
0E
#302330000
1!
1E
#302340000
0!
0E
#302350000
1!
1E
#302360000
0!
0E
#302370000
1!
1E
#302380000
0!
0E
#302390000
1!
1E
#302400000
0!
0E
#302410000
1!
1E
#302420000
0!
0E
#302430000
1!
1E
#302440000
0!
0E
#302450000
1!
1E
#302460000
0!
0E
#302470000
1!
1E
#302480000
0!
0E
#302490000
1!
1E
#302500000
0!
0E
#302510000
1!
1E
#302520000
0!
0E
#302530000
1!
1E
#302540000
0!
0E
#302550000
1!
1E
#302560000
0!
0E
#302570000
1!
1E
#302580000
0!
0E
#302590000
1!
1E
#302600000
0#
0!
0G
0E
#302610000
1!
1E
0`
#302620000
0!
0E
#302630000
1!
1E
0f
1c
#302640000
0!
0E
#302650000
1!
1E
0c
1]
1$
#302660000
0!
0E
#302670000
1!
1E
1_
1q
#302680000
0!
0E
#302690000
1!
1E
1e
1b
#302700000
0!
0E
#302710000
1!
1E
0b
#302720000
0!
0E
#302730000
1!
1E
#302740000
0!
0E
#302750000
1!
1E
#302760000
0!
0E
#302770000
1!
1E
#302780000
0!
0E
#302790000
1!
1E
#302800000
0!
0E
#302810000
1!
1E
#302820000
0!
0E
#302830000
1!
1E
#302840000
0!
0E
#302850000
1!
1E
#302860000
0!
0E
#302870000
1!
1E
#302880000
0!
0E
#302890000
1!
1E
#302900000
0!
0E
#302910000
1!
1E
#302920000
0!
0E
#302930000
1!
1E
#302940000
0!
0E
#302950000
1!
1E
#302960000
0!
0E
#302970000
1!
1E
#302980000
0!
0E
#302990000
1!
1E
#303000000
0!
0E
#303010000
1!
1E
#303020000
0!
0E
#303030000
1!
1E
#303040000
0!
0E
#303050000
1!
1E
#303060000
0!
0E
#303070000
1!
1E
#303080000
0!
0E
#303090000
1!
1E
#303100000
b111 B
0!
0E
#303110000
1!
1E
#303120000
0!
0E
#303130000
1!
1E
#303140000
0!
0E
#303150000
1!
1E
#303160000
0!
0E
#303170000
1!
1E
#303180000
0!
0E
#303190000
1!
1E
#303200000
0!
0E
#303210000
1!
1E
#303220000
0!
0E
#303230000
1!
1E
#303240000
0!
0E
#303250000
1!
1E
#303260000
0!
0E
#303270000
1!
1E
#303280000
0!
0E
#303290000
1!
1E
#303300000
0!
0E
#303310000
1!
1E
#303320000
0!
0E
#303330000
1!
1E
#303340000
0!
0E
#303350000
1!
1E
#303360000
0!
0E
#303370000
1!
1E
#303380000
0!
0E
#303390000
1!
1E
#303400000
0!
0E
#303410000
1!
1E
#303420000
0!
0E
#303430000
1!
1E
#303440000
0!
0E
#303450000
1!
1E
#303460000
0!
0E
#303470000
1!
1E
#303480000
0!
0E
#303490000
1!
1E
#303500000
0!
0E
#303510000
1!
1E
#303520000
0!
0E
#303530000
1!
1E
#303540000
0!
0E
#303550000
1!
1E
#303560000
0!
0E
#303570000
1!
1E
#303580000
0!
0E
#303590000
1!
1E
#303600000
1#
0!
1G
0E
#303610000
1!
1E
1`
#303620000
0!
0E
#303630000
1!
1E
1f
1d
#303640000
0!
0E
#303650000
1!
1E
0d
b1 r
#303660000
0!
0E
#303670000
1!
1E
#303680000
0!
0E
#303690000
1!
1E
#303700000
0!
0E
#303710000
1!
1E
#303720000
0!
0E
#303730000
1!
1E
#303740000
0!
0E
#303750000
1!
1E
#303760000
0!
0E
#303770000
1!
1E
#303780000
0!
0E
#303790000
1!
1E
#303800000
0!
0E
#303810000
1!
1E
#303820000
0!
0E
#303830000
1!
1E
#303840000
0!
0E
#303850000
1!
1E
#303860000
0!
0E
#303870000
1!
1E
#303880000
0!
0E
#303890000
1!
1E
#303900000
0!
0E
#303910000
1!
1E
#303920000
0!
0E
#303930000
1!
1E
#303940000
0!
0E
#303950000
1!
1E
#303960000
0!
0E
#303970000
1!
1E
#303980000
0!
0E
#303990000
1!
1E
#304000000
0!
0E
#304010000
1!
1E
#304020000
0!
0E
#304030000
1!
1E
#304040000
0!
0E
#304050000
1!
1E
#304060000
0!
0E
#304070000
1!
1E
#304080000
0!
0E
#304090000
1!
1E
#304100000
0!
0E
#304110000
1!
1E
#304120000
0!
0E
#304130000
1!
1E
#304140000
0!
0E
#304150000
1!
1E
#304160000
0!
0E
#304170000
1!
1E
#304180000
0!
0E
#304190000
1!
1E
#304200000
0!
0E
#304210000
1!
1E
#304220000
0!
0E
#304230000
1!
1E
#304240000
0!
0E
#304250000
1!
1E
#304260000
0!
0E
#304270000
1!
1E
#304280000
0!
0E
#304290000
1!
1E
#304300000
0!
0E
#304310000
1!
1E
#304320000
0!
0E
#304330000
1!
1E
#304340000
0!
0E
#304350000
1!
1E
#304360000
0!
0E
#304370000
1!
1E
#304380000
0!
0E
#304390000
1!
1E
#304400000
0!
0E
#304410000
1!
1E
#304420000
0!
0E
#304430000
1!
1E
#304440000
0!
0E
#304450000
1!
1E
#304460000
0!
0E
#304470000
1!
1E
#304480000
0!
0E
#304490000
1!
1E
#304500000
0!
0E
#304510000
1!
1E
#304520000
0!
0E
#304530000
1!
1E
#304540000
0!
0E
#304550000
1!
1E
#304560000
0!
0E
#304570000
1!
1E
#304580000
0!
0E
#304590000
1!
1E
#304600000
0#
0!
0G
0E
#304610000
1!
1E
0`
#304620000
0!
0E
#304630000
1!
1E
0f
1c
#304640000
0!
0E
#304650000
1!
1E
0c
#304660000
0!
0E
#304670000
1!
1E
#304680000
0!
0E
#304690000
1!
1E
#304700000
0!
0E
#304710000
1!
1E
#304720000
0!
0E
#304730000
1!
1E
#304740000
0!
0E
#304750000
1!
1E
#304760000
0!
0E
#304770000
1!
1E
#304780000
0!
0E
#304790000
1!
1E
#304800000
0!
0E
#304810000
1!
1E
#304820000
0!
0E
#304830000
1!
1E
#304840000
0!
0E
#304850000
1!
1E
#304860000
0!
0E
#304870000
1!
1E
#304880000
0!
0E
#304890000
1!
1E
#304900000
0!
0E
#304910000
1!
1E
#304920000
0!
0E
#304930000
1!
1E
#304940000
0!
0E
#304950000
1!
1E
#304960000
0!
0E
#304970000
1!
1E
#304980000
0!
0E
#304990000
1!
1E
#305000000
0!
0E
#305010000
1!
1E
#305020000
0!
0E
#305030000
1!
1E
#305040000
0!
0E
#305050000
1!
1E
#305060000
0!
0E
#305070000
1!
1E
#305080000
0!
0E
#305090000
1!
1E
#305100000
b110 B
0!
0E
#305110000
1!
1E
#305120000
0!
0E
#305130000
1!
1E
#305140000
0!
0E
#305150000
1!
1E
#305160000
0!
0E
#305170000
1!
1E
#305180000
0!
0E
#305190000
1!
1E
#305200000
0!
0E
#305210000
1!
1E
#305220000
0!
0E
#305230000
1!
1E
#305240000
0!
0E
#305250000
1!
1E
#305260000
0!
0E
#305270000
1!
1E
#305280000
0!
0E
#305290000
1!
1E
#305300000
0!
0E
#305310000
1!
1E
#305320000
0!
0E
#305330000
1!
1E
#305340000
0!
0E
#305350000
1!
1E
#305360000
0!
0E
#305370000
1!
1E
#305380000
0!
0E
#305390000
1!
1E
#305400000
0!
0E
#305410000
1!
1E
#305420000
0!
0E
#305430000
1!
1E
#305440000
0!
0E
#305450000
1!
1E
#305460000
0!
0E
#305470000
1!
1E
#305480000
0!
0E
#305490000
1!
1E
#305500000
0!
0E
#305510000
1!
1E
#305520000
0!
0E
#305530000
1!
1E
#305540000
0!
0E
#305550000
1!
1E
#305560000
0!
0E
#305570000
1!
1E
#305580000
0!
0E
#305590000
1!
1E
#305600000
1#
0!
1G
0E
#305610000
1!
1E
1`
#305620000
0!
0E
#305630000
1!
1E
1f
1d
#305640000
0!
0E
#305650000
1!
1E
0d
b10 r
#305660000
0!
0E
#305670000
1!
1E
#305680000
0!
0E
#305690000
1!
1E
#305700000
0!
0E
#305710000
1!
1E
#305720000
0!
0E
#305730000
1!
1E
#305740000
0!
0E
#305750000
1!
1E
#305760000
0!
0E
#305770000
1!
1E
#305780000
0!
0E
#305790000
1!
1E
#305800000
0!
0E
#305810000
1!
1E
#305820000
0!
0E
#305830000
1!
1E
#305840000
0!
0E
#305850000
1!
1E
#305860000
0!
0E
#305870000
1!
1E
#305880000
0!
0E
#305890000
1!
1E
#305900000
0!
0E
#305910000
1!
1E
#305920000
0!
0E
#305930000
1!
1E
#305940000
0!
0E
#305950000
1!
1E
#305960000
0!
0E
#305970000
1!
1E
#305980000
0!
0E
#305990000
1!
1E
#306000000
0!
0E
#306010000
1!
1E
#306020000
0!
0E
#306030000
1!
1E
#306040000
0!
0E
#306050000
1!
1E
#306060000
0!
0E
#306070000
1!
1E
#306080000
0!
0E
#306090000
1!
1E
#306100000
0!
0E
#306110000
1!
1E
#306120000
0!
0E
#306130000
1!
1E
#306140000
0!
0E
#306150000
1!
1E
#306160000
0!
0E
#306170000
1!
1E
#306180000
0!
0E
#306190000
1!
1E
#306200000
0!
0E
#306210000
1!
1E
#306220000
0!
0E
#306230000
1!
1E
#306240000
0!
0E
#306250000
1!
1E
#306260000
0!
0E
#306270000
1!
1E
#306280000
0!
0E
#306290000
1!
1E
#306300000
0!
0E
#306310000
1!
1E
#306320000
0!
0E
#306330000
1!
1E
#306340000
0!
0E
#306350000
1!
1E
#306360000
0!
0E
#306370000
1!
1E
#306380000
0!
0E
#306390000
1!
1E
#306400000
0!
0E
#306410000
1!
1E
#306420000
0!
0E
#306430000
1!
1E
#306440000
0!
0E
#306450000
1!
1E
#306460000
0!
0E
#306470000
1!
1E
#306480000
0!
0E
#306490000
1!
1E
#306500000
0!
0E
#306510000
1!
1E
#306520000
0!
0E
#306530000
1!
1E
#306540000
0!
0E
#306550000
1!
1E
#306560000
0!
0E
#306570000
1!
1E
#306580000
0!
0E
#306590000
1!
1E
#306600000
0#
0!
0G
0E
#306610000
1!
1E
0`
#306620000
0!
0E
#306630000
1!
1E
0f
1c
#306640000
0!
0E
#306650000
1!
1E
0c
0]
0$
#306660000
0!
0E
#306670000
1!
1E
0_
0q
#306680000
0!
0E
#306690000
1!
1E
0e
1a
#306700000
0!
0E
#306710000
1!
1E
0a
#306720000
0!
0E
#306730000
1!
1E
#306740000
0!
0E
#306750000
1!
1E
#306760000
0!
0E
#306770000
1!
1E
#306780000
0!
0E
#306790000
1!
1E
#306800000
0!
0E
#306810000
1!
1E
#306820000
0!
0E
#306830000
1!
1E
#306840000
0!
0E
#306850000
1!
1E
#306860000
0!
0E
#306870000
1!
1E
#306880000
0!
0E
#306890000
1!
1E
#306900000
0!
0E
#306910000
1!
1E
#306920000
0!
0E
#306930000
1!
1E
#306940000
0!
0E
#306950000
1!
1E
#306960000
0!
0E
#306970000
1!
1E
#306980000
0!
0E
#306990000
1!
1E
#307000000
0!
0E
#307010000
1!
1E
#307020000
0!
0E
#307030000
1!
1E
#307040000
0!
0E
#307050000
1!
1E
#307060000
0!
0E
#307070000
1!
1E
#307080000
0!
0E
#307090000
1!
1E
#307100000
b101 B
0!
0E
#307110000
1!
1E
#307120000
0!
0E
#307130000
1!
1E
#307140000
0!
0E
#307150000
1!
1E
#307160000
0!
0E
#307170000
1!
1E
#307180000
0!
0E
#307190000
1!
1E
#307200000
0!
0E
#307210000
1!
1E
#307220000
0!
0E
#307230000
1!
1E
#307240000
0!
0E
#307250000
1!
1E
#307260000
0!
0E
#307270000
1!
1E
#307280000
0!
0E
#307290000
1!
1E
#307300000
0!
0E
#307310000
1!
1E
#307320000
0!
0E
#307330000
1!
1E
#307340000
0!
0E
#307350000
1!
1E
#307360000
0!
0E
#307370000
1!
1E
#307380000
0!
0E
#307390000
1!
1E
#307400000
0!
0E
#307410000
1!
1E
#307420000
0!
0E
#307430000
1!
1E
#307440000
0!
0E
#307450000
1!
1E
#307460000
0!
0E
#307470000
1!
1E
#307480000
0!
0E
#307490000
1!
1E
#307500000
0!
0E
#307510000
1!
1E
#307520000
0!
0E
#307530000
1!
1E
#307540000
0!
0E
#307550000
1!
1E
#307560000
0!
0E
#307570000
1!
1E
#307580000
0!
0E
#307590000
1!
1E
#307600000
1#
0!
1G
0E
#307610000
1!
1E
1`
#307620000
0!
0E
#307630000
1!
1E
1f
1d
#307640000
0!
0E
#307650000
1!
1E
0d
b11 r
#307660000
0!
0E
#307670000
1!
1E
#307680000
0!
0E
#307690000
1!
1E
#307700000
0!
0E
#307710000
1!
1E
#307720000
0!
0E
#307730000
1!
1E
#307740000
0!
0E
#307750000
1!
1E
#307760000
0!
0E
#307770000
1!
1E
#307780000
0!
0E
#307790000
1!
1E
#307800000
0!
0E
#307810000
1!
1E
#307820000
0!
0E
#307830000
1!
1E
#307840000
0!
0E
#307850000
1!
1E
#307860000
0!
0E
#307870000
1!
1E
#307880000
0!
0E
#307890000
1!
1E
#307900000
0!
0E
#307910000
1!
1E
#307920000
0!
0E
#307930000
1!
1E
#307940000
0!
0E
#307950000
1!
1E
#307960000
0!
0E
#307970000
1!
1E
#307980000
0!
0E
#307990000
1!
1E
#308000000
0!
0E
#308010000
1!
1E
#308020000
0!
0E
#308030000
1!
1E
#308040000
0!
0E
#308050000
1!
1E
#308060000
0!
0E
#308070000
1!
1E
#308080000
0!
0E
#308090000
1!
1E
#308100000
0!
0E
#308110000
1!
1E
#308120000
0!
0E
#308130000
1!
1E
#308140000
0!
0E
#308150000
1!
1E
#308160000
0!
0E
#308170000
1!
1E
#308180000
0!
0E
#308190000
1!
1E
#308200000
0!
0E
#308210000
1!
1E
#308220000
0!
0E
#308230000
1!
1E
#308240000
0!
0E
#308250000
1!
1E
#308260000
0!
0E
#308270000
1!
1E
#308280000
0!
0E
#308290000
1!
1E
#308300000
0!
0E
#308310000
1!
1E
#308320000
0!
0E
#308330000
1!
1E
#308340000
0!
0E
#308350000
1!
1E
#308360000
0!
0E
#308370000
1!
1E
#308380000
0!
0E
#308390000
1!
1E
#308400000
0!
0E
#308410000
1!
1E
#308420000
0!
0E
#308430000
1!
1E
#308440000
0!
0E
#308450000
1!
1E
#308460000
0!
0E
#308470000
1!
1E
#308480000
0!
0E
#308490000
1!
1E
#308500000
0!
0E
#308510000
1!
1E
#308520000
0!
0E
#308530000
1!
1E
#308540000
0!
0E
#308550000
1!
1E
#308560000
0!
0E
#308570000
1!
1E
#308580000
0!
0E
#308590000
1!
1E
#308600000
0#
0!
0G
0E
#308610000
1!
1E
0`
#308620000
0!
0E
#308630000
1!
1E
0f
1c
#308640000
0!
0E
#308650000
1!
1E
0c
#308660000
0!
0E
#308670000
1!
1E
#308680000
0!
0E
#308690000
1!
1E
#308700000
0!
0E
#308710000
1!
1E
#308720000
0!
0E
#308730000
1!
1E
#308740000
0!
0E
#308750000
1!
1E
#308760000
0!
0E
#308770000
1!
1E
#308780000
0!
0E
#308790000
1!
1E
#308800000
0!
0E
#308810000
1!
1E
#308820000
0!
0E
#308830000
1!
1E
#308840000
0!
0E
#308850000
1!
1E
#308860000
0!
0E
#308870000
1!
1E
#308880000
0!
0E
#308890000
1!
1E
#308900000
0!
0E
#308910000
1!
1E
#308920000
0!
0E
#308930000
1!
1E
#308940000
0!
0E
#308950000
1!
1E
#308960000
0!
0E
#308970000
1!
1E
#308980000
0!
0E
#308990000
1!
1E
#309000000
0!
0E
#309010000
1!
1E
#309020000
0!
0E
#309030000
1!
1E
#309040000
0!
0E
#309050000
1!
1E
#309060000
0!
0E
#309070000
1!
1E
#309080000
0!
0E
#309090000
1!
1E
#309100000
b100 B
0!
0E
#309110000
1!
1E
#309120000
0!
0E
#309130000
1!
1E
#309140000
0!
0E
#309150000
1!
1E
#309160000
0!
0E
#309170000
1!
1E
#309180000
0!
0E
#309190000
1!
1E
#309200000
0!
0E
#309210000
1!
1E
#309220000
0!
0E
#309230000
1!
1E
#309240000
0!
0E
#309250000
1!
1E
#309260000
0!
0E
#309270000
1!
1E
#309280000
0!
0E
#309290000
1!
1E
#309300000
0!
0E
#309310000
1!
1E
#309320000
0!
0E
#309330000
1!
1E
#309340000
0!
0E
#309350000
1!
1E
#309360000
0!
0E
#309370000
1!
1E
#309380000
0!
0E
#309390000
1!
1E
#309400000
0!
0E
#309410000
1!
1E
#309420000
0!
0E
#309430000
1!
1E
#309440000
0!
0E
#309450000
1!
1E
#309460000
0!
0E
#309470000
1!
1E
#309480000
0!
0E
#309490000
1!
1E
#309500000
0!
0E
#309510000
1!
1E
#309520000
0!
0E
#309530000
1!
1E
#309540000
0!
0E
#309550000
1!
1E
#309560000
0!
0E
#309570000
1!
1E
#309580000
0!
0E
#309590000
1!
1E
#309600000
1#
0!
1G
0E
#309610000
1!
1E
1`
#309620000
0!
0E
#309630000
1!
1E
1f
1d
#309640000
0!
0E
#309650000
1!
1E
0d
b100 r
#309660000
0!
0E
#309670000
1!
1E
#309680000
0!
0E
#309690000
1!
1E
#309700000
0!
0E
#309710000
1!
1E
#309720000
0!
0E
#309730000
1!
1E
#309740000
0!
0E
#309750000
1!
1E
#309760000
0!
0E
#309770000
1!
1E
#309780000
0!
0E
#309790000
1!
1E
#309800000
0!
0E
#309810000
1!
1E
#309820000
0!
0E
#309830000
1!
1E
#309840000
0!
0E
#309850000
1!
1E
#309860000
0!
0E
#309870000
1!
1E
#309880000
0!
0E
#309890000
1!
1E
#309900000
0!
0E
#309910000
1!
1E
#309920000
0!
0E
#309930000
1!
1E
#309940000
0!
0E
#309950000
1!
1E
#309960000
0!
0E
#309970000
1!
1E
#309980000
0!
0E
#309990000
1!
1E
#310000000
0!
0E
#310010000
1!
1E
#310020000
0!
0E
#310030000
1!
1E
#310040000
0!
0E
#310050000
1!
1E
#310060000
0!
0E
#310070000
1!
1E
#310080000
0!
0E
#310090000
1!
1E
#310100000
0!
0E
#310110000
1!
1E
#310120000
0!
0E
#310130000
1!
1E
#310140000
0!
0E
#310150000
1!
1E
#310160000
0!
0E
#310170000
1!
1E
#310180000
0!
0E
#310190000
1!
1E
#310200000
0!
0E
#310210000
1!
1E
#310220000
0!
0E
#310230000
1!
1E
#310240000
0!
0E
#310250000
1!
1E
#310260000
0!
0E
#310270000
1!
1E
#310280000
0!
0E
#310290000
1!
1E
#310300000
0!
0E
#310310000
1!
1E
#310320000
0!
0E
#310330000
1!
1E
#310340000
0!
0E
#310350000
1!
1E
#310360000
0!
0E
#310370000
1!
1E
#310380000
0!
0E
#310390000
1!
1E
#310400000
0!
0E
#310410000
1!
1E
#310420000
0!
0E
#310430000
1!
1E
#310440000
0!
0E
#310450000
1!
1E
#310460000
0!
0E
#310470000
1!
1E
#310480000
0!
0E
#310490000
1!
1E
#310500000
0!
0E
#310510000
1!
1E
#310520000
0!
0E
#310530000
1!
1E
#310540000
0!
0E
#310550000
1!
1E
#310560000
0!
0E
#310570000
1!
1E
#310580000
0!
0E
#310590000
1!
1E
#310600000
0#
0!
0G
0E
#310610000
1!
1E
0`
#310620000
0!
0E
#310630000
1!
1E
0f
1c
#310640000
0!
0E
#310650000
1!
1E
0c
#310660000
0!
0E
#310670000
1!
1E
#310680000
0!
0E
#310690000
1!
1E
#310700000
0!
0E
#310710000
1!
1E
#310720000
0!
0E
#310730000
1!
1E
#310740000
0!
0E
#310750000
1!
1E
#310760000
0!
0E
#310770000
1!
1E
#310780000
0!
0E
#310790000
1!
1E
#310800000
0!
0E
#310810000
1!
1E
#310820000
0!
0E
#310830000
1!
1E
#310840000
0!
0E
#310850000
1!
1E
#310860000
0!
0E
#310870000
1!
1E
#310880000
0!
0E
#310890000
1!
1E
#310900000
0!
0E
#310910000
1!
1E
#310920000
0!
0E
#310930000
1!
1E
#310940000
0!
0E
#310950000
1!
1E
#310960000
0!
0E
#310970000
1!
1E
#310980000
0!
0E
#310990000
1!
1E
#311000000
0!
0E
#311010000
1!
1E
#311020000
0!
0E
#311030000
1!
1E
#311040000
0!
0E
#311050000
1!
1E
#311060000
0!
0E
#311070000
1!
1E
#311080000
0!
0E
#311090000
1!
1E
#311100000
b11 B
0!
0E
#311110000
1!
1E
#311120000
0!
0E
#311130000
1!
1E
#311140000
0!
0E
#311150000
1!
1E
#311160000
0!
0E
#311170000
1!
1E
#311180000
0!
0E
#311190000
1!
1E
#311200000
0!
0E
#311210000
1!
1E
#311220000
0!
0E
#311230000
1!
1E
#311240000
0!
0E
#311250000
1!
1E
#311260000
0!
0E
#311270000
1!
1E
#311280000
0!
0E
#311290000
1!
1E
#311300000
0!
0E
#311310000
1!
1E
#311320000
0!
0E
#311330000
1!
1E
#311340000
0!
0E
#311350000
1!
1E
#311360000
0!
0E
#311370000
1!
1E
#311380000
0!
0E
#311390000
1!
1E
#311400000
0!
0E
#311410000
1!
1E
#311420000
0!
0E
#311430000
1!
1E
#311440000
0!
0E
#311450000
1!
1E
#311460000
0!
0E
#311470000
1!
1E
#311480000
0!
0E
#311490000
1!
1E
#311500000
0!
0E
#311510000
1!
1E
#311520000
0!
0E
#311530000
1!
1E
#311540000
0!
0E
#311550000
1!
1E
#311560000
0!
0E
#311570000
1!
1E
#311580000
0!
0E
#311590000
1!
1E
#311600000
1#
0!
1G
0E
#311610000
1!
1E
1`
#311620000
0!
0E
#311630000
1!
1E
1f
1d
#311640000
0!
0E
#311650000
1!
1E
0d
b101 r
#311660000
0!
0E
#311670000
1!
1E
#311680000
0!
0E
#311690000
1!
1E
#311700000
0!
0E
#311710000
1!
1E
#311720000
0!
0E
#311730000
1!
1E
#311740000
0!
0E
#311750000
1!
1E
#311760000
0!
0E
#311770000
1!
1E
#311780000
0!
0E
#311790000
1!
1E
#311800000
0!
0E
#311810000
1!
1E
#311820000
0!
0E
#311830000
1!
1E
#311840000
0!
0E
#311850000
1!
1E
#311860000
0!
0E
#311870000
1!
1E
#311880000
0!
0E
#311890000
1!
1E
#311900000
0!
0E
#311910000
1!
1E
#311920000
0!
0E
#311930000
1!
1E
#311940000
0!
0E
#311950000
1!
1E
#311960000
0!
0E
#311970000
1!
1E
#311980000
0!
0E
#311990000
1!
1E
#312000000
0!
0E
#312010000
1!
1E
#312020000
0!
0E
#312030000
1!
1E
#312040000
0!
0E
#312050000
1!
1E
#312060000
0!
0E
#312070000
1!
1E
#312080000
0!
0E
#312090000
1!
1E
#312100000
0!
0E
#312110000
1!
1E
#312120000
0!
0E
#312130000
1!
1E
#312140000
0!
0E
#312150000
1!
1E
#312160000
0!
0E
#312170000
1!
1E
#312180000
0!
0E
#312190000
1!
1E
#312200000
0!
0E
#312210000
1!
1E
#312220000
0!
0E
#312230000
1!
1E
#312240000
0!
0E
#312250000
1!
1E
#312260000
0!
0E
#312270000
1!
1E
#312280000
0!
0E
#312290000
1!
1E
#312300000
0!
0E
#312310000
1!
1E
#312320000
0!
0E
#312330000
1!
1E
#312340000
0!
0E
#312350000
1!
1E
#312360000
0!
0E
#312370000
1!
1E
#312380000
0!
0E
#312390000
1!
1E
#312400000
0!
0E
#312410000
1!
1E
#312420000
0!
0E
#312430000
1!
1E
#312440000
0!
0E
#312450000
1!
1E
#312460000
0!
0E
#312470000
1!
1E
#312480000
0!
0E
#312490000
1!
1E
#312500000
0!
0E
#312510000
1!
1E
#312520000
0!
0E
#312530000
1!
1E
#312540000
0!
0E
#312550000
1!
1E
#312560000
0!
0E
#312570000
1!
1E
#312580000
0!
0E
#312590000
1!
1E
#312600000
0#
0!
0G
0E
#312610000
1!
1E
0`
#312620000
0!
0E
#312630000
1!
1E
0f
1c
#312640000
0!
0E
#312650000
1!
1E
0c
#312660000
0!
0E
#312670000
1!
1E
#312680000
0!
0E
#312690000
1!
1E
#312700000
0!
0E
#312710000
1!
1E
#312720000
0!
0E
#312730000
1!
1E
#312740000
0!
0E
#312750000
1!
1E
#312760000
0!
0E
#312770000
1!
1E
#312780000
0!
0E
#312790000
1!
1E
#312800000
0!
0E
#312810000
1!
1E
#312820000
0!
0E
#312830000
1!
1E
#312840000
0!
0E
#312850000
1!
1E
#312860000
0!
0E
#312870000
1!
1E
#312880000
0!
0E
#312890000
1!
1E
#312900000
0!
0E
#312910000
1!
1E
#312920000
0!
0E
#312930000
1!
1E
#312940000
0!
0E
#312950000
1!
1E
#312960000
0!
0E
#312970000
1!
1E
#312980000
0!
0E
#312990000
1!
1E
#313000000
0!
0E
#313010000
1!
1E
#313020000
0!
0E
#313030000
1!
1E
#313040000
0!
0E
#313050000
1!
1E
#313060000
0!
0E
#313070000
1!
1E
#313080000
0!
0E
#313090000
1!
1E
#313100000
b10 B
0!
0E
#313110000
1!
1E
#313120000
0!
0E
#313130000
1!
1E
#313140000
0!
0E
#313150000
1!
1E
#313160000
0!
0E
#313170000
1!
1E
#313180000
0!
0E
#313190000
1!
1E
#313200000
0!
0E
#313210000
1!
1E
#313220000
0!
0E
#313230000
1!
1E
#313240000
0!
0E
#313250000
1!
1E
#313260000
0!
0E
#313270000
1!
1E
#313280000
0!
0E
#313290000
1!
1E
#313300000
0!
0E
#313310000
1!
1E
#313320000
0!
0E
#313330000
1!
1E
#313340000
0!
0E
#313350000
1!
1E
#313360000
0!
0E
#313370000
1!
1E
#313380000
0!
0E
#313390000
1!
1E
#313400000
0!
0E
#313410000
1!
1E
#313420000
0!
0E
#313430000
1!
1E
#313440000
0!
0E
#313450000
1!
1E
#313460000
0!
0E
#313470000
1!
1E
#313480000
0!
0E
#313490000
1!
1E
#313500000
0!
0E
#313510000
1!
1E
#313520000
0!
0E
#313530000
1!
1E
#313540000
0!
0E
#313550000
1!
1E
#313560000
0!
0E
#313570000
1!
1E
#313580000
0!
0E
#313590000
1!
1E
#313600000
1#
0!
1G
0E
#313610000
1!
1E
1`
#313620000
0!
0E
#313630000
1!
1E
1f
1d
#313640000
0!
0E
#313650000
1!
1E
0d
b110 r
#313660000
0!
0E
#313670000
1!
1E
#313680000
0!
0E
#313690000
1!
1E
#313700000
0!
0E
#313710000
1!
1E
#313720000
0!
0E
#313730000
1!
1E
#313740000
0!
0E
#313750000
1!
1E
#313760000
0!
0E
#313770000
1!
1E
#313780000
0!
0E
#313790000
1!
1E
#313800000
0!
0E
#313810000
1!
1E
#313820000
0!
0E
#313830000
1!
1E
#313840000
0!
0E
#313850000
1!
1E
#313860000
0!
0E
#313870000
1!
1E
#313880000
0!
0E
#313890000
1!
1E
#313900000
0!
0E
#313910000
1!
1E
#313920000
0!
0E
#313930000
1!
1E
#313940000
0!
0E
#313950000
1!
1E
#313960000
0!
0E
#313970000
1!
1E
#313980000
0!
0E
#313990000
1!
1E
#314000000
0!
0E
#314010000
1!
1E
#314020000
0!
0E
#314030000
1!
1E
#314040000
0!
0E
#314050000
1!
1E
#314060000
0!
0E
#314070000
1!
1E
#314080000
0!
0E
#314090000
1!
1E
#314100000
0!
0E
#314110000
1!
1E
#314120000
0!
0E
#314130000
1!
1E
#314140000
0!
0E
#314150000
1!
1E
#314160000
0!
0E
#314170000
1!
1E
#314180000
0!
0E
#314190000
1!
1E
#314200000
0!
0E
#314210000
1!
1E
#314220000
0!
0E
#314230000
1!
1E
#314240000
0!
0E
#314250000
1!
1E
#314260000
0!
0E
#314270000
1!
1E
#314280000
0!
0E
#314290000
1!
1E
#314300000
0!
0E
#314310000
1!
1E
#314320000
0!
0E
#314330000
1!
1E
#314340000
0!
0E
#314350000
1!
1E
#314360000
0!
0E
#314370000
1!
1E
#314380000
0!
0E
#314390000
1!
1E
#314400000
0!
0E
#314410000
1!
1E
#314420000
0!
0E
#314430000
1!
1E
#314440000
0!
0E
#314450000
1!
1E
#314460000
0!
0E
#314470000
1!
1E
#314480000
0!
0E
#314490000
1!
1E
#314500000
0!
0E
#314510000
1!
1E
#314520000
0!
0E
#314530000
1!
1E
#314540000
0!
0E
#314550000
1!
1E
#314560000
0!
0E
#314570000
1!
1E
#314580000
0!
0E
#314590000
1!
1E
#314600000
0#
0!
0G
0E
#314610000
1!
1E
0`
#314620000
0!
0E
#314630000
1!
1E
0f
1c
#314640000
0!
0E
#314650000
1!
1E
0c
1]
1$
#314660000
0!
0E
#314670000
1!
1E
1_
1q
#314680000
0!
0E
#314690000
1!
1E
1e
1b
#314700000
0!
0E
#314710000
1!
1E
0b
#314720000
0!
0E
#314730000
1!
1E
#314740000
0!
0E
#314750000
1!
1E
#314760000
0!
0E
#314770000
1!
1E
#314780000
0!
0E
#314790000
1!
1E
#314800000
0!
0E
#314810000
1!
1E
#314820000
0!
0E
#314830000
1!
1E
#314840000
0!
0E
#314850000
1!
1E
#314860000
0!
0E
#314870000
1!
1E
#314880000
0!
0E
#314890000
1!
1E
#314900000
0!
0E
#314910000
1!
1E
#314920000
0!
0E
#314930000
1!
1E
#314940000
0!
0E
#314950000
1!
1E
#314960000
0!
0E
#314970000
1!
1E
#314980000
0!
0E
#314990000
1!
1E
#315000000
0!
0E
#315010000
1!
1E
#315020000
0!
0E
#315030000
1!
1E
#315040000
0!
0E
#315050000
1!
1E
#315060000
0!
0E
#315070000
1!
1E
#315080000
0!
0E
#315090000
1!
1E
#315100000
b1 B
0!
0E
#315110000
1!
1E
#315120000
0!
0E
#315130000
1!
1E
#315140000
0!
0E
#315150000
1!
1E
#315160000
0!
0E
#315170000
1!
1E
#315180000
0!
0E
#315190000
1!
1E
#315200000
0!
0E
#315210000
1!
1E
#315220000
0!
0E
#315230000
1!
1E
#315240000
0!
0E
#315250000
1!
1E
#315260000
0!
0E
#315270000
1!
1E
#315280000
0!
0E
#315290000
1!
1E
#315300000
0!
0E
#315310000
1!
1E
#315320000
0!
0E
#315330000
1!
1E
#315340000
0!
0E
#315350000
1!
1E
#315360000
0!
0E
#315370000
1!
1E
#315380000
0!
0E
#315390000
1!
1E
#315400000
0!
0E
#315410000
1!
1E
#315420000
0!
0E
#315430000
1!
1E
#315440000
0!
0E
#315450000
1!
1E
#315460000
0!
0E
#315470000
1!
1E
#315480000
0!
0E
#315490000
1!
1E
#315500000
0!
0E
#315510000
1!
1E
#315520000
0!
0E
#315530000
1!
1E
#315540000
0!
0E
#315550000
1!
1E
#315560000
0!
0E
#315570000
1!
1E
#315580000
0!
0E
#315590000
1!
1E
#315600000
1#
0!
1G
0E
#315610000
1!
1E
1`
#315620000
0!
0E
#315630000
1!
1E
1f
1d
#315640000
0!
0E
#315650000
1!
1E
0d
b111 r
#315660000
0!
0E
#315670000
1!
1E
#315680000
0!
0E
#315690000
1!
1E
#315700000
0!
0E
#315710000
1!
1E
#315720000
0!
0E
#315730000
1!
1E
#315740000
0!
0E
#315750000
1!
1E
#315760000
0!
0E
#315770000
1!
1E
#315780000
0!
0E
#315790000
1!
1E
#315800000
0!
0E
#315810000
1!
1E
#315820000
0!
0E
#315830000
1!
1E
#315840000
0!
0E
#315850000
1!
1E
#315860000
0!
0E
#315870000
1!
1E
#315880000
0!
0E
#315890000
1!
1E
#315900000
0!
0E
#315910000
1!
1E
#315920000
0!
0E
#315930000
1!
1E
#315940000
0!
0E
#315950000
1!
1E
#315960000
0!
0E
#315970000
1!
1E
#315980000
0!
0E
#315990000
1!
1E
#316000000
0!
0E
#316010000
1!
1E
#316020000
0!
0E
#316030000
1!
1E
#316040000
0!
0E
#316050000
1!
1E
#316060000
0!
0E
#316070000
1!
1E
#316080000
0!
0E
#316090000
1!
1E
#316100000
0!
0E
#316110000
1!
1E
#316120000
0!
0E
#316130000
1!
1E
#316140000
0!
0E
#316150000
1!
1E
#316160000
0!
0E
#316170000
1!
1E
#316180000
0!
0E
#316190000
1!
1E
#316200000
0!
0E
#316210000
1!
1E
#316220000
0!
0E
#316230000
1!
1E
#316240000
0!
0E
#316250000
1!
1E
#316260000
0!
0E
#316270000
1!
1E
#316280000
0!
0E
#316290000
1!
1E
#316300000
0!
0E
#316310000
1!
1E
#316320000
0!
0E
#316330000
1!
1E
#316340000
0!
0E
#316350000
1!
1E
#316360000
0!
0E
#316370000
1!
1E
#316380000
0!
0E
#316390000
1!
1E
#316400000
0!
0E
#316410000
1!
1E
#316420000
0!
0E
#316430000
1!
1E
#316440000
0!
0E
#316450000
1!
1E
#316460000
0!
0E
#316470000
1!
1E
#316480000
0!
0E
#316490000
1!
1E
#316500000
0!
0E
#316510000
1!
1E
#316520000
0!
0E
#316530000
1!
1E
#316540000
0!
0E
#316550000
1!
1E
#316560000
0!
0E
#316570000
1!
1E
#316580000
0!
0E
#316590000
1!
1E
#316600000
0#
0!
0G
0E
#316610000
1!
1E
0`
#316620000
0!
0E
#316630000
1!
1E
0f
1c
#316640000
0!
0E
#316650000
1!
1E
0c
#316660000
0!
0E
#316670000
1!
1E
#316680000
0!
0E
#316690000
1!
1E
#316700000
0!
0E
#316710000
1!
1E
#316720000
0!
0E
#316730000
1!
1E
#316740000
0!
0E
#316750000
1!
1E
#316760000
0!
0E
#316770000
1!
1E
#316780000
0!
0E
#316790000
1!
1E
#316800000
0!
0E
#316810000
1!
1E
#316820000
0!
0E
#316830000
1!
1E
#316840000
0!
0E
#316850000
1!
1E
#316860000
0!
0E
#316870000
1!
1E
#316880000
0!
0E
#316890000
1!
1E
#316900000
0!
0E
#316910000
1!
1E
#316920000
0!
0E
#316930000
1!
1E
#316940000
0!
0E
#316950000
1!
1E
#316960000
0!
0E
#316970000
1!
1E
#316980000
0!
0E
#316990000
1!
1E
#317000000
0!
0E
#317010000
1!
1E
#317020000
0!
0E
#317030000
1!
1E
#317040000
0!
0E
#317050000
1!
1E
#317060000
0!
0E
#317070000
1!
1E
#317080000
0!
0E
#317090000
1!
1E
#317100000
b0 B
0!
0E
#317110000
1!
1E
#317120000
0!
0E
#317130000
1!
1E
#317140000
0!
0E
#317150000
1!
1E
#317160000
0!
0E
#317170000
1!
1E
#317180000
0!
0E
#317190000
1!
1E
#317200000
0!
0E
#317210000
1!
1E
#317220000
0!
0E
#317230000
1!
1E
#317240000
0!
0E
#317250000
1!
1E
#317260000
0!
0E
#317270000
1!
1E
#317280000
0!
0E
#317290000
1!
1E
#317300000
0!
0E
#317310000
1!
1E
#317320000
0!
0E
#317330000
1!
1E
#317340000
0!
0E
#317350000
1!
1E
#317360000
0!
0E
#317370000
1!
1E
#317380000
0!
0E
#317390000
1!
1E
#317400000
0!
0E
#317410000
1!
1E
#317420000
0!
0E
#317430000
1!
1E
#317440000
0!
0E
#317450000
1!
1E
#317460000
0!
0E
#317470000
1!
1E
#317480000
0!
0E
#317490000
1!
1E
#317500000
0!
0E
#317510000
1!
1E
#317520000
0!
0E
#317530000
1!
1E
#317540000
0!
0E
#317550000
1!
1E
#317560000
0!
0E
#317570000
1!
1E
#317580000
0!
0E
#317590000
1!
1E
#317600000
1#
0!
1G
0E
#317610000
1!
1E
1`
#317620000
0!
0E
#317630000
1!
1E
1f
1d
b1010 h
#317640000
0!
0E
#317650000
1!
1E
0d
b1010 g
b0 r
b110001 u
0}
1|
#317660000
0!
0E
#317670000
1!
1E
#317680000
0!
0E
#317690000
1!
1E
#317700000
0!
0E
#317710000
1!
1E
#317720000
0!
0E
#317730000
1!
1E
#317740000
0!
0E
#317750000
1!
1E
#317760000
0!
0E
#317770000
1!
1E
#317780000
0!
0E
#317790000
1!
1E
#317800000
0!
0E
#317810000
1!
1E
#317820000
0!
0E
#317830000
1!
1E
#317840000
0!
0E
#317850000
1!
1E
#317860000
0!
0E
#317870000
1!
1E
#317880000
0!
0E
#317890000
1!
1E
#317900000
0!
0E
#317910000
1!
1E
#317920000
0!
0E
#317930000
1!
1E
#317940000
0!
0E
#317950000
1!
1E
#317960000
0!
0E
#317970000
1!
1E
#317980000
0!
0E
#317990000
1!
1E
#318000000
0!
0E
#318010000
1!
1E
#318020000
0!
0E
#318030000
1!
1E
#318040000
0!
0E
#318050000
1!
1E
#318060000
0!
0E
#318070000
1!
1E
#318080000
0!
0E
#318090000
1!
1E
#318100000
0!
0E
#318110000
1!
1E
#318120000
0!
0E
#318130000
1!
1E
#318140000
0!
0E
#318150000
1!
1E
#318160000
0!
0E
#318170000
1!
1E
#318180000
0!
0E
#318190000
1!
1E
#318200000
0!
0E
#318210000
1!
1E
#318220000
0!
0E
#318230000
1!
1E
#318240000
0!
0E
#318250000
1!
1E
#318260000
0!
0E
#318270000
1!
1E
#318280000
0!
0E
#318290000
1!
1E
#318300000
0!
0E
#318310000
1!
1E
#318320000
0!
0E
#318330000
1!
1E
#318340000
0!
0E
#318350000
1!
1E
#318360000
0!
0E
#318370000
1!
1E
#318380000
0!
0E
#318390000
1!
1E
#318400000
0!
0E
#318410000
1!
1E
#318420000
0!
0E
#318430000
1!
1E
#318440000
0!
0E
#318450000
1!
1E
#318460000
0!
0E
#318470000
1!
1E
#318480000
0!
0E
#318490000
1!
1E
#318500000
0!
0E
#318510000
1!
1E
#318520000
0!
0E
#318530000
1!
1E
#318540000
0!
0E
#318550000
1!
1E
#318560000
0!
0E
#318570000
1!
1E
#318580000
0!
0E
#318590000
1!
1E
#318600000
0#
0!
0G
0E
#318610000
1!
1E
0`
#318620000
0!
0E
#318630000
1!
1E
0f
1c
#318640000
0!
0E
#318650000
1!
1E
0c
0^
0$
#318660000
0!
0E
#318670000
1!
1E
0_
0q
#318680000
0!
0E
#318690000
1!
1E
0e
1a
#318700000
0!
0E
#318710000
1!
1E
0a
#318720000
0!
0E
#318730000
1!
1E
#318740000
0!
0E
#318750000
1!
1E
#318760000
0!
0E
#318770000
1!
1E
#318780000
0!
0E
#318790000
1!
1E
#318800000
0!
0E
#318810000
1!
1E
#318820000
0!
0E
#318830000
1!
1E
#318840000
0!
0E
#318850000
1!
1E
#318860000
0!
0E
#318870000
1!
1E
#318880000
0!
0E
#318890000
1!
1E
#318900000
0!
0E
#318910000
1!
1E
#318920000
0!
0E
#318930000
1!
1E
#318940000
0!
0E
#318950000
1!
1E
#318960000
0!
0E
#318970000
1!
1E
#318980000
0!
0E
#318990000
1!
1E
#319000000
0!
0E
#319010000
1!
1E
#319020000
0!
0E
#319030000
1!
1E
#319040000
0!
0E
#319050000
1!
1E
#319060000
0!
0E
#319070000
1!
1E
#319080000
0!
0E
#319090000
1!
1E
#319100000
b11111111111111111111111111111111 B
1=
0!
1$
0E
#319110000
1!
1E
1_
1q
#319120000
0!
0E
#319130000
1!
1E
1e
1b
#319140000
0!
0E
#319150000
1!
1E
0b
#319160000
0!
0E
#319170000
1!
1E
#319180000
0!
0E
#319190000
1!
1E
#319200000
0!
0E
#319210000
1!
1E
#319220000
0!
0E
#319230000
1!
1E
#319240000
0!
0E
#319250000
1!
1E
#319260000
0!
0E
#319270000
1!
1E
#319280000
0!
0E
#319290000
1!
1E
#319300000
0!
0E
#319310000
1!
1E
#319320000
0!
0E
#319330000
1!
1E
#319340000
0!
0E
#319350000
1!
1E
#319360000
0!
0E
#319370000
1!
1E
#319380000
0!
0E
#319390000
1!
1E
#319400000
0!
0E
#319410000
1!
1E
#319420000
0!
0E
#319430000
1!
1E
#319440000
0!
0E
#319450000
1!
1E
#319460000
0!
0E
#319470000
1!
1E
#319480000
0!
0E
#319490000
1!
1E
#319500000
0!
0E
#319510000
1!
1E
#319520000
0!
0E
#319530000
1!
1E
#319540000
0!
0E
#319550000
1!
1E
#319560000
0!
0E
#319570000
1!
1E
#319580000
0!
0E
#319590000
1!
1E
#319600000
1#
0!
1G
0E
#319610000
1!
1E
1`
#319620000
0!
0E
#319630000
1!
1E
1f
1d
b0 h
#319640000
0!
0E
#319650000
1!
1E
0d
b0 g
#319660000
0!
0E
#319670000
1!
1E
#319680000
0!
0E
#319690000
1!
1E
#319700000
0!
0E
#319710000
1!
1E
#319720000
0!
0E
#319730000
1!
1E
#319740000
0!
0E
#319750000
1!
1E
#319760000
0!
0E
#319770000
1!
1E
#319780000
0!
0E
#319790000
1!
1E
#319800000
0!
0E
#319810000
1!
1E
#319820000
0!
0E
#319830000
1!
1E
#319840000
0!
0E
#319850000
1!
1E
#319860000
0!
0E
#319870000
1!
1E
#319880000
0!
0E
#319890000
1!
1E
#319900000
0!
0E
#319910000
1!
1E
#319920000
0!
0E
#319930000
1!
1E
#319940000
0!
0E
#319950000
1!
1E
#319960000
0!
0E
#319970000
1!
1E
#319980000
0!
0E
#319990000
1!
1E
#320000000
0!
0E
#320010000
1!
1E
#320020000
0!
0E
#320030000
1!
1E
#320040000
0!
0E
#320050000
1!
1E
#320060000
0!
0E
#320070000
1!
1E
#320080000
0!
0E
#320090000
1!
1E
#320100000
0!
0E
#320110000
1!
1E
#320120000
0!
0E
#320130000
1!
1E
#320140000
0!
0E
#320150000
1!
1E
#320160000
0!
0E
#320170000
1!
1E
#320180000
0!
0E
#320190000
1!
1E
#320200000
0!
0E
#320210000
1!
1E
#320220000
0!
0E
#320230000
1!
1E
#320240000
0!
0E
#320250000
1!
1E
#320260000
0!
0E
#320270000
1!
1E
#320280000
0!
0E
#320290000
1!
1E
#320300000
0!
0E
#320310000
1!
1E
#320320000
0!
0E
#320330000
1!
1E
#320340000
0!
0E
#320350000
1!
1E
#320360000
0!
0E
#320370000
1!
1E
#320380000
0!
0E
#320390000
1!
1E
#320400000
0!
0E
#320410000
1!
1E
#320420000
0!
0E
#320430000
1!
1E
#320440000
0!
0E
#320450000
1!
1E
#320460000
0!
0E
#320470000
1!
1E
#320480000
0!
0E
#320490000
1!
1E
#320500000
0!
0E
#320510000
1!
1E
#320520000
0!
0E
#320530000
1!
1E
#320540000
0!
0E
#320550000
1!
1E
#320560000
0!
0E
#320570000
1!
1E
#320580000
0!
0E
#320590000
1!
1E
#320600000
0#
0!
0G
0E
#320610000
1!
1E
0`
#320620000
0!
0E
#320630000
1!
1E
0f
1c
#320640000
0!
0E
#320650000
1!
1E
0c
#320660000
0!
0E
#320670000
1!
1E
#320680000
0!
0E
#320690000
1!
1E
#320700000
0!
0E
#320710000
1!
1E
#320720000
0!
0E
#320730000
1!
1E
#320740000
0!
0E
#320750000
1!
1E
#320760000
0!
0E
#320770000
1!
1E
#320780000
0!
0E
#320790000
1!
1E
#320800000
0!
0E
#320810000
1!
1E
#320820000
0!
0E
#320830000
1!
1E
#320840000
0!
0E
#320850000
1!
1E
#320860000
0!
0E
#320870000
1!
1E
#320880000
0!
0E
#320890000
1!
1E
#320900000
0!
0E
#320910000
1!
1E
#320920000
0!
0E
#320930000
1!
1E
#320940000
0!
0E
#320950000
1!
1E
#320960000
0!
0E
#320970000
1!
1E
#320980000
0!
0E
#320990000
1!
1E
#321000000
0!
0E
#321010000
1!
1E
#321020000
0!
0E
#321030000
1!
1E
#321040000
0!
0E
#321050000
1!
1E
#321060000
0!
0E
#321070000
1!
1E
#321080000
0!
0E
#321090000
1!
1E
#321100000
0=
0!
0$
0E
#321110000
1!
1E
0_
0q
#321120000
0!
0E
#321130000
1!
1E
0e
1a
#321140000
0!
0E
#321150000
1!
1E
0a
#321160000
0!
0E
#321170000
1!
1E
#321180000
0!
0E
#321190000
1!
1E
#321200000
0!
0E
#321210000
1!
1E
#321220000
0!
0E
#321230000
1!
1E
#321240000
0!
0E
#321250000
1!
1E
#321260000
0!
0E
#321270000
1!
1E
#321280000
0!
0E
#321290000
1!
1E
#321300000
0!
0E
#321310000
1!
1E
#321320000
0!
0E
#321330000
1!
1E
#321340000
0!
0E
#321350000
1!
1E
#321360000
0!
0E
#321370000
1!
1E
#321380000
0!
0E
#321390000
1!
1E
#321400000
0!
0E
#321410000
1!
1E
#321420000
0!
0E
#321430000
1!
1E
#321440000
0!
0E
#321450000
1!
1E
#321460000
0!
0E
#321470000
1!
1E
#321480000
0!
0E
#321490000
1!
1E
#321500000
0!
0E
#321510000
1!
1E
#321520000
0!
0E
#321530000
1!
1E
#321540000
0!
0E
#321550000
1!
1E
#321560000
0!
0E
#321570000
1!
1E
#321580000
0!
0E
#321590000
1!
1E
#321600000
0!
0E
#321610000
1!
1E
#321620000
0!
0E
#321630000
1!
1E
#321640000
0!
0E
#321650000
1!
1E
#321660000
0!
0E
#321670000
1!
1E
#321680000
0!
0E
#321690000
1!
1E
#321700000
0!
0E
#321710000
1!
1E
#321720000
0!
0E
#321730000
1!
1E
#321740000
0!
0E
#321750000
1!
1E
#321760000
0!
0E
#321770000
1!
1E
#321780000
0!
0E
#321790000
1!
1E
#321800000
0!
0E
#321810000
1!
1E
#321820000
0!
0E
#321830000
1!
1E
#321840000
0!
0E
#321850000
1!
1E
#321860000
0!
0E
#321870000
1!
1E
#321880000
0!
0E
#321890000
1!
1E
#321900000
0!
0E
#321910000
1!
1E
#321920000
0!
0E
#321930000
1!
1E
#321940000
0!
0E
#321950000
1!
1E
#321960000
0!
0E
#321970000
1!
1E
#321980000
0!
0E
#321990000
1!
1E
#322000000
0!
0E
#322010000
1!
1E
#322020000
0!
0E
#322030000
1!
1E
#322040000
0!
0E
#322050000
1!
1E
#322060000
0!
0E
#322070000
1!
1E
#322080000
0!
0E
#322090000
1!
1E
#322100000
1#
0!
1G
0E
#322110000
1!
1E
1`
#322120000
0!
0E
#322130000
1!
1E
1f
1d
#322140000
0!
0E
#322150000
1!
1E
0d
#322160000
0!
0E
#322170000
1!
1E
#322180000
0!
0E
#322190000
1!
1E
#322200000
0!
0E
#322210000
1!
1E
#322220000
0!
0E
#322230000
1!
1E
#322240000
0!
0E
#322250000
1!
1E
#322260000
0!
0E
#322270000
1!
1E
#322280000
0!
0E
#322290000
1!
1E
#322300000
0!
0E
#322310000
1!
1E
#322320000
0!
0E
#322330000
1!
1E
#322340000
0!
0E
#322350000
1!
1E
#322360000
0!
0E
#322370000
1!
1E
#322380000
0!
0E
#322390000
1!
1E
#322400000
0!
0E
#322410000
1!
1E
#322420000
0!
0E
#322430000
1!
1E
#322440000
0!
0E
#322450000
1!
1E
#322460000
0!
0E
#322470000
1!
1E
#322480000
0!
0E
#322490000
1!
1E
#322500000
0!
0E
#322510000
1!
1E
#322520000
0!
0E
#322530000
1!
1E
#322540000
0!
0E
#322550000
1!
1E
#322560000
0!
0E
#322570000
1!
1E
#322580000
0!
0E
#322590000
1!
1E
#322600000
0!
0E
#322610000
1!
1E
#322620000
0!
0E
#322630000
1!
1E
#322640000
0!
0E
#322650000
1!
1E
#322660000
0!
0E
#322670000
1!
1E
#322680000
0!
0E
#322690000
1!
1E
#322700000
0!
0E
#322710000
1!
1E
#322720000
0!
0E
#322730000
1!
1E
#322740000
0!
0E
#322750000
1!
1E
#322760000
0!
0E
#322770000
1!
1E
#322780000
0!
0E
#322790000
1!
1E
#322800000
0!
0E
#322810000
1!
1E
#322820000
0!
0E
#322830000
1!
1E
#322840000
0!
0E
#322850000
1!
1E
#322860000
0!
0E
#322870000
1!
1E
#322880000
0!
0E
#322890000
1!
1E
#322900000
0!
0E
#322910000
1!
1E
#322920000
0!
0E
#322930000
1!
1E
#322940000
0!
0E
#322950000
1!
1E
#322960000
0!
0E
#322970000
1!
1E
#322980000
0!
0E
#322990000
1!
1E
#323000000
0!
0E
#323010000
1!
1E
#323020000
0!
0E
#323030000
1!
1E
#323040000
0!
0E
#323050000
1!
1E
#323060000
0!
0E
#323070000
1!
1E
#323080000
0!
0E
#323090000
1!
1E
#323100000
1=
0!
1$
0E
#323110000
1!
1E
1_
1q
#323120000
0!
0E
#323130000
1!
1E
1e
1b
#323140000
0!
0E
#323150000
1!
1E
0b
#323160000
0!
0E
#323170000
1!
1E
#323180000
0!
0E
#323190000
1!
1E
#323200000
0!
0E
#323210000
1!
1E
#323220000
0!
0E
#323230000
1!
1E
#323240000
0!
0E
#323250000
1!
1E
#323260000
0!
0E
#323270000
1!
1E
#323280000
0!
0E
#323290000
1!
1E
#323300000
0!
0E
#323310000
1!
1E
#323320000
0!
0E
#323330000
1!
1E
#323340000
0!
0E
#323350000
1!
1E
#323360000
0!
0E
#323370000
1!
1E
#323380000
0!
0E
#323390000
1!
1E
#323400000
0!
0E
#323410000
1!
1E
#323420000
0!
0E
#323430000
1!
1E
#323440000
0!
0E
#323450000
1!
1E
#323460000
0!
0E
#323470000
1!
1E
#323480000
0!
0E
#323490000
1!
1E
#323500000
0!
0E
#323510000
1!
1E
#323520000
0!
0E
#323530000
1!
1E
#323540000
0!
0E
#323550000
1!
1E
#323560000
0!
0E
#323570000
1!
1E
#323580000
0!
0E
#323590000
1!
1E
#323600000
0!
0E
#323610000
1!
1E
#323620000
0!
0E
#323630000
1!
1E
#323640000
0!
0E
#323650000
1!
1E
#323660000
0!
0E
#323670000
1!
1E
#323680000
0!
0E
#323690000
1!
1E
#323700000
0!
0E
#323710000
1!
1E
#323720000
0!
0E
#323730000
1!
1E
#323740000
0!
0E
#323750000
1!
1E
#323760000
0!
0E
#323770000
1!
1E
#323780000
0!
0E
#323790000
1!
1E
#323800000
0!
0E
#323810000
1!
1E
#323820000
0!
0E
#323830000
1!
1E
#323840000
0!
0E
#323850000
1!
1E
#323860000
0!
0E
#323870000
1!
1E
#323880000
0!
0E
#323890000
1!
1E
#323900000
0!
0E
#323910000
1!
1E
#323920000
0!
0E
#323930000
1!
1E
#323940000
0!
0E
#323950000
1!
1E
#323960000
0!
0E
#323970000
1!
1E
#323980000
0!
0E
#323990000
1!
1E
#324000000
0!
0E
#324010000
1!
1E
#324020000
0!
0E
#324030000
1!
1E
#324040000
0!
0E
#324050000
1!
1E
#324060000
0!
0E
#324070000
1!
1E
#324080000
0!
0E
#324090000
1!
1E
#324100000
b10000101 :
0!
0E
#324110000
1!
1E
#324120000
0!
0E
#324130000
1!
1E
#324140000
0!
0E
#324150000
1!
1E
#324160000
0!
0E
#324170000
1!
1E
#324180000
0!
0E
#324190000
1!
1E
#324200000
0!
0E
#324210000
1!
1E
#324220000
0!
0E
#324230000
1!
1E
#324240000
0!
0E
#324250000
1!
1E
#324260000
0!
0E
#324270000
1!
1E
#324280000
0!
0E
#324290000
1!
1E
#324300000
0!
0E
#324310000
1!
1E
#324320000
0!
0E
#324330000
1!
1E
#324340000
0!
0E
#324350000
1!
1E
#324360000
0!
0E
#324370000
1!
1E
#324380000
0!
0E
#324390000
1!
1E
#324400000
0!
0E
#324410000
1!
1E
#324420000
0!
0E
#324430000
1!
1E
#324440000
0!
0E
#324450000
1!
1E
#324460000
0!
0E
#324470000
1!
1E
#324480000
0!
0E
#324490000
1!
1E
#324500000
0!
0E
#324510000
1!
1E
#324520000
0!
0E
#324530000
1!
1E
#324540000
0!
0E
#324550000
1!
1E
#324560000
0!
0E
#324570000
1!
1E
#324580000
0!
0E
#324590000
1!
1E
#324600000
0!
0E
#324610000
1!
1E
#324620000
0!
0E
#324630000
1!
1E
#324640000
0!
0E
#324650000
1!
1E
#324660000
0!
0E
#324670000
1!
1E
#324680000
0!
0E
#324690000
1!
1E
#324700000
0!
0E
#324710000
1!
1E
#324720000
0!
0E
#324730000
1!
1E
#324740000
0!
0E
#324750000
1!
1E
#324760000
0!
0E
#324770000
1!
1E
#324780000
0!
0E
#324790000
1!
1E
#324800000
0!
0E
#324810000
1!
1E
#324820000
0!
0E
#324830000
1!
1E
#324840000
0!
0E
#324850000
1!
1E
#324860000
0!
0E
#324870000
1!
1E
#324880000
0!
0E
#324890000
1!
1E
#324900000
0!
0E
#324910000
1!
1E
#324920000
0!
0E
#324930000
1!
1E
#324940000
0!
0E
#324950000
1!
1E
#324960000
0!
0E
#324970000
1!
1E
#324980000
0!
0E
#324990000
1!
1E
#325000000
0!
0E
#325010000
1!
1E
#325020000
0!
0E
#325030000
1!
1E
#325040000
0!
0E
#325050000
1!
1E
#325060000
0!
0E
#325070000
1!
1E
#325080000
0!
0E
#325090000
1!
1E
#325100000
b10000100 <
0!
0E
#325110000
1!
1E
#325120000
0!
0E
#325130000
1!
1E
#325140000
0!
0E
#325150000
1!
1E
#325160000
0!
0E
#325170000
1!
1E
#325180000
0!
0E
#325190000
1!
1E
#325200000
0!
0E
#325210000
1!
1E
#325220000
0!
0E
#325230000
1!
1E
#325240000
0!
0E
#325250000
1!
1E
#325260000
0!
0E
#325270000
1!
1E
#325280000
0!
0E
#325290000
1!
1E
#325300000
0!
0E
#325310000
1!
1E
#325320000
0!
0E
#325330000
1!
1E
#325340000
0!
0E
#325350000
1!
1E
#325360000
0!
0E
#325370000
1!
1E
#325380000
0!
0E
#325390000
1!
1E
#325400000
0!
0E
#325410000
1!
1E
#325420000
0!
0E
#325430000
1!
1E
#325440000
0!
0E
#325450000
1!
1E
#325460000
0!
0E
#325470000
1!
1E
#325480000
0!
0E
#325490000
1!
1E
#325500000
0!
0E
#325510000
1!
1E
#325520000
0!
0E
#325530000
1!
1E
#325540000
0!
0E
#325550000
1!
1E
#325560000
0!
0E
#325570000
1!
1E
#325580000
0!
0E
#325590000
1!
1E
#325600000
0!
0E
#325610000
1!
1E
#325620000
0!
0E
#325630000
1!
1E
#325640000
0!
0E
#325650000
1!
1E
#325660000
0!
0E
#325670000
1!
1E
#325680000
0!
0E
#325690000
1!
1E
#325700000
0!
0E
#325710000
1!
1E
#325720000
0!
0E
#325730000
1!
1E
#325740000
0!
0E
#325750000
1!
1E
#325760000
0!
0E
#325770000
1!
1E
#325780000
0!
0E
#325790000
1!
1E
#325800000
0!
0E
#325810000
1!
1E
#325820000
0!
0E
#325830000
1!
1E
#325840000
0!
0E
#325850000
1!
1E
#325860000
0!
0E
#325870000
1!
1E
#325880000
0!
0E
#325890000
1!
1E
#325900000
0!
0E
#325910000
1!
1E
#325920000
0!
0E
#325930000
1!
1E
#325940000
0!
0E
#325950000
1!
1E
#325960000
0!
0E
#325970000
1!
1E
#325980000
0!
0E
#325990000
1!
1E
#326000000
0!
0E
#326010000
1!
1E
#326020000
0!
0E
#326030000
1!
1E
#326040000
0!
0E
#326050000
1!
1E
#326060000
0!
0E
#326070000
1!
1E
#326080000
0!
0E
#326090000
1!
1E
#326100000
0!
0E
#326110000
1!
1E
#326120000
0!
0E
#326130000
1!
1E
#326140000
0!
0E
#326150000
1!
1E
#326160000
0!
0E
#326170000
1!
1E
#326180000
0!
0E
#326190000
1!
1E
#326200000
0!
0E
#326210000
1!
1E
#326220000
0!
0E
#326230000
1!
1E
#326240000
0!
0E
#326250000
1!
1E
#326260000
0!
0E
#326270000
1!
1E
#326280000
0!
0E
#326290000
1!
1E
#326300000
0!
0E
#326310000
1!
1E
#326320000
0!
0E
#326330000
1!
1E
#326340000
0!
0E
#326350000
1!
1E
#326360000
0!
0E
#326370000
1!
1E
#326380000
0!
0E
#326390000
1!
1E
#326400000
0!
0E
#326410000
1!
1E
#326420000
0!
0E
#326430000
1!
1E
#326440000
0!
0E
#326450000
1!
1E
#326460000
0!
0E
#326470000
1!
1E
#326480000
0!
0E
#326490000
1!
1E
#326500000
0!
0E
#326510000
1!
1E
#326520000
0!
0E
#326530000
1!
1E
#326540000
0!
0E
#326550000
1!
1E
#326560000
0!
0E
#326570000
1!
1E
#326580000
0!
0E
#326590000
1!
1E
#326600000
0!
0E
#326610000
1!
1E
#326620000
0!
0E
#326630000
1!
1E
#326640000
0!
0E
#326650000
1!
1E
#326660000
0!
0E
#326670000
1!
1E
#326680000
0!
0E
#326690000
1!
1E
#326700000
0!
0E
#326710000
1!
1E
#326720000
0!
0E
#326730000
1!
1E
#326740000
0!
0E
#326750000
1!
1E
#326760000
0!
0E
#326770000
1!
1E
#326780000
0!
0E
#326790000
1!
1E
#326800000
0!
0E
#326810000
1!
1E
#326820000
0!
0E
#326830000
1!
1E
#326840000
0!
0E
#326850000
1!
1E
#326860000
0!
0E
#326870000
1!
1E
#326880000
0!
0E
#326890000
1!
1E
#326900000
0!
0E
#326910000
1!
1E
#326920000
0!
0E
#326930000
1!
1E
#326940000
0!
0E
#326950000
1!
1E
#326960000
0!
0E
#326970000
1!
1E
#326980000
0!
0E
#326990000
1!
1E
#327000000
0!
0E
#327010000
1!
1E
#327020000
0!
0E
#327030000
1!
1E
#327040000
0!
0E
#327050000
1!
1E
#327060000
0!
0E
#327070000
1!
1E
#327080000
0!
0E
#327090000
1!
1E
#327100000
0=
0!
0$
0E
#327110000
1!
1E
0_
0q
#327120000
0!
0E
#327130000
1!
1E
0e
1a
b1 h
#327140000
0!
0E
#327150000
1!
1E
0a
b1 g
#327160000
0!
0E
#327170000
1!
1E
#327180000
0!
0E
#327190000
1!
1E
#327200000
0!
0E
#327210000
1!
1E
#327220000
0!
0E
#327230000
1!
1E
#327240000
0!
0E
#327250000
1!
1E
#327260000
0!
0E
#327270000
1!
1E
#327280000
0!
0E
#327290000
1!
1E
#327300000
0!
0E
#327310000
1!
1E
#327320000
0!
0E
#327330000
1!
1E
#327340000
0!
0E
#327350000
1!
1E
#327360000
0!
0E
#327370000
1!
1E
#327380000
0!
0E
#327390000
1!
1E
#327400000
0!
0E
#327410000
1!
1E
#327420000
0!
0E
#327430000
1!
1E
#327440000
0!
0E
#327450000
1!
1E
#327460000
0!
0E
#327470000
1!
1E
#327480000
0!
0E
#327490000
1!
1E
#327500000
0!
0E
#327510000
1!
1E
#327520000
0!
0E
#327530000
1!
1E
#327540000
0!
0E
#327550000
1!
1E
#327560000
0!
0E
#327570000
1!
1E
#327580000
0!
0E
#327590000
1!
1E
#327600000
0!
0E
#327610000
1!
1E
#327620000
0!
0E
#327630000
1!
1E
#327640000
0!
0E
#327650000
1!
1E
#327660000
0!
0E
#327670000
1!
1E
#327680000
0!
0E
#327690000
1!
1E
#327700000
0!
0E
#327710000
1!
1E
#327720000
0!
0E
#327730000
1!
1E
#327740000
0!
0E
#327750000
1!
1E
#327760000
0!
0E
#327770000
1!
1E
#327780000
0!
0E
#327790000
1!
1E
#327800000
0!
0E
#327810000
1!
1E
#327820000
0!
0E
#327830000
1!
1E
#327840000
0!
0E
#327850000
1!
1E
#327860000
0!
0E
#327870000
1!
1E
#327880000
0!
0E
#327890000
1!
1E
#327900000
0!
0E
#327910000
1!
1E
#327920000
0!
0E
#327930000
1!
1E
#327940000
0!
0E
#327950000
1!
1E
#327960000
0!
0E
#327970000
1!
1E
#327980000
0!
0E
#327990000
1!
1E
#328000000
0!
0E
#328010000
1!
1E
#328020000
0!
0E
#328030000
1!
1E
#328040000
0!
0E
#328050000
1!
1E
#328060000
0!
0E
#328070000
1!
1E
#328080000
0!
0E
#328090000
1!
1E
#328100000
0#
0!
0G
0E
#328110000
1!
1E
0`
#328120000
0!
0E
#328130000
1!
1E
0f
1c
b10 h
#328140000
0!
0E
#328150000
1!
1E
0c
b10 g
#328160000
0!
0E
#328170000
1!
1E
#328180000
0!
0E
#328190000
1!
1E
#328200000
0!
0E
#328210000
1!
1E
#328220000
0!
0E
#328230000
1!
1E
#328240000
0!
0E
#328250000
1!
1E
#328260000
0!
0E
#328270000
1!
1E
#328280000
0!
0E
#328290000
1!
1E
#328300000
0!
0E
#328310000
1!
1E
#328320000
0!
0E
#328330000
1!
1E
#328340000
0!
0E
#328350000
1!
1E
#328360000
0!
0E
#328370000
1!
1E
#328380000
0!
0E
#328390000
1!
1E
#328400000
0!
0E
#328410000
1!
1E
#328420000
0!
0E
#328430000
1!
1E
#328440000
0!
0E
#328450000
1!
1E
#328460000
0!
0E
#328470000
1!
1E
#328480000
0!
0E
#328490000
1!
1E
#328500000
0!
0E
#328510000
1!
1E
#328520000
0!
0E
#328530000
1!
1E
#328540000
0!
0E
#328550000
1!
1E
#328560000
0!
0E
#328570000
1!
1E
#328580000
0!
0E
#328590000
1!
1E
#328600000
0!
0E
#328610000
1!
1E
#328620000
0!
0E
#328630000
1!
1E
#328640000
0!
0E
#328650000
1!
1E
#328660000
0!
0E
#328670000
1!
1E
#328680000
0!
0E
#328690000
1!
1E
#328700000
0!
0E
#328710000
1!
1E
#328720000
0!
0E
#328730000
1!
1E
#328740000
0!
0E
#328750000
1!
1E
#328760000
0!
0E
#328770000
1!
1E
#328780000
0!
0E
#328790000
1!
1E
#328800000
0!
0E
#328810000
1!
1E
#328820000
0!
0E
#328830000
1!
1E
#328840000
0!
0E
#328850000
1!
1E
#328860000
0!
0E
#328870000
1!
1E
#328880000
0!
0E
#328890000
1!
1E
#328900000
0!
0E
#328910000
1!
1E
#328920000
0!
0E
#328930000
1!
1E
#328940000
0!
0E
#328950000
1!
1E
#328960000
0!
0E
#328970000
1!
1E
#328980000
0!
0E
#328990000
1!
1E
#329000000
0!
0E
#329010000
1!
1E
#329020000
0!
0E
#329030000
1!
1E
#329040000
0!
0E
#329050000
1!
1E
#329060000
0!
0E
#329070000
1!
1E
#329080000
0!
0E
#329090000
1!
1E
#329100000
b10100000 ?
b111 A
1=
0!
1$
0E
#329110000
1!
1E
1_
1q
#329120000
0!
0E
#329130000
1!
1E
1e
1b
#329140000
0!
0E
#329150000
1!
1E
0b
#329160000
0!
0E
#329170000
1!
1E
#329180000
0!
0E
#329190000
1!
1E
#329200000
0!
0E
#329210000
1!
1E
#329220000
0!
0E
#329230000
1!
1E
#329240000
0!
0E
#329250000
1!
1E
#329260000
0!
0E
#329270000
1!
1E
#329280000
0!
0E
#329290000
1!
1E
#329300000
0!
0E
#329310000
1!
1E
#329320000
0!
0E
#329330000
1!
1E
#329340000
0!
0E
#329350000
1!
1E
#329360000
0!
0E
#329370000
1!
1E
#329380000
0!
0E
#329390000
1!
1E
#329400000
0!
0E
#329410000
1!
1E
#329420000
0!
0E
#329430000
1!
1E
#329440000
0!
0E
#329450000
1!
1E
#329460000
0!
0E
#329470000
1!
1E
#329480000
0!
0E
#329490000
1!
1E
#329500000
0!
0E
#329510000
1!
1E
#329520000
0!
0E
#329530000
1!
1E
#329540000
0!
0E
#329550000
1!
1E
#329560000
0!
0E
#329570000
1!
1E
#329580000
0!
0E
#329590000
1!
1E
#329600000
1#
0!
1G
0E
#329610000
1!
1E
1`
#329620000
0!
0E
#329630000
1!
1E
1f
1d
#329640000
0!
0E
#329650000
1!
1E
0d
b1 r
b1000011 i
1o
0k
1j
#329660000
0!
0E
#329670000
1!
1E
#329680000
0!
0E
#329690000
1!
1E
#329700000
0!
0E
#329710000
1!
1E
#329720000
0!
0E
#329730000
1!
1E
#329740000
0!
0E
#329750000
1!
1E
#329760000
0!
0E
#329770000
1!
1E
#329780000
0!
0E
#329790000
1!
1E
#329800000
0!
0E
#329810000
1!
1E
#329820000
0!
0E
#329830000
1!
1E
#329840000
0!
0E
#329850000
1!
1E
#329860000
0!
0E
#329870000
1!
1E
#329880000
0!
0E
#329890000
1!
1E
#329900000
0!
0E
#329910000
1!
1E
#329920000
0!
0E
#329930000
1!
1E
#329940000
0!
0E
#329950000
1!
1E
#329960000
0!
0E
#329970000
1!
1E
#329980000
0!
0E
#329990000
1!
1E
#330000000
0!
0E
#330010000
1!
1E
#330020000
0!
0E
#330030000
1!
1E
#330040000
0!
0E
#330050000
1!
1E
#330060000
0!
0E
#330070000
1!
1E
#330080000
0!
0E
#330090000
1!
1E
#330100000
0!
0E
#330110000
1!
1E
#330120000
0!
0E
#330130000
1!
1E
#330140000
0!
0E
#330150000
1!
1E
#330160000
0!
0E
#330170000
1!
1E
#330180000
0!
0E
#330190000
1!
1E
#330200000
0!
0E
#330210000
1!
1E
#330220000
0!
0E
#330230000
1!
1E
#330240000
0!
0E
#330250000
1!
1E
#330260000
0!
0E
#330270000
1!
1E
#330280000
0!
0E
#330290000
1!
1E
#330300000
0!
0E
#330310000
1!
1E
#330320000
0!
0E
#330330000
1!
1E
#330340000
0!
0E
#330350000
1!
1E
#330360000
0!
0E
#330370000
1!
1E
#330380000
0!
0E
#330390000
1!
1E
#330400000
0!
0E
#330410000
1!
1E
#330420000
0!
0E
#330430000
1!
1E
#330440000
0!
0E
#330450000
1!
1E
#330460000
0!
0E
#330470000
1!
1E
#330480000
0!
0E
#330490000
1!
1E
#330500000
0!
0E
#330510000
1!
1E
#330520000
0!
0E
#330530000
1!
1E
#330540000
0!
0E
#330550000
1!
1E
#330560000
0!
0E
#330570000
1!
1E
#330580000
0!
0E
#330590000
1!
1E
#330600000
0#
0!
0G
0E
#330610000
1!
1E
0`
#330620000
0!
0E
#330630000
1!
1E
0f
1c
#330640000
0!
0E
#330650000
1!
1E
0c
#330660000
0!
0E
#330670000
1!
1E
#330680000
0!
0E
#330690000
1!
1E
#330700000
0!
0E
#330710000
1!
1E
#330720000
0!
0E
#330730000
1!
1E
#330740000
0!
0E
#330750000
1!
1E
#330760000
0!
0E
#330770000
1!
1E
#330780000
0!
0E
#330790000
1!
1E
#330800000
0!
0E
#330810000
1!
1E
#330820000
0!
0E
#330830000
1!
1E
#330840000
0!
0E
#330850000
1!
1E
#330860000
0!
0E
#330870000
1!
1E
#330880000
0!
0E
#330890000
1!
1E
#330900000
0!
0E
#330910000
1!
1E
#330920000
0!
0E
#330930000
1!
1E
#330940000
0!
0E
#330950000
1!
1E
#330960000
0!
0E
#330970000
1!
1E
#330980000
0!
0E
#330990000
1!
1E
#331000000
0!
0E
#331010000
1!
1E
#331020000
0!
0E
#331030000
1!
1E
#331040000
0!
0E
#331050000
1!
1E
#331060000
0!
0E
#331070000
1!
1E
#331080000
0!
0E
#331090000
1!
1E
#331100000
b110 A
0=
0!
0$
0E
#331110000
1!
1E
0_
0q
#331120000
0!
0E
#331130000
1!
1E
0e
1a
#331140000
0!
0E
#331150000
1!
1E
0a
#331160000
0!
0E
#331170000
1!
1E
#331180000
0!
0E
#331190000
1!
1E
#331200000
0!
0E
#331210000
1!
1E
#331220000
0!
0E
#331230000
1!
1E
#331240000
0!
0E
#331250000
1!
1E
#331260000
0!
0E
#331270000
1!
1E
#331280000
0!
0E
#331290000
1!
1E
#331300000
0!
0E
#331310000
1!
1E
#331320000
0!
0E
#331330000
1!
1E
#331340000
0!
0E
#331350000
1!
1E
#331360000
0!
0E
#331370000
1!
1E
#331380000
0!
0E
#331390000
1!
1E
#331400000
0!
0E
#331410000
1!
1E
#331420000
0!
0E
#331430000
1!
1E
#331440000
0!
0E
#331450000
1!
1E
#331460000
0!
0E
#331470000
1!
1E
#331480000
0!
0E
#331490000
1!
1E
#331500000
0!
0E
#331510000
1!
1E
#331520000
0!
0E
#331530000
1!
1E
#331540000
0!
0E
#331550000
1!
1E
#331560000
0!
0E
#331570000
1!
1E
#331580000
0!
0E
#331590000
1!
1E
#331600000
1#
0!
1G
0E
#331610000
1!
1E
1`
#331620000
0!
0E
#331630000
1!
1E
1f
1d
#331640000
0!
0E
#331650000
1!
1E
0d
b10 r
b10000110 i
0p
1n
0j
#331660000
0!
0E
#331670000
1!
1E
#331680000
0!
0E
#331690000
1!
1E
#331700000
0!
0E
#331710000
1!
1E
#331720000
0!
0E
#331730000
1!
1E
#331740000
0!
0E
#331750000
1!
1E
#331760000
0!
0E
#331770000
1!
1E
#331780000
0!
0E
#331790000
1!
1E
#331800000
0!
0E
#331810000
1!
1E
#331820000
0!
0E
#331830000
1!
1E
#331840000
0!
0E
#331850000
1!
1E
#331860000
0!
0E
#331870000
1!
1E
#331880000
0!
0E
#331890000
1!
1E
#331900000
0!
0E
#331910000
1!
1E
#331920000
0!
0E
#331930000
1!
1E
#331940000
0!
0E
#331950000
1!
1E
#331960000
0!
0E
#331970000
1!
1E
#331980000
0!
0E
#331990000
1!
1E
#332000000
0!
0E
#332010000
1!
1E
#332020000
0!
0E
#332030000
1!
1E
#332040000
0!
0E
#332050000
1!
1E
#332060000
0!
0E
#332070000
1!
1E
#332080000
0!
0E
#332090000
1!
1E
#332100000
0!
0E
#332110000
1!
1E
#332120000
0!
0E
#332130000
1!
1E
#332140000
0!
0E
#332150000
1!
1E
#332160000
0!
0E
#332170000
1!
1E
#332180000
0!
0E
#332190000
1!
1E
#332200000
0!
0E
#332210000
1!
1E
#332220000
0!
0E
#332230000
1!
1E
#332240000
0!
0E
#332250000
1!
1E
#332260000
0!
0E
#332270000
1!
1E
#332280000
0!
0E
#332290000
1!
1E
#332300000
0!
0E
#332310000
1!
1E
#332320000
0!
0E
#332330000
1!
1E
#332340000
0!
0E
#332350000
1!
1E
#332360000
0!
0E
#332370000
1!
1E
#332380000
0!
0E
#332390000
1!
1E
#332400000
0!
0E
#332410000
1!
1E
#332420000
0!
0E
#332430000
1!
1E
#332440000
0!
0E
#332450000
1!
1E
#332460000
0!
0E
#332470000
1!
1E
#332480000
0!
0E
#332490000
1!
1E
#332500000
0!
0E
#332510000
1!
1E
#332520000
0!
0E
#332530000
1!
1E
#332540000
0!
0E
#332550000
1!
1E
#332560000
0!
0E
#332570000
1!
1E
#332580000
0!
0E
#332590000
1!
1E
#332600000
0#
0!
0G
0E
#332610000
1!
1E
0`
#332620000
0!
0E
#332630000
1!
1E
0f
1c
#332640000
0!
0E
#332650000
1!
1E
0c
#332660000
0!
0E
#332670000
1!
1E
#332680000
0!
0E
#332690000
1!
1E
#332700000
0!
0E
#332710000
1!
1E
#332720000
0!
0E
#332730000
1!
1E
#332740000
0!
0E
#332750000
1!
1E
#332760000
0!
0E
#332770000
1!
1E
#332780000
0!
0E
#332790000
1!
1E
#332800000
0!
0E
#332810000
1!
1E
#332820000
0!
0E
#332830000
1!
1E
#332840000
0!
0E
#332850000
1!
1E
#332860000
0!
0E
#332870000
1!
1E
#332880000
0!
0E
#332890000
1!
1E
#332900000
0!
0E
#332910000
1!
1E
#332920000
0!
0E
#332930000
1!
1E
#332940000
0!
0E
#332950000
1!
1E
#332960000
0!
0E
#332970000
1!
1E
#332980000
0!
0E
#332990000
1!
1E
#333000000
0!
0E
#333010000
1!
1E
#333020000
0!
0E
#333030000
1!
1E
#333040000
0!
0E
#333050000
1!
1E
#333060000
0!
0E
#333070000
1!
1E
#333080000
0!
0E
#333090000
1!
1E
#333100000
b101 A
1=
0!
1$
0E
#333110000
1!
1E
1_
1q
#333120000
0!
0E
#333130000
1!
1E
1e
1b
#333140000
0!
0E
#333150000
1!
1E
0b
#333160000
0!
0E
#333170000
1!
1E
#333180000
0!
0E
#333190000
1!
1E
#333200000
0!
0E
#333210000
1!
1E
#333220000
0!
0E
#333230000
1!
1E
#333240000
0!
0E
#333250000
1!
1E
#333260000
0!
0E
#333270000
1!
1E
#333280000
0!
0E
#333290000
1!
1E
#333300000
0!
0E
#333310000
1!
1E
#333320000
0!
0E
#333330000
1!
1E
#333340000
0!
0E
#333350000
1!
1E
#333360000
0!
0E
#333370000
1!
1E
#333380000
0!
0E
#333390000
1!
1E
#333400000
0!
0E
#333410000
1!
1E
#333420000
0!
0E
#333430000
1!
1E
#333440000
0!
0E
#333450000
1!
1E
#333460000
0!
0E
#333470000
1!
1E
#333480000
0!
0E
#333490000
1!
1E
#333500000
0!
0E
#333510000
1!
1E
#333520000
0!
0E
#333530000
1!
1E
#333540000
0!
0E
#333550000
1!
1E
#333560000
0!
0E
#333570000
1!
1E
#333580000
0!
0E
#333590000
1!
1E
#333600000
1#
0!
1G
0E
#333610000
1!
1E
1`
#333620000
0!
0E
#333630000
1!
1E
1f
1d
#333640000
0!
0E
#333650000
1!
1E
0d
b11 r
b1101 i
1p
0o
1m
#333660000
0!
0E
#333670000
1!
1E
#333680000
0!
0E
#333690000
1!
1E
#333700000
0!
0E
#333710000
1!
1E
#333720000
0!
0E
#333730000
1!
1E
#333740000
0!
0E
#333750000
1!
1E
#333760000
0!
0E
#333770000
1!
1E
#333780000
0!
0E
#333790000
1!
1E
#333800000
0!
0E
#333810000
1!
1E
#333820000
0!
0E
#333830000
1!
1E
#333840000
0!
0E
#333850000
1!
1E
#333860000
0!
0E
#333870000
1!
1E
#333880000
0!
0E
#333890000
1!
1E
#333900000
0!
0E
#333910000
1!
1E
#333920000
0!
0E
#333930000
1!
1E
#333940000
0!
0E
#333950000
1!
1E
#333960000
0!
0E
#333970000
1!
1E
#333980000
0!
0E
#333990000
1!
1E
#334000000
0!
0E
#334010000
1!
1E
#334020000
0!
0E
#334030000
1!
1E
#334040000
0!
0E
#334050000
1!
1E
#334060000
0!
0E
#334070000
1!
1E
#334080000
0!
0E
#334090000
1!
1E
#334100000
0!
0E
#334110000
1!
1E
#334120000
0!
0E
#334130000
1!
1E
#334140000
0!
0E
#334150000
1!
1E
#334160000
0!
0E
#334170000
1!
1E
#334180000
0!
0E
#334190000
1!
1E
#334200000
0!
0E
#334210000
1!
1E
#334220000
0!
0E
#334230000
1!
1E
#334240000
0!
0E
#334250000
1!
1E
#334260000
0!
0E
#334270000
1!
1E
#334280000
0!
0E
#334290000
1!
1E
#334300000
0!
0E
#334310000
1!
1E
#334320000
0!
0E
#334330000
1!
1E
#334340000
0!
0E
#334350000
1!
1E
#334360000
0!
0E
#334370000
1!
1E
#334380000
0!
0E
#334390000
1!
1E
#334400000
0!
0E
#334410000
1!
1E
#334420000
0!
0E
#334430000
1!
1E
#334440000
0!
0E
#334450000
1!
1E
#334460000
0!
0E
#334470000
1!
1E
#334480000
0!
0E
#334490000
1!
1E
#334500000
0!
0E
#334510000
1!
1E
#334520000
0!
0E
#334530000
1!
1E
#334540000
0!
0E
#334550000
1!
1E
#334560000
0!
0E
#334570000
1!
1E
#334580000
0!
0E
#334590000
1!
1E
#334600000
0#
0!
0G
0E
#334610000
1!
1E
0`
#334620000
0!
0E
#334630000
1!
1E
0f
1c
#334640000
0!
0E
#334650000
1!
1E
0c
#334660000
0!
0E
#334670000
1!
1E
#334680000
0!
0E
#334690000
1!
1E
#334700000
0!
0E
#334710000
1!
1E
#334720000
0!
0E
#334730000
1!
1E
#334740000
0!
0E
#334750000
1!
1E
#334760000
0!
0E
#334770000
1!
1E
#334780000
0!
0E
#334790000
1!
1E
#334800000
0!
0E
#334810000
1!
1E
#334820000
0!
0E
#334830000
1!
1E
#334840000
0!
0E
#334850000
1!
1E
#334860000
0!
0E
#334870000
1!
1E
#334880000
0!
0E
#334890000
1!
1E
#334900000
0!
0E
#334910000
1!
1E
#334920000
0!
0E
#334930000
1!
1E
#334940000
0!
0E
#334950000
1!
1E
#334960000
0!
0E
#334970000
1!
1E
#334980000
0!
0E
#334990000
1!
1E
#335000000
0!
0E
#335010000
1!
1E
#335020000
0!
0E
#335030000
1!
1E
#335040000
0!
0E
#335050000
1!
1E
#335060000
0!
0E
#335070000
1!
1E
#335080000
0!
0E
#335090000
1!
1E
#335100000
b100 A
0=
0!
0$
0E
#335110000
1!
1E
0_
0q
#335120000
0!
0E
#335130000
1!
1E
0e
1a
#335140000
0!
0E
#335150000
1!
1E
0a
#335160000
0!
0E
#335170000
1!
1E
#335180000
0!
0E
#335190000
1!
1E
#335200000
0!
0E
#335210000
1!
1E
#335220000
0!
0E
#335230000
1!
1E
#335240000
0!
0E
#335250000
1!
1E
#335260000
0!
0E
#335270000
1!
1E
#335280000
0!
0E
#335290000
1!
1E
#335300000
0!
0E
#335310000
1!
1E
#335320000
0!
0E
#335330000
1!
1E
#335340000
0!
0E
#335350000
1!
1E
#335360000
0!
0E
#335370000
1!
1E
#335380000
0!
0E
#335390000
1!
1E
#335400000
0!
0E
#335410000
1!
1E
#335420000
0!
0E
#335430000
1!
1E
#335440000
0!
0E
#335450000
1!
1E
#335460000
0!
0E
#335470000
1!
1E
#335480000
0!
0E
#335490000
1!
1E
#335500000
0!
0E
#335510000
1!
1E
#335520000
0!
0E
#335530000
1!
1E
#335540000
0!
0E
#335550000
1!
1E
#335560000
0!
0E
#335570000
1!
1E
#335580000
0!
0E
#335590000
1!
1E
#335600000
1#
0!
1G
0E
#335610000
1!
1E
1`
#335620000
0!
0E
#335630000
1!
1E
1f
1d
#335640000
0!
0E
#335650000
1!
1E
0d
b100 r
b11010 i
0p
1o
0n
1l
#335660000
0!
0E
#335670000
1!
1E
#335680000
0!
0E
#335690000
1!
1E
#335700000
0!
0E
#335710000
1!
1E
#335720000
0!
0E
#335730000
1!
1E
#335740000
0!
0E
#335750000
1!
1E
#335760000
0!
0E
#335770000
1!
1E
#335780000
0!
0E
#335790000
1!
1E
#335800000
0!
0E
#335810000
1!
1E
#335820000
0!
0E
#335830000
1!
1E
#335840000
0!
0E
#335850000
1!
1E
#335860000
0!
0E
#335870000
1!
1E
#335880000
0!
0E
#335890000
1!
1E
#335900000
0!
0E
#335910000
1!
1E
#335920000
0!
0E
#335930000
1!
1E
#335940000
0!
0E
#335950000
1!
1E
#335960000
0!
0E
#335970000
1!
1E
#335980000
0!
0E
#335990000
1!
1E
#336000000
0!
0E
#336010000
1!
1E
#336020000
0!
0E
#336030000
1!
1E
#336040000
0!
0E
#336050000
1!
1E
#336060000
0!
0E
#336070000
1!
1E
#336080000
0!
0E
#336090000
1!
1E
#336100000
0!
0E
#336110000
1!
1E
#336120000
0!
0E
#336130000
1!
1E
#336140000
0!
0E
#336150000
1!
1E
#336160000
0!
0E
#336170000
1!
1E
#336180000
0!
0E
#336190000
1!
1E
#336200000
0!
0E
#336210000
1!
1E
#336220000
0!
0E
#336230000
1!
1E
#336240000
0!
0E
#336250000
1!
1E
#336260000
0!
0E
#336270000
1!
1E
#336280000
0!
0E
#336290000
1!
1E
#336300000
0!
0E
#336310000
1!
1E
#336320000
0!
0E
#336330000
1!
1E
#336340000
0!
0E
#336350000
1!
1E
#336360000
0!
0E
#336370000
1!
1E
#336380000
0!
0E
#336390000
1!
1E
#336400000
0!
0E
#336410000
1!
1E
#336420000
0!
0E
#336430000
1!
1E
#336440000
0!
0E
#336450000
1!
1E
#336460000
0!
0E
#336470000
1!
1E
#336480000
0!
0E
#336490000
1!
1E
#336500000
0!
0E
#336510000
1!
1E
#336520000
0!
0E
#336530000
1!
1E
#336540000
0!
0E
#336550000
1!
1E
#336560000
0!
0E
#336570000
1!
1E
#336580000
0!
0E
#336590000
1!
1E
#336600000
0#
0!
0G
0E
#336610000
1!
1E
0`
#336620000
0!
0E
#336630000
1!
1E
0f
1c
#336640000
0!
0E
#336650000
1!
1E
0c
#336660000
0!
0E
#336670000
1!
1E
#336680000
0!
0E
#336690000
1!
1E
#336700000
0!
0E
#336710000
1!
1E
#336720000
0!
0E
#336730000
1!
1E
#336740000
0!
0E
#336750000
1!
1E
#336760000
0!
0E
#336770000
1!
1E
#336780000
0!
0E
#336790000
1!
1E
#336800000
0!
0E
#336810000
1!
1E
#336820000
0!
0E
#336830000
1!
1E
#336840000
0!
0E
#336850000
1!
1E
#336860000
0!
0E
#336870000
1!
1E
#336880000
0!
0E
#336890000
1!
1E
#336900000
0!
0E
#336910000
1!
1E
#336920000
0!
0E
#336930000
1!
1E
#336940000
0!
0E
#336950000
1!
1E
#336960000
0!
0E
#336970000
1!
1E
#336980000
0!
0E
#336990000
1!
1E
#337000000
0!
0E
#337010000
1!
1E
#337020000
0!
0E
#337030000
1!
1E
#337040000
0!
0E
#337050000
1!
1E
#337060000
0!
0E
#337070000
1!
1E
#337080000
0!
0E
#337090000
1!
1E
#337100000
b11 A
0!
0E
#337110000
1!
1E
#337120000
0!
0E
#337130000
1!
1E
#337140000
0!
0E
#337150000
1!
1E
#337160000
0!
0E
#337170000
1!
1E
#337180000
0!
0E
#337190000
1!
1E
#337200000
0!
0E
#337210000
1!
1E
#337220000
0!
0E
#337230000
1!
1E
#337240000
0!
0E
#337250000
1!
1E
#337260000
0!
0E
#337270000
1!
1E
#337280000
0!
0E
#337290000
1!
1E
#337300000
0!
0E
#337310000
1!
1E
#337320000
0!
0E
#337330000
1!
1E
#337340000
0!
0E
#337350000
1!
1E
#337360000
0!
0E
#337370000
1!
1E
#337380000
0!
0E
#337390000
1!
1E
#337400000
0!
0E
#337410000
1!
1E
#337420000
0!
0E
#337430000
1!
1E
#337440000
0!
0E
#337450000
1!
1E
#337460000
0!
0E
#337470000
1!
1E
#337480000
0!
0E
#337490000
1!
1E
#337500000
0!
0E
#337510000
1!
1E
#337520000
0!
0E
#337530000
1!
1E
#337540000
0!
0E
#337550000
1!
1E
#337560000
0!
0E
#337570000
1!
1E
#337580000
0!
0E
#337590000
1!
1E
#337600000
1#
0!
1G
0E
#337610000
1!
1E
1`
#337620000
0!
0E
#337630000
1!
1E
1f
1d
#337640000
0!
0E
#337650000
1!
1E
0d
b101 r
b110100 i
0o
1n
0m
1k
#337660000
0!
0E
#337670000
1!
1E
#337680000
0!
0E
#337690000
1!
1E
#337700000
0!
0E
#337710000
1!
1E
#337720000
0!
0E
#337730000
1!
1E
#337740000
0!
0E
#337750000
1!
1E
#337760000
0!
0E
#337770000
1!
1E
#337780000
0!
0E
#337790000
1!
1E
#337800000
0!
0E
#337810000
1!
1E
#337820000
0!
0E
#337830000
1!
1E
#337840000
0!
0E
#337850000
1!
1E
#337860000
0!
0E
#337870000
1!
1E
#337880000
0!
0E
#337890000
1!
1E
#337900000
0!
0E
#337910000
1!
1E
#337920000
0!
0E
#337930000
1!
1E
#337940000
0!
0E
#337950000
1!
1E
#337960000
0!
0E
#337970000
1!
1E
#337980000
0!
0E
#337990000
1!
1E
#338000000
0!
0E
#338010000
1!
1E
#338020000
0!
0E
#338030000
1!
1E
#338040000
0!
0E
#338050000
1!
1E
#338060000
0!
0E
#338070000
1!
1E
#338080000
0!
0E
#338090000
1!
1E
#338100000
0!
0E
#338110000
1!
1E
#338120000
0!
0E
#338130000
1!
1E
#338140000
0!
0E
#338150000
1!
1E
#338160000
0!
0E
#338170000
1!
1E
#338180000
0!
0E
#338190000
1!
1E
#338200000
0!
0E
#338210000
1!
1E
#338220000
0!
0E
#338230000
1!
1E
#338240000
0!
0E
#338250000
1!
1E
#338260000
0!
0E
#338270000
1!
1E
#338280000
0!
0E
#338290000
1!
1E
#338300000
0!
0E
#338310000
1!
1E
#338320000
0!
0E
#338330000
1!
1E
#338340000
0!
0E
#338350000
1!
1E
#338360000
0!
0E
#338370000
1!
1E
#338380000
0!
0E
#338390000
1!
1E
#338400000
0!
0E
#338410000
1!
1E
#338420000
0!
0E
#338430000
1!
1E
#338440000
0!
0E
#338450000
1!
1E
#338460000
0!
0E
#338470000
1!
1E
#338480000
0!
0E
#338490000
1!
1E
#338500000
0!
0E
#338510000
1!
1E
#338520000
0!
0E
#338530000
1!
1E
#338540000
0!
0E
#338550000
1!
1E
#338560000
0!
0E
#338570000
1!
1E
#338580000
0!
0E
#338590000
1!
1E
#338600000
0#
0!
0G
0E
#338610000
1!
1E
0`
#338620000
0!
0E
#338630000
1!
1E
0f
1c
#338640000
0!
0E
#338650000
1!
1E
0c
#338660000
0!
0E
#338670000
1!
1E
#338680000
0!
0E
#338690000
1!
1E
#338700000
0!
0E
#338710000
1!
1E
#338720000
0!
0E
#338730000
1!
1E
#338740000
0!
0E
#338750000
1!
1E
#338760000
0!
0E
#338770000
1!
1E
#338780000
0!
0E
#338790000
1!
1E
#338800000
0!
0E
#338810000
1!
1E
#338820000
0!
0E
#338830000
1!
1E
#338840000
0!
0E
#338850000
1!
1E
#338860000
0!
0E
#338870000
1!
1E
#338880000
0!
0E
#338890000
1!
1E
#338900000
0!
0E
#338910000
1!
1E
#338920000
0!
0E
#338930000
1!
1E
#338940000
0!
0E
#338950000
1!
1E
#338960000
0!
0E
#338970000
1!
1E
#338980000
0!
0E
#338990000
1!
1E
#339000000
0!
0E
#339010000
1!
1E
#339020000
0!
0E
#339030000
1!
1E
#339040000
0!
0E
#339050000
1!
1E
#339060000
0!
0E
#339070000
1!
1E
#339080000
0!
0E
#339090000
1!
1E
#339100000
b10 A
0!
0E
#339110000
1!
1E
#339120000
0!
0E
#339130000
1!
1E
#339140000
0!
0E
#339150000
1!
1E
#339160000
0!
0E
#339170000
1!
1E
#339180000
0!
0E
#339190000
1!
1E
#339200000
0!
0E
#339210000
1!
1E
#339220000
0!
0E
#339230000
1!
1E
#339240000
0!
0E
#339250000
1!
1E
#339260000
0!
0E
#339270000
1!
1E
#339280000
0!
0E
#339290000
1!
1E
#339300000
0!
0E
#339310000
1!
1E
#339320000
0!
0E
#339330000
1!
1E
#339340000
0!
0E
#339350000
1!
1E
#339360000
0!
0E
#339370000
1!
1E
#339380000
0!
0E
#339390000
1!
1E
#339400000
0!
0E
#339410000
1!
1E
#339420000
0!
0E
#339430000
1!
1E
#339440000
0!
0E
#339450000
1!
1E
#339460000
0!
0E
#339470000
1!
1E
#339480000
0!
0E
#339490000
1!
1E
#339500000
0!
0E
#339510000
1!
1E
#339520000
0!
0E
#339530000
1!
1E
#339540000
0!
0E
#339550000
1!
1E
#339560000
0!
0E
#339570000
1!
1E
#339580000
0!
0E
#339590000
1!
1E
#339600000
1#
0!
1G
0E
#339610000
1!
1E
1`
#339620000
0!
0E
#339630000
1!
1E
1f
1d
#339640000
0!
0E
#339650000
1!
1E
0d
b110 r
b1101000 i
0n
1m
0l
1j
#339660000
0!
0E
#339670000
1!
1E
#339680000
0!
0E
#339690000
1!
1E
#339700000
0!
0E
#339710000
1!
1E
#339720000
0!
0E
#339730000
1!
1E
#339740000
0!
0E
#339750000
1!
1E
#339760000
0!
0E
#339770000
1!
1E
#339780000
0!
0E
#339790000
1!
1E
#339800000
0!
0E
#339810000
1!
1E
#339820000
0!
0E
#339830000
1!
1E
#339840000
0!
0E
#339850000
1!
1E
#339860000
0!
0E
#339870000
1!
1E
#339880000
0!
0E
#339890000
1!
1E
#339900000
0!
0E
#339910000
1!
1E
#339920000
0!
0E
#339930000
1!
1E
#339940000
0!
0E
#339950000
1!
1E
#339960000
0!
0E
#339970000
1!
1E
#339980000
0!
0E
#339990000
1!
1E
#340000000
0!
0E
#340010000
1!
1E
#340020000
0!
0E
#340030000
1!
1E
#340040000
0!
0E
#340050000
1!
1E
#340060000
0!
0E
#340070000
1!
1E
#340080000
0!
0E
#340090000
1!
1E
#340100000
0!
0E
#340110000
1!
1E
#340120000
0!
0E
#340130000
1!
1E
#340140000
0!
0E
#340150000
1!
1E
#340160000
0!
0E
#340170000
1!
1E
#340180000
0!
0E
#340190000
1!
1E
#340200000
0!
0E
#340210000
1!
1E
#340220000
0!
0E
#340230000
1!
1E
#340240000
0!
0E
#340250000
1!
1E
#340260000
0!
0E
#340270000
1!
1E
#340280000
0!
0E
#340290000
1!
1E
#340300000
0!
0E
#340310000
1!
1E
#340320000
0!
0E
#340330000
1!
1E
#340340000
0!
0E
#340350000
1!
1E
#340360000
0!
0E
#340370000
1!
1E
#340380000
0!
0E
#340390000
1!
1E
#340400000
0!
0E
#340410000
1!
1E
#340420000
0!
0E
#340430000
1!
1E
#340440000
0!
0E
#340450000
1!
1E
#340460000
0!
0E
#340470000
1!
1E
#340480000
0!
0E
#340490000
1!
1E
#340500000
0!
0E
#340510000
1!
1E
#340520000
0!
0E
#340530000
1!
1E
#340540000
0!
0E
#340550000
1!
1E
#340560000
0!
0E
#340570000
1!
1E
#340580000
0!
0E
#340590000
1!
1E
#340600000
0#
0!
0G
0E
#340610000
1!
1E
0`
#340620000
0!
0E
#340630000
1!
1E
0f
1c
#340640000
0!
0E
#340650000
1!
1E
0c
#340660000
0!
0E
#340670000
1!
1E
#340680000
0!
0E
#340690000
1!
1E
#340700000
0!
0E
#340710000
1!
1E
#340720000
0!
0E
#340730000
1!
1E
#340740000
0!
0E
#340750000
1!
1E
#340760000
0!
0E
#340770000
1!
1E
#340780000
0!
0E
#340790000
1!
1E
#340800000
0!
0E
#340810000
1!
1E
#340820000
0!
0E
#340830000
1!
1E
#340840000
0!
0E
#340850000
1!
1E
#340860000
0!
0E
#340870000
1!
1E
#340880000
0!
0E
#340890000
1!
1E
#340900000
0!
0E
#340910000
1!
1E
#340920000
0!
0E
#340930000
1!
1E
#340940000
0!
0E
#340950000
1!
1E
#340960000
0!
0E
#340970000
1!
1E
#340980000
0!
0E
#340990000
1!
1E
#341000000
0!
0E
#341010000
1!
1E
#341020000
0!
0E
#341030000
1!
1E
#341040000
0!
0E
#341050000
1!
1E
#341060000
0!
0E
#341070000
1!
1E
#341080000
0!
0E
#341090000
1!
1E
#341100000
b1 A
0!
0E
#341110000
1!
1E
#341120000
0!
0E
#341130000
1!
1E
#341140000
0!
0E
#341150000
1!
1E
#341160000
0!
0E
#341170000
1!
1E
#341180000
0!
0E
#341190000
1!
1E
#341200000
0!
0E
#341210000
1!
1E
#341220000
0!
0E
#341230000
1!
1E
#341240000
0!
0E
#341250000
1!
1E
#341260000
0!
0E
#341270000
1!
1E
#341280000
0!
0E
#341290000
1!
1E
#341300000
0!
0E
#341310000
1!
1E
#341320000
0!
0E
#341330000
1!
1E
#341340000
0!
0E
#341350000
1!
1E
#341360000
0!
0E
#341370000
1!
1E
#341380000
0!
0E
#341390000
1!
1E
#341400000
0!
0E
#341410000
1!
1E
#341420000
0!
0E
#341430000
1!
1E
#341440000
0!
0E
#341450000
1!
1E
#341460000
0!
0E
#341470000
1!
1E
#341480000
0!
0E
#341490000
1!
1E
#341500000
0!
0E
#341510000
1!
1E
#341520000
0!
0E
#341530000
1!
1E
#341540000
0!
0E
#341550000
1!
1E
#341560000
0!
0E
#341570000
1!
1E
#341580000
0!
0E
#341590000
1!
1E
#341600000
1#
0!
1G
0E
#341610000
1!
1E
1`
#341620000
0!
0E
#341630000
1!
1E
1f
1d
#341640000
0!
0E
#341650000
1!
1E
0d
b111 r
b11010000 i
0m
1l
0k
#341660000
0!
0E
#341670000
1!
1E
#341680000
0!
0E
#341690000
1!
1E
#341700000
0!
0E
#341710000
1!
1E
#341720000
0!
0E
#341730000
1!
1E
#341740000
0!
0E
#341750000
1!
1E
#341760000
0!
0E
#341770000
1!
1E
#341780000
0!
0E
#341790000
1!
1E
#341800000
0!
0E
#341810000
1!
1E
#341820000
0!
0E
#341830000
1!
1E
#341840000
0!
0E
#341850000
1!
1E
#341860000
0!
0E
#341870000
1!
1E
#341880000
0!
0E
#341890000
1!
1E
#341900000
0!
0E
#341910000
1!
1E
#341920000
0!
0E
#341930000
1!
1E
#341940000
0!
0E
#341950000
1!
1E
#341960000
0!
0E
#341970000
1!
1E
#341980000
0!
0E
#341990000
1!
1E
#342000000
0!
0E
#342010000
1!
1E
#342020000
0!
0E
#342030000
1!
1E
#342040000
0!
0E
#342050000
1!
1E
#342060000
0!
0E
#342070000
1!
1E
#342080000
0!
0E
#342090000
1!
1E
#342100000
0!
0E
#342110000
1!
1E
#342120000
0!
0E
#342130000
1!
1E
#342140000
0!
0E
#342150000
1!
1E
#342160000
0!
0E
#342170000
1!
1E
#342180000
0!
0E
#342190000
1!
1E
#342200000
0!
0E
#342210000
1!
1E
#342220000
0!
0E
#342230000
1!
1E
#342240000
0!
0E
#342250000
1!
1E
#342260000
0!
0E
#342270000
1!
1E
#342280000
0!
0E
#342290000
1!
1E
#342300000
0!
0E
#342310000
1!
1E
#342320000
0!
0E
#342330000
1!
1E
#342340000
0!
0E
#342350000
1!
1E
#342360000
0!
0E
#342370000
1!
1E
#342380000
0!
0E
#342390000
1!
1E
#342400000
0!
0E
#342410000
1!
1E
#342420000
0!
0E
#342430000
1!
1E
#342440000
0!
0E
#342450000
1!
1E
#342460000
0!
0E
#342470000
1!
1E
#342480000
0!
0E
#342490000
1!
1E
#342500000
0!
0E
#342510000
1!
1E
#342520000
0!
0E
#342530000
1!
1E
#342540000
0!
0E
#342550000
1!
1E
#342560000
0!
0E
#342570000
1!
1E
#342580000
0!
0E
#342590000
1!
1E
#342600000
0#
0!
0G
0E
#342610000
1!
1E
0`
#342620000
0!
0E
#342630000
1!
1E
0f
1c
#342640000
0!
0E
#342650000
1!
1E
0c
#342660000
0!
0E
#342670000
1!
1E
#342680000
0!
0E
#342690000
1!
1E
#342700000
0!
0E
#342710000
1!
1E
#342720000
0!
0E
#342730000
1!
1E
#342740000
0!
0E
#342750000
1!
1E
#342760000
0!
0E
#342770000
1!
1E
#342780000
0!
0E
#342790000
1!
1E
#342800000
0!
0E
#342810000
1!
1E
#342820000
0!
0E
#342830000
1!
1E
#342840000
0!
0E
#342850000
1!
1E
#342860000
0!
0E
#342870000
1!
1E
#342880000
0!
0E
#342890000
1!
1E
#342900000
0!
0E
#342910000
1!
1E
#342920000
0!
0E
#342930000
1!
1E
#342940000
0!
0E
#342950000
1!
1E
#342960000
0!
0E
#342970000
1!
1E
#342980000
0!
0E
#342990000
1!
1E
#343000000
0!
0E
#343010000
1!
1E
#343020000
0!
0E
#343030000
1!
1E
#343040000
0!
0E
#343050000
1!
1E
#343060000
0!
0E
#343070000
1!
1E
#343080000
0!
0E
#343090000
1!
1E
#343100000
b0 A
0!
0E
#343110000
1!
1E
#343120000
0!
0E
#343130000
1!
1E
#343140000
0!
0E
#343150000
1!
1E
#343160000
0!
0E
#343170000
1!
1E
#343180000
0!
0E
#343190000
1!
1E
#343200000
0!
0E
#343210000
1!
1E
#343220000
0!
0E
#343230000
1!
1E
#343240000
0!
0E
#343250000
1!
1E
#343260000
0!
0E
#343270000
1!
1E
#343280000
0!
0E
#343290000
1!
1E
#343300000
0!
0E
#343310000
1!
1E
#343320000
0!
0E
#343330000
1!
1E
#343340000
0!
0E
#343350000
1!
1E
#343360000
0!
0E
#343370000
1!
1E
#343380000
0!
0E
#343390000
1!
1E
#343400000
0!
0E
#343410000
1!
1E
#343420000
0!
0E
#343430000
1!
1E
#343440000
0!
0E
#343450000
1!
1E
#343460000
0!
0E
#343470000
1!
1E
#343480000
0!
0E
#343490000
1!
1E
#343500000
0!
0E
#343510000
1!
1E
#343520000
0!
0E
#343530000
1!
1E
#343540000
0!
0E
#343550000
1!
1E
#343560000
0!
0E
#343570000
1!
1E
#343580000
0!
0E
#343590000
1!
1E
#343600000
1#
0!
1G
0E
#343610000
1!
1E
1`
#343620000
0!
0E
#343630000
1!
1E
1f
1d
b110 h
#343640000
0!
0E
#343650000
1!
1E
0d
b110 g
b0 r
b10100000 i
0t
0l
1k
0j
#343660000
0!
0E
#343670000
1!
1E
#343680000
0!
0E
#343690000
1!
1E
#343700000
0!
0E
#343710000
1!
1E
#343720000
0!
0E
#343730000
1!
1E
#343740000
0!
0E
#343750000
1!
1E
#343760000
0!
0E
#343770000
1!
1E
#343780000
0!
0E
#343790000
1!
1E
#343800000
0!
0E
#343810000
1!
1E
#343820000
0!
0E
#343830000
1!
1E
#343840000
0!
0E
#343850000
1!
1E
#343860000
0!
0E
#343870000
1!
1E
#343880000
0!
0E
#343890000
1!
1E
#343900000
0!
0E
#343910000
1!
1E
#343920000
0!
0E
#343930000
1!
1E
#343940000
0!
0E
#343950000
1!
1E
#343960000
0!
0E
#343970000
1!
1E
#343980000
0!
0E
#343990000
1!
1E
#344000000
0!
0E
#344010000
1!
1E
#344020000
0!
0E
#344030000
1!
1E
#344040000
0!
0E
#344050000
1!
1E
#344060000
0!
0E
#344070000
1!
1E
#344080000
0!
0E
#344090000
1!
1E
#344100000
0!
0E
#344110000
1!
1E
#344120000
0!
0E
#344130000
1!
1E
#344140000
0!
0E
#344150000
1!
1E
#344160000
0!
0E
#344170000
1!
1E
#344180000
0!
0E
#344190000
1!
1E
#344200000
0!
0E
#344210000
1!
1E
#344220000
0!
0E
#344230000
1!
1E
#344240000
0!
0E
#344250000
1!
1E
#344260000
0!
0E
#344270000
1!
1E
#344280000
0!
0E
#344290000
1!
1E
#344300000
0!
0E
#344310000
1!
1E
#344320000
0!
0E
#344330000
1!
1E
#344340000
0!
0E
#344350000
1!
1E
#344360000
0!
0E
#344370000
1!
1E
#344380000
0!
0E
#344390000
1!
1E
#344400000
0!
0E
#344410000
1!
1E
#344420000
0!
0E
#344430000
1!
1E
#344440000
0!
0E
#344450000
1!
1E
#344460000
0!
0E
#344470000
1!
1E
#344480000
0!
0E
#344490000
1!
1E
#344500000
0!
0E
#344510000
1!
1E
#344520000
0!
0E
#344530000
1!
1E
#344540000
0!
0E
#344550000
1!
1E
#344560000
0!
0E
#344570000
1!
1E
#344580000
0!
0E
#344590000
1!
1E
#344600000
0#
0!
0G
0E
#344610000
1!
1E
0`
#344620000
0!
0E
#344630000
1!
1E
0f
1c
#344640000
0!
0E
#344650000
1!
1E
0c
0]
1^
#344660000
0!
0E
#344670000
1!
1E
#344680000
0!
0E
#344690000
1!
1E
#344700000
0!
0E
#344710000
1!
1E
#344720000
0!
0E
#344730000
1!
1E
#344740000
0!
0E
#344750000
1!
1E
#344760000
0!
0E
#344770000
1!
1E
#344780000
0!
0E
#344790000
1!
1E
#344800000
0!
0E
#344810000
1!
1E
#344820000
0!
0E
#344830000
1!
1E
#344840000
0!
0E
#344850000
1!
1E
#344860000
0!
0E
#344870000
1!
1E
#344880000
0!
0E
#344890000
1!
1E
#344900000
0!
0E
#344910000
1!
1E
#344920000
0!
0E
#344930000
1!
1E
#344940000
0!
0E
#344950000
1!
1E
#344960000
0!
0E
#344970000
1!
1E
#344980000
0!
0E
#344990000
1!
1E
#345000000
0!
0E
#345010000
1!
1E
#345020000
0!
0E
#345030000
1!
1E
#345040000
0!
0E
#345050000
1!
1E
#345060000
0!
0E
#345070000
1!
1E
#345080000
0!
0E
#345090000
1!
1E
#345100000
b11111111111111111111111111111111 A
0!
0E
#345110000
1!
1E
#345120000
0!
0E
#345130000
1!
1E
#345140000
0!
0E
#345150000
1!
1E
#345160000
0!
0E
#345170000
1!
1E
#345180000
0!
0E
#345190000
1!
1E
#345200000
0!
0E
#345210000
1!
1E
#345220000
0!
0E
#345230000
1!
1E
#345240000
0!
0E
#345250000
1!
1E
#345260000
0!
0E
#345270000
1!
1E
#345280000
0!
0E
#345290000
1!
1E
#345300000
0!
0E
#345310000
1!
1E
#345320000
0!
0E
#345330000
1!
1E
#345340000
0!
0E
#345350000
1!
1E
#345360000
0!
0E
#345370000
1!
1E
#345380000
0!
0E
#345390000
1!
1E
#345400000
0!
0E
#345410000
1!
1E
#345420000
0!
0E
#345430000
1!
1E
#345440000
0!
0E
#345450000
1!
1E
#345460000
0!
0E
#345470000
1!
1E
#345480000
0!
0E
#345490000
1!
1E
#345500000
0!
0E
#345510000
1!
1E
#345520000
0!
0E
#345530000
1!
1E
#345540000
0!
0E
#345550000
1!
1E
#345560000
0!
0E
#345570000
1!
1E
#345580000
0!
0E
#345590000
1!
1E
#345600000
1#
0!
1G
0E
#345610000
1!
1E
1`
#345620000
0!
0E
#345630000
1!
1E
1f
1d
b11 h
#345640000
0!
0E
#345650000
1!
1E
0d
b11 g
#345660000
0!
0E
#345670000
1!
1E
#345680000
0!
0E
#345690000
1!
1E
#345700000
0!
0E
#345710000
1!
1E
#345720000
0!
0E
#345730000
1!
1E
#345740000
0!
0E
#345750000
1!
1E
#345760000
0!
0E
#345770000
1!
1E
#345780000
0!
0E
#345790000
1!
1E
#345800000
0!
0E
#345810000
1!
1E
#345820000
0!
0E
#345830000
1!
1E
#345840000
0!
0E
#345850000
1!
1E
#345860000
0!
0E
#345870000
1!
1E
#345880000
0!
0E
#345890000
1!
1E
#345900000
0!
0E
#345910000
1!
1E
#345920000
0!
0E
#345930000
1!
1E
#345940000
0!
0E
#345950000
1!
1E
#345960000
0!
0E
#345970000
1!
1E
#345980000
0!
0E
#345990000
1!
1E
#346000000
0!
0E
#346010000
1!
1E
#346020000
0!
0E
#346030000
1!
1E
#346040000
0!
0E
#346050000
1!
1E
#346060000
0!
0E
#346070000
1!
1E
#346080000
0!
0E
#346090000
1!
1E
#346100000
0!
0E
#346110000
1!
1E
#346120000
0!
0E
#346130000
1!
1E
#346140000
0!
0E
#346150000
1!
1E
#346160000
0!
0E
#346170000
1!
1E
#346180000
0!
0E
#346190000
1!
1E
#346200000
0!
0E
#346210000
1!
1E
#346220000
0!
0E
#346230000
1!
1E
#346240000
0!
0E
#346250000
1!
1E
#346260000
0!
0E
#346270000
1!
1E
#346280000
0!
0E
#346290000
1!
1E
#346300000
0!
0E
#346310000
1!
1E
#346320000
0!
0E
#346330000
1!
1E
#346340000
0!
0E
#346350000
1!
1E
#346360000
0!
0E
#346370000
1!
1E
#346380000
0!
0E
#346390000
1!
1E
#346400000
0!
0E
#346410000
1!
1E
#346420000
0!
0E
#346430000
1!
1E
#346440000
0!
0E
#346450000
1!
1E
#346460000
0!
0E
#346470000
1!
1E
#346480000
0!
0E
#346490000
1!
1E
#346500000
0!
0E
#346510000
1!
1E
#346520000
0!
0E
#346530000
1!
1E
#346540000
0!
0E
#346550000
1!
1E
#346560000
0!
0E
#346570000
1!
1E
#346580000
0!
0E
#346590000
1!
1E
#346600000
0#
0!
0G
0E
#346610000
1!
1E
0`
#346620000
0!
0E
#346630000
1!
1E
0f
1c
#346640000
0!
0E
#346650000
1!
1E
0c
1]
0^
#346660000
0!
0E
#346670000
1!
1E
#346680000
0!
0E
#346690000
1!
1E
#346700000
0!
0E
#346710000
1!
1E
#346720000
0!
0E
#346730000
1!
1E
#346740000
0!
0E
#346750000
1!
1E
#346760000
0!
0E
#346770000
1!
1E
#346780000
0!
0E
#346790000
1!
1E
#346800000
0!
0E
#346810000
1!
1E
#346820000
0!
0E
#346830000
1!
1E
#346840000
0!
0E
#346850000
1!
1E
#346860000
0!
0E
#346870000
1!
1E
#346880000
0!
0E
#346890000
1!
1E
#346900000
0!
0E
#346910000
1!
1E
#346920000
0!
0E
#346930000
1!
1E
#346940000
0!
0E
#346950000
1!
1E
#346960000
0!
0E
#346970000
1!
1E
#346980000
0!
0E
#346990000
1!
1E
#347000000
0!
0E
#347010000
1!
1E
#347020000
0!
0E
#347030000
1!
1E
#347040000
0!
0E
#347050000
1!
1E
#347060000
0!
0E
#347070000
1!
1E
#347080000
0!
0E
#347090000
1!
1E
#347100000
b1011 ?
b111 A
0!
0E
#347110000
1!
1E
#347120000
0!
0E
#347130000
1!
1E
#347140000
0!
0E
#347150000
1!
1E
#347160000
0!
0E
#347170000
1!
1E
#347180000
0!
0E
#347190000
1!
1E
#347200000
0!
0E
#347210000
1!
1E
#347220000
0!
0E
#347230000
1!
1E
#347240000
0!
0E
#347250000
1!
1E
#347260000
0!
0E
#347270000
1!
1E
#347280000
0!
0E
#347290000
1!
1E
#347300000
0!
0E
#347310000
1!
1E
#347320000
0!
0E
#347330000
1!
1E
#347340000
0!
0E
#347350000
1!
1E
#347360000
0!
0E
#347370000
1!
1E
#347380000
0!
0E
#347390000
1!
1E
#347400000
0!
0E
#347410000
1!
1E
#347420000
0!
0E
#347430000
1!
1E
#347440000
0!
0E
#347450000
1!
1E
#347460000
0!
0E
#347470000
1!
1E
#347480000
0!
0E
#347490000
1!
1E
#347500000
0!
0E
#347510000
1!
1E
#347520000
0!
0E
#347530000
1!
1E
#347540000
0!
0E
#347550000
1!
1E
#347560000
0!
0E
#347570000
1!
1E
#347580000
0!
0E
#347590000
1!
1E
#347600000
1#
0!
1G
0E
#347610000
1!
1E
1`
#347620000
0!
0E
#347630000
1!
1E
1f
1d
#347640000
0!
0E
#347650000
1!
1E
0d
b1 r
b1000000 i
0k
1j
#347660000
0!
0E
#347670000
1!
1E
#347680000
0!
0E
#347690000
1!
1E
#347700000
0!
0E
#347710000
1!
1E
#347720000
0!
0E
#347730000
1!
1E
#347740000
0!
0E
#347750000
1!
1E
#347760000
0!
0E
#347770000
1!
1E
#347780000
0!
0E
#347790000
1!
1E
#347800000
0!
0E
#347810000
1!
1E
#347820000
0!
0E
#347830000
1!
1E
#347840000
0!
0E
#347850000
1!
1E
#347860000
0!
0E
#347870000
1!
1E
#347880000
0!
0E
#347890000
1!
1E
#347900000
0!
0E
#347910000
1!
1E
#347920000
0!
0E
#347930000
1!
1E
#347940000
0!
0E
#347950000
1!
1E
#347960000
0!
0E
#347970000
1!
1E
#347980000
0!
0E
#347990000
1!
1E
#348000000
0!
0E
#348010000
1!
1E
#348020000
0!
0E
#348030000
1!
1E
#348040000
0!
0E
#348050000
1!
1E
#348060000
0!
0E
#348070000
1!
1E
#348080000
0!
0E
#348090000
1!
1E
#348100000
0!
0E
#348110000
1!
1E
#348120000
0!
0E
#348130000
1!
1E
#348140000
0!
0E
#348150000
1!
1E
#348160000
0!
0E
#348170000
1!
1E
#348180000
0!
0E
#348190000
1!
1E
#348200000
0!
0E
#348210000
1!
1E
#348220000
0!
0E
#348230000
1!
1E
#348240000
0!
0E
#348250000
1!
1E
#348260000
0!
0E
#348270000
1!
1E
#348280000
0!
0E
#348290000
1!
1E
#348300000
0!
0E
#348310000
1!
1E
#348320000
0!
0E
#348330000
1!
1E
#348340000
0!
0E
#348350000
1!
1E
#348360000
0!
0E
#348370000
1!
1E
#348380000
0!
0E
#348390000
1!
1E
#348400000
0!
0E
#348410000
1!
1E
#348420000
0!
0E
#348430000
1!
1E
#348440000
0!
0E
#348450000
1!
1E
#348460000
0!
0E
#348470000
1!
1E
#348480000
0!
0E
#348490000
1!
1E
#348500000
0!
0E
#348510000
1!
1E
#348520000
0!
0E
#348530000
1!
1E
#348540000
0!
0E
#348550000
1!
1E
#348560000
0!
0E
#348570000
1!
1E
#348580000
0!
0E
#348590000
1!
1E
#348600000
0#
0!
0G
0E
#348610000
1!
1E
0`
#348620000
0!
0E
#348630000
1!
1E
0f
1c
#348640000
0!
0E
#348650000
1!
1E
0c
#348660000
0!
0E
#348670000
1!
1E
#348680000
0!
0E
#348690000
1!
1E
#348700000
0!
0E
#348710000
1!
1E
#348720000
0!
0E
#348730000
1!
1E
#348740000
0!
0E
#348750000
1!
1E
#348760000
0!
0E
#348770000
1!
1E
#348780000
0!
0E
#348790000
1!
1E
#348800000
0!
0E
#348810000
1!
1E
#348820000
0!
0E
#348830000
1!
1E
#348840000
0!
0E
#348850000
1!
1E
#348860000
0!
0E
#348870000
1!
1E
#348880000
0!
0E
#348890000
1!
1E
#348900000
0!
0E
#348910000
1!
1E
#348920000
0!
0E
#348930000
1!
1E
#348940000
0!
0E
#348950000
1!
1E
#348960000
0!
0E
#348970000
1!
1E
#348980000
0!
0E
#348990000
1!
1E
#349000000
0!
0E
#349010000
1!
1E
#349020000
0!
0E
#349030000
1!
1E
#349040000
0!
0E
#349050000
1!
1E
#349060000
0!
0E
#349070000
1!
1E
#349080000
0!
0E
#349090000
1!
1E
#349100000
b110 A
0!
0E
#349110000
1!
1E
#349120000
0!
0E
#349130000
1!
1E
#349140000
0!
0E
#349150000
1!
1E
#349160000
0!
0E
#349170000
1!
1E
#349180000
0!
0E
#349190000
1!
1E
#349200000
0!
0E
#349210000
1!
1E
#349220000
0!
0E
#349230000
1!
1E
#349240000
0!
0E
#349250000
1!
1E
#349260000
0!
0E
#349270000
1!
1E
#349280000
0!
0E
#349290000
1!
1E
#349300000
0!
0E
#349310000
1!
1E
#349320000
0!
0E
#349330000
1!
1E
#349340000
0!
0E
#349350000
1!
1E
#349360000
0!
0E
#349370000
1!
1E
#349380000
0!
0E
#349390000
1!
1E
#349400000
0!
0E
#349410000
1!
1E
#349420000
0!
0E
#349430000
1!
1E
#349440000
0!
0E
#349450000
1!
1E
#349460000
0!
0E
#349470000
1!
1E
#349480000
0!
0E
#349490000
1!
1E
#349500000
0!
0E
#349510000
1!
1E
#349520000
0!
0E
#349530000
1!
1E
#349540000
0!
0E
#349550000
1!
1E
#349560000
0!
0E
#349570000
1!
1E
#349580000
0!
0E
#349590000
1!
1E
#349600000
1#
0!
1G
0E
#349610000
1!
1E
1`
#349620000
0!
0E
#349630000
1!
1E
1f
1d
#349640000
0!
0E
#349650000
1!
1E
0d
b10 r
b10000000 i
0j
#349660000
0!
0E
#349670000
1!
1E
#349680000
0!
0E
#349690000
1!
1E
#349700000
0!
0E
#349710000
1!
1E
#349720000
0!
0E
#349730000
1!
1E
#349740000
0!
0E
#349750000
1!
1E
#349760000
0!
0E
#349770000
1!
1E
#349780000
0!
0E
#349790000
1!
1E
#349800000
0!
0E
#349810000
1!
1E
#349820000
0!
0E
#349830000
1!
1E
#349840000
0!
0E
#349850000
1!
1E
#349860000
0!
0E
#349870000
1!
1E
#349880000
0!
0E
#349890000
1!
1E
#349900000
0!
0E
#349910000
1!
1E
#349920000
0!
0E
#349930000
1!
1E
#349940000
0!
0E
#349950000
1!
1E
#349960000
0!
0E
#349970000
1!
1E
#349980000
0!
0E
#349990000
1!
1E
#350000000
0!
0E
#350010000
1!
1E
#350020000
0!
0E
#350030000
1!
1E
#350040000
0!
0E
#350050000
1!
1E
#350060000
0!
0E
#350070000
1!
1E
#350080000
0!
0E
#350090000
1!
1E
#350100000
0!
0E
#350110000
1!
1E
#350120000
0!
0E
#350130000
1!
1E
#350140000
0!
0E
#350150000
1!
1E
#350160000
0!
0E
#350170000
1!
1E
#350180000
0!
0E
#350190000
1!
1E
#350200000
0!
0E
#350210000
1!
1E
#350220000
0!
0E
#350230000
1!
1E
#350240000
0!
0E
#350250000
1!
1E
#350260000
0!
0E
#350270000
1!
1E
#350280000
0!
0E
#350290000
1!
1E
#350300000
0!
0E
#350310000
1!
1E
#350320000
0!
0E
#350330000
1!
1E
#350340000
0!
0E
#350350000
1!
1E
#350360000
0!
0E
#350370000
1!
1E
#350380000
0!
0E
#350390000
1!
1E
#350400000
0!
0E
#350410000
1!
1E
#350420000
0!
0E
#350430000
1!
1E
#350440000
0!
0E
#350450000
1!
1E
#350460000
0!
0E
#350470000
1!
1E
#350480000
0!
0E
#350490000
1!
1E
#350500000
0!
0E
#350510000
1!
1E
#350520000
0!
0E
#350530000
1!
1E
#350540000
0!
0E
#350550000
1!
1E
#350560000
0!
0E
#350570000
1!
1E
#350580000
0!
0E
#350590000
1!
1E
#350600000
0#
0!
0G
0E
#350610000
1!
1E
0`
#350620000
0!
0E
#350630000
1!
1E
0f
1c
#350640000
0!
0E
#350650000
1!
1E
0c
#350660000
0!
0E
#350670000
1!
1E
#350680000
0!
0E
#350690000
1!
1E
#350700000
0!
0E
#350710000
1!
1E
#350720000
0!
0E
#350730000
1!
1E
#350740000
0!
0E
#350750000
1!
1E
#350760000
0!
0E
#350770000
1!
1E
#350780000
0!
0E
#350790000
1!
1E
#350800000
0!
0E
#350810000
1!
1E
#350820000
0!
0E
#350830000
1!
1E
#350840000
0!
0E
#350850000
1!
1E
#350860000
0!
0E
#350870000
1!
1E
#350880000
0!
0E
#350890000
1!
1E
#350900000
0!
0E
#350910000
1!
1E
#350920000
0!
0E
#350930000
1!
1E
#350940000
0!
0E
#350950000
1!
1E
#350960000
0!
0E
#350970000
1!
1E
#350980000
0!
0E
#350990000
1!
1E
#351000000
0!
0E
#351010000
1!
1E
#351020000
0!
0E
#351030000
1!
1E
#351040000
0!
0E
#351050000
1!
1E
#351060000
0!
0E
#351070000
1!
1E
#351080000
0!
0E
#351090000
1!
1E
#351100000
b101 A
0!
0E
#351110000
1!
1E
#351120000
0!
0E
#351130000
1!
1E
#351140000
0!
0E
#351150000
1!
1E
#351160000
0!
0E
#351170000
1!
1E
#351180000
0!
0E
#351190000
1!
1E
#351200000
0!
0E
#351210000
1!
1E
#351220000
0!
0E
#351230000
1!
1E
#351240000
0!
0E
#351250000
1!
1E
#351260000
0!
0E
#351270000
1!
1E
#351280000
0!
0E
#351290000
1!
1E
#351300000
0!
0E
#351310000
1!
1E
#351320000
0!
0E
#351330000
1!
1E
#351340000
0!
0E
#351350000
1!
1E
#351360000
0!
0E
#351370000
1!
1E
#351380000
0!
0E
#351390000
1!
1E
#351400000
0!
0E
#351410000
1!
1E
#351420000
0!
0E
#351430000
1!
1E
#351440000
0!
0E
#351450000
1!
1E
#351460000
0!
0E
#351470000
1!
1E
#351480000
0!
0E
#351490000
1!
1E
#351500000
0!
0E
#351510000
1!
1E
#351520000
0!
0E
#351530000
1!
1E
#351540000
0!
0E
#351550000
1!
1E
#351560000
0!
0E
#351570000
1!
1E
#351580000
0!
0E
#351590000
1!
1E
#351600000
1#
0!
1G
0E
#351610000
1!
1E
1`
#351620000
0!
0E
#351630000
1!
1E
1f
1d
#351640000
0!
0E
#351650000
1!
1E
0d
b11 r
b0 i
#351660000
0!
0E
#351670000
1!
1E
#351680000
0!
0E
#351690000
1!
1E
#351700000
0!
0E
#351710000
1!
1E
#351720000
0!
0E
#351730000
1!
1E
#351740000
0!
0E
#351750000
1!
1E
#351760000
0!
0E
#351770000
1!
1E
#351780000
0!
0E
#351790000
1!
1E
#351800000
0!
0E
#351810000
1!
1E
#351820000
0!
0E
#351830000
1!
1E
#351840000
0!
0E
#351850000
1!
1E
#351860000
0!
0E
#351870000
1!
1E
#351880000
0!
0E
#351890000
1!
1E
#351900000
0!
0E
#351910000
1!
1E
#351920000
0!
0E
#351930000
1!
1E
#351940000
0!
0E
#351950000
1!
1E
#351960000
0!
0E
#351970000
1!
1E
#351980000
0!
0E
#351990000
1!
1E
#352000000
0!
0E
#352010000
1!
1E
#352020000
0!
0E
#352030000
1!
1E
#352040000
0!
0E
#352050000
1!
1E
#352060000
0!
0E
#352070000
1!
1E
#352080000
0!
0E
#352090000
1!
1E
#352100000
0!
0E
#352110000
1!
1E
#352120000
0!
0E
#352130000
1!
1E
#352140000
0!
0E
#352150000
1!
1E
#352160000
0!
0E
#352170000
1!
1E
#352180000
0!
0E
#352190000
1!
1E
#352200000
0!
0E
#352210000
1!
1E
#352220000
0!
0E
#352230000
1!
1E
#352240000
0!
0E
#352250000
1!
1E
#352260000
0!
0E
#352270000
1!
1E
#352280000
0!
0E
#352290000
1!
1E
#352300000
0!
0E
#352310000
1!
1E
#352320000
0!
0E
#352330000
1!
1E
#352340000
0!
0E
#352350000
1!
1E
#352360000
0!
0E
#352370000
1!
1E
#352380000
0!
0E
#352390000
1!
1E
#352400000
0!
0E
#352410000
1!
1E
#352420000
0!
0E
#352430000
1!
1E
#352440000
0!
0E
#352450000
1!
1E
#352460000
0!
0E
#352470000
1!
1E
#352480000
0!
0E
#352490000
1!
1E
#352500000
0!
0E
#352510000
1!
1E
#352520000
0!
0E
#352530000
1!
1E
#352540000
0!
0E
#352550000
1!
1E
#352560000
0!
0E
#352570000
1!
1E
#352580000
0!
0E
#352590000
1!
1E
#352600000
0#
0!
0G
0E
#352610000
1!
1E
0`
#352620000
0!
0E
#352630000
1!
1E
0f
1c
#352640000
0!
0E
#352650000
1!
1E
0c
#352660000
0!
0E
#352670000
1!
1E
#352680000
0!
0E
#352690000
1!
1E
#352700000
0!
0E
#352710000
1!
1E
#352720000
0!
0E
#352730000
1!
1E
#352740000
0!
0E
#352750000
1!
1E
#352760000
0!
0E
#352770000
1!
1E
#352780000
0!
0E
#352790000
1!
1E
#352800000
0!
0E
#352810000
1!
1E
#352820000
0!
0E
#352830000
1!
1E
#352840000
0!
0E
#352850000
1!
1E
#352860000
0!
0E
#352870000
1!
1E
#352880000
0!
0E
#352890000
1!
1E
#352900000
0!
0E
#352910000
1!
1E
#352920000
0!
0E
#352930000
1!
1E
#352940000
0!
0E
#352950000
1!
1E
#352960000
0!
0E
#352970000
1!
1E
#352980000
0!
0E
#352990000
1!
1E
#353000000
0!
0E
#353010000
1!
1E
#353020000
0!
0E
#353030000
1!
1E
#353040000
0!
0E
#353050000
1!
1E
#353060000
0!
0E
#353070000
1!
1E
#353080000
0!
0E
#353090000
1!
1E
#353100000
b100 A
0!
0E
#353110000
1!
1E
#353120000
0!
0E
#353130000
1!
1E
#353140000
0!
0E
#353150000
1!
1E
#353160000
0!
0E
#353170000
1!
1E
#353180000
0!
0E
#353190000
1!
1E
#353200000
0!
0E
#353210000
1!
1E
#353220000
0!
0E
#353230000
1!
1E
#353240000
0!
0E
#353250000
1!
1E
#353260000
0!
0E
#353270000
1!
1E
#353280000
0!
0E
#353290000
1!
1E
#353300000
0!
0E
#353310000
1!
1E
#353320000
0!
0E
#353330000
1!
1E
#353340000
0!
0E
#353350000
1!
1E
#353360000
0!
0E
#353370000
1!
1E
#353380000
0!
0E
#353390000
1!
1E
#353400000
0!
0E
#353410000
1!
1E
#353420000
0!
0E
#353430000
1!
1E
#353440000
0!
0E
#353450000
1!
1E
#353460000
0!
0E
#353470000
1!
1E
#353480000
0!
0E
#353490000
1!
1E
#353500000
0!
0E
#353510000
1!
1E
#353520000
0!
0E
#353530000
1!
1E
#353540000
0!
0E
#353550000
1!
1E
#353560000
0!
0E
#353570000
1!
1E
#353580000
0!
0E
#353590000
1!
1E
#353600000
1#
0!
1G
0E
#353610000
1!
1E
1`
#353620000
0!
0E
#353630000
1!
1E
1f
1d
#353640000
0!
0E
#353650000
1!
1E
0d
b100 r
#353660000
0!
0E
#353670000
1!
1E
#353680000
0!
0E
#353690000
1!
1E
#353700000
0!
0E
#353710000
1!
1E
#353720000
0!
0E
#353730000
1!
1E
#353740000
0!
0E
#353750000
1!
1E
#353760000
0!
0E
#353770000
1!
1E
#353780000
0!
0E
#353790000
1!
1E
#353800000
0!
0E
#353810000
1!
1E
#353820000
0!
0E
#353830000
1!
1E
#353840000
0!
0E
#353850000
1!
1E
#353860000
0!
0E
#353870000
1!
1E
#353880000
0!
0E
#353890000
1!
1E
#353900000
0!
0E
#353910000
1!
1E
#353920000
0!
0E
#353930000
1!
1E
#353940000
0!
0E
#353950000
1!
1E
#353960000
0!
0E
#353970000
1!
1E
#353980000
0!
0E
#353990000
1!
1E
#354000000
0!
0E
#354010000
1!
1E
#354020000
0!
0E
#354030000
1!
1E
#354040000
0!
0E
#354050000
1!
1E
#354060000
0!
0E
#354070000
1!
1E
#354080000
0!
0E
#354090000
1!
1E
#354100000
0!
0E
#354110000
1!
1E
#354120000
0!
0E
#354130000
1!
1E
#354140000
0!
0E
#354150000
1!
1E
#354160000
0!
0E
#354170000
1!
1E
#354180000
0!
0E
#354190000
1!
1E
#354200000
0!
0E
#354210000
1!
1E
#354220000
0!
0E
#354230000
1!
1E
#354240000
0!
0E
#354250000
1!
1E
#354260000
0!
0E
#354270000
1!
1E
#354280000
0!
0E
#354290000
1!
1E
#354300000
0!
0E
#354310000
1!
1E
#354320000
0!
0E
#354330000
1!
1E
#354340000
0!
0E
#354350000
1!
1E
#354360000
0!
0E
#354370000
1!
1E
#354380000
0!
0E
#354390000
1!
1E
#354400000
0!
0E
#354410000
1!
1E
#354420000
0!
0E
#354430000
1!
1E
#354440000
0!
0E
#354450000
1!
1E
#354460000
0!
0E
#354470000
1!
1E
#354480000
0!
0E
#354490000
1!
1E
#354500000
0!
0E
#354510000
1!
1E
#354520000
0!
0E
#354530000
1!
1E
#354540000
0!
0E
#354550000
1!
1E
#354560000
0!
0E
#354570000
1!
1E
#354580000
0!
0E
#354590000
1!
1E
#354600000
0#
0!
0G
0E
#354610000
1!
1E
0`
#354620000
0!
0E
#354630000
1!
1E
0f
1c
#354640000
0!
0E
#354650000
1!
1E
0c
#354660000
0!
0E
#354670000
1!
1E
#354680000
0!
0E
#354690000
1!
1E
#354700000
0!
0E
#354710000
1!
1E
#354720000
0!
0E
#354730000
1!
1E
#354740000
0!
0E
#354750000
1!
1E
#354760000
0!
0E
#354770000
1!
1E
#354780000
0!
0E
#354790000
1!
1E
#354800000
0!
0E
#354810000
1!
1E
#354820000
0!
0E
#354830000
1!
1E
#354840000
0!
0E
#354850000
1!
1E
#354860000
0!
0E
#354870000
1!
1E
#354880000
0!
0E
#354890000
1!
1E
#354900000
0!
0E
#354910000
1!
1E
#354920000
0!
0E
#354930000
1!
1E
#354940000
0!
0E
#354950000
1!
1E
#354960000
0!
0E
#354970000
1!
1E
#354980000
0!
0E
#354990000
1!
1E
#355000000
0!
0E
#355010000
1!
1E
#355020000
0!
0E
#355030000
1!
1E
#355040000
0!
0E
#355050000
1!
1E
#355060000
0!
0E
#355070000
1!
1E
#355080000
0!
0E
#355090000
1!
1E
#355100000
b11 A
1=
0!
1$
0E
#355110000
1!
1E
1_
1q
#355120000
0!
0E
#355130000
1!
1E
1e
1b
#355140000
0!
0E
#355150000
1!
1E
0b
#355160000
0!
0E
#355170000
1!
1E
#355180000
0!
0E
#355190000
1!
1E
#355200000
0!
0E
#355210000
1!
1E
#355220000
0!
0E
#355230000
1!
1E
#355240000
0!
0E
#355250000
1!
1E
#355260000
0!
0E
#355270000
1!
1E
#355280000
0!
0E
#355290000
1!
1E
#355300000
0!
0E
#355310000
1!
1E
#355320000
0!
0E
#355330000
1!
1E
#355340000
0!
0E
#355350000
1!
1E
#355360000
0!
0E
#355370000
1!
1E
#355380000
0!
0E
#355390000
1!
1E
#355400000
0!
0E
#355410000
1!
1E
#355420000
0!
0E
#355430000
1!
1E
#355440000
0!
0E
#355450000
1!
1E
#355460000
0!
0E
#355470000
1!
1E
#355480000
0!
0E
#355490000
1!
1E
#355500000
0!
0E
#355510000
1!
1E
#355520000
0!
0E
#355530000
1!
1E
#355540000
0!
0E
#355550000
1!
1E
#355560000
0!
0E
#355570000
1!
1E
#355580000
0!
0E
#355590000
1!
1E
#355600000
1#
0!
1G
0E
#355610000
1!
1E
1`
#355620000
0!
0E
#355630000
1!
1E
1f
1d
#355640000
0!
0E
#355650000
1!
1E
0d
b101 r
b1 i
1p
#355660000
0!
0E
#355670000
1!
1E
#355680000
0!
0E
#355690000
1!
1E
#355700000
0!
0E
#355710000
1!
1E
#355720000
0!
0E
#355730000
1!
1E
#355740000
0!
0E
#355750000
1!
1E
#355760000
0!
0E
#355770000
1!
1E
#355780000
0!
0E
#355790000
1!
1E
#355800000
0!
0E
#355810000
1!
1E
#355820000
0!
0E
#355830000
1!
1E
#355840000
0!
0E
#355850000
1!
1E
#355860000
0!
0E
#355870000
1!
1E
#355880000
0!
0E
#355890000
1!
1E
#355900000
0!
0E
#355910000
1!
1E
#355920000
0!
0E
#355930000
1!
1E
#355940000
0!
0E
#355950000
1!
1E
#355960000
0!
0E
#355970000
1!
1E
#355980000
0!
0E
#355990000
1!
1E
#356000000
0!
0E
#356010000
1!
1E
#356020000
0!
0E
#356030000
1!
1E
#356040000
0!
0E
#356050000
1!
1E
#356060000
0!
0E
#356070000
1!
1E
#356080000
0!
0E
#356090000
1!
1E
#356100000
0!
0E
#356110000
1!
1E
#356120000
0!
0E
#356130000
1!
1E
#356140000
0!
0E
#356150000
1!
1E
#356160000
0!
0E
#356170000
1!
1E
#356180000
0!
0E
#356190000
1!
1E
#356200000
0!
0E
#356210000
1!
1E
#356220000
0!
0E
#356230000
1!
1E
#356240000
0!
0E
#356250000
1!
1E
#356260000
0!
0E
#356270000
1!
1E
#356280000
0!
0E
#356290000
1!
1E
#356300000
0!
0E
#356310000
1!
1E
#356320000
0!
0E
#356330000
1!
1E
#356340000
0!
0E
#356350000
1!
1E
#356360000
0!
0E
#356370000
1!
1E
#356380000
0!
0E
#356390000
1!
1E
#356400000
0!
0E
#356410000
1!
1E
#356420000
0!
0E
#356430000
1!
1E
#356440000
0!
0E
#356450000
1!
1E
#356460000
0!
0E
#356470000
1!
1E
#356480000
0!
0E
#356490000
1!
1E
#356500000
0!
0E
#356510000
1!
1E
#356520000
0!
0E
#356530000
1!
1E
#356540000
0!
0E
#356550000
1!
1E
#356560000
0!
0E
#356570000
1!
1E
#356580000
0!
0E
#356590000
1!
1E
#356600000
0#
0!
0G
0E
#356610000
1!
1E
0`
#356620000
0!
0E
#356630000
1!
1E
0f
1c
#356640000
0!
0E
#356650000
1!
1E
0c
#356660000
0!
0E
#356670000
1!
1E
#356680000
0!
0E
#356690000
1!
1E
#356700000
0!
0E
#356710000
1!
1E
#356720000
0!
0E
#356730000
1!
1E
#356740000
0!
0E
#356750000
1!
1E
#356760000
0!
0E
#356770000
1!
1E
#356780000
0!
0E
#356790000
1!
1E
#356800000
0!
0E
#356810000
1!
1E
#356820000
0!
0E
#356830000
1!
1E
#356840000
0!
0E
#356850000
1!
1E
#356860000
0!
0E
#356870000
1!
1E
#356880000
0!
0E
#356890000
1!
1E
#356900000
0!
0E
#356910000
1!
1E
#356920000
0!
0E
#356930000
1!
1E
#356940000
0!
0E
#356950000
1!
1E
#356960000
0!
0E
#356970000
1!
1E
#356980000
0!
0E
#356990000
1!
1E
#357000000
0!
0E
#357010000
1!
1E
#357020000
0!
0E
#357030000
1!
1E
#357040000
0!
0E
#357050000
1!
1E
#357060000
0!
0E
#357070000
1!
1E
#357080000
0!
0E
#357090000
1!
1E
#357100000
b10 A
0=
0!
0$
0E
#357110000
1!
1E
0_
0q
#357120000
0!
0E
#357130000
1!
1E
0e
1a
#357140000
0!
0E
#357150000
1!
1E
0a
#357160000
0!
0E
#357170000
1!
1E
#357180000
0!
0E
#357190000
1!
1E
#357200000
0!
0E
#357210000
1!
1E
#357220000
0!
0E
#357230000
1!
1E
#357240000
0!
0E
#357250000
1!
1E
#357260000
0!
0E
#357270000
1!
1E
#357280000
0!
0E
#357290000
1!
1E
#357300000
0!
0E
#357310000
1!
1E
#357320000
0!
0E
#357330000
1!
1E
#357340000
0!
0E
#357350000
1!
1E
#357360000
0!
0E
#357370000
1!
1E
#357380000
0!
0E
#357390000
1!
1E
#357400000
0!
0E
#357410000
1!
1E
#357420000
0!
0E
#357430000
1!
1E
#357440000
0!
0E
#357450000
1!
1E
#357460000
0!
0E
#357470000
1!
1E
#357480000
0!
0E
#357490000
1!
1E
#357500000
0!
0E
#357510000
1!
1E
#357520000
0!
0E
#357530000
1!
1E
#357540000
0!
0E
#357550000
1!
1E
#357560000
0!
0E
#357570000
1!
1E
#357580000
0!
0E
#357590000
1!
1E
#357600000
1#
0!
1G
0E
#357610000
1!
1E
1`
#357620000
0!
0E
#357630000
1!
1E
1f
1d
#357640000
0!
0E
#357650000
1!
1E
0d
b110 r
b10 i
0p
1o
#357660000
0!
0E
#357670000
1!
1E
#357680000
0!
0E
#357690000
1!
1E
#357700000
0!
0E
#357710000
1!
1E
#357720000
0!
0E
#357730000
1!
1E
#357740000
0!
0E
#357750000
1!
1E
#357760000
0!
0E
#357770000
1!
1E
#357780000
0!
0E
#357790000
1!
1E
#357800000
0!
0E
#357810000
1!
1E
#357820000
0!
0E
#357830000
1!
1E
#357840000
0!
0E
#357850000
1!
1E
#357860000
0!
0E
#357870000
1!
1E
#357880000
0!
0E
#357890000
1!
1E
#357900000
0!
0E
#357910000
1!
1E
#357920000
0!
0E
#357930000
1!
1E
#357940000
0!
0E
#357950000
1!
1E
#357960000
0!
0E
#357970000
1!
1E
#357980000
0!
0E
#357990000
1!
1E
#358000000
0!
0E
#358010000
1!
1E
#358020000
0!
0E
#358030000
1!
1E
#358040000
0!
0E
#358050000
1!
1E
#358060000
0!
0E
#358070000
1!
1E
#358080000
0!
0E
#358090000
1!
1E
#358100000
0!
0E
#358110000
1!
1E
#358120000
0!
0E
#358130000
1!
1E
#358140000
0!
0E
#358150000
1!
1E
#358160000
0!
0E
#358170000
1!
1E
#358180000
0!
0E
#358190000
1!
1E
#358200000
0!
0E
#358210000
1!
1E
#358220000
0!
0E
#358230000
1!
1E
#358240000
0!
0E
#358250000
1!
1E
#358260000
0!
0E
#358270000
1!
1E
#358280000
0!
0E
#358290000
1!
1E
#358300000
0!
0E
#358310000
1!
1E
#358320000
0!
0E
#358330000
1!
1E
#358340000
0!
0E
#358350000
1!
1E
#358360000
0!
0E
#358370000
1!
1E
#358380000
0!
0E
#358390000
1!
1E
#358400000
0!
0E
#358410000
1!
1E
#358420000
0!
0E
#358430000
1!
1E
#358440000
0!
0E
#358450000
1!
1E
#358460000
0!
0E
#358470000
1!
1E
#358480000
0!
0E
#358490000
1!
1E
#358500000
0!
0E
#358510000
1!
1E
#358520000
0!
0E
#358530000
1!
1E
#358540000
0!
0E
#358550000
1!
1E
#358560000
0!
0E
#358570000
1!
1E
#358580000
0!
0E
#358590000
1!
1E
#358600000
0#
0!
0G
0E
#358610000
1!
1E
0`
#358620000
0!
0E
#358630000
1!
1E
0f
1c
#358640000
0!
0E
#358650000
1!
1E
0c
#358660000
0!
0E
#358670000
1!
1E
#358680000
0!
0E
#358690000
1!
1E
#358700000
0!
0E
#358710000
1!
1E
#358720000
0!
0E
#358730000
1!
1E
#358740000
0!
0E
#358750000
1!
1E
#358760000
0!
0E
#358770000
1!
1E
#358780000
0!
0E
#358790000
1!
1E
#358800000
0!
0E
#358810000
1!
1E
#358820000
0!
0E
#358830000
1!
1E
#358840000
0!
0E
#358850000
1!
1E
#358860000
0!
0E
#358870000
1!
1E
#358880000
0!
0E
#358890000
1!
1E
#358900000
0!
0E
#358910000
1!
1E
#358920000
0!
0E
#358930000
1!
1E
#358940000
0!
0E
#358950000
1!
1E
#358960000
0!
0E
#358970000
1!
1E
#358980000
0!
0E
#358990000
1!
1E
#359000000
0!
0E
#359010000
1!
1E
#359020000
0!
0E
#359030000
1!
1E
#359040000
0!
0E
#359050000
1!
1E
#359060000
0!
0E
#359070000
1!
1E
#359080000
0!
0E
#359090000
1!
1E
#359100000
b1 A
1=
0!
1$
0E
#359110000
1!
1E
1_
1q
#359120000
0!
0E
#359130000
1!
1E
1e
1b
#359140000
0!
0E
#359150000
1!
1E
0b
#359160000
0!
0E
#359170000
1!
1E
#359180000
0!
0E
#359190000
1!
1E
#359200000
0!
0E
#359210000
1!
1E
#359220000
0!
0E
#359230000
1!
1E
#359240000
0!
0E
#359250000
1!
1E
#359260000
0!
0E
#359270000
1!
1E
#359280000
0!
0E
#359290000
1!
1E
#359300000
0!
0E
#359310000
1!
1E
#359320000
0!
0E
#359330000
1!
1E
#359340000
0!
0E
#359350000
1!
1E
#359360000
0!
0E
#359370000
1!
1E
#359380000
0!
0E
#359390000
1!
1E
#359400000
0!
0E
#359410000
1!
1E
#359420000
0!
0E
#359430000
1!
1E
#359440000
0!
0E
#359450000
1!
1E
#359460000
0!
0E
#359470000
1!
1E
#359480000
0!
0E
#359490000
1!
1E
#359500000
0!
0E
#359510000
1!
1E
#359520000
0!
0E
#359530000
1!
1E
#359540000
0!
0E
#359550000
1!
1E
#359560000
0!
0E
#359570000
1!
1E
#359580000
0!
0E
#359590000
1!
1E
#359600000
1#
0!
1G
0E
#359610000
1!
1E
1`
#359620000
0!
0E
#359630000
1!
1E
1f
1d
#359640000
0!
0E
#359650000
1!
1E
0d
b111 r
b101 i
1p
0o
1n
#359660000
0!
0E
#359670000
1!
1E
#359680000
0!
0E
#359690000
1!
1E
#359700000
0!
0E
#359710000
1!
1E
#359720000
0!
0E
#359730000
1!
1E
#359740000
0!
0E
#359750000
1!
1E
#359760000
0!
0E
#359770000
1!
1E
#359780000
0!
0E
#359790000
1!
1E
#359800000
0!
0E
#359810000
1!
1E
#359820000
0!
0E
#359830000
1!
1E
#359840000
0!
0E
#359850000
1!
1E
#359860000
0!
0E
#359870000
1!
1E
#359880000
0!
0E
#359890000
1!
1E
#359900000
0!
0E
#359910000
1!
1E
#359920000
0!
0E
#359930000
1!
1E
#359940000
0!
0E
#359950000
1!
1E
#359960000
0!
0E
#359970000
1!
1E
#359980000
0!
0E
#359990000
1!
1E
#360000000
0!
0E
#360010000
1!
1E
#360020000
0!
0E
#360030000
1!
1E
#360040000
0!
0E
#360050000
1!
1E
#360060000
0!
0E
#360070000
1!
1E
#360080000
0!
0E
#360090000
1!
1E
#360100000
0!
0E
#360110000
1!
1E
#360120000
0!
0E
#360130000
1!
1E
#360140000
0!
0E
#360150000
1!
1E
#360160000
0!
0E
#360170000
1!
1E
#360180000
0!
0E
#360190000
1!
1E
#360200000
0!
0E
#360210000
1!
1E
#360220000
0!
0E
#360230000
1!
1E
#360240000
0!
0E
#360250000
1!
1E
#360260000
0!
0E
#360270000
1!
1E
#360280000
0!
0E
#360290000
1!
1E
#360300000
0!
0E
#360310000
1!
1E
#360320000
0!
0E
#360330000
1!
1E
#360340000
0!
0E
#360350000
1!
1E
#360360000
0!
0E
#360370000
1!
1E
#360380000
0!
0E
#360390000
1!
1E
#360400000
0!
0E
#360410000
1!
1E
#360420000
0!
0E
#360430000
1!
1E
#360440000
0!
0E
#360450000
1!
1E
#360460000
0!
0E
#360470000
1!
1E
#360480000
0!
0E
#360490000
1!
1E
#360500000
0!
0E
#360510000
1!
1E
#360520000
0!
0E
#360530000
1!
1E
#360540000
0!
0E
#360550000
1!
1E
#360560000
0!
0E
#360570000
1!
1E
#360580000
0!
0E
#360590000
1!
1E
#360600000
0#
0!
0G
0E
#360610000
1!
1E
0`
#360620000
0!
0E
#360630000
1!
1E
0f
1c
#360640000
0!
0E
#360650000
1!
1E
0c
#360660000
0!
0E
#360670000
1!
1E
#360680000
0!
0E
#360690000
1!
1E
#360700000
0!
0E
#360710000
1!
1E
#360720000
0!
0E
#360730000
1!
1E
#360740000
0!
0E
#360750000
1!
1E
#360760000
0!
0E
#360770000
1!
1E
#360780000
0!
0E
#360790000
1!
1E
#360800000
0!
0E
#360810000
1!
1E
#360820000
0!
0E
#360830000
1!
1E
#360840000
0!
0E
#360850000
1!
1E
#360860000
0!
0E
#360870000
1!
1E
#360880000
0!
0E
#360890000
1!
1E
#360900000
0!
0E
#360910000
1!
1E
#360920000
0!
0E
#360930000
1!
1E
#360940000
0!
0E
#360950000
1!
1E
#360960000
0!
0E
#360970000
1!
1E
#360980000
0!
0E
#360990000
1!
1E
#361000000
0!
0E
#361010000
1!
1E
#361020000
0!
0E
#361030000
1!
1E
#361040000
0!
0E
#361050000
1!
1E
#361060000
0!
0E
#361070000
1!
1E
#361080000
0!
0E
#361090000
1!
1E
#361100000
b0 A
0!
0E
#361110000
1!
1E
#361120000
0!
0E
#361130000
1!
1E
#361140000
0!
0E
#361150000
1!
1E
#361160000
0!
0E
#361170000
1!
1E
#361180000
0!
0E
#361190000
1!
1E
#361200000
0!
0E
#361210000
1!
1E
#361220000
0!
0E
#361230000
1!
1E
#361240000
0!
0E
#361250000
1!
1E
#361260000
0!
0E
#361270000
1!
1E
#361280000
0!
0E
#361290000
1!
1E
#361300000
0!
0E
#361310000
1!
1E
#361320000
0!
0E
#361330000
1!
1E
#361340000
0!
0E
#361350000
1!
1E
#361360000
0!
0E
#361370000
1!
1E
#361380000
0!
0E
#361390000
1!
1E
#361400000
0!
0E
#361410000
1!
1E
#361420000
0!
0E
#361430000
1!
1E
#361440000
0!
0E
#361450000
1!
1E
#361460000
0!
0E
#361470000
1!
1E
#361480000
0!
0E
#361490000
1!
1E
#361500000
0!
0E
#361510000
1!
1E
#361520000
0!
0E
#361530000
1!
1E
#361540000
0!
0E
#361550000
1!
1E
#361560000
0!
0E
#361570000
1!
1E
#361580000
0!
0E
#361590000
1!
1E
#361600000
1#
0!
1G
0E
#361610000
1!
1E
1`
#361620000
0!
0E
#361630000
1!
1E
1f
1d
b111 h
#361640000
0!
0E
#361650000
1!
1E
0d
b111 g
b0 r
b1011 i
b1011 u
1[
b1011 \
19
18
16
05
04
0|
1{
1z
0y
0x
1o
0n
1m
11
#361660000
0!
0E
#361670000
1!
1E
0[
01
#361680000
0!
0E
#361690000
1!
1E
#361700000
0!
0E
#361710000
1!
1E
#361720000
0!
0E
#361730000
1!
1E
#361740000
0!
0E
#361750000
1!
1E
#361760000
0!
0E
#361770000
1!
1E
#361780000
0!
0E
#361790000
1!
1E
#361800000
0!
0E
#361810000
1!
1E
#361820000
0!
0E
#361830000
1!
1E
#361840000
0!
0E
#361850000
1!
1E
#361860000
0!
0E
#361870000
1!
1E
#361880000
0!
0E
#361890000
1!
1E
#361900000
0!
0E
#361910000
1!
1E
#361920000
0!
0E
#361930000
1!
1E
#361940000
0!
0E
#361950000
1!
1E
#361960000
0!
0E
#361970000
1!
1E
#361980000
0!
0E
#361990000
1!
1E
#362000000
0!
0E
#362010000
1!
1E
#362020000
0!
0E
#362030000
1!
1E
#362040000
0!
0E
#362050000
1!
1E
#362060000
0!
0E
#362070000
1!
1E
#362080000
0!
0E
#362090000
1!
1E
#362100000
0!
0E
#362110000
1!
1E
#362120000
0!
0E
#362130000
1!
1E
#362140000
0!
0E
#362150000
1!
1E
#362160000
0!
0E
#362170000
1!
1E
#362180000
0!
0E
#362190000
1!
1E
#362200000
0!
0E
#362210000
1!
1E
#362220000
0!
0E
#362230000
1!
1E
#362240000
0!
0E
#362250000
1!
1E
#362260000
0!
0E
#362270000
1!
1E
#362280000
0!
0E
#362290000
1!
1E
#362300000
0!
0E
#362310000
1!
1E
#362320000
0!
0E
#362330000
1!
1E
#362340000
0!
0E
#362350000
1!
1E
#362360000
0!
0E
#362370000
1!
1E
#362380000
0!
0E
#362390000
1!
1E
#362400000
0!
0E
#362410000
1!
1E
#362420000
0!
0E
#362430000
1!
1E
#362440000
0!
0E
#362450000
1!
1E
#362460000
0!
0E
#362470000
1!
1E
#362480000
0!
0E
#362490000
1!
1E
#362500000
0!
0E
#362510000
1!
1E
#362520000
0!
0E
#362530000
1!
1E
#362540000
0!
0E
#362550000
1!
1E
#362560000
0!
0E
#362570000
1!
1E
#362580000
0!
0E
#362590000
1!
1E
#362600000
0#
0!
0G
0E
#362610000
1!
1E
0`
#362620000
0!
0E
#362630000
1!
1E
0f
1c
#362640000
0!
0E
#362650000
1!
1E
0c
0]
1^
0$
#362660000
0!
0E
#362670000
1!
1E
0_
0q
#362680000
0!
0E
#362690000
1!
1E
0e
1a
#362700000
0!
0E
#362710000
1!
1E
0a
#362720000
0!
0E
#362730000
1!
1E
#362740000
0!
0E
#362750000
1!
1E
#362760000
0!
0E
#362770000
1!
1E
#362780000
0!
0E
#362790000
1!
1E
#362800000
0!
0E
#362810000
1!
1E
#362820000
0!
0E
#362830000
1!
1E
#362840000
0!
0E
#362850000
1!
1E
#362860000
0!
0E
#362870000
1!
1E
#362880000
0!
0E
#362890000
1!
1E
#362900000
0!
0E
#362910000
1!
1E
#362920000
0!
0E
#362930000
1!
1E
#362940000
0!
0E
#362950000
1!
1E
#362960000
0!
0E
#362970000
1!
1E
#362980000
0!
0E
#362990000
1!
1E
#363000000
0!
0E
#363010000
1!
1E
#363020000
0!
0E
#363030000
1!
1E
#363040000
0!
0E
#363050000
1!
1E
#363060000
0!
0E
#363070000
1!
1E
#363080000
0!
0E
#363090000
1!
1E
#363100000
b11111111111111111111111111111111 A
0=
0!
0E
#363110000
1!
1E
#363120000
0!
0E
#363130000
1!
1E
#363140000
0!
0E
#363150000
1!
1E
#363160000
0!
0E
#363170000
1!
1E
#363180000
0!
0E
#363190000
1!
1E
#363200000
0!
0E
#363210000
1!
1E
#363220000
0!
0E
#363230000
1!
1E
#363240000
0!
0E
#363250000
1!
1E
#363260000
0!
0E
#363270000
1!
1E
#363280000
0!
0E
#363290000
1!
1E
#363300000
0!
0E
#363310000
1!
1E
#363320000
0!
0E
#363330000
1!
1E
#363340000
0!
0E
#363350000
1!
1E
#363360000
0!
0E
#363370000
1!
1E
#363380000
0!
0E
#363390000
1!
1E
#363400000
0!
0E
#363410000
1!
1E
#363420000
0!
0E
#363430000
1!
1E
#363440000
0!
0E
#363450000
1!
1E
#363460000
0!
0E
#363470000
1!
1E
#363480000
0!
0E
#363490000
1!
1E
#363500000
0!
0E
#363510000
1!
1E
#363520000
0!
0E
#363530000
1!
1E
#363540000
0!
0E
#363550000
1!
1E
#363560000
0!
0E
#363570000
1!
1E
#363580000
0!
0E
#363590000
1!
1E
#363600000
1#
0!
1G
0E
#363610000
1!
1E
1`
#363620000
0!
0E
#363630000
1!
1E
1f
1d
b100 h
#363640000
0!
0E
#363650000
1!
1E
0d
b100 g
#363660000
0!
0E
#363670000
1!
1E
#363680000
0!
0E
#363690000
1!
1E
#363700000
0!
0E
#363710000
1!
1E
#363720000
0!
0E
#363730000
1!
1E
#363740000
0!
0E
#363750000
1!
1E
#363760000
0!
0E
#363770000
1!
1E
#363780000
0!
0E
#363790000
1!
1E
#363800000
0!
0E
#363810000
1!
1E
#363820000
0!
0E
#363830000
1!
1E
#363840000
0!
0E
#363850000
1!
1E
#363860000
0!
0E
#363870000
1!
1E
#363880000
0!
0E
#363890000
1!
1E
#363900000
0!
0E
#363910000
1!
1E
#363920000
0!
0E
#363930000
1!
1E
#363940000
0!
0E
#363950000
1!
1E
#363960000
0!
0E
#363970000
1!
1E
#363980000
0!
0E
#363990000
1!
1E
#364000000
0!
0E
#364010000
1!
1E
#364020000
0!
0E
#364030000
1!
1E
#364040000
0!
0E
#364050000
1!
1E
#364060000
0!
0E
#364070000
1!
1E
#364080000
0!
0E
#364090000
1!
1E
#364100000
0!
0E
#364110000
1!
1E
#364120000
0!
0E
#364130000
1!
1E
#364140000
0!
0E
#364150000
1!
1E
#364160000
0!
0E
#364170000
1!
1E
#364180000
0!
0E
#364190000
1!
1E
#364200000
0!
0E
#364210000
1!
1E
#364220000
0!
0E
#364230000
1!
1E
#364240000
0!
0E
#364250000
1!
1E
#364260000
0!
0E
#364270000
1!
1E
#364280000
0!
0E
#364290000
1!
1E
#364300000
0!
0E
#364310000
1!
1E
#364320000
0!
0E
#364330000
1!
1E
#364340000
0!
0E
#364350000
1!
1E
#364360000
0!
0E
#364370000
1!
1E
#364380000
0!
0E
#364390000
1!
1E
#364400000
0!
0E
#364410000
1!
1E
#364420000
0!
0E
#364430000
1!
1E
#364440000
0!
0E
#364450000
1!
1E
#364460000
0!
0E
#364470000
1!
1E
#364480000
0!
0E
#364490000
1!
1E
#364500000
0!
0E
#364510000
1!
1E
#364520000
0!
0E
#364530000
1!
1E
#364540000
0!
0E
#364550000
1!
1E
#364560000
0!
0E
#364570000
1!
1E
#364580000
0!
0E
#364590000
1!
1E
#364600000
0#
0!
0G
0E
#364610000
1!
1E
0`
#364620000
0!
0E
#364630000
1!
1E
0f
1c
#364640000
0!
0E
#364650000
1!
1E
0c
1]
0^
#364660000
0!
0E
#364670000
1!
1E
#364680000
0!
0E
#364690000
1!
1E
#364700000
0!
0E
#364710000
1!
1E
#364720000
0!
0E
#364730000
1!
1E
#364740000
0!
0E
#364750000
1!
1E
#364760000
0!
0E
#364770000
1!
1E
#364780000
0!
0E
#364790000
1!
1E
#364800000
0!
0E
#364810000
1!
1E
#364820000
0!
0E
#364830000
1!
1E
#364840000
0!
0E
#364850000
1!
1E
#364860000
0!
0E
#364870000
1!
1E
#364880000
0!
0E
#364890000
1!
1E
#364900000
0!
0E
#364910000
1!
1E
#364920000
0!
0E
#364930000
1!
1E
#364940000
0!
0E
#364950000
1!
1E
#364960000
0!
0E
#364970000
1!
1E
#364980000
0!
0E
#364990000
1!
1E
#365000000
0!
0E
#365010000
1!
1E
#365020000
0!
0E
#365030000
1!
1E
#365040000
0!
0E
#365050000
1!
1E
#365060000
0!
0E
#365070000
1!
1E
#365080000
0!
0E
#365090000
1!
1E
#365100000
1=
0!
1$
0E
#365110000
1!
1E
1_
1q
#365120000
0!
0E
#365130000
1!
1E
1e
1b
#365140000
0!
0E
#365150000
1!
1E
0b
#365160000
0!
0E
#365170000
1!
1E
#365180000
0!
0E
#365190000
1!
1E
#365200000
0!
0E
#365210000
1!
1E
#365220000
0!
0E
#365230000
1!
1E
#365240000
0!
0E
#365250000
1!
1E
#365260000
0!
0E
#365270000
1!
1E
#365280000
0!
0E
#365290000
1!
1E
#365300000
0!
0E
#365310000
1!
1E
#365320000
0!
0E
#365330000
1!
1E
#365340000
0!
0E
#365350000
1!
1E
#365360000
0!
0E
#365370000
1!
1E
#365380000
0!
0E
#365390000
1!
1E
#365400000
0!
0E
#365410000
1!
1E
#365420000
0!
0E
#365430000
1!
1E
#365440000
0!
0E
#365450000
1!
1E
#365460000
0!
0E
#365470000
1!
1E
#365480000
0!
0E
#365490000
1!
1E
#365500000
0!
0E
#365510000
1!
1E
#365520000
0!
0E
#365530000
1!
1E
#365540000
0!
0E
#365550000
1!
1E
#365560000
0!
0E
#365570000
1!
1E
#365580000
0!
0E
#365590000
1!
1E
#365600000
0!
0E
#365610000
1!
1E
#365620000
0!
0E
#365630000
1!
1E
#365640000
0!
0E
#365650000
1!
1E
#365660000
0!
0E
#365670000
1!
1E
#365680000
0!
0E
#365690000
1!
1E
#365700000
0!
0E
#365710000
1!
1E
#365720000
0!
0E
#365730000
1!
1E
#365740000
0!
0E
#365750000
1!
1E
#365760000
0!
0E
#365770000
1!
1E
#365780000
0!
0E
#365790000
1!
1E
#365800000
0!
0E
#365810000
1!
1E
#365820000
0!
0E
#365830000
1!
1E
#365840000
0!
0E
#365850000
1!
1E
#365860000
0!
0E
#365870000
1!
1E
#365880000
0!
0E
#365890000
1!
1E
#365900000
0!
0E
#365910000
1!
1E
#365920000
0!
0E
#365930000
1!
1E
#365940000
0!
0E
#365950000
1!
1E
#365960000
0!
0E
#365970000
1!
1E
#365980000
0!
0E
#365990000
1!
1E
#366000000
0!
0E
#366010000
1!
1E
#366020000
0!
0E
#366030000
1!
1E
#366040000
0!
0E
#366050000
1!
1E
#366060000
0!
0E
#366070000
1!
1E
#366080000
0!
0E
#366090000
1!
1E
#366100000
1#
0!
1G
0E
#366110000
1!
1E
1`
#366120000
0!
0E
#366130000
1!
1E
1f
1d
#366140000
0!
0E
#366150000
1!
1E
0d
b1 r
b10111 i
1n
0m
1l
#366160000
0!
0E
#366170000
1!
1E
#366180000
0!
0E
#366190000
1!
1E
#366200000
0!
0E
#366210000
1!
1E
#366220000
0!
0E
#366230000
1!
1E
#366240000
0!
0E
#366250000
1!
1E
#366260000
0!
0E
#366270000
1!
1E
#366280000
0!
0E
#366290000
1!
1E
#366300000
0!
0E
#366310000
1!
1E
#366320000
0!
0E
#366330000
1!
1E
#366340000
0!
0E
#366350000
1!
1E
#366360000
0!
0E
#366370000
1!
1E
#366380000
0!
0E
#366390000
1!
1E
#366400000
0!
0E
#366410000
1!
1E
#366420000
0!
0E
#366430000
1!
1E
#366440000
0!
0E
#366450000
1!
1E
#366460000
0!
0E
#366470000
1!
1E
#366480000
0!
0E
#366490000
1!
1E
#366500000
0!
0E
#366510000
1!
1E
#366520000
0!
0E
#366530000
1!
1E
#366540000
0!
0E
#366550000
1!
1E
#366560000
0!
0E
#366570000
1!
1E
#366580000
0!
0E
#366590000
1!
1E
#366600000
0!
0E
#366610000
1!
1E
#366620000
0!
0E
#366630000
1!
1E
#366640000
0!
0E
#366650000
1!
1E
#366660000
0!
0E
#366670000
1!
1E
#366680000
0!
0E
#366690000
1!
1E
#366700000
0!
0E
#366710000
1!
1E
#366720000
0!
0E
#366730000
1!
1E
#366740000
0!
0E
#366750000
1!
1E
#366760000
0!
0E
#366770000
1!
1E
#366780000
0!
0E
#366790000
1!
1E
#366800000
0!
0E
#366810000
1!
1E
#366820000
0!
0E
#366830000
1!
1E
#366840000
0!
0E
#366850000
1!
1E
#366860000
0!
0E
#366870000
1!
1E
#366880000
0!
0E
#366890000
1!
1E
#366900000
0!
0E
#366910000
1!
1E
#366920000
0!
0E
#366930000
1!
1E
#366940000
0!
0E
#366950000
1!
1E
#366960000
0!
0E
#366970000
1!
1E
#366980000
0!
0E
#366990000
1!
1E
#367000000
0!
0E
#367010000
1!
1E
#367020000
0!
0E
#367030000
1!
1E
#367040000
0!
0E
#367050000
1!
1E
#367060000
0!
0E
#367070000
1!
1E
#367080000
0!
0E
#367090000
1!
1E
#367100000
0=
0!
0$
0E
#367110000
1!
1E
0_
0q
#367120000
0!
0E
#367130000
1!
1E
0e
1a
b1 h
#367140000
0!
0E
#367150000
1!
1E
0a
b1 g
#367160000
0!
0E
#367170000
1!
1E
b0 r
#367180000
0!
0E
#367190000
1!
1E
#367200000
0!
0E
#367210000
1!
1E
#367220000
0!
0E
#367230000
1!
1E
#367240000
0!
0E
#367250000
1!
1E
#367260000
0!
0E
#367270000
1!
1E
#367280000
0!
0E
#367290000
1!
1E
#367300000
0!
0E
#367310000
1!
1E
#367320000
0!
0E
#367330000
1!
1E
#367340000
0!
0E
#367350000
1!
1E
#367360000
0!
0E
#367370000
1!
1E
#367380000
0!
0E
#367390000
1!
1E
#367400000
0!
0E
#367410000
1!
1E
#367420000
0!
0E
#367430000
1!
1E
#367440000
0!
0E
#367450000
1!
1E
#367460000
0!
0E
#367470000
1!
1E
#367480000
0!
0E
#367490000
1!
1E
#367500000
0!
0E
#367510000
1!
1E
#367520000
0!
0E
#367530000
1!
1E
#367540000
0!
0E
#367550000
1!
1E
#367560000
0!
0E
#367570000
1!
1E
#367580000
0!
0E
#367590000
1!
1E
#367600000
0!
0E
#367610000
1!
1E
#367620000
0!
0E
#367630000
1!
1E
#367640000
0!
0E
#367650000
1!
1E
#367660000
0!
0E
#367670000
1!
1E
#367680000
0!
0E
#367690000
1!
1E
#367700000
0!
0E
#367710000
1!
1E
#367720000
0!
0E
#367730000
1!
1E
#367740000
0!
0E
#367750000
1!
1E
#367760000
0!
0E
#367770000
1!
1E
#367780000
0!
0E
#367790000
1!
1E
#367800000
0!
0E
#367810000
1!
1E
#367820000
0!
0E
#367830000
1!
1E
#367840000
0!
0E
#367850000
1!
1E
#367860000
0!
0E
#367870000
1!
1E
#367880000
0!
0E
#367890000
1!
1E
#367900000
0!
0E
#367910000
1!
1E
#367920000
0!
0E
#367930000
1!
1E
#367940000
0!
0E
#367950000
1!
1E
#367960000
0!
0E
#367970000
1!
1E
#367980000
0!
0E
#367990000
1!
1E
#368000000
0!
0E
#368010000
1!
1E
#368020000
0!
0E
#368030000
1!
1E
#368040000
0!
0E
#368050000
1!
1E
#368060000
0!
0E
#368070000
1!
1E
#368080000
0!
0E
#368090000
1!
1E
#368100000
0#
0!
0G
0E
#368110000
1!
1E
0`
#368120000
0!
0E
#368130000
1!
1E
0f
1c
b10 h
#368140000
0!
0E
#368150000
1!
1E
0c
b10 g
#368160000
0!
0E
#368170000
1!
1E
#368180000
0!
0E
#368190000
1!
1E
#368200000
0!
0E
#368210000
1!
1E
#368220000
0!
0E
#368230000
1!
1E
#368240000
0!
0E
#368250000
1!
1E
#368260000
0!
0E
#368270000
1!
1E
#368280000
0!
0E
#368290000
1!
1E
#368300000
0!
0E
#368310000
1!
1E
#368320000
0!
0E
#368330000
1!
1E
#368340000
0!
0E
#368350000
1!
1E
#368360000
0!
0E
#368370000
1!
1E
#368380000
0!
0E
#368390000
1!
1E
#368400000
0!
0E
#368410000
1!
1E
#368420000
0!
0E
#368430000
1!
1E
#368440000
0!
0E
#368450000
1!
1E
#368460000
0!
0E
#368470000
1!
1E
#368480000
0!
0E
#368490000
1!
1E
#368500000
0!
0E
#368510000
1!
1E
#368520000
0!
0E
#368530000
1!
1E
#368540000
0!
0E
#368550000
1!
1E
#368560000
0!
0E
#368570000
1!
1E
#368580000
0!
0E
#368590000
1!
1E
#368600000
0!
0E
#368610000
1!
1E
#368620000
0!
0E
#368630000
1!
1E
#368640000
0!
0E
#368650000
1!
1E
#368660000
0!
0E
#368670000
1!
1E
#368680000
0!
0E
#368690000
1!
1E
#368700000
0!
0E
#368710000
1!
1E
#368720000
0!
0E
#368730000
1!
1E
#368740000
0!
0E
#368750000
1!
1E
#368760000
0!
0E
#368770000
1!
1E
#368780000
0!
0E
#368790000
1!
1E
#368800000
0!
0E
#368810000
1!
1E
#368820000
0!
0E
#368830000
1!
1E
#368840000
0!
0E
#368850000
1!
1E
#368860000
0!
0E
#368870000
1!
1E
#368880000
0!
0E
#368890000
1!
1E
#368900000
0!
0E
#368910000
1!
1E
#368920000
0!
0E
#368930000
1!
1E
#368940000
0!
0E
#368950000
1!
1E
#368960000
0!
0E
#368970000
1!
1E
#368980000
0!
0E
#368990000
1!
1E
#369000000
0!
0E
#369010000
1!
1E
#369020000
0!
0E
#369030000
1!
1E
#369040000
0!
0E
#369050000
1!
1E
#369060000
0!
0E
#369070000
1!
1E
#369080000
0!
0E
#369090000
1!
1E
#369100000
b10100001 ?
b111 A
1=
0!
1$
0E
#369110000
1!
1E
1_
1q
#369120000
0!
0E
#369130000
1!
1E
1e
1b
#369140000
0!
0E
#369150000
1!
1E
0b
#369160000
0!
0E
#369170000
1!
1E
#369180000
0!
0E
#369190000
1!
1E
#369200000
0!
0E
#369210000
1!
1E
#369220000
0!
0E
#369230000
1!
1E
#369240000
0!
0E
#369250000
1!
1E
#369260000
0!
0E
#369270000
1!
1E
#369280000
0!
0E
#369290000
1!
1E
#369300000
0!
0E
#369310000
1!
1E
#369320000
0!
0E
#369330000
1!
1E
#369340000
0!
0E
#369350000
1!
1E
#369360000
0!
0E
#369370000
1!
1E
#369380000
0!
0E
#369390000
1!
1E
#369400000
0!
0E
#369410000
1!
1E
#369420000
0!
0E
#369430000
1!
1E
#369440000
0!
0E
#369450000
1!
1E
#369460000
0!
0E
#369470000
1!
1E
#369480000
0!
0E
#369490000
1!
1E
#369500000
0!
0E
#369510000
1!
1E
#369520000
0!
0E
#369530000
1!
1E
#369540000
0!
0E
#369550000
1!
1E
#369560000
0!
0E
#369570000
1!
1E
#369580000
0!
0E
#369590000
1!
1E
#369600000
1#
0!
1G
0E
#369610000
1!
1E
1`
#369620000
0!
0E
#369630000
1!
1E
1f
1d
#369640000
0!
0E
#369650000
1!
1E
0d
b1 r
b101111 i
1m
0l
1k
#369660000
0!
0E
#369670000
1!
1E
#369680000
0!
0E
#369690000
1!
1E
#369700000
0!
0E
#369710000
1!
1E
#369720000
0!
0E
#369730000
1!
1E
#369740000
0!
0E
#369750000
1!
1E
#369760000
0!
0E
#369770000
1!
1E
#369780000
0!
0E
#369790000
1!
1E
#369800000
0!
0E
#369810000
1!
1E
#369820000
0!
0E
#369830000
1!
1E
#369840000
0!
0E
#369850000
1!
1E
#369860000
0!
0E
#369870000
1!
1E
#369880000
0!
0E
#369890000
1!
1E
#369900000
0!
0E
#369910000
1!
1E
#369920000
0!
0E
#369930000
1!
1E
#369940000
0!
0E
#369950000
1!
1E
#369960000
0!
0E
#369970000
1!
1E
#369980000
0!
0E
#369990000
1!
1E
#370000000
0!
0E
#370010000
1!
1E
#370020000
0!
0E
#370030000
1!
1E
#370040000
0!
0E
#370050000
1!
1E
#370060000
0!
0E
#370070000
1!
1E
#370080000
0!
0E
#370090000
1!
1E
#370100000
0!
0E
#370110000
1!
1E
#370120000
0!
0E
#370130000
1!
1E
#370140000
0!
0E
#370150000
1!
1E
#370160000
0!
0E
#370170000
1!
1E
#370180000
0!
0E
#370190000
1!
1E
#370200000
0!
0E
#370210000
1!
1E
#370220000
0!
0E
#370230000
1!
1E
#370240000
0!
0E
#370250000
1!
1E
#370260000
0!
0E
#370270000
1!
1E
#370280000
0!
0E
#370290000
1!
1E
#370300000
0!
0E
#370310000
1!
1E
#370320000
0!
0E
#370330000
1!
1E
#370340000
0!
0E
#370350000
1!
1E
#370360000
0!
0E
#370370000
1!
1E
#370380000
0!
0E
#370390000
1!
1E
#370400000
0!
0E
#370410000
1!
1E
#370420000
0!
0E
#370430000
1!
1E
#370440000
0!
0E
#370450000
1!
1E
#370460000
0!
0E
#370470000
1!
1E
#370480000
0!
0E
#370490000
1!
1E
#370500000
0!
0E
#370510000
1!
1E
#370520000
0!
0E
#370530000
1!
1E
#370540000
0!
0E
#370550000
1!
1E
#370560000
0!
0E
#370570000
1!
1E
#370580000
0!
0E
#370590000
1!
1E
#370600000
0#
0!
0G
0E
#370610000
1!
1E
0`
#370620000
0!
0E
#370630000
1!
1E
0f
1c
#370640000
0!
0E
#370650000
1!
1E
0c
#370660000
0!
0E
#370670000
1!
1E
#370680000
0!
0E
#370690000
1!
1E
#370700000
0!
0E
#370710000
1!
1E
#370720000
0!
0E
#370730000
1!
1E
#370740000
0!
0E
#370750000
1!
1E
#370760000
0!
0E
#370770000
1!
1E
#370780000
0!
0E
#370790000
1!
1E
#370800000
0!
0E
#370810000
1!
1E
#370820000
0!
0E
#370830000
1!
1E
#370840000
0!
0E
#370850000
1!
1E
#370860000
0!
0E
#370870000
1!
1E
#370880000
0!
0E
#370890000
1!
1E
#370900000
0!
0E
#370910000
1!
1E
#370920000
0!
0E
#370930000
1!
1E
#370940000
0!
0E
#370950000
1!
1E
#370960000
0!
0E
#370970000
1!
1E
#370980000
0!
0E
#370990000
1!
1E
#371000000
0!
0E
#371010000
1!
1E
#371020000
0!
0E
#371030000
1!
1E
#371040000
0!
0E
#371050000
1!
1E
#371060000
0!
0E
#371070000
1!
1E
#371080000
0!
0E
#371090000
1!
1E
#371100000
b110 A
0=
0!
0$
0E
#371110000
1!
1E
0_
0q
#371120000
0!
0E
#371130000
1!
1E
0e
1a
#371140000
0!
0E
#371150000
1!
1E
0a
#371160000
0!
0E
#371170000
1!
1E
#371180000
0!
0E
#371190000
1!
1E
#371200000
0!
0E
#371210000
1!
1E
#371220000
0!
0E
#371230000
1!
1E
#371240000
0!
0E
#371250000
1!
1E
#371260000
0!
0E
#371270000
1!
1E
#371280000
0!
0E
#371290000
1!
1E
#371300000
0!
0E
#371310000
1!
1E
#371320000
0!
0E
#371330000
1!
1E
#371340000
0!
0E
#371350000
1!
1E
#371360000
0!
0E
#371370000
1!
1E
#371380000
0!
0E
#371390000
1!
1E
#371400000
0!
0E
#371410000
1!
1E
#371420000
0!
0E
#371430000
1!
1E
#371440000
0!
0E
#371450000
1!
1E
#371460000
0!
0E
#371470000
1!
1E
#371480000
0!
0E
#371490000
1!
1E
#371500000
0!
0E
#371510000
1!
1E
#371520000
0!
0E
#371530000
1!
1E
#371540000
0!
0E
#371550000
1!
1E
#371560000
0!
0E
#371570000
1!
1E
#371580000
0!
0E
#371590000
1!
1E
#371600000
1#
0!
1G
0E
#371610000
1!
1E
1`
#371620000
0!
0E
#371630000
1!
1E
1f
1d
#371640000
0!
0E
#371650000
1!
1E
0d
b10 r
b1011110 i
0p
1l
0k
1j
#371660000
0!
0E
#371670000
1!
1E
#371680000
0!
0E
#371690000
1!
1E
#371700000
0!
0E
#371710000
1!
1E
#371720000
0!
0E
#371730000
1!
1E
#371740000
0!
0E
#371750000
1!
1E
#371760000
0!
0E
#371770000
1!
1E
#371780000
0!
0E
#371790000
1!
1E
#371800000
0!
0E
#371810000
1!
1E
#371820000
0!
0E
#371830000
1!
1E
#371840000
0!
0E
#371850000
1!
1E
#371860000
0!
0E
#371870000
1!
1E
#371880000
0!
0E
#371890000
1!
1E
#371900000
0!
0E
#371910000
1!
1E
#371920000
0!
0E
#371930000
1!
1E
#371940000
0!
0E
#371950000
1!
1E
#371960000
0!
0E
#371970000
1!
1E
#371980000
0!
0E
#371990000
1!
1E
#372000000
0!
0E
#372010000
1!
1E
#372020000
0!
0E
#372030000
1!
1E
#372040000
0!
0E
#372050000
1!
1E
#372060000
0!
0E
#372070000
1!
1E
#372080000
0!
0E
#372090000
1!
1E
#372100000
0!
0E
#372110000
1!
1E
#372120000
0!
0E
#372130000
1!
1E
#372140000
0!
0E
#372150000
1!
1E
#372160000
0!
0E
#372170000
1!
1E
#372180000
0!
0E
#372190000
1!
1E
#372200000
0!
0E
#372210000
1!
1E
#372220000
0!
0E
#372230000
1!
1E
#372240000
0!
0E
#372250000
1!
1E
#372260000
0!
0E
#372270000
1!
1E
#372280000
0!
0E
#372290000
1!
1E
#372300000
0!
0E
#372310000
1!
1E
#372320000
0!
0E
#372330000
1!
1E
#372340000
0!
0E
#372350000
1!
1E
#372360000
0!
0E
#372370000
1!
1E
#372380000
0!
0E
#372390000
1!
1E
#372400000
0!
0E
#372410000
1!
1E
#372420000
0!
0E
#372430000
1!
1E
#372440000
0!
0E
#372450000
1!
1E
#372460000
0!
0E
#372470000
1!
1E
#372480000
0!
0E
#372490000
1!
1E
#372500000
0!
0E
#372510000
1!
1E
#372520000
0!
0E
#372530000
1!
1E
#372540000
0!
0E
#372550000
1!
1E
#372560000
0!
0E
#372570000
1!
1E
#372580000
0!
0E
#372590000
1!
1E
#372600000
0#
0!
0G
0E
#372610000
1!
1E
0`
#372620000
0!
0E
#372630000
1!
1E
0f
1c
#372640000
0!
0E
#372650000
1!
1E
0c
#372660000
0!
0E
#372670000
1!
1E
#372680000
0!
0E
#372690000
1!
1E
#372700000
0!
0E
#372710000
1!
1E
#372720000
0!
0E
#372730000
1!
1E
#372740000
0!
0E
#372750000
1!
1E
#372760000
0!
0E
#372770000
1!
1E
#372780000
0!
0E
#372790000
1!
1E
#372800000
0!
0E
#372810000
1!
1E
#372820000
0!
0E
#372830000
1!
1E
#372840000
0!
0E
#372850000
1!
1E
#372860000
0!
0E
#372870000
1!
1E
#372880000
0!
0E
#372890000
1!
1E
#372900000
0!
0E
#372910000
1!
1E
#372920000
0!
0E
#372930000
1!
1E
#372940000
0!
0E
#372950000
1!
1E
#372960000
0!
0E
#372970000
1!
1E
#372980000
0!
0E
#372990000
1!
1E
#373000000
0!
0E
#373010000
1!
1E
#373020000
0!
0E
#373030000
1!
1E
#373040000
0!
0E
#373050000
1!
1E
#373060000
0!
0E
#373070000
1!
1E
#373080000
0!
0E
#373090000
1!
1E
#373100000
b101 A
1=
0!
1$
0E
#373110000
1!
1E
1_
1q
#373120000
0!
0E
#373130000
1!
1E
1e
1b
#373140000
0!
0E
#373150000
1!
1E
0b
#373160000
0!
0E
#373170000
1!
1E
#373180000
0!
0E
#373190000
1!
1E
#373200000
0!
0E
#373210000
1!
1E
#373220000
0!
0E
#373230000
1!
1E
#373240000
0!
0E
#373250000
1!
1E
#373260000
0!
0E
#373270000
1!
1E
#373280000
0!
0E
#373290000
1!
1E
#373300000
0!
0E
#373310000
1!
1E
#373320000
0!
0E
#373330000
1!
1E
#373340000
0!
0E
#373350000
1!
1E
#373360000
0!
0E
#373370000
1!
1E
#373380000
0!
0E
#373390000
1!
1E
#373400000
0!
0E
#373410000
1!
1E
#373420000
0!
0E
#373430000
1!
1E
#373440000
0!
0E
#373450000
1!
1E
#373460000
0!
0E
#373470000
1!
1E
#373480000
0!
0E
#373490000
1!
1E
#373500000
0!
0E
#373510000
1!
1E
#373520000
0!
0E
#373530000
1!
1E
#373540000
0!
0E
#373550000
1!
1E
#373560000
0!
0E
#373570000
1!
1E
#373580000
0!
0E
#373590000
1!
1E
#373600000
1#
0!
1G
0E
#373610000
1!
1E
1`
#373620000
0!
0E
#373630000
1!
1E
1f
1d
#373640000
0!
0E
#373650000
1!
1E
0d
b11 r
b10111101 i
1p
0o
1k
0j
#373660000
0!
0E
#373670000
1!
1E
#373680000
0!
0E
#373690000
1!
1E
#373700000
0!
0E
#373710000
1!
1E
#373720000
0!
0E
#373730000
1!
1E
#373740000
0!
0E
#373750000
1!
1E
#373760000
0!
0E
#373770000
1!
1E
#373780000
0!
0E
#373790000
1!
1E
#373800000
0!
0E
#373810000
1!
1E
#373820000
0!
0E
#373830000
1!
1E
#373840000
0!
0E
#373850000
1!
1E
#373860000
0!
0E
#373870000
1!
1E
#373880000
0!
0E
#373890000
1!
1E
#373900000
0!
0E
#373910000
1!
1E
#373920000
0!
0E
#373930000
1!
1E
#373940000
0!
0E
#373950000
1!
1E
#373960000
0!
0E
#373970000
1!
1E
#373980000
0!
0E
#373990000
1!
1E
#374000000
0!
0E
#374010000
1!
1E
#374020000
0!
0E
#374030000
1!
1E
#374040000
0!
0E
#374050000
1!
1E
#374060000
0!
0E
#374070000
1!
1E
#374080000
0!
0E
#374090000
1!
1E
#374100000
0!
0E
#374110000
1!
1E
#374120000
0!
0E
#374130000
1!
1E
#374140000
0!
0E
#374150000
1!
1E
#374160000
0!
0E
#374170000
1!
1E
#374180000
0!
0E
#374190000
1!
1E
#374200000
0!
0E
#374210000
1!
1E
#374220000
0!
0E
#374230000
1!
1E
#374240000
0!
0E
#374250000
1!
1E
#374260000
0!
0E
#374270000
1!
1E
#374280000
0!
0E
#374290000
1!
1E
#374300000
0!
0E
#374310000
1!
1E
#374320000
0!
0E
#374330000
1!
1E
#374340000
0!
0E
#374350000
1!
1E
#374360000
0!
0E
#374370000
1!
1E
#374380000
0!
0E
#374390000
1!
1E
#374400000
0!
0E
#374410000
1!
1E
#374420000
0!
0E
#374430000
1!
1E
#374440000
0!
0E
#374450000
1!
1E
#374460000
0!
0E
#374470000
1!
1E
#374480000
0!
0E
#374490000
1!
1E
#374500000
0!
0E
#374510000
1!
1E
#374520000
0!
0E
#374530000
1!
1E
#374540000
0!
0E
#374550000
1!
1E
#374560000
0!
0E
#374570000
1!
1E
#374580000
0!
0E
#374590000
1!
1E
#374600000
0#
0!
0G
0E
#374610000
1!
1E
0`
#374620000
0!
0E
#374630000
1!
1E
0f
1c
#374640000
0!
0E
#374650000
1!
1E
0c
#374660000
0!
0E
#374670000
1!
1E
#374680000
0!
0E
#374690000
1!
1E
#374700000
0!
0E
#374710000
1!
1E
#374720000
0!
0E
#374730000
1!
1E
#374740000
0!
0E
#374750000
1!
1E
#374760000
0!
0E
#374770000
1!
1E
#374780000
0!
0E
#374790000
1!
1E
#374800000
0!
0E
#374810000
1!
1E
#374820000
0!
0E
#374830000
1!
1E
#374840000
0!
0E
#374850000
1!
1E
#374860000
0!
0E
#374870000
1!
1E
#374880000
0!
0E
#374890000
1!
1E
#374900000
0!
0E
#374910000
1!
1E
#374920000
0!
0E
#374930000
1!
1E
#374940000
0!
0E
#374950000
1!
1E
#374960000
0!
0E
#374970000
1!
1E
#374980000
0!
0E
#374990000
1!
1E
#375000000
0!
0E
#375010000
1!
1E
#375020000
0!
0E
#375030000
1!
1E
#375040000
0!
0E
#375050000
1!
1E
#375060000
0!
0E
#375070000
1!
1E
#375080000
0!
0E
#375090000
1!
1E
#375100000
b100 A
0=
0!
0$
0E
#375110000
1!
1E
0_
0q
#375120000
0!
0E
#375130000
1!
1E
0e
1a
#375140000
0!
0E
#375150000
1!
1E
0a
#375160000
0!
0E
#375170000
1!
1E
#375180000
0!
0E
#375190000
1!
1E
#375200000
0!
0E
#375210000
1!
1E
#375220000
0!
0E
#375230000
1!
1E
#375240000
0!
0E
#375250000
1!
1E
#375260000
0!
0E
#375270000
1!
1E
#375280000
0!
0E
#375290000
1!
1E
#375300000
0!
0E
#375310000
1!
1E
#375320000
0!
0E
#375330000
1!
1E
#375340000
0!
0E
#375350000
1!
1E
#375360000
0!
0E
#375370000
1!
1E
#375380000
0!
0E
#375390000
1!
1E
#375400000
0!
0E
#375410000
1!
1E
#375420000
0!
0E
#375430000
1!
1E
#375440000
0!
0E
#375450000
1!
1E
#375460000
0!
0E
#375470000
1!
1E
#375480000
0!
0E
#375490000
1!
1E
#375500000
0!
0E
#375510000
1!
1E
#375520000
0!
0E
#375530000
1!
1E
#375540000
0!
0E
#375550000
1!
1E
#375560000
0!
0E
#375570000
1!
1E
#375580000
0!
0E
#375590000
1!
1E
#375600000
1#
0!
1G
0E
#375610000
1!
1E
1`
#375620000
0!
0E
#375630000
1!
1E
1f
1d
#375640000
0!
0E
#375650000
1!
1E
0d
b100 r
b1111010 i
0p
1o
0n
1j
#375660000
0!
0E
#375670000
1!
1E
#375680000
0!
0E
#375690000
1!
1E
#375700000
0!
0E
#375710000
1!
1E
#375720000
0!
0E
#375730000
1!
1E
#375740000
0!
0E
#375750000
1!
1E
#375760000
0!
0E
#375770000
1!
1E
#375780000
0!
0E
#375790000
1!
1E
#375800000
0!
0E
#375810000
1!
1E
#375820000
0!
0E
#375830000
1!
1E
#375840000
0!
0E
#375850000
1!
1E
#375860000
0!
0E
#375870000
1!
1E
#375880000
0!
0E
#375890000
1!
1E
#375900000
0!
0E
#375910000
1!
1E
#375920000
0!
0E
#375930000
1!
1E
#375940000
0!
0E
#375950000
1!
1E
#375960000
0!
0E
#375970000
1!
1E
#375980000
0!
0E
#375990000
1!
1E
#376000000
0!
0E
#376010000
1!
1E
#376020000
0!
0E
#376030000
1!
1E
#376040000
0!
0E
#376050000
1!
1E
#376060000
0!
0E
#376070000
1!
1E
#376080000
0!
0E
#376090000
1!
1E
#376100000
0!
0E
#376110000
1!
1E
#376120000
0!
0E
#376130000
1!
1E
#376140000
0!
0E
#376150000
1!
1E
#376160000
0!
0E
#376170000
1!
1E
#376180000
0!
0E
#376190000
1!
1E
#376200000
0!
0E
#376210000
1!
1E
#376220000
0!
0E
#376230000
1!
1E
#376240000
0!
0E
#376250000
1!
1E
#376260000
0!
0E
#376270000
1!
1E
#376280000
0!
0E
#376290000
1!
1E
#376300000
0!
0E
#376310000
1!
1E
#376320000
0!
0E
#376330000
1!
1E
#376340000
0!
0E
#376350000
1!
1E
#376360000
0!
0E
#376370000
1!
1E
#376380000
0!
0E
#376390000
1!
1E
#376400000
0!
0E
#376410000
1!
1E
#376420000
0!
0E
#376430000
1!
1E
#376440000
0!
0E
#376450000
1!
1E
#376460000
0!
0E
#376470000
1!
1E
#376480000
0!
0E
#376490000
1!
1E
#376500000
0!
0E
#376510000
1!
1E
#376520000
0!
0E
#376530000
1!
1E
#376540000
0!
0E
#376550000
1!
1E
#376560000
0!
0E
#376570000
1!
1E
#376580000
0!
0E
#376590000
1!
1E
#376600000
0#
0!
0G
0E
#376610000
1!
1E
0`
#376620000
0!
0E
#376630000
1!
1E
0f
1c
#376640000
0!
0E
#376650000
1!
1E
0c
#376660000
0!
0E
#376670000
1!
1E
#376680000
0!
0E
#376690000
1!
1E
#376700000
0!
0E
#376710000
1!
1E
#376720000
0!
0E
#376730000
1!
1E
#376740000
0!
0E
#376750000
1!
1E
#376760000
0!
0E
#376770000
1!
1E
#376780000
0!
0E
#376790000
1!
1E
#376800000
0!
0E
#376810000
1!
1E
#376820000
0!
0E
#376830000
1!
1E
#376840000
0!
0E
#376850000
1!
1E
#376860000
0!
0E
#376870000
1!
1E
#376880000
0!
0E
#376890000
1!
1E
#376900000
0!
0E
#376910000
1!
1E
#376920000
0!
0E
#376930000
1!
1E
#376940000
0!
0E
#376950000
1!
1E
#376960000
0!
0E
#376970000
1!
1E
#376980000
0!
0E
#376990000
1!
1E
#377000000
0!
0E
#377010000
1!
1E
#377020000
0!
0E
#377030000
1!
1E
#377040000
0!
0E
#377050000
1!
1E
#377060000
0!
0E
#377070000
1!
1E
#377080000
0!
0E
#377090000
1!
1E
#377100000
b11 A
0!
0E
#377110000
1!
1E
#377120000
0!
0E
#377130000
1!
1E
#377140000
0!
0E
#377150000
1!
1E
#377160000
0!
0E
#377170000
1!
1E
#377180000
0!
0E
#377190000
1!
1E
#377200000
0!
0E
#377210000
1!
1E
#377220000
0!
0E
#377230000
1!
1E
#377240000
0!
0E
#377250000
1!
1E
#377260000
0!
0E
#377270000
1!
1E
#377280000
0!
0E
#377290000
1!
1E
#377300000
0!
0E
#377310000
1!
1E
#377320000
0!
0E
#377330000
1!
1E
#377340000
0!
0E
#377350000
1!
1E
#377360000
0!
0E
#377370000
1!
1E
#377380000
0!
0E
#377390000
1!
1E
#377400000
0!
0E
#377410000
1!
1E
#377420000
0!
0E
#377430000
1!
1E
#377440000
0!
0E
#377450000
1!
1E
#377460000
0!
0E
#377470000
1!
1E
#377480000
0!
0E
#377490000
1!
1E
#377500000
0!
0E
#377510000
1!
1E
#377520000
0!
0E
#377530000
1!
1E
#377540000
0!
0E
#377550000
1!
1E
#377560000
0!
0E
#377570000
1!
1E
#377580000
0!
0E
#377590000
1!
1E
#377600000
1#
0!
1G
0E
#377610000
1!
1E
1`
#377620000
0!
0E
#377630000
1!
1E
1f
1d
#377640000
0!
0E
#377650000
1!
1E
0d
b101 r
b11110100 i
0o
1n
0m
#377660000
0!
0E
#377670000
1!
1E
#377680000
0!
0E
#377690000
1!
1E
#377700000
0!
0E
#377710000
1!
1E
#377720000
0!
0E
#377730000
1!
1E
#377740000
0!
0E
#377750000
1!
1E
#377760000
0!
0E
#377770000
1!
1E
#377780000
0!
0E
#377790000
1!
1E
#377800000
0!
0E
#377810000
1!
1E
#377820000
0!
0E
#377830000
1!
1E
#377840000
0!
0E
#377850000
1!
1E
#377860000
0!
0E
#377870000
1!
1E
#377880000
0!
0E
#377890000
1!
1E
#377900000
0!
0E
#377910000
1!
1E
#377920000
0!
0E
#377930000
1!
1E
#377940000
0!
0E
#377950000
1!
1E
#377960000
0!
0E
#377970000
1!
1E
#377980000
0!
0E
#377990000
1!
1E
#378000000
0!
0E
#378010000
1!
1E
#378020000
0!
0E
#378030000
1!
1E
#378040000
0!
0E
#378050000
1!
1E
#378060000
0!
0E
#378070000
1!
1E
#378080000
0!
0E
#378090000
1!
1E
#378100000
0!
0E
#378110000
1!
1E
#378120000
0!
0E
#378130000
1!
1E
#378140000
0!
0E
#378150000
1!
1E
#378160000
0!
0E
#378170000
1!
1E
#378180000
0!
0E
#378190000
1!
1E
#378200000
0!
0E
#378210000
1!
1E
#378220000
0!
0E
#378230000
1!
1E
#378240000
0!
0E
#378250000
1!
1E
#378260000
0!
0E
#378270000
1!
1E
#378280000
0!
0E
#378290000
1!
1E
#378300000
0!
0E
#378310000
1!
1E
#378320000
0!
0E
#378330000
1!
1E
#378340000
0!
0E
#378350000
1!
1E
#378360000
0!
0E
#378370000
1!
1E
#378380000
0!
0E
#378390000
1!
1E
#378400000
0!
0E
#378410000
1!
1E
#378420000
0!
0E
#378430000
1!
1E
#378440000
0!
0E
#378450000
1!
1E
#378460000
0!
0E
#378470000
1!
1E
#378480000
0!
0E
#378490000
1!
1E
#378500000
0!
0E
#378510000
1!
1E
#378520000
0!
0E
#378530000
1!
1E
#378540000
0!
0E
#378550000
1!
1E
#378560000
0!
0E
#378570000
1!
1E
#378580000
0!
0E
#378590000
1!
1E
#378600000
0#
0!
0G
0E
#378610000
1!
1E
0`
#378620000
0!
0E
#378630000
1!
1E
0f
1c
#378640000
0!
0E
#378650000
1!
1E
0c
#378660000
0!
0E
#378670000
1!
1E
#378680000
0!
0E
#378690000
1!
1E
#378700000
0!
0E
#378710000
1!
1E
#378720000
0!
0E
#378730000
1!
1E
#378740000
0!
0E
#378750000
1!
1E
#378760000
0!
0E
#378770000
1!
1E
#378780000
0!
0E
#378790000
1!
1E
#378800000
0!
0E
#378810000
1!
1E
#378820000
0!
0E
#378830000
1!
1E
#378840000
0!
0E
#378850000
1!
1E
#378860000
0!
0E
#378870000
1!
1E
#378880000
0!
0E
#378890000
1!
1E
#378900000
0!
0E
#378910000
1!
1E
#378920000
0!
0E
#378930000
1!
1E
#378940000
0!
0E
#378950000
1!
1E
#378960000
0!
0E
#378970000
1!
1E
#378980000
0!
0E
#378990000
1!
1E
#379000000
0!
0E
#379010000
1!
1E
#379020000
0!
0E
#379030000
1!
1E
#379040000
0!
0E
#379050000
1!
1E
#379060000
0!
0E
#379070000
1!
1E
#379080000
0!
0E
#379090000
1!
1E
#379100000
b10 A
0!
0E
#379110000
1!
1E
#379120000
0!
0E
#379130000
1!
1E
#379140000
0!
0E
#379150000
1!
1E
#379160000
0!
0E
#379170000
1!
1E
#379180000
0!
0E
#379190000
1!
1E
#379200000
0!
0E
#379210000
1!
1E
#379220000
0!
0E
#379230000
1!
1E
#379240000
0!
0E
#379250000
1!
1E
#379260000
0!
0E
#379270000
1!
1E
#379280000
0!
0E
#379290000
1!
1E
#379300000
0!
0E
#379310000
1!
1E
#379320000
0!
0E
#379330000
1!
1E
#379340000
0!
0E
#379350000
1!
1E
#379360000
0!
0E
#379370000
1!
1E
#379380000
0!
0E
#379390000
1!
1E
#379400000
0!
0E
#379410000
1!
1E
#379420000
0!
0E
#379430000
1!
1E
#379440000
0!
0E
#379450000
1!
1E
#379460000
0!
0E
#379470000
1!
1E
#379480000
0!
0E
#379490000
1!
1E
#379500000
0!
0E
#379510000
1!
1E
#379520000
0!
0E
#379530000
1!
1E
#379540000
0!
0E
#379550000
1!
1E
#379560000
0!
0E
#379570000
1!
1E
#379580000
0!
0E
#379590000
1!
1E
#379600000
1#
0!
1G
0E
#379610000
1!
1E
1`
#379620000
0!
0E
#379630000
1!
1E
1f
1d
#379640000
0!
0E
#379650000
1!
1E
0d
b110 r
b11101000 i
0n
1m
0l
#379660000
0!
0E
#379670000
1!
1E
#379680000
0!
0E
#379690000
1!
1E
#379700000
0!
0E
#379710000
1!
1E
#379720000
0!
0E
#379730000
1!
1E
#379740000
0!
0E
#379750000
1!
1E
#379760000
0!
0E
#379770000
1!
1E
#379780000
0!
0E
#379790000
1!
1E
#379800000
0!
0E
#379810000
1!
1E
#379820000
0!
0E
#379830000
1!
1E
#379840000
0!
0E
#379850000
1!
1E
#379860000
0!
0E
#379870000
1!
1E
#379880000
0!
0E
#379890000
1!
1E
#379900000
0!
0E
#379910000
1!
1E
#379920000
0!
0E
#379930000
1!
1E
#379940000
0!
0E
#379950000
1!
1E
#379960000
0!
0E
#379970000
1!
1E
#379980000
0!
0E
#379990000
1!
1E
#380000000
0!
0E
#380010000
1!
1E
#380020000
0!
0E
#380030000
1!
1E
#380040000
0!
0E
#380050000
1!
1E
#380060000
0!
0E
#380070000
1!
1E
#380080000
0!
0E
#380090000
1!
1E
#380100000
0!
0E
#380110000
1!
1E
#380120000
0!
0E
#380130000
1!
1E
#380140000
0!
0E
#380150000
1!
1E
#380160000
0!
0E
#380170000
1!
1E
#380180000
0!
0E
#380190000
1!
1E
#380200000
0!
0E
#380210000
1!
1E
#380220000
0!
0E
#380230000
1!
1E
#380240000
0!
0E
#380250000
1!
1E
#380260000
0!
0E
#380270000
1!
1E
#380280000
0!
0E
#380290000
1!
1E
#380300000
0!
0E
#380310000
1!
1E
#380320000
0!
0E
#380330000
1!
1E
#380340000
0!
0E
#380350000
1!
1E
#380360000
0!
0E
#380370000
1!
1E
#380380000
0!
0E
#380390000
1!
1E
#380400000
0!
0E
#380410000
1!
1E
#380420000
0!
0E
#380430000
1!
1E
#380440000
0!
0E
#380450000
1!
1E
#380460000
0!
0E
#380470000
1!
1E
#380480000
0!
0E
#380490000
1!
1E
#380500000
0!
0E
#380510000
1!
1E
#380520000
0!
0E
#380530000
1!
1E
#380540000
0!
0E
#380550000
1!
1E
#380560000
0!
0E
#380570000
1!
1E
#380580000
0!
0E
#380590000
1!
1E
#380600000
0#
0!
0G
0E
#380610000
1!
1E
0`
#380620000
0!
0E
#380630000
1!
1E
0f
1c
#380640000
0!
0E
#380650000
1!
1E
0c
#380660000
0!
0E
#380670000
1!
1E
#380680000
0!
0E
#380690000
1!
1E
#380700000
0!
0E
#380710000
1!
1E
#380720000
0!
0E
#380730000
1!
1E
#380740000
0!
0E
#380750000
1!
1E
#380760000
0!
0E
#380770000
1!
1E
#380780000
0!
0E
#380790000
1!
1E
#380800000
0!
0E
#380810000
1!
1E
#380820000
0!
0E
#380830000
1!
1E
#380840000
0!
0E
#380850000
1!
1E
#380860000
0!
0E
#380870000
1!
1E
#380880000
0!
0E
#380890000
1!
1E
#380900000
0!
0E
#380910000
1!
1E
#380920000
0!
0E
#380930000
1!
1E
#380940000
0!
0E
#380950000
1!
1E
#380960000
0!
0E
#380970000
1!
1E
#380980000
0!
0E
#380990000
1!
1E
#381000000
0!
0E
#381010000
1!
1E
#381020000
0!
0E
#381030000
1!
1E
#381040000
0!
0E
#381050000
1!
1E
#381060000
0!
0E
#381070000
1!
1E
#381080000
0!
0E
#381090000
1!
1E
#381100000
b1 A
0!
0E
#381110000
1!
1E
#381120000
0!
0E
#381130000
1!
1E
#381140000
0!
0E
#381150000
1!
1E
#381160000
0!
0E
#381170000
1!
1E
#381180000
0!
0E
#381190000
1!
1E
#381200000
0!
0E
#381210000
1!
1E
#381220000
0!
0E
#381230000
1!
1E
#381240000
0!
0E
#381250000
1!
1E
#381260000
0!
0E
#381270000
1!
1E
#381280000
0!
0E
#381290000
1!
1E
#381300000
0!
0E
#381310000
1!
1E
#381320000
0!
0E
#381330000
1!
1E
#381340000
0!
0E
#381350000
1!
1E
#381360000
0!
0E
#381370000
1!
1E
#381380000
0!
0E
#381390000
1!
1E
#381400000
0!
0E
#381410000
1!
1E
#381420000
0!
0E
#381430000
1!
1E
#381440000
0!
0E
#381450000
1!
1E
#381460000
0!
0E
#381470000
1!
1E
#381480000
0!
0E
#381490000
1!
1E
#381500000
0!
0E
#381510000
1!
1E
#381520000
0!
0E
#381530000
1!
1E
#381540000
0!
0E
#381550000
1!
1E
#381560000
0!
0E
#381570000
1!
1E
#381580000
0!
0E
#381590000
1!
1E
#381600000
1#
0!
1G
0E
#381610000
1!
1E
1`
#381620000
0!
0E
#381630000
1!
1E
1f
1d
#381640000
0!
0E
#381650000
1!
1E
0d
b111 r
b11010000 i
0m
1l
0k
#381660000
0!
0E
#381670000
1!
1E
#381680000
0!
0E
#381690000
1!
1E
#381700000
0!
0E
#381710000
1!
1E
#381720000
0!
0E
#381730000
1!
1E
#381740000
0!
0E
#381750000
1!
1E
#381760000
0!
0E
#381770000
1!
1E
#381780000
0!
0E
#381790000
1!
1E
#381800000
0!
0E
#381810000
1!
1E
#381820000
0!
0E
#381830000
1!
1E
#381840000
0!
0E
#381850000
1!
1E
#381860000
0!
0E
#381870000
1!
1E
#381880000
0!
0E
#381890000
1!
1E
#381900000
0!
0E
#381910000
1!
1E
#381920000
0!
0E
#381930000
1!
1E
#381940000
0!
0E
#381950000
1!
1E
#381960000
0!
0E
#381970000
1!
1E
#381980000
0!
0E
#381990000
1!
1E
#382000000
0!
0E
#382010000
1!
1E
#382020000
0!
0E
#382030000
1!
1E
#382040000
0!
0E
#382050000
1!
1E
#382060000
0!
0E
#382070000
1!
1E
#382080000
0!
0E
#382090000
1!
1E
#382100000
0!
0E
#382110000
1!
1E
#382120000
0!
0E
#382130000
1!
1E
#382140000
0!
0E
#382150000
1!
1E
#382160000
0!
0E
#382170000
1!
1E
#382180000
0!
0E
#382190000
1!
1E
#382200000
0!
0E
#382210000
1!
1E
#382220000
0!
0E
#382230000
1!
1E
#382240000
0!
0E
#382250000
1!
1E
#382260000
0!
0E
#382270000
1!
1E
#382280000
0!
0E
#382290000
1!
1E
#382300000
0!
0E
#382310000
1!
1E
#382320000
0!
0E
#382330000
1!
1E
#382340000
0!
0E
#382350000
1!
1E
#382360000
0!
0E
#382370000
1!
1E
#382380000
0!
0E
#382390000
1!
1E
#382400000
0!
0E
#382410000
1!
1E
#382420000
0!
0E
#382430000
1!
1E
#382440000
0!
0E
#382450000
1!
1E
#382460000
0!
0E
#382470000
1!
1E
#382480000
0!
0E
#382490000
1!
1E
#382500000
0!
0E
#382510000
1!
1E
#382520000
0!
0E
#382530000
1!
1E
#382540000
0!
0E
#382550000
1!
1E
#382560000
0!
0E
#382570000
1!
1E
#382580000
0!
0E
#382590000
1!
1E
#382600000
0#
0!
0G
0E
#382610000
1!
1E
0`
#382620000
0!
0E
#382630000
1!
1E
0f
1c
#382640000
0!
0E
#382650000
1!
1E
0c
#382660000
0!
0E
#382670000
1!
1E
#382680000
0!
0E
#382690000
1!
1E
#382700000
0!
0E
#382710000
1!
1E
#382720000
0!
0E
#382730000
1!
1E
#382740000
0!
0E
#382750000
1!
1E
#382760000
0!
0E
#382770000
1!
1E
#382780000
0!
0E
#382790000
1!
1E
#382800000
0!
0E
#382810000
1!
1E
#382820000
0!
0E
#382830000
1!
1E
#382840000
0!
0E
#382850000
1!
1E
#382860000
0!
0E
#382870000
1!
1E
#382880000
0!
0E
#382890000
1!
1E
#382900000
0!
0E
#382910000
1!
1E
#382920000
0!
0E
#382930000
1!
1E
#382940000
0!
0E
#382950000
1!
1E
#382960000
0!
0E
#382970000
1!
1E
#382980000
0!
0E
#382990000
1!
1E
#383000000
0!
0E
#383010000
1!
1E
#383020000
0!
0E
#383030000
1!
1E
#383040000
0!
0E
#383050000
1!
1E
#383060000
0!
0E
#383070000
1!
1E
#383080000
0!
0E
#383090000
1!
1E
#383100000
b0 A
1=
0!
1$
0E
#383110000
1!
1E
1_
1q
#383120000
0!
0E
#383130000
1!
1E
1e
1b
#383140000
0!
0E
#383150000
1!
1E
0b
#383160000
0!
0E
#383170000
1!
1E
#383180000
0!
0E
#383190000
1!
1E
#383200000
0!
0E
#383210000
1!
1E
#383220000
0!
0E
#383230000
1!
1E
#383240000
0!
0E
#383250000
1!
1E
#383260000
0!
0E
#383270000
1!
1E
#383280000
0!
0E
#383290000
1!
1E
#383300000
0!
0E
#383310000
1!
1E
#383320000
0!
0E
#383330000
1!
1E
#383340000
0!
0E
#383350000
1!
1E
#383360000
0!
0E
#383370000
1!
1E
#383380000
0!
0E
#383390000
1!
1E
#383400000
0!
0E
#383410000
1!
1E
#383420000
0!
0E
#383430000
1!
1E
#383440000
0!
0E
#383450000
1!
1E
#383460000
0!
0E
#383470000
1!
1E
#383480000
0!
0E
#383490000
1!
1E
#383500000
0!
0E
#383510000
1!
1E
#383520000
0!
0E
#383530000
1!
1E
#383540000
0!
0E
#383550000
1!
1E
#383560000
0!
0E
#383570000
1!
1E
#383580000
0!
0E
#383590000
1!
1E
#383600000
1#
0!
1G
0E
#383610000
1!
1E
1`
#383620000
0!
0E
#383630000
1!
1E
1f
1d
b110 h
#383640000
0!
0E
#383650000
1!
1E
0d
b110 g
b0 r
b10100001 i
1t
1p
0l
1k
0j
#383660000
0!
0E
#383670000
1!
1E
#383680000
0!
0E
#383690000
1!
1E
#383700000
0!
0E
#383710000
1!
1E
#383720000
0!
0E
#383730000
1!
1E
#383740000
0!
0E
#383750000
1!
1E
#383760000
0!
0E
#383770000
1!
1E
#383780000
0!
0E
#383790000
1!
1E
#383800000
0!
0E
#383810000
1!
1E
#383820000
0!
0E
#383830000
1!
1E
#383840000
0!
0E
#383850000
1!
1E
#383860000
0!
0E
#383870000
1!
1E
#383880000
0!
0E
#383890000
1!
1E
#383900000
0!
0E
#383910000
1!
1E
#383920000
0!
0E
#383930000
1!
1E
#383940000
0!
0E
#383950000
1!
1E
#383960000
0!
0E
#383970000
1!
1E
#383980000
0!
0E
#383990000
1!
1E
#384000000
0!
0E
#384010000
1!
1E
#384020000
0!
0E
#384030000
1!
1E
#384040000
0!
0E
#384050000
1!
1E
#384060000
0!
0E
#384070000
1!
1E
#384080000
0!
0E
#384090000
1!
1E
#384100000
0!
0E
#384110000
1!
1E
#384120000
0!
0E
#384130000
1!
1E
#384140000
0!
0E
#384150000
1!
1E
#384160000
0!
0E
#384170000
1!
1E
#384180000
0!
0E
#384190000
1!
1E
#384200000
0!
0E
#384210000
1!
1E
#384220000
0!
0E
#384230000
1!
1E
#384240000
0!
0E
#384250000
1!
1E
#384260000
0!
0E
#384270000
1!
1E
#384280000
0!
0E
#384290000
1!
1E
#384300000
0!
0E
#384310000
1!
1E
#384320000
0!
0E
#384330000
1!
1E
#384340000
0!
0E
#384350000
1!
1E
#384360000
0!
0E
#384370000
1!
1E
#384380000
0!
0E
#384390000
1!
1E
#384400000
0!
0E
#384410000
1!
1E
#384420000
0!
0E
#384430000
1!
1E
#384440000
0!
0E
#384450000
1!
1E
#384460000
0!
0E
#384470000
1!
1E
#384480000
0!
0E
#384490000
1!
1E
#384500000
0!
0E
#384510000
1!
1E
#384520000
0!
0E
#384530000
1!
1E
#384540000
0!
0E
#384550000
1!
1E
#384560000
0!
0E
#384570000
1!
1E
#384580000
0!
0E
#384590000
1!
1E
#384600000
0#
0!
0G
0E
#384610000
1!
1E
0`
#384620000
0!
0E
#384630000
1!
1E
0f
1c
#384640000
0!
0E
#384650000
1!
1E
0c
0]
1^
0$
#384660000
0!
0E
#384670000
1!
1E
0_
0q
#384680000
0!
0E
#384690000
1!
1E
0e
1a
#384700000
0!
0E
#384710000
1!
1E
0a
#384720000
0!
0E
#384730000
1!
1E
#384740000
0!
0E
#384750000
1!
1E
#384760000
0!
0E
#384770000
1!
1E
#384780000
0!
0E
#384790000
1!
1E
#384800000
0!
0E
#384810000
1!
1E
#384820000
0!
0E
#384830000
1!
1E
#384840000
0!
0E
#384850000
1!
1E
#384860000
0!
0E
#384870000
1!
1E
#384880000
0!
0E
#384890000
1!
1E
#384900000
0!
0E
#384910000
1!
1E
#384920000
0!
0E
#384930000
1!
1E
#384940000
0!
0E
#384950000
1!
1E
#384960000
0!
0E
#384970000
1!
1E
#384980000
0!
0E
#384990000
1!
1E
#385000000
0!
0E
#385010000
1!
1E
#385020000
0!
0E
#385030000
1!
1E
#385040000
0!
0E
#385050000
1!
1E
#385060000
0!
0E
#385070000
1!
1E
#385080000
0!
0E
#385090000
1!
1E
#385100000
b11111111111111111111111111111111 A
0=
0!
0E
#385110000
1!
1E
#385120000
0!
0E
#385130000
1!
1E
#385140000
0!
0E
#385150000
1!
1E
#385160000
0!
0E
#385170000
1!
1E
#385180000
0!
0E
#385190000
1!
1E
#385200000
0!
0E
#385210000
1!
1E
#385220000
0!
0E
#385230000
1!
1E
#385240000
0!
0E
#385250000
1!
1E
#385260000
0!
0E
#385270000
1!
1E
#385280000
0!
0E
#385290000
1!
1E
#385300000
0!
0E
#385310000
1!
1E
#385320000
0!
0E
#385330000
1!
1E
#385340000
0!
0E
#385350000
1!
1E
#385360000
0!
0E
#385370000
1!
1E
#385380000
0!
0E
#385390000
1!
1E
#385400000
0!
0E
#385410000
1!
1E
#385420000
0!
0E
#385430000
1!
1E
#385440000
0!
0E
#385450000
1!
1E
#385460000
0!
0E
#385470000
1!
1E
#385480000
0!
0E
#385490000
1!
1E
#385500000
0!
0E
#385510000
1!
1E
#385520000
0!
0E
#385530000
1!
1E
#385540000
0!
0E
#385550000
1!
1E
#385560000
0!
0E
#385570000
1!
1E
#385580000
0!
0E
#385590000
1!
1E
#385600000
1#
0!
1G
0E
#385610000
1!
1E
1`
#385620000
0!
0E
#385630000
1!
1E
1f
1d
b101 h
#385640000
0!
0E
#385650000
1!
1E
0d
b101 g
#385660000
0!
0E
#385670000
1!
1E
#385680000
0!
0E
#385690000
1!
1E
#385700000
0!
0E
#385710000
1!
1E
#385720000
0!
0E
#385730000
1!
1E
#385740000
0!
0E
#385750000
1!
1E
#385760000
0!
0E
#385770000
1!
1E
#385780000
0!
0E
#385790000
1!
1E
#385800000
0!
0E
#385810000
1!
1E
#385820000
0!
0E
#385830000
1!
1E
#385840000
0!
0E
#385850000
1!
1E
#385860000
0!
0E
#385870000
1!
1E
#385880000
0!
0E
#385890000
1!
1E
#385900000
0!
0E
#385910000
1!
1E
#385920000
0!
0E
#385930000
1!
1E
#385940000
0!
0E
#385950000
1!
1E
#385960000
0!
0E
#385970000
1!
1E
#385980000
0!
0E
#385990000
1!
1E
#386000000
0!
0E
#386010000
1!
1E
#386020000
0!
0E
#386030000
1!
1E
#386040000
0!
0E
#386050000
1!
1E
#386060000
0!
0E
#386070000
1!
1E
#386080000
0!
0E
#386090000
1!
1E
#386100000
0!
0E
#386110000
1!
1E
#386120000
0!
0E
#386130000
1!
1E
#386140000
0!
0E
#386150000
1!
1E
#386160000
0!
0E
#386170000
1!
1E
#386180000
0!
0E
#386190000
1!
1E
#386200000
0!
0E
#386210000
1!
1E
#386220000
0!
0E
#386230000
1!
1E
#386240000
0!
0E
#386250000
1!
1E
#386260000
0!
0E
#386270000
1!
1E
#386280000
0!
0E
#386290000
1!
1E
#386300000
0!
0E
#386310000
1!
1E
#386320000
0!
0E
#386330000
1!
1E
#386340000
0!
0E
#386350000
1!
1E
#386360000
0!
0E
#386370000
1!
1E
#386380000
0!
0E
#386390000
1!
1E
#386400000
0!
0E
#386410000
1!
1E
#386420000
0!
0E
#386430000
1!
1E
#386440000
0!
0E
#386450000
1!
1E
#386460000
0!
0E
#386470000
1!
1E
#386480000
0!
0E
#386490000
1!
1E
#386500000
0!
0E
#386510000
1!
1E
#386520000
0!
0E
#386530000
1!
1E
#386540000
0!
0E
#386550000
1!
1E
#386560000
0!
0E
#386570000
1!
1E
#386580000
0!
0E
#386590000
1!
1E
#386600000
0#
0!
0G
0E
#386610000
1!
1E
0`
#386620000
0!
0E
#386630000
1!
1E
0f
1c
#386640000
0!
0E
#386650000
1!
1E
0c
1]
1$
#386660000
0!
0E
#386670000
1!
1E
1_
1q
#386680000
0!
0E
#386690000
1!
1E
1e
1b
#386700000
0!
0E
#386710000
1!
1E
0b
#386720000
0!
0E
#386730000
1!
1E
#386740000
0!
0E
#386750000
1!
1E
#386760000
0!
0E
#386770000
1!
1E
#386780000
0!
0E
#386790000
1!
1E
#386800000
0!
0E
#386810000
1!
1E
#386820000
0!
0E
#386830000
1!
1E
#386840000
0!
0E
#386850000
1!
1E
#386860000
0!
0E
#386870000
1!
1E
#386880000
0!
0E
#386890000
1!
1E
#386900000
0!
0E
#386910000
1!
1E
#386920000
0!
0E
#386930000
1!
1E
#386940000
0!
0E
#386950000
1!
1E
#386960000
0!
0E
#386970000
1!
1E
#386980000
0!
0E
#386990000
1!
1E
#387000000
0!
0E
#387010000
1!
1E
#387020000
0!
0E
#387030000
1!
1E
#387040000
0!
0E
#387050000
1!
1E
#387060000
0!
0E
#387070000
1!
1E
#387080000
0!
0E
#387090000
1!
1E
#387100000
b111 B
0!
0E
#387110000
1!
1E
#387120000
0!
0E
#387130000
1!
1E
#387140000
0!
0E
#387150000
1!
1E
#387160000
0!
0E
#387170000
1!
1E
#387180000
0!
0E
#387190000
1!
1E
#387200000
0!
0E
#387210000
1!
1E
#387220000
0!
0E
#387230000
1!
1E
#387240000
0!
0E
#387250000
1!
1E
#387260000
0!
0E
#387270000
1!
1E
#387280000
0!
0E
#387290000
1!
1E
#387300000
0!
0E
#387310000
1!
1E
#387320000
0!
0E
#387330000
1!
1E
#387340000
0!
0E
#387350000
1!
1E
#387360000
0!
0E
#387370000
1!
1E
#387380000
0!
0E
#387390000
1!
1E
#387400000
0!
0E
#387410000
1!
1E
#387420000
0!
0E
#387430000
1!
1E
#387440000
0!
0E
#387450000
1!
1E
#387460000
0!
0E
#387470000
1!
1E
#387480000
0!
0E
#387490000
1!
1E
#387500000
0!
0E
#387510000
1!
1E
#387520000
0!
0E
#387530000
1!
1E
#387540000
0!
0E
#387550000
1!
1E
#387560000
0!
0E
#387570000
1!
1E
#387580000
0!
0E
#387590000
1!
1E
#387600000
1#
0!
1G
0E
#387610000
1!
1E
1`
#387620000
0!
0E
#387630000
1!
1E
1f
1d
#387640000
0!
0E
#387650000
1!
1E
0d
b1 r
#387660000
0!
0E
#387670000
1!
1E
#387680000
0!
0E
#387690000
1!
1E
#387700000
0!
0E
#387710000
1!
1E
#387720000
0!
0E
#387730000
1!
1E
#387740000
0!
0E
#387750000
1!
1E
#387760000
0!
0E
#387770000
1!
1E
#387780000
0!
0E
#387790000
1!
1E
#387800000
0!
0E
#387810000
1!
1E
#387820000
0!
0E
#387830000
1!
1E
#387840000
0!
0E
#387850000
1!
1E
#387860000
0!
0E
#387870000
1!
1E
#387880000
0!
0E
#387890000
1!
1E
#387900000
0!
0E
#387910000
1!
1E
#387920000
0!
0E
#387930000
1!
1E
#387940000
0!
0E
#387950000
1!
1E
#387960000
0!
0E
#387970000
1!
1E
#387980000
0!
0E
#387990000
1!
1E
#388000000
0!
0E
#388010000
1!
1E
#388020000
0!
0E
#388030000
1!
1E
#388040000
0!
0E
#388050000
1!
1E
#388060000
0!
0E
#388070000
1!
1E
#388080000
0!
0E
#388090000
1!
1E
#388100000
0!
0E
#388110000
1!
1E
#388120000
0!
0E
#388130000
1!
1E
#388140000
0!
0E
#388150000
1!
1E
#388160000
0!
0E
#388170000
1!
1E
#388180000
0!
0E
#388190000
1!
1E
#388200000
0!
0E
#388210000
1!
1E
#388220000
0!
0E
#388230000
1!
1E
#388240000
0!
0E
#388250000
1!
1E
#388260000
0!
0E
#388270000
1!
1E
#388280000
0!
0E
#388290000
1!
1E
#388300000
0!
0E
#388310000
1!
1E
#388320000
0!
0E
#388330000
1!
1E
#388340000
0!
0E
#388350000
1!
1E
#388360000
0!
0E
#388370000
1!
1E
#388380000
0!
0E
#388390000
1!
1E
#388400000
0!
0E
#388410000
1!
1E
#388420000
0!
0E
#388430000
1!
1E
#388440000
0!
0E
#388450000
1!
1E
#388460000
0!
0E
#388470000
1!
1E
#388480000
0!
0E
#388490000
1!
1E
#388500000
0!
0E
#388510000
1!
1E
#388520000
0!
0E
#388530000
1!
1E
#388540000
0!
0E
#388550000
1!
1E
#388560000
0!
0E
#388570000
1!
1E
#388580000
0!
0E
#388590000
1!
1E
#388600000
0#
0!
0G
0E
#388610000
1!
1E
0`
#388620000
0!
0E
#388630000
1!
1E
0f
1c
#388640000
0!
0E
#388650000
1!
1E
0c
#388660000
0!
0E
#388670000
1!
1E
#388680000
0!
0E
#388690000
1!
1E
#388700000
0!
0E
#388710000
1!
1E
#388720000
0!
0E
#388730000
1!
1E
#388740000
0!
0E
#388750000
1!
1E
#388760000
0!
0E
#388770000
1!
1E
#388780000
0!
0E
#388790000
1!
1E
#388800000
0!
0E
#388810000
1!
1E
#388820000
0!
0E
#388830000
1!
1E
#388840000
0!
0E
#388850000
1!
1E
#388860000
0!
0E
#388870000
1!
1E
#388880000
0!
0E
#388890000
1!
1E
#388900000
0!
0E
#388910000
1!
1E
#388920000
0!
0E
#388930000
1!
1E
#388940000
0!
0E
#388950000
1!
1E
#388960000
0!
0E
#388970000
1!
1E
#388980000
0!
0E
#388990000
1!
1E
#389000000
0!
0E
#389010000
1!
1E
#389020000
0!
0E
#389030000
1!
1E
#389040000
0!
0E
#389050000
1!
1E
#389060000
0!
0E
#389070000
1!
1E
#389080000
0!
0E
#389090000
1!
1E
#389100000
b110 B
0!
0E
#389110000
1!
1E
#389120000
0!
0E
#389130000
1!
1E
#389140000
0!
0E
#389150000
1!
1E
#389160000
0!
0E
#389170000
1!
1E
#389180000
0!
0E
#389190000
1!
1E
#389200000
0!
0E
#389210000
1!
1E
#389220000
0!
0E
#389230000
1!
1E
#389240000
0!
0E
#389250000
1!
1E
#389260000
0!
0E
#389270000
1!
1E
#389280000
0!
0E
#389290000
1!
1E
#389300000
0!
0E
#389310000
1!
1E
#389320000
0!
0E
#389330000
1!
1E
#389340000
0!
0E
#389350000
1!
1E
#389360000
0!
0E
#389370000
1!
1E
#389380000
0!
0E
#389390000
1!
1E
#389400000
0!
0E
#389410000
1!
1E
#389420000
0!
0E
#389430000
1!
1E
#389440000
0!
0E
#389450000
1!
1E
#389460000
0!
0E
#389470000
1!
1E
#389480000
0!
0E
#389490000
1!
1E
#389500000
0!
0E
#389510000
1!
1E
#389520000
0!
0E
#389530000
1!
1E
#389540000
0!
0E
#389550000
1!
1E
#389560000
0!
0E
#389570000
1!
1E
#389580000
0!
0E
#389590000
1!
1E
#389600000
1#
0!
1G
0E
#389610000
1!
1E
1`
#389620000
0!
0E
#389630000
1!
1E
1f
1d
#389640000
0!
0E
#389650000
1!
1E
0d
b10 r
#389660000
0!
0E
#389670000
1!
1E
#389680000
0!
0E
#389690000
1!
1E
#389700000
0!
0E
#389710000
1!
1E
#389720000
0!
0E
#389730000
1!
1E
#389740000
0!
0E
#389750000
1!
1E
#389760000
0!
0E
#389770000
1!
1E
#389780000
0!
0E
#389790000
1!
1E
#389800000
0!
0E
#389810000
1!
1E
#389820000
0!
0E
#389830000
1!
1E
#389840000
0!
0E
#389850000
1!
1E
#389860000
0!
0E
#389870000
1!
1E
#389880000
0!
0E
#389890000
1!
1E
#389900000
0!
0E
#389910000
1!
1E
#389920000
0!
0E
#389930000
1!
1E
#389940000
0!
0E
#389950000
1!
1E
#389960000
0!
0E
#389970000
1!
1E
#389980000
0!
0E
#389990000
1!
1E
#390000000
0!
0E
#390010000
1!
1E
#390020000
0!
0E
#390030000
1!
1E
#390040000
0!
0E
#390050000
1!
1E
#390060000
0!
0E
#390070000
1!
1E
#390080000
0!
0E
#390090000
1!
1E
#390100000
0!
0E
#390110000
1!
1E
#390120000
0!
0E
#390130000
1!
1E
#390140000
0!
0E
#390150000
1!
1E
#390160000
0!
0E
#390170000
1!
1E
#390180000
0!
0E
#390190000
1!
1E
#390200000
0!
0E
#390210000
1!
1E
#390220000
0!
0E
#390230000
1!
1E
#390240000
0!
0E
#390250000
1!
1E
#390260000
0!
0E
#390270000
1!
1E
#390280000
0!
0E
#390290000
1!
1E
#390300000
0!
0E
#390310000
1!
1E
#390320000
0!
0E
#390330000
1!
1E
#390340000
0!
0E
#390350000
1!
1E
#390360000
0!
0E
#390370000
1!
1E
#390380000
0!
0E
#390390000
1!
1E
#390400000
0!
0E
#390410000
1!
1E
#390420000
0!
0E
#390430000
1!
1E
#390440000
0!
0E
#390450000
1!
1E
#390460000
0!
0E
#390470000
1!
1E
#390480000
0!
0E
#390490000
1!
1E
#390500000
0!
0E
#390510000
1!
1E
#390520000
0!
0E
#390530000
1!
1E
#390540000
0!
0E
#390550000
1!
1E
#390560000
0!
0E
#390570000
1!
1E
#390580000
0!
0E
#390590000
1!
1E
#390600000
0#
0!
0G
0E
#390610000
1!
1E
0`
#390620000
0!
0E
#390630000
1!
1E
0f
1c
#390640000
0!
0E
#390650000
1!
1E
0c
0]
0$
#390660000
0!
0E
#390670000
1!
1E
0_
0q
#390680000
0!
0E
#390690000
1!
1E
0e
1a
#390700000
0!
0E
#390710000
1!
1E
0a
#390720000
0!
0E
#390730000
1!
1E
#390740000
0!
0E
#390750000
1!
1E
#390760000
0!
0E
#390770000
1!
1E
#390780000
0!
0E
#390790000
1!
1E
#390800000
0!
0E
#390810000
1!
1E
#390820000
0!
0E
#390830000
1!
1E
#390840000
0!
0E
#390850000
1!
1E
#390860000
0!
0E
#390870000
1!
1E
#390880000
0!
0E
#390890000
1!
1E
#390900000
0!
0E
#390910000
1!
1E
#390920000
0!
0E
#390930000
1!
1E
#390940000
0!
0E
#390950000
1!
1E
#390960000
0!
0E
#390970000
1!
1E
#390980000
0!
0E
#390990000
1!
1E
#391000000
0!
0E
#391010000
1!
1E
#391020000
0!
0E
#391030000
1!
1E
#391040000
0!
0E
#391050000
1!
1E
#391060000
0!
0E
#391070000
1!
1E
#391080000
0!
0E
#391090000
1!
1E
#391100000
b101 B
0!
0E
#391110000
1!
1E
#391120000
0!
0E
#391130000
1!
1E
#391140000
0!
0E
#391150000
1!
1E
#391160000
0!
0E
#391170000
1!
1E
#391180000
0!
0E
#391190000
1!
1E
#391200000
0!
0E
#391210000
1!
1E
#391220000
0!
0E
#391230000
1!
1E
#391240000
0!
0E
#391250000
1!
1E
#391260000
0!
0E
#391270000
1!
1E
#391280000
0!
0E
#391290000
1!
1E
#391300000
0!
0E
#391310000
1!
1E
#391320000
0!
0E
#391330000
1!
1E
#391340000
0!
0E
#391350000
1!
1E
#391360000
0!
0E
#391370000
1!
1E
#391380000
0!
0E
#391390000
1!
1E
#391400000
0!
0E
#391410000
1!
1E
#391420000
0!
0E
#391430000
1!
1E
#391440000
0!
0E
#391450000
1!
1E
#391460000
0!
0E
#391470000
1!
1E
#391480000
0!
0E
#391490000
1!
1E
#391500000
0!
0E
#391510000
1!
1E
#391520000
0!
0E
#391530000
1!
1E
#391540000
0!
0E
#391550000
1!
1E
#391560000
0!
0E
#391570000
1!
1E
#391580000
0!
0E
#391590000
1!
1E
#391600000
1#
0!
1G
0E
#391610000
1!
1E
1`
#391620000
0!
0E
#391630000
1!
1E
1f
1d
#391640000
0!
0E
#391650000
1!
1E
0d
b11 r
#391660000
0!
0E
#391670000
1!
1E
#391680000
0!
0E
#391690000
1!
1E
#391700000
0!
0E
#391710000
1!
1E
#391720000
0!
0E
#391730000
1!
1E
#391740000
0!
0E
#391750000
1!
1E
#391760000
0!
0E
#391770000
1!
1E
#391780000
0!
0E
#391790000
1!
1E
#391800000
0!
0E
#391810000
1!
1E
#391820000
0!
0E
#391830000
1!
1E
#391840000
0!
0E
#391850000
1!
1E
#391860000
0!
0E
#391870000
1!
1E
#391880000
0!
0E
#391890000
1!
1E
#391900000
0!
0E
#391910000
1!
1E
#391920000
0!
0E
#391930000
1!
1E
#391940000
0!
0E
#391950000
1!
1E
#391960000
0!
0E
#391970000
1!
1E
#391980000
0!
0E
#391990000
1!
1E
#392000000
0!
0E
#392010000
1!
1E
#392020000
0!
0E
#392030000
1!
1E
#392040000
0!
0E
#392050000
1!
1E
#392060000
0!
0E
#392070000
1!
1E
#392080000
0!
0E
#392090000
1!
1E
#392100000
0!
0E
#392110000
1!
1E
#392120000
0!
0E
#392130000
1!
1E
#392140000
0!
0E
#392150000
1!
1E
#392160000
0!
0E
#392170000
1!
1E
#392180000
0!
0E
#392190000
1!
1E
#392200000
0!
0E
#392210000
1!
1E
#392220000
0!
0E
#392230000
1!
1E
#392240000
0!
0E
#392250000
1!
1E
#392260000
0!
0E
#392270000
1!
1E
#392280000
0!
0E
#392290000
1!
1E
#392300000
0!
0E
#392310000
1!
1E
#392320000
0!
0E
#392330000
1!
1E
#392340000
0!
0E
#392350000
1!
1E
#392360000
0!
0E
#392370000
1!
1E
#392380000
0!
0E
#392390000
1!
1E
#392400000
0!
0E
#392410000
1!
1E
#392420000
0!
0E
#392430000
1!
1E
#392440000
0!
0E
#392450000
1!
1E
#392460000
0!
0E
#392470000
1!
1E
#392480000
0!
0E
#392490000
1!
1E
#392500000
0!
0E
#392510000
1!
1E
#392520000
0!
0E
#392530000
1!
1E
#392540000
0!
0E
#392550000
1!
1E
#392560000
0!
0E
#392570000
1!
1E
#392580000
0!
0E
#392590000
1!
1E
#392600000
0#
0!
0G
0E
#392610000
1!
1E
0`
#392620000
0!
0E
#392630000
1!
1E
0f
1c
#392640000
0!
0E
#392650000
1!
1E
0c
#392660000
0!
0E
#392670000
1!
1E
#392680000
0!
0E
#392690000
1!
1E
#392700000
0!
0E
#392710000
1!
1E
#392720000
0!
0E
#392730000
1!
1E
#392740000
0!
0E
#392750000
1!
1E
#392760000
0!
0E
#392770000
1!
1E
#392780000
0!
0E
#392790000
1!
1E
#392800000
0!
0E
#392810000
1!
1E
#392820000
0!
0E
#392830000
1!
1E
#392840000
0!
0E
#392850000
1!
1E
#392860000
0!
0E
#392870000
1!
1E
#392880000
0!
0E
#392890000
1!
1E
#392900000
0!
0E
#392910000
1!
1E
#392920000
0!
0E
#392930000
1!
1E
#392940000
0!
0E
#392950000
1!
1E
#392960000
0!
0E
#392970000
1!
1E
#392980000
0!
0E
#392990000
1!
1E
#393000000
0!
0E
#393010000
1!
1E
#393020000
0!
0E
#393030000
1!
1E
#393040000
0!
0E
#393050000
1!
1E
#393060000
0!
0E
#393070000
1!
1E
#393080000
0!
0E
#393090000
1!
1E
#393100000
b100 B
0!
0E
#393110000
1!
1E
#393120000
0!
0E
#393130000
1!
1E
#393140000
0!
0E
#393150000
1!
1E
#393160000
0!
0E
#393170000
1!
1E
#393180000
0!
0E
#393190000
1!
1E
#393200000
0!
0E
#393210000
1!
1E
#393220000
0!
0E
#393230000
1!
1E
#393240000
0!
0E
#393250000
1!
1E
#393260000
0!
0E
#393270000
1!
1E
#393280000
0!
0E
#393290000
1!
1E
#393300000
0!
0E
#393310000
1!
1E
#393320000
0!
0E
#393330000
1!
1E
#393340000
0!
0E
#393350000
1!
1E
#393360000
0!
0E
#393370000
1!
1E
#393380000
0!
0E
#393390000
1!
1E
#393400000
0!
0E
#393410000
1!
1E
#393420000
0!
0E
#393430000
1!
1E
#393440000
0!
0E
#393450000
1!
1E
#393460000
0!
0E
#393470000
1!
1E
#393480000
0!
0E
#393490000
1!
1E
#393500000
0!
0E
#393510000
1!
1E
#393520000
0!
0E
#393530000
1!
1E
#393540000
0!
0E
#393550000
1!
1E
#393560000
0!
0E
#393570000
1!
1E
#393580000
0!
0E
#393590000
1!
1E
#393600000
1#
0!
1G
0E
#393610000
1!
1E
1`
#393620000
0!
0E
#393630000
1!
1E
1f
1d
#393640000
0!
0E
#393650000
1!
1E
0d
b100 r
#393660000
0!
0E
#393670000
1!
1E
#393680000
0!
0E
#393690000
1!
1E
#393700000
0!
0E
#393710000
1!
1E
#393720000
0!
0E
#393730000
1!
1E
#393740000
0!
0E
#393750000
1!
1E
#393760000
0!
0E
#393770000
1!
1E
#393780000
0!
0E
#393790000
1!
1E
#393800000
0!
0E
#393810000
1!
1E
#393820000
0!
0E
#393830000
1!
1E
#393840000
0!
0E
#393850000
1!
1E
#393860000
0!
0E
#393870000
1!
1E
#393880000
0!
0E
#393890000
1!
1E
#393900000
0!
0E
#393910000
1!
1E
#393920000
0!
0E
#393930000
1!
1E
#393940000
0!
0E
#393950000
1!
1E
#393960000
0!
0E
#393970000
1!
1E
#393980000
0!
0E
#393990000
1!
1E
#394000000
0!
0E
#394010000
1!
1E
#394020000
0!
0E
#394030000
1!
1E
#394040000
0!
0E
#394050000
1!
1E
#394060000
0!
0E
#394070000
1!
1E
#394080000
0!
0E
#394090000
1!
1E
#394100000
0!
0E
#394110000
1!
1E
#394120000
0!
0E
#394130000
1!
1E
#394140000
0!
0E
#394150000
1!
1E
#394160000
0!
0E
#394170000
1!
1E
#394180000
0!
0E
#394190000
1!
1E
#394200000
0!
0E
#394210000
1!
1E
#394220000
0!
0E
#394230000
1!
1E
#394240000
0!
0E
#394250000
1!
1E
#394260000
0!
0E
#394270000
1!
1E
#394280000
0!
0E
#394290000
1!
1E
#394300000
0!
0E
#394310000
1!
1E
#394320000
0!
0E
#394330000
1!
1E
#394340000
0!
0E
#394350000
1!
1E
#394360000
0!
0E
#394370000
1!
1E
#394380000
0!
0E
#394390000
1!
1E
#394400000
0!
0E
#394410000
1!
1E
#394420000
0!
0E
#394430000
1!
1E
#394440000
0!
0E
#394450000
1!
1E
#394460000
0!
0E
#394470000
1!
1E
#394480000
0!
0E
#394490000
1!
1E
#394500000
0!
0E
#394510000
1!
1E
#394520000
0!
0E
#394530000
1!
1E
#394540000
0!
0E
#394550000
1!
1E
#394560000
0!
0E
#394570000
1!
1E
#394580000
0!
0E
#394590000
1!
1E
#394600000
0#
0!
0G
0E
#394610000
1!
1E
0`
#394620000
0!
0E
#394630000
1!
1E
0f
1c
#394640000
0!
0E
#394650000
1!
1E
0c
1]
1$
#394660000
0!
0E
#394670000
1!
1E
1_
1q
#394680000
0!
0E
#394690000
1!
1E
1e
1b
#394700000
0!
0E
#394710000
1!
1E
0b
#394720000
0!
0E
#394730000
1!
1E
#394740000
0!
0E
#394750000
1!
1E
#394760000
0!
0E
#394770000
1!
1E
#394780000
0!
0E
#394790000
1!
1E
#394800000
0!
0E
#394810000
1!
1E
#394820000
0!
0E
#394830000
1!
1E
#394840000
0!
0E
#394850000
1!
1E
#394860000
0!
0E
#394870000
1!
1E
#394880000
0!
0E
#394890000
1!
1E
#394900000
0!
0E
#394910000
1!
1E
#394920000
0!
0E
#394930000
1!
1E
#394940000
0!
0E
#394950000
1!
1E
#394960000
0!
0E
#394970000
1!
1E
#394980000
0!
0E
#394990000
1!
1E
#395000000
0!
0E
#395010000
1!
1E
#395020000
0!
0E
#395030000
1!
1E
#395040000
0!
0E
#395050000
1!
1E
#395060000
0!
0E
#395070000
1!
1E
#395080000
0!
0E
#395090000
1!
1E
#395100000
b11 B
0!
0E
#395110000
1!
1E
#395120000
0!
0E
#395130000
1!
1E
#395140000
0!
0E
#395150000
1!
1E
#395160000
0!
0E
#395170000
1!
1E
#395180000
0!
0E
#395190000
1!
1E
#395200000
0!
0E
#395210000
1!
1E
#395220000
0!
0E
#395230000
1!
1E
#395240000
0!
0E
#395250000
1!
1E
#395260000
0!
0E
#395270000
1!
1E
#395280000
0!
0E
#395290000
1!
1E
#395300000
0!
0E
#395310000
1!
1E
#395320000
0!
0E
#395330000
1!
1E
#395340000
0!
0E
#395350000
1!
1E
#395360000
0!
0E
#395370000
1!
1E
#395380000
0!
0E
#395390000
1!
1E
#395400000
0!
0E
#395410000
1!
1E
#395420000
0!
0E
#395430000
1!
1E
#395440000
0!
0E
#395450000
1!
1E
#395460000
0!
0E
#395470000
1!
1E
#395480000
0!
0E
#395490000
1!
1E
#395500000
0!
0E
#395510000
1!
1E
#395520000
0!
0E
#395530000
1!
1E
#395540000
0!
0E
#395550000
1!
1E
#395560000
0!
0E
#395570000
1!
1E
#395580000
0!
0E
#395590000
1!
1E
#395600000
1#
0!
1G
0E
#395610000
1!
1E
1`
#395620000
0!
0E
#395630000
1!
1E
1f
1d
#395640000
0!
0E
#395650000
1!
1E
0d
b101 r
#395660000
0!
0E
#395670000
1!
1E
#395680000
0!
0E
#395690000
1!
1E
#395700000
0!
0E
#395710000
1!
1E
#395720000
0!
0E
#395730000
1!
1E
#395740000
0!
0E
#395750000
1!
1E
#395760000
0!
0E
#395770000
1!
1E
#395780000
0!
0E
#395790000
1!
1E
#395800000
0!
0E
#395810000
1!
1E
#395820000
0!
0E
#395830000
1!
1E
#395840000
0!
0E
#395850000
1!
1E
#395860000
0!
0E
#395870000
1!
1E
#395880000
0!
0E
#395890000
1!
1E
#395900000
0!
0E
#395910000
1!
1E
#395920000
0!
0E
#395930000
1!
1E
#395940000
0!
0E
#395950000
1!
1E
#395960000
0!
0E
#395970000
1!
1E
#395980000
0!
0E
#395990000
1!
1E
#396000000
0!
0E
#396010000
1!
1E
#396020000
0!
0E
#396030000
1!
1E
#396040000
0!
0E
#396050000
1!
1E
#396060000
0!
0E
#396070000
1!
1E
#396080000
0!
0E
#396090000
1!
1E
#396100000
0!
0E
#396110000
1!
1E
#396120000
0!
0E
#396130000
1!
1E
#396140000
0!
0E
#396150000
1!
1E
#396160000
0!
0E
#396170000
1!
1E
#396180000
0!
0E
#396190000
1!
1E
#396200000
0!
0E
#396210000
1!
1E
#396220000
0!
0E
#396230000
1!
1E
#396240000
0!
0E
#396250000
1!
1E
#396260000
0!
0E
#396270000
1!
1E
#396280000
0!
0E
#396290000
1!
1E
#396300000
0!
0E
#396310000
1!
1E
#396320000
0!
0E
#396330000
1!
1E
#396340000
0!
0E
#396350000
1!
1E
#396360000
0!
0E
#396370000
1!
1E
#396380000
0!
0E
#396390000
1!
1E
#396400000
0!
0E
#396410000
1!
1E
#396420000
0!
0E
#396430000
1!
1E
#396440000
0!
0E
#396450000
1!
1E
#396460000
0!
0E
#396470000
1!
1E
#396480000
0!
0E
#396490000
1!
1E
#396500000
0!
0E
#396510000
1!
1E
#396520000
0!
0E
#396530000
1!
1E
#396540000
0!
0E
#396550000
1!
1E
#396560000
0!
0E
#396570000
1!
1E
#396580000
0!
0E
#396590000
1!
1E
#396600000
0#
0!
0G
0E
#396610000
1!
1E
0`
#396620000
0!
0E
#396630000
1!
1E
0f
1c
#396640000
0!
0E
#396650000
1!
1E
0c
0]
0$
#396660000
0!
0E
#396670000
1!
1E
0_
0q
#396680000
0!
0E
#396690000
1!
1E
0e
1a
#396700000
0!
0E
#396710000
1!
1E
0a
#396720000
0!
0E
#396730000
1!
1E
#396740000
0!
0E
#396750000
1!
1E
#396760000
0!
0E
#396770000
1!
1E
#396780000
0!
0E
#396790000
1!
1E
#396800000
0!
0E
#396810000
1!
1E
#396820000
0!
0E
#396830000
1!
1E
#396840000
0!
0E
#396850000
1!
1E
#396860000
0!
0E
#396870000
1!
1E
#396880000
0!
0E
#396890000
1!
1E
#396900000
0!
0E
#396910000
1!
1E
#396920000
0!
0E
#396930000
1!
1E
#396940000
0!
0E
#396950000
1!
1E
#396960000
0!
0E
#396970000
1!
1E
#396980000
0!
0E
#396990000
1!
1E
#397000000
0!
0E
#397010000
1!
1E
#397020000
0!
0E
#397030000
1!
1E
#397040000
0!
0E
#397050000
1!
1E
#397060000
0!
0E
#397070000
1!
1E
#397080000
0!
0E
#397090000
1!
1E
#397100000
b10 B
0!
0E
#397110000
1!
1E
#397120000
0!
0E
#397130000
1!
1E
#397140000
0!
0E
#397150000
1!
1E
#397160000
0!
0E
#397170000
1!
1E
#397180000
0!
0E
#397190000
1!
1E
#397200000
0!
0E
#397210000
1!
1E
#397220000
0!
0E
#397230000
1!
1E
#397240000
0!
0E
#397250000
1!
1E
#397260000
0!
0E
#397270000
1!
1E
#397280000
0!
0E
#397290000
1!
1E
#397300000
0!
0E
#397310000
1!
1E
#397320000
0!
0E
#397330000
1!
1E
#397340000
0!
0E
#397350000
1!
1E
#397360000
0!
0E
#397370000
1!
1E
#397380000
0!
0E
#397390000
1!
1E
#397400000
0!
0E
#397410000
1!
1E
#397420000
0!
0E
#397430000
1!
1E
#397440000
0!
0E
#397450000
1!
1E
#397460000
0!
0E
#397470000
1!
1E
#397480000
0!
0E
#397490000
1!
1E
#397500000
0!
0E
#397510000
1!
1E
#397520000
0!
0E
#397530000
1!
1E
#397540000
0!
0E
#397550000
1!
1E
#397560000
0!
0E
#397570000
1!
1E
#397580000
0!
0E
#397590000
1!
1E
#397600000
1#
0!
1G
0E
#397610000
1!
1E
1`
#397620000
0!
0E
#397630000
1!
1E
1f
1d
#397640000
0!
0E
#397650000
1!
1E
0d
b110 r
#397660000
0!
0E
#397670000
1!
1E
#397680000
0!
0E
#397690000
1!
1E
#397700000
0!
0E
#397710000
1!
1E
#397720000
0!
0E
#397730000
1!
1E
#397740000
0!
0E
#397750000
1!
1E
#397760000
0!
0E
#397770000
1!
1E
#397780000
0!
0E
#397790000
1!
1E
#397800000
0!
0E
#397810000
1!
1E
#397820000
0!
0E
#397830000
1!
1E
#397840000
0!
0E
#397850000
1!
1E
#397860000
0!
0E
#397870000
1!
1E
#397880000
0!
0E
#397890000
1!
1E
#397900000
0!
0E
#397910000
1!
1E
#397920000
0!
0E
#397930000
1!
1E
#397940000
0!
0E
#397950000
1!
1E
#397960000
0!
0E
#397970000
1!
1E
#397980000
0!
0E
#397990000
1!
1E
#398000000
0!
0E
#398010000
1!
1E
#398020000
0!
0E
#398030000
1!
1E
#398040000
0!
0E
#398050000
1!
1E
#398060000
0!
0E
#398070000
1!
1E
#398080000
0!
0E
#398090000
1!
1E
#398100000
0!
0E
#398110000
1!
1E
#398120000
0!
0E
#398130000
1!
1E
#398140000
0!
0E
#398150000
1!
1E
#398160000
0!
0E
#398170000
1!
1E
#398180000
0!
0E
#398190000
1!
1E
#398200000
0!
0E
#398210000
1!
1E
#398220000
0!
0E
#398230000
1!
1E
#398240000
0!
0E
#398250000
1!
1E
#398260000
0!
0E
#398270000
1!
1E
#398280000
0!
0E
#398290000
1!
1E
#398300000
0!
0E
#398310000
1!
1E
#398320000
0!
0E
#398330000
1!
1E
#398340000
0!
0E
#398350000
1!
1E
#398360000
0!
0E
#398370000
1!
1E
#398380000
0!
0E
#398390000
1!
1E
#398400000
0!
0E
#398410000
1!
1E
#398420000
0!
0E
#398430000
1!
1E
#398440000
0!
0E
#398450000
1!
1E
#398460000
0!
0E
#398470000
1!
1E
#398480000
0!
0E
#398490000
1!
1E
#398500000
0!
0E
#398510000
1!
1E
#398520000
0!
0E
#398530000
1!
1E
#398540000
0!
0E
#398550000
1!
1E
#398560000
0!
0E
#398570000
1!
1E
#398580000
0!
0E
#398590000
1!
1E
#398600000
0#
0!
0G
0E
#398610000
1!
1E
0`
#398620000
0!
0E
#398630000
1!
1E
0f
1c
#398640000
0!
0E
#398650000
1!
1E
0c
1]
1$
#398660000
0!
0E
#398670000
1!
1E
1_
1q
#398680000
0!
0E
#398690000
1!
1E
1e
1b
#398700000
0!
0E
#398710000
1!
1E
0b
#398720000
0!
0E
#398730000
1!
1E
#398740000
0!
0E
#398750000
1!
1E
#398760000
0!
0E
#398770000
1!
1E
#398780000
0!
0E
#398790000
1!
1E
#398800000
0!
0E
#398810000
1!
1E
#398820000
0!
0E
#398830000
1!
1E
#398840000
0!
0E
#398850000
1!
1E
#398860000
0!
0E
#398870000
1!
1E
#398880000
0!
0E
#398890000
1!
1E
#398900000
0!
0E
#398910000
1!
1E
#398920000
0!
0E
#398930000
1!
1E
#398940000
0!
0E
#398950000
1!
1E
#398960000
0!
0E
#398970000
1!
1E
#398980000
0!
0E
#398990000
1!
1E
#399000000
0!
0E
#399010000
1!
1E
#399020000
0!
0E
#399030000
1!
1E
#399040000
0!
0E
#399050000
1!
1E
#399060000
0!
0E
#399070000
1!
1E
#399080000
0!
0E
#399090000
1!
1E
#399100000
b1 B
0!
0E
#399110000
1!
1E
#399120000
0!
0E
#399130000
1!
1E
#399140000
0!
0E
#399150000
1!
1E
#399160000
0!
0E
#399170000
1!
1E
#399180000
0!
0E
#399190000
1!
1E
#399200000
0!
0E
#399210000
1!
1E
#399220000
0!
0E
#399230000
1!
1E
#399240000
0!
0E
#399250000
1!
1E
#399260000
0!
0E
#399270000
1!
1E
#399280000
0!
0E
#399290000
1!
1E
#399300000
0!
0E
#399310000
1!
1E
#399320000
0!
0E
#399330000
1!
1E
#399340000
0!
0E
#399350000
1!
1E
#399360000
0!
0E
#399370000
1!
1E
#399380000
0!
0E
#399390000
1!
1E
#399400000
0!
0E
#399410000
1!
1E
#399420000
0!
0E
#399430000
1!
1E
#399440000
0!
0E
#399450000
1!
1E
#399460000
0!
0E
#399470000
1!
1E
#399480000
0!
0E
#399490000
1!
1E
#399500000
0!
0E
#399510000
1!
1E
#399520000
0!
0E
#399530000
1!
1E
#399540000
0!
0E
#399550000
1!
1E
#399560000
0!
0E
#399570000
1!
1E
#399580000
0!
0E
#399590000
1!
1E
#399600000
1#
0!
1G
0E
#399610000
1!
1E
1`
#399620000
0!
0E
#399630000
1!
1E
1f
1d
#399640000
0!
0E
#399650000
1!
1E
0d
b111 r
#399660000
0!
0E
#399670000
1!
1E
#399680000
0!
0E
#399690000
1!
1E
#399700000
0!
0E
#399710000
1!
1E
#399720000
0!
0E
#399730000
1!
1E
#399740000
0!
0E
#399750000
1!
1E
#399760000
0!
0E
#399770000
1!
1E
#399780000
0!
0E
#399790000
1!
1E
#399800000
0!
0E
#399810000
1!
1E
#399820000
0!
0E
#399830000
1!
1E
#399840000
0!
0E
#399850000
1!
1E
#399860000
0!
0E
#399870000
1!
1E
#399880000
0!
0E
#399890000
1!
1E
#399900000
0!
0E
#399910000
1!
1E
#399920000
0!
0E
#399930000
1!
1E
#399940000
0!
0E
#399950000
1!
1E
#399960000
0!
0E
#399970000
1!
1E
#399980000
0!
0E
#399990000
1!
1E
#400000000
0!
0E
#400010000
1!
1E
#400020000
0!
0E
#400030000
1!
1E
#400040000
0!
0E
#400050000
1!
1E
#400060000
0!
0E
#400070000
1!
1E
#400080000
0!
0E
#400090000
1!
1E
#400100000
0!
0E
#400110000
1!
1E
#400120000
0!
0E
#400130000
1!
1E
#400140000
0!
0E
#400150000
1!
1E
#400160000
0!
0E
#400170000
1!
1E
#400180000
0!
0E
#400190000
1!
1E
#400200000
0!
0E
#400210000
1!
1E
#400220000
0!
0E
#400230000
1!
1E
#400240000
0!
0E
#400250000
1!
1E
#400260000
0!
0E
#400270000
1!
1E
#400280000
0!
0E
#400290000
1!
1E
#400300000
0!
0E
#400310000
1!
1E
#400320000
0!
0E
#400330000
1!
1E
#400340000
0!
0E
#400350000
1!
1E
#400360000
0!
0E
#400370000
1!
1E
#400380000
0!
0E
#400390000
1!
1E
#400400000
0!
0E
#400410000
1!
1E
#400420000
0!
0E
#400430000
1!
1E
#400440000
0!
0E
#400450000
1!
1E
#400460000
0!
0E
#400470000
1!
1E
#400480000
0!
0E
#400490000
1!
1E
#400500000
0!
0E
#400510000
1!
1E
#400520000
0!
0E
#400530000
1!
1E
#400540000
0!
0E
#400550000
1!
1E
#400560000
0!
0E
#400570000
1!
1E
#400580000
0!
0E
#400590000
1!
1E
#400600000
0#
0!
0G
0E
#400610000
1!
1E
0`
#400620000
0!
0E
#400630000
1!
1E
0f
1c
#400640000
0!
0E
#400650000
1!
1E
0c
#400660000
0!
0E
#400670000
1!
1E
#400680000
0!
0E
#400690000
1!
1E
#400700000
0!
0E
#400710000
1!
1E
#400720000
0!
0E
#400730000
1!
1E
#400740000
0!
0E
#400750000
1!
1E
#400760000
0!
0E
#400770000
1!
1E
#400780000
0!
0E
#400790000
1!
1E
#400800000
0!
0E
#400810000
1!
1E
#400820000
0!
0E
#400830000
1!
1E
#400840000
0!
0E
#400850000
1!
1E
#400860000
0!
0E
#400870000
1!
1E
#400880000
0!
0E
#400890000
1!
1E
#400900000
0!
0E
#400910000
1!
1E
#400920000
0!
0E
#400930000
1!
1E
#400940000
0!
0E
#400950000
1!
1E
#400960000
0!
0E
#400970000
1!
1E
#400980000
0!
0E
#400990000
1!
1E
#401000000
0!
0E
#401010000
1!
1E
#401020000
0!
0E
#401030000
1!
1E
#401040000
0!
0E
#401050000
1!
1E
#401060000
0!
0E
#401070000
1!
1E
#401080000
0!
0E
#401090000
1!
1E
#401100000
b0 B
0!
0E
#401110000
1!
1E
#401120000
0!
0E
#401130000
1!
1E
#401140000
0!
0E
#401150000
1!
1E
#401160000
0!
0E
#401170000
1!
1E
#401180000
0!
0E
#401190000
1!
1E
#401200000
0!
0E
#401210000
1!
1E
#401220000
0!
0E
#401230000
1!
1E
#401240000
0!
0E
#401250000
1!
1E
#401260000
0!
0E
#401270000
1!
1E
#401280000
0!
0E
#401290000
1!
1E
#401300000
0!
0E
#401310000
1!
1E
#401320000
0!
0E
#401330000
1!
1E
#401340000
0!
0E
#401350000
1!
1E
#401360000
0!
0E
#401370000
1!
1E
#401380000
0!
0E
#401390000
1!
1E
#401400000
0!
0E
#401410000
1!
1E
#401420000
0!
0E
#401430000
1!
1E
#401440000
0!
0E
#401450000
1!
1E
#401460000
0!
0E
#401470000
1!
1E
#401480000
0!
0E
#401490000
1!
1E
#401500000
0!
0E
#401510000
1!
1E
#401520000
0!
0E
#401530000
1!
1E
#401540000
0!
0E
#401550000
1!
1E
#401560000
0!
0E
#401570000
1!
1E
#401580000
0!
0E
#401590000
1!
1E
#401600000
1#
0!
1G
0E
#401610000
1!
1E
1`
#401620000
0!
0E
#401630000
1!
1E
1f
1d
b1010 h
#401640000
0!
0E
#401650000
1!
1E
0d
b1010 g
b0 r
b1100 u
1}
#401660000
0!
0E
#401670000
1!
1E
#401680000
0!
0E
#401690000
1!
1E
#401700000
0!
0E
#401710000
1!
1E
#401720000
0!
0E
#401730000
1!
1E
#401740000
0!
0E
#401750000
1!
1E
#401760000
0!
0E
#401770000
1!
1E
#401780000
0!
0E
#401790000
1!
1E
#401800000
0!
0E
#401810000
1!
1E
#401820000
0!
0E
#401830000
1!
1E
#401840000
0!
0E
#401850000
1!
1E
#401860000
0!
0E
#401870000
1!
1E
#401880000
0!
0E
#401890000
1!
1E
#401900000
0!
0E
#401910000
1!
1E
#401920000
0!
0E
#401930000
1!
1E
#401940000
0!
0E
#401950000
1!
1E
#401960000
0!
0E
#401970000
1!
1E
#401980000
0!
0E
#401990000
1!
1E
#402000000
0!
0E
#402010000
1!
1E
#402020000
0!
0E
#402030000
1!
1E
#402040000
0!
0E
#402050000
1!
1E
#402060000
0!
0E
#402070000
1!
1E
#402080000
0!
0E
#402090000
1!
1E
#402100000
0!
0E
#402110000
1!
1E
#402120000
0!
0E
#402130000
1!
1E
#402140000
0!
0E
#402150000
1!
1E
#402160000
0!
0E
#402170000
1!
1E
#402180000
0!
0E
#402190000
1!
1E
#402200000
0!
0E
#402210000
1!
1E
#402220000
0!
0E
#402230000
1!
1E
#402240000
0!
0E
#402250000
1!
1E
#402260000
0!
0E
#402270000
1!
1E
#402280000
0!
0E
#402290000
1!
1E
#402300000
0!
0E
#402310000
1!
1E
#402320000
0!
0E
#402330000
1!
1E
#402340000
0!
0E
#402350000
1!
1E
#402360000
0!
0E
#402370000
1!
1E
#402380000
0!
0E
#402390000
1!
1E
#402400000
0!
0E
#402410000
1!
1E
#402420000
0!
0E
#402430000
1!
1E
#402440000
0!
0E
#402450000
1!
1E
#402460000
0!
0E
#402470000
1!
1E
#402480000
0!
0E
#402490000
1!
1E
#402500000
0!
0E
#402510000
1!
1E
#402520000
0!
0E
#402530000
1!
1E
#402540000
0!
0E
#402550000
1!
1E
#402560000
0!
0E
#402570000
1!
1E
#402580000
0!
0E
#402590000
1!
1E
#402600000
0#
0!
0G
0E
#402610000
1!
1E
0`
#402620000
0!
0E
#402630000
1!
1E
0f
1c
#402640000
0!
0E
#402650000
1!
1E
0c
0^
0$
#402660000
0!
0E
#402670000
1!
1E
0_
0q
#402680000
0!
0E
#402690000
1!
1E
0e
1a
#402700000
0!
0E
#402710000
1!
1E
0a
#402720000
0!
0E
#402730000
1!
1E
#402740000
0!
0E
#402750000
1!
1E
#402760000
0!
0E
#402770000
1!
1E
#402780000
0!
0E
#402790000
1!
1E
#402800000
0!
0E
#402810000
1!
1E
#402820000
0!
0E
#402830000
1!
1E
#402840000
0!
0E
#402850000
1!
1E
#402860000
0!
0E
#402870000
1!
1E
#402880000
0!
0E
#402890000
1!
1E
#402900000
0!
0E
#402910000
1!
1E
#402920000
0!
0E
#402930000
1!
1E
#402940000
0!
0E
#402950000
1!
1E
#402960000
0!
0E
#402970000
1!
1E
#402980000
0!
0E
#402990000
1!
1E
#403000000
0!
0E
#403010000
1!
1E
#403020000
0!
0E
#403030000
1!
1E
#403040000
0!
0E
#403050000
1!
1E
#403060000
0!
0E
#403070000
1!
1E
#403080000
0!
0E
#403090000
1!
1E
#403100000
b11111111111111111111111111111111 B
0!
0E
#403110000
1!
1E
#403120000
0!
0E
#403130000
1!
1E
#403140000
0!
0E
#403150000
1!
1E
#403160000
0!
0E
#403170000
1!
1E
#403180000
0!
0E
#403190000
1!
1E
#403200000
0!
0E
#403210000
1!
1E
#403220000
0!
0E
#403230000
1!
1E
#403240000
0!
0E
#403250000
1!
1E
#403260000
0!
0E
#403270000
1!
1E
#403280000
0!
0E
#403290000
1!
1E
#403300000
0!
0E
#403310000
1!
1E
#403320000
0!
0E
#403330000
1!
1E
#403340000
0!
0E
#403350000
1!
1E
#403360000
0!
0E
#403370000
1!
1E
#403380000
0!
0E
#403390000
1!
1E
#403400000
0!
0E
#403410000
1!
1E
#403420000
0!
0E
#403430000
1!
1E
#403440000
0!
0E
#403450000
1!
1E
#403460000
0!
0E
#403470000
1!
1E
#403480000
0!
0E
#403490000
1!
1E
#403500000
0!
0E
#403510000
1!
1E
#403520000
0!
0E
#403530000
1!
1E
#403540000
0!
0E
#403550000
1!
1E
#403560000
0!
0E
#403570000
1!
1E
#403580000
0!
0E
#403590000
1!
1E
#403600000
1#
0!
1G
0E
#403610000
1!
1E
1`
#403620000
0!
0E
#403630000
1!
1E
1f
1d
b101 h
#403640000
0!
0E
#403650000
1!
1E
0d
b101 g
#403660000
0!
0E
#403670000
1!
1E
#403680000
0!
0E
#403690000
1!
1E
#403700000
0!
0E
#403710000
1!
1E
#403720000
0!
0E
#403730000
1!
1E
#403740000
0!
0E
#403750000
1!
1E
#403760000
0!
0E
#403770000
1!
1E
#403780000
0!
0E
#403790000
1!
1E
#403800000
0!
0E
#403810000
1!
1E
#403820000
0!
0E
#403830000
1!
1E
#403840000
0!
0E
#403850000
1!
1E
#403860000
0!
0E
#403870000
1!
1E
#403880000
0!
0E
#403890000
1!
1E
#403900000
0!
0E
#403910000
1!
1E
#403920000
0!
0E
#403930000
1!
1E
#403940000
0!
0E
#403950000
1!
1E
#403960000
0!
0E
#403970000
1!
1E
#403980000
0!
0E
#403990000
1!
1E
#404000000
0!
0E
#404010000
1!
1E
#404020000
0!
0E
#404030000
1!
1E
#404040000
0!
0E
#404050000
1!
1E
#404060000
0!
0E
#404070000
1!
1E
#404080000
0!
0E
#404090000
1!
1E
#404100000
0!
0E
#404110000
1!
1E
#404120000
0!
0E
#404130000
1!
1E
#404140000
0!
0E
#404150000
1!
1E
#404160000
0!
0E
#404170000
1!
1E
#404180000
0!
0E
#404190000
1!
1E
#404200000
0!
0E
#404210000
1!
1E
#404220000
0!
0E
#404230000
1!
1E
#404240000
0!
0E
#404250000
1!
1E
#404260000
0!
0E
#404270000
1!
1E
#404280000
0!
0E
#404290000
1!
1E
#404300000
0!
0E
#404310000
1!
1E
#404320000
0!
0E
#404330000
1!
1E
#404340000
0!
0E
#404350000
1!
1E
#404360000
0!
0E
#404370000
1!
1E
#404380000
0!
0E
#404390000
1!
1E
#404400000
0!
0E
#404410000
1!
1E
#404420000
0!
0E
#404430000
1!
1E
#404440000
0!
0E
#404450000
1!
1E
#404460000
0!
0E
#404470000
1!
1E
#404480000
0!
0E
#404490000
1!
1E
#404500000
0!
0E
#404510000
1!
1E
#404520000
0!
0E
#404530000
1!
1E
#404540000
0!
0E
#404550000
1!
1E
#404560000
0!
0E
#404570000
1!
1E
#404580000
0!
0E
#404590000
1!
1E
#404600000
0#
0!
0G
0E
#404610000
1!
1E
0`
#404620000
0!
0E
#404630000
1!
1E
0f
1c
#404640000
0!
0E
#404650000
1!
1E
0c
1^
1$
#404660000
0!
0E
#404670000
1!
1E
1_
1q
#404680000
0!
0E
#404690000
1!
1E
1e
1b
#404700000
0!
0E
#404710000
1!
1E
0b
#404720000
0!
0E
#404730000
1!
1E
#404740000
0!
0E
#404750000
1!
1E
#404760000
0!
0E
#404770000
1!
1E
#404780000
0!
0E
#404790000
1!
1E
#404800000
0!
0E
#404810000
1!
1E
#404820000
0!
0E
#404830000
1!
1E
#404840000
0!
0E
#404850000
1!
1E
#404860000
0!
0E
#404870000
1!
1E
#404880000
0!
0E
#404890000
1!
1E
#404900000
0!
0E
#404910000
1!
1E
#404920000
0!
0E
#404930000
1!
1E
#404940000
0!
0E
#404950000
1!
1E
#404960000
0!
0E
#404970000
1!
1E
#404980000
0!
0E
#404990000
1!
1E
#405000000
0!
0E
#405010000
1!
1E
#405020000
0!
0E
#405030000
1!
1E
#405040000
0!
0E
#405050000
1!
1E
#405060000
0!
0E
#405070000
1!
1E
#405080000
0!
0E
#405090000
1!
1E
#405100000
b111 B
0!
0E
#405110000
1!
1E
#405120000
0!
0E
#405130000
1!
1E
#405140000
0!
0E
#405150000
1!
1E
#405160000
0!
0E
#405170000
1!
1E
#405180000
0!
0E
#405190000
1!
1E
#405200000
0!
0E
#405210000
1!
1E
#405220000
0!
0E
#405230000
1!
1E
#405240000
0!
0E
#405250000
1!
1E
#405260000
0!
0E
#405270000
1!
1E
#405280000
0!
0E
#405290000
1!
1E
#405300000
0!
0E
#405310000
1!
1E
#405320000
0!
0E
#405330000
1!
1E
#405340000
0!
0E
#405350000
1!
1E
#405360000
0!
0E
#405370000
1!
1E
#405380000
0!
0E
#405390000
1!
1E
#405400000
0!
0E
#405410000
1!
1E
#405420000
0!
0E
#405430000
1!
1E
#405440000
0!
0E
#405450000
1!
1E
#405460000
0!
0E
#405470000
1!
1E
#405480000
0!
0E
#405490000
1!
1E
#405500000
0!
0E
#405510000
1!
1E
#405520000
0!
0E
#405530000
1!
1E
#405540000
0!
0E
#405550000
1!
1E
#405560000
0!
0E
#405570000
1!
1E
#405580000
0!
0E
#405590000
1!
1E
#405600000
1#
0!
1G
0E
#405610000
1!
1E
1`
#405620000
0!
0E
#405630000
1!
1E
1f
1d
#405640000
0!
0E
#405650000
1!
1E
0d
b1 r
#405660000
0!
0E
#405670000
1!
1E
#405680000
0!
0E
#405690000
1!
1E
#405700000
0!
0E
#405710000
1!
1E
#405720000
0!
0E
#405730000
1!
1E
#405740000
0!
0E
#405750000
1!
1E
#405760000
0!
0E
#405770000
1!
1E
#405780000
0!
0E
#405790000
1!
1E
#405800000
0!
0E
#405810000
1!
1E
#405820000
0!
0E
#405830000
1!
1E
#405840000
0!
0E
#405850000
1!
1E
#405860000
0!
0E
#405870000
1!
1E
#405880000
0!
0E
#405890000
1!
1E
#405900000
0!
0E
#405910000
1!
1E
#405920000
0!
0E
#405930000
1!
1E
#405940000
0!
0E
#405950000
1!
1E
#405960000
0!
0E
#405970000
1!
1E
#405980000
0!
0E
#405990000
1!
1E
#406000000
0!
0E
#406010000
1!
1E
#406020000
0!
0E
#406030000
1!
1E
#406040000
0!
0E
#406050000
1!
1E
#406060000
0!
0E
#406070000
1!
1E
#406080000
0!
0E
#406090000
1!
1E
#406100000
0!
0E
#406110000
1!
1E
#406120000
0!
0E
#406130000
1!
1E
#406140000
0!
0E
#406150000
1!
1E
#406160000
0!
0E
#406170000
1!
1E
#406180000
0!
0E
#406190000
1!
1E
#406200000
0!
0E
#406210000
1!
1E
#406220000
0!
0E
#406230000
1!
1E
#406240000
0!
0E
#406250000
1!
1E
#406260000
0!
0E
#406270000
1!
1E
#406280000
0!
0E
#406290000
1!
1E
#406300000
0!
0E
#406310000
1!
1E
#406320000
0!
0E
#406330000
1!
1E
#406340000
0!
0E
#406350000
1!
1E
#406360000
0!
0E
#406370000
1!
1E
#406380000
0!
0E
#406390000
1!
1E
#406400000
0!
0E
#406410000
1!
1E
#406420000
0!
0E
#406430000
1!
1E
#406440000
0!
0E
#406450000
1!
1E
#406460000
0!
0E
#406470000
1!
1E
#406480000
0!
0E
#406490000
1!
1E
#406500000
0!
0E
#406510000
1!
1E
#406520000
0!
0E
#406530000
1!
1E
#406540000
0!
0E
#406550000
1!
1E
#406560000
0!
0E
#406570000
1!
1E
#406580000
0!
0E
#406590000
1!
1E
#406600000
0#
0!
0G
0E
#406610000
1!
1E
0`
#406620000
0!
0E
#406630000
1!
1E
0f
1c
#406640000
0!
0E
#406650000
1!
1E
0c
#406660000
0!
0E
#406670000
1!
1E
#406680000
0!
0E
#406690000
1!
1E
#406700000
0!
0E
#406710000
1!
1E
#406720000
0!
0E
#406730000
1!
1E
#406740000
0!
0E
#406750000
1!
1E
#406760000
0!
0E
#406770000
1!
1E
#406780000
0!
0E
#406790000
1!
1E
#406800000
0!
0E
#406810000
1!
1E
#406820000
0!
0E
#406830000
1!
1E
#406840000
0!
0E
#406850000
1!
1E
#406860000
0!
0E
#406870000
1!
1E
#406880000
0!
0E
#406890000
1!
1E
#406900000
0!
0E
#406910000
1!
1E
#406920000
0!
0E
#406930000
1!
1E
#406940000
0!
0E
#406950000
1!
1E
#406960000
0!
0E
#406970000
1!
1E
#406980000
0!
0E
#406990000
1!
1E
#407000000
0!
0E
#407010000
1!
1E
#407020000
0!
0E
#407030000
1!
1E
#407040000
0!
0E
#407050000
1!
1E
#407060000
0!
0E
#407070000
1!
1E
#407080000
0!
0E
#407090000
1!
1E
#407100000
b110 B
0!
0E
#407110000
1!
1E
#407120000
0!
0E
#407130000
1!
1E
#407140000
0!
0E
#407150000
1!
1E
#407160000
0!
0E
#407170000
1!
1E
#407180000
0!
0E
#407190000
1!
1E
#407200000
0!
0E
#407210000
1!
1E
#407220000
0!
0E
#407230000
1!
1E
#407240000
0!
0E
#407250000
1!
1E
#407260000
0!
0E
#407270000
1!
1E
#407280000
0!
0E
#407290000
1!
1E
#407300000
0!
0E
#407310000
1!
1E
#407320000
0!
0E
#407330000
1!
1E
#407340000
0!
0E
#407350000
1!
1E
#407360000
0!
0E
#407370000
1!
1E
#407380000
0!
0E
#407390000
1!
1E
#407400000
0!
0E
#407410000
1!
1E
#407420000
0!
0E
#407430000
1!
1E
#407440000
0!
0E
#407450000
1!
1E
#407460000
0!
0E
#407470000
1!
1E
#407480000
0!
0E
#407490000
1!
1E
#407500000
0!
0E
#407510000
1!
1E
#407520000
0!
0E
#407530000
1!
1E
#407540000
0!
0E
#407550000
1!
1E
#407560000
0!
0E
#407570000
1!
1E
#407580000
0!
0E
#407590000
1!
1E
#407600000
1#
0!
1G
0E
#407610000
1!
1E
1`
#407620000
0!
0E
#407630000
1!
1E
1f
1d
#407640000
0!
0E
#407650000
1!
1E
0d
b10 r
#407660000
0!
0E
#407670000
1!
1E
#407680000
0!
0E
#407690000
1!
1E
#407700000
0!
0E
#407710000
1!
1E
#407720000
0!
0E
#407730000
1!
1E
#407740000
0!
0E
#407750000
1!
1E
#407760000
0!
0E
#407770000
1!
1E
#407780000
0!
0E
#407790000
1!
1E
#407800000
0!
0E
#407810000
1!
1E
#407820000
0!
0E
#407830000
1!
1E
#407840000
0!
0E
#407850000
1!
1E
#407860000
0!
0E
#407870000
1!
1E
#407880000
0!
0E
#407890000
1!
1E
#407900000
0!
0E
#407910000
1!
1E
#407920000
0!
0E
#407930000
1!
1E
#407940000
0!
0E
#407950000
1!
1E
#407960000
0!
0E
#407970000
1!
1E
#407980000
0!
0E
#407990000
1!
1E
#408000000
0!
0E
#408010000
1!
1E
#408020000
0!
0E
#408030000
1!
1E
#408040000
0!
0E
#408050000
1!
1E
#408060000
0!
0E
#408070000
1!
1E
#408080000
0!
0E
#408090000
1!
1E
#408100000
0!
0E
#408110000
1!
1E
#408120000
0!
0E
#408130000
1!
1E
#408140000
0!
0E
#408150000
1!
1E
#408160000
0!
0E
#408170000
1!
1E
#408180000
0!
0E
#408190000
1!
1E
#408200000
0!
0E
#408210000
1!
1E
#408220000
0!
0E
#408230000
1!
1E
#408240000
0!
0E
#408250000
1!
1E
#408260000
0!
0E
#408270000
1!
1E
#408280000
0!
0E
#408290000
1!
1E
#408300000
0!
0E
#408310000
1!
1E
#408320000
0!
0E
#408330000
1!
1E
#408340000
0!
0E
#408350000
1!
1E
#408360000
0!
0E
#408370000
1!
1E
#408380000
0!
0E
#408390000
1!
1E
#408400000
0!
0E
#408410000
1!
1E
#408420000
0!
0E
#408430000
1!
1E
#408440000
0!
0E
#408450000
1!
1E
#408460000
0!
0E
#408470000
1!
1E
#408480000
0!
0E
#408490000
1!
1E
#408500000
0!
0E
#408510000
1!
1E
#408520000
0!
0E
#408530000
1!
1E
#408540000
0!
0E
#408550000
1!
1E
#408560000
0!
0E
#408570000
1!
1E
#408580000
0!
0E
#408590000
1!
1E
#408600000
0#
0!
0G
0E
#408610000
1!
1E
0`
#408620000
0!
0E
#408630000
1!
1E
0f
1c
#408640000
0!
0E
#408650000
1!
1E
0c
0]
0$
#408660000
0!
0E
#408670000
1!
1E
0_
0q
#408680000
0!
0E
#408690000
1!
1E
0e
1a
#408700000
0!
0E
#408710000
1!
1E
0a
#408720000
0!
0E
#408730000
1!
1E
#408740000
0!
0E
#408750000
1!
1E
#408760000
0!
0E
#408770000
1!
1E
#408780000
0!
0E
#408790000
1!
1E
#408800000
0!
0E
#408810000
1!
1E
#408820000
0!
0E
#408830000
1!
1E
#408840000
0!
0E
#408850000
1!
1E
#408860000
0!
0E
#408870000
1!
1E
#408880000
0!
0E
#408890000
1!
1E
#408900000
0!
0E
#408910000
1!
1E
#408920000
0!
0E
#408930000
1!
1E
#408940000
0!
0E
#408950000
1!
1E
#408960000
0!
0E
#408970000
1!
1E
#408980000
0!
0E
#408990000
1!
1E
#409000000
0!
0E
#409010000
1!
1E
#409020000
0!
0E
#409030000
1!
1E
#409040000
0!
0E
#409050000
1!
1E
#409060000
0!
0E
#409070000
1!
1E
#409080000
0!
0E
#409090000
1!
1E
#409100000
b101 B
0!
0E
#409110000
1!
1E
#409120000
0!
0E
#409130000
1!
1E
#409140000
0!
0E
#409150000
1!
1E
#409160000
0!
0E
#409170000
1!
1E
#409180000
0!
0E
#409190000
1!
1E
#409200000
0!
0E
#409210000
1!
1E
#409220000
0!
0E
#409230000
1!
1E
#409240000
0!
0E
#409250000
1!
1E
#409260000
0!
0E
#409270000
1!
1E
#409280000
0!
0E
#409290000
1!
1E
#409300000
0!
0E
#409310000
1!
1E
#409320000
0!
0E
#409330000
1!
1E
#409340000
0!
0E
#409350000
1!
1E
#409360000
0!
0E
#409370000
1!
1E
#409380000
0!
0E
#409390000
1!
1E
#409400000
0!
0E
#409410000
1!
1E
#409420000
0!
0E
#409430000
1!
1E
#409440000
0!
0E
#409450000
1!
1E
#409460000
0!
0E
#409470000
1!
1E
#409480000
0!
0E
#409490000
1!
1E
#409500000
0!
0E
#409510000
1!
1E
#409520000
0!
0E
#409530000
1!
1E
#409540000
0!
0E
#409550000
1!
1E
#409560000
0!
0E
#409570000
1!
1E
#409580000
0!
0E
#409590000
1!
1E
#409600000
1#
0!
1G
0E
#409610000
1!
1E
1`
#409620000
0!
0E
#409630000
1!
1E
1f
1d
#409640000
0!
0E
#409650000
1!
1E
0d
b11 r
#409660000
0!
0E
#409670000
1!
1E
#409680000
0!
0E
#409690000
1!
1E
#409700000
0!
0E
#409710000
1!
1E
#409720000
0!
0E
#409730000
1!
1E
#409740000
0!
0E
#409750000
1!
1E
#409760000
0!
0E
#409770000
1!
1E
#409780000
0!
0E
#409790000
1!
1E
#409800000
0!
0E
#409810000
1!
1E
#409820000
0!
0E
#409830000
1!
1E
#409840000
0!
0E
#409850000
1!
1E
#409860000
0!
0E
#409870000
1!
1E
#409880000
0!
0E
#409890000
1!
1E
#409900000
0!
0E
#409910000
1!
1E
#409920000
0!
0E
#409930000
1!
1E
#409940000
0!
0E
#409950000
1!
1E
#409960000
0!
0E
#409970000
1!
1E
#409980000
0!
0E
#409990000
1!
1E
#410000000
0!
0E
#410010000
1!
1E
#410020000
0!
0E
#410030000
1!
1E
#410040000
0!
0E
#410050000
1!
1E
#410060000
0!
0E
#410070000
1!
1E
#410080000
0!
0E
#410090000
1!
1E
#410100000
0!
0E
#410110000
1!
1E
#410120000
0!
0E
#410130000
1!
1E
#410140000
0!
0E
#410150000
1!
1E
#410160000
0!
0E
#410170000
1!
1E
#410180000
0!
0E
#410190000
1!
1E
#410200000
0!
0E
#410210000
1!
1E
#410220000
0!
0E
#410230000
1!
1E
#410240000
0!
0E
#410250000
1!
1E
#410260000
0!
0E
#410270000
1!
1E
#410280000
0!
0E
#410290000
1!
1E
#410300000
0!
0E
#410310000
1!
1E
#410320000
0!
0E
#410330000
1!
1E
#410340000
0!
0E
#410350000
1!
1E
#410360000
0!
0E
#410370000
1!
1E
#410380000
0!
0E
#410390000
1!
1E
#410400000
0!
0E
#410410000
1!
1E
#410420000
0!
0E
#410430000
1!
1E
#410440000
0!
0E
#410450000
1!
1E
#410460000
0!
0E
#410470000
1!
1E
#410480000
0!
0E
#410490000
1!
1E
#410500000
0!
0E
#410510000
1!
1E
#410520000
0!
0E
#410530000
1!
1E
#410540000
0!
0E
#410550000
1!
1E
#410560000
0!
0E
#410570000
1!
1E
#410580000
0!
0E
#410590000
1!
1E
#410600000
0#
0!
0G
0E
#410610000
1!
1E
0`
#410620000
0!
0E
#410630000
1!
1E
0f
1c
#410640000
0!
0E
#410650000
1!
1E
0c
#410660000
0!
0E
#410670000
1!
1E
#410680000
0!
0E
#410690000
1!
1E
#410700000
0!
0E
#410710000
1!
1E
#410720000
0!
0E
#410730000
1!
1E
#410740000
0!
0E
#410750000
1!
1E
#410760000
0!
0E
#410770000
1!
1E
#410780000
0!
0E
#410790000
1!
1E
#410800000
0!
0E
#410810000
1!
1E
#410820000
0!
0E
#410830000
1!
1E
#410840000
0!
0E
#410850000
1!
1E
#410860000
0!
0E
#410870000
1!
1E
#410880000
0!
0E
#410890000
1!
1E
#410900000
0!
0E
#410910000
1!
1E
#410920000
0!
0E
#410930000
1!
1E
#410940000
0!
0E
#410950000
1!
1E
#410960000
0!
0E
#410970000
1!
1E
#410980000
0!
0E
#410990000
1!
1E
#411000000
0!
0E
#411010000
1!
1E
#411020000
0!
0E
#411030000
1!
1E
#411040000
0!
0E
#411050000
1!
1E
#411060000
0!
0E
#411070000
1!
1E
#411080000
0!
0E
#411090000
1!
1E
#411100000
b100 B
0!
0E
#411110000
1!
1E
#411120000
0!
0E
#411130000
1!
1E
#411140000
0!
0E
#411150000
1!
1E
#411160000
0!
0E
#411170000
1!
1E
#411180000
0!
0E
#411190000
1!
1E
#411200000
0!
0E
#411210000
1!
1E
#411220000
0!
0E
#411230000
1!
1E
#411240000
0!
0E
#411250000
1!
1E
#411260000
0!
0E
#411270000
1!
1E
#411280000
0!
0E
#411290000
1!
1E
#411300000
0!
0E
#411310000
1!
1E
#411320000
0!
0E
#411330000
1!
1E
#411340000
0!
0E
#411350000
1!
1E
#411360000
0!
0E
#411370000
1!
1E
#411380000
0!
0E
#411390000
1!
1E
#411400000
0!
0E
#411410000
1!
1E
#411420000
0!
0E
#411430000
1!
1E
#411440000
0!
0E
#411450000
1!
1E
#411460000
0!
0E
#411470000
1!
1E
#411480000
0!
0E
#411490000
1!
1E
#411500000
0!
0E
#411510000
1!
1E
#411520000
0!
0E
#411530000
1!
1E
#411540000
0!
0E
#411550000
1!
1E
#411560000
0!
0E
#411570000
1!
1E
#411580000
0!
0E
#411590000
1!
1E
#411600000
1#
0!
1G
0E
#411610000
1!
1E
1`
#411620000
0!
0E
#411630000
1!
1E
1f
1d
#411640000
0!
0E
#411650000
1!
1E
0d
b100 r
#411660000
0!
0E
#411670000
1!
1E
#411680000
0!
0E
#411690000
1!
1E
#411700000
0!
0E
#411710000
1!
1E
#411720000
0!
0E
#411730000
1!
1E
#411740000
0!
0E
#411750000
1!
1E
#411760000
0!
0E
#411770000
1!
1E
#411780000
0!
0E
#411790000
1!
1E
#411800000
0!
0E
#411810000
1!
1E
#411820000
0!
0E
#411830000
1!
1E
#411840000
0!
0E
#411850000
1!
1E
#411860000
0!
0E
#411870000
1!
1E
#411880000
0!
0E
#411890000
1!
1E
#411900000
0!
0E
#411910000
1!
1E
#411920000
0!
0E
#411930000
1!
1E
#411940000
0!
0E
#411950000
1!
1E
#411960000
0!
0E
#411970000
1!
1E
#411980000
0!
0E
#411990000
1!
1E
#412000000
0!
0E
#412010000
1!
1E
#412020000
0!
0E
#412030000
1!
1E
#412040000
0!
0E
#412050000
1!
1E
#412060000
0!
0E
#412070000
1!
1E
#412080000
0!
0E
#412090000
1!
1E
#412100000
0!
0E
#412110000
1!
1E
#412120000
0!
0E
#412130000
1!
1E
#412140000
0!
0E
#412150000
1!
1E
#412160000
0!
0E
#412170000
1!
1E
#412180000
0!
0E
#412190000
1!
1E
#412200000
0!
0E
#412210000
1!
1E
#412220000
0!
0E
#412230000
1!
1E
#412240000
0!
0E
#412250000
1!
1E
#412260000
0!
0E
#412270000
1!
1E
#412280000
0!
0E
#412290000
1!
1E
#412300000
0!
0E
#412310000
1!
1E
#412320000
0!
0E
#412330000
1!
1E
#412340000
0!
0E
#412350000
1!
1E
#412360000
0!
0E
#412370000
1!
1E
#412380000
0!
0E
#412390000
1!
1E
#412400000
0!
0E
#412410000
1!
1E
#412420000
0!
0E
#412430000
1!
1E
#412440000
0!
0E
#412450000
1!
1E
#412460000
0!
0E
#412470000
1!
1E
#412480000
0!
0E
#412490000
1!
1E
#412500000
0!
0E
#412510000
1!
1E
#412520000
0!
0E
#412530000
1!
1E
#412540000
0!
0E
#412550000
1!
1E
#412560000
0!
0E
#412570000
1!
1E
#412580000
0!
0E
#412590000
1!
1E
#412600000
0#
0!
0G
0E
#412610000
1!
1E
0`
#412620000
0!
0E
#412630000
1!
1E
0f
1c
#412640000
0!
0E
#412650000
1!
1E
0c
1]
1$
#412660000
0!
0E
#412670000
1!
1E
1_
1q
#412680000
0!
0E
#412690000
1!
1E
1e
1b
#412700000
0!
0E
#412710000
1!
1E
0b
#412720000
0!
0E
#412730000
1!
1E
#412740000
0!
0E
#412750000
1!
1E
#412760000
0!
0E
#412770000
1!
1E
#412780000
0!
0E
#412790000
1!
1E
#412800000
0!
0E
#412810000
1!
1E
#412820000
0!
0E
#412830000
1!
1E
#412840000
0!
0E
#412850000
1!
1E
#412860000
0!
0E
#412870000
1!
1E
#412880000
0!
0E
#412890000
1!
1E
#412900000
0!
0E
#412910000
1!
1E
#412920000
0!
0E
#412930000
1!
1E
#412940000
0!
0E
#412950000
1!
1E
#412960000
0!
0E
#412970000
1!
1E
#412980000
0!
0E
#412990000
1!
1E
#413000000
0!
0E
#413010000
1!
1E
#413020000
0!
0E
#413030000
1!
1E
#413040000
0!
0E
#413050000
1!
1E
#413060000
0!
0E
#413070000
1!
1E
#413080000
0!
0E
#413090000
1!
1E
#413100000
b11 B
0!
0E
#413110000
1!
1E
#413120000
0!
0E
#413130000
1!
1E
#413140000
0!
0E
#413150000
1!
1E
#413160000
0!
0E
#413170000
1!
1E
#413180000
0!
0E
#413190000
1!
1E
#413200000
0!
0E
#413210000
1!
1E
#413220000
0!
0E
#413230000
1!
1E
#413240000
0!
0E
#413250000
1!
1E
#413260000
0!
0E
#413270000
1!
1E
#413280000
0!
0E
#413290000
1!
1E
#413300000
0!
0E
#413310000
1!
1E
#413320000
0!
0E
#413330000
1!
1E
#413340000
0!
0E
#413350000
1!
1E
#413360000
0!
0E
#413370000
1!
1E
#413380000
0!
0E
#413390000
1!
1E
#413400000
0!
0E
#413410000
1!
1E
#413420000
0!
0E
#413430000
1!
1E
#413440000
0!
0E
#413450000
1!
1E
#413460000
0!
0E
#413470000
1!
1E
#413480000
0!
0E
#413490000
1!
1E
#413500000
0!
0E
#413510000
1!
1E
#413520000
0!
0E
#413530000
1!
1E
#413540000
0!
0E
#413550000
1!
1E
#413560000
0!
0E
#413570000
1!
1E
#413580000
0!
0E
#413590000
1!
1E
#413600000
1#
0!
1G
0E
#413610000
1!
1E
1`
#413620000
0!
0E
#413630000
1!
1E
1f
1d
#413640000
0!
0E
#413650000
1!
1E
0d
b101 r
#413660000
0!
0E
#413670000
1!
1E
#413680000
0!
0E
#413690000
1!
1E
#413700000
0!
0E
#413710000
1!
1E
#413720000
0!
0E
#413730000
1!
1E
#413740000
0!
0E
#413750000
1!
1E
#413760000
0!
0E
#413770000
1!
1E
#413780000
0!
0E
#413790000
1!
1E
#413800000
0!
0E
#413810000
1!
1E
#413820000
0!
0E
#413830000
1!
1E
#413840000
0!
0E
#413850000
1!
1E
#413860000
0!
0E
#413870000
1!
1E
#413880000
0!
0E
#413890000
1!
1E
#413900000
0!
0E
#413910000
1!
1E
#413920000
0!
0E
#413930000
1!
1E
#413940000
0!
0E
#413950000
1!
1E
#413960000
0!
0E
#413970000
1!
1E
#413980000
0!
0E
#413990000
1!
1E
#414000000
0!
0E
#414010000
1!
1E
#414020000
0!
0E
#414030000
1!
1E
#414040000
0!
0E
#414050000
1!
1E
#414060000
0!
0E
#414070000
1!
1E
#414080000
0!
0E
#414090000
1!
1E
#414100000
0!
0E
#414110000
1!
1E
#414120000
0!
0E
#414130000
1!
1E
#414140000
0!
0E
#414150000
1!
1E
#414160000
0!
0E
#414170000
1!
1E
#414180000
0!
0E
#414190000
1!
1E
#414200000
0!
0E
#414210000
1!
1E
#414220000
0!
0E
#414230000
1!
1E
#414240000
0!
0E
#414250000
1!
1E
#414260000
0!
0E
#414270000
1!
1E
#414280000
0!
0E
#414290000
1!
1E
#414300000
0!
0E
#414310000
1!
1E
#414320000
0!
0E
#414330000
1!
1E
#414340000
0!
0E
#414350000
1!
1E
#414360000
0!
0E
#414370000
1!
1E
#414380000
0!
0E
#414390000
1!
1E
#414400000
0!
0E
#414410000
1!
1E
#414420000
0!
0E
#414430000
1!
1E
#414440000
0!
0E
#414450000
1!
1E
#414460000
0!
0E
#414470000
1!
1E
#414480000
0!
0E
#414490000
1!
1E
#414500000
0!
0E
#414510000
1!
1E
#414520000
0!
0E
#414530000
1!
1E
#414540000
0!
0E
#414550000
1!
1E
#414560000
0!
0E
#414570000
1!
1E
#414580000
0!
0E
#414590000
1!
1E
#414600000
0#
0!
0G
0E
#414610000
1!
1E
0`
#414620000
0!
0E
#414630000
1!
1E
0f
1c
#414640000
0!
0E
#414650000
1!
1E
0c
#414660000
0!
0E
#414670000
1!
1E
#414680000
0!
0E
#414690000
1!
1E
#414700000
0!
0E
#414710000
1!
1E
#414720000
0!
0E
#414730000
1!
1E
#414740000
0!
0E
#414750000
1!
1E
#414760000
0!
0E
#414770000
1!
1E
#414780000
0!
0E
#414790000
1!
1E
#414800000
0!
0E
#414810000
1!
1E
#414820000
0!
0E
#414830000
1!
1E
#414840000
0!
0E
#414850000
1!
1E
#414860000
0!
0E
#414870000
1!
1E
#414880000
0!
0E
#414890000
1!
1E
#414900000
0!
0E
#414910000
1!
1E
#414920000
0!
0E
#414930000
1!
1E
#414940000
0!
0E
#414950000
1!
1E
#414960000
0!
0E
#414970000
1!
1E
#414980000
0!
0E
#414990000
1!
1E
#415000000
0!
0E
#415010000
1!
1E
#415020000
0!
0E
#415030000
1!
1E
#415040000
0!
0E
#415050000
1!
1E
#415060000
0!
0E
#415070000
1!
1E
#415080000
0!
0E
#415090000
1!
1E
#415100000
b10 B
0!
0E
#415110000
1!
1E
#415120000
0!
0E
#415130000
1!
1E
#415140000
0!
0E
#415150000
1!
1E
#415160000
0!
0E
#415170000
1!
1E
#415180000
0!
0E
#415190000
1!
1E
#415200000
0!
0E
#415210000
1!
1E
#415220000
0!
0E
#415230000
1!
1E
#415240000
0!
0E
#415250000
1!
1E
#415260000
0!
0E
#415270000
1!
1E
#415280000
0!
0E
#415290000
1!
1E
#415300000
0!
0E
#415310000
1!
1E
#415320000
0!
0E
#415330000
1!
1E
#415340000
0!
0E
#415350000
1!
1E
#415360000
0!
0E
#415370000
1!
1E
#415380000
0!
0E
#415390000
1!
1E
#415400000
0!
0E
#415410000
1!
1E
#415420000
0!
0E
#415430000
1!
1E
#415440000
0!
0E
#415450000
1!
1E
#415460000
0!
0E
#415470000
1!
1E
#415480000
0!
0E
#415490000
1!
1E
#415500000
0!
0E
#415510000
1!
1E
#415520000
0!
0E
#415530000
1!
1E
#415540000
0!
0E
#415550000
1!
1E
#415560000
0!
0E
#415570000
1!
1E
#415580000
0!
0E
#415590000
1!
1E
#415600000
1#
0!
1G
0E
#415610000
1!
1E
1`
#415620000
0!
0E
#415630000
1!
1E
1f
1d
#415640000
0!
0E
#415650000
1!
1E
0d
b110 r
#415660000
0!
0E
#415670000
1!
1E
#415680000
0!
0E
#415690000
1!
1E
#415700000
0!
0E
#415710000
1!
1E
#415720000
0!
0E
#415730000
1!
1E
#415740000
0!
0E
#415750000
1!
1E
#415760000
0!
0E
#415770000
1!
1E
#415780000
0!
0E
#415790000
1!
1E
#415800000
0!
0E
#415810000
1!
1E
#415820000
0!
0E
#415830000
1!
1E
#415840000
0!
0E
#415850000
1!
1E
#415860000
0!
0E
#415870000
1!
1E
#415880000
0!
0E
#415890000
1!
1E
#415900000
0!
0E
#415910000
1!
1E
#415920000
0!
0E
#415930000
1!
1E
#415940000
0!
0E
#415950000
1!
1E
#415960000
0!
0E
#415970000
1!
1E
#415980000
0!
0E
#415990000
1!
1E
#416000000
0!
0E
#416010000
1!
1E
#416020000
0!
0E
#416030000
1!
1E
#416040000
0!
0E
#416050000
1!
1E
#416060000
0!
0E
#416070000
1!
1E
#416080000
0!
0E
#416090000
1!
1E
#416100000
0!
0E
#416110000
1!
1E
#416120000
0!
0E
#416130000
1!
1E
#416140000
0!
0E
#416150000
1!
1E
#416160000
0!
0E
#416170000
1!
1E
#416180000
0!
0E
#416190000
1!
1E
#416200000
0!
0E
#416210000
1!
1E
#416220000
0!
0E
#416230000
1!
1E
#416240000
0!
0E
#416250000
1!
1E
#416260000
0!
0E
#416270000
1!
1E
#416280000
0!
0E
#416290000
1!
1E
#416300000
0!
0E
#416310000
1!
1E
#416320000
0!
0E
#416330000
1!
1E
#416340000
0!
0E
#416350000
1!
1E
#416360000
0!
0E
#416370000
1!
1E
#416380000
0!
0E
#416390000
1!
1E
#416400000
0!
0E
#416410000
1!
1E
#416420000
0!
0E
#416430000
1!
1E
#416440000
0!
0E
#416450000
1!
1E
#416460000
0!
0E
#416470000
1!
1E
#416480000
0!
0E
#416490000
1!
1E
#416500000
0!
0E
#416510000
1!
1E
#416520000
0!
0E
#416530000
1!
1E
#416540000
0!
0E
#416550000
1!
1E
#416560000
0!
0E
#416570000
1!
1E
#416580000
0!
0E
#416590000
1!
1E
#416600000
0#
0!
0G
0E
#416610000
1!
1E
0`
#416620000
0!
0E
#416630000
1!
1E
0f
1c
#416640000
0!
0E
#416650000
1!
1E
0c
0]
0$
#416660000
0!
0E
#416670000
1!
1E
0_
0q
#416680000
0!
0E
#416690000
1!
1E
0e
1a
#416700000
0!
0E
#416710000
1!
1E
0a
#416720000
0!
0E
#416730000
1!
1E
#416740000
0!
0E
#416750000
1!
1E
#416760000
0!
0E
#416770000
1!
1E
#416780000
0!
0E
#416790000
1!
1E
#416800000
0!
0E
#416810000
1!
1E
#416820000
0!
0E
#416830000
1!
1E
#416840000
0!
0E
#416850000
1!
1E
#416860000
0!
0E
#416870000
1!
1E
#416880000
0!
0E
#416890000
1!
1E
#416900000
0!
0E
#416910000
1!
1E
#416920000
0!
0E
#416930000
1!
1E
#416940000
0!
0E
#416950000
1!
1E
#416960000
0!
0E
#416970000
1!
1E
#416980000
0!
0E
#416990000
1!
1E
#417000000
0!
0E
#417010000
1!
1E
#417020000
0!
0E
#417030000
1!
1E
#417040000
0!
0E
#417050000
1!
1E
#417060000
0!
0E
#417070000
1!
1E
#417080000
0!
0E
#417090000
1!
1E
#417100000
b1 B
0!
0E
#417110000
1!
1E
#417120000
0!
0E
#417130000
1!
1E
#417140000
0!
0E
#417150000
1!
1E
#417160000
0!
0E
#417170000
1!
1E
#417180000
0!
0E
#417190000
1!
1E
#417200000
0!
0E
#417210000
1!
1E
#417220000
0!
0E
#417230000
1!
1E
#417240000
0!
0E
#417250000
1!
1E
#417260000
0!
0E
#417270000
1!
1E
#417280000
0!
0E
#417290000
1!
1E
#417300000
0!
0E
#417310000
1!
1E
#417320000
0!
0E
#417330000
1!
1E
#417340000
0!
0E
#417350000
1!
1E
#417360000
0!
0E
#417370000
1!
1E
#417380000
0!
0E
#417390000
1!
1E
#417400000
0!
0E
#417410000
1!
1E
#417420000
0!
0E
#417430000
1!
1E
#417440000
0!
0E
#417450000
1!
1E
#417460000
0!
0E
#417470000
1!
1E
#417480000
0!
0E
#417490000
1!
1E
#417500000
0!
0E
#417510000
1!
1E
#417520000
0!
0E
#417530000
1!
1E
#417540000
0!
0E
#417550000
1!
1E
#417560000
0!
0E
#417570000
1!
1E
#417580000
0!
0E
#417590000
1!
1E
#417600000
1#
0!
1G
0E
#417610000
1!
1E
1`
#417620000
0!
0E
#417630000
1!
1E
1f
1d
#417640000
0!
0E
#417650000
1!
1E
0d
b111 r
#417660000
0!
0E
#417670000
1!
1E
#417680000
0!
0E
#417690000
1!
1E
#417700000
0!
0E
#417710000
1!
1E
#417720000
0!
0E
#417730000
1!
1E
#417740000
0!
0E
#417750000
1!
1E
#417760000
0!
0E
#417770000
1!
1E
#417780000
0!
0E
#417790000
1!
1E
#417800000
0!
0E
#417810000
1!
1E
#417820000
0!
0E
#417830000
1!
1E
#417840000
0!
0E
#417850000
1!
1E
#417860000
0!
0E
#417870000
1!
1E
#417880000
0!
0E
#417890000
1!
1E
#417900000
0!
0E
#417910000
1!
1E
#417920000
0!
0E
#417930000
1!
1E
#417940000
0!
0E
#417950000
1!
1E
#417960000
0!
0E
#417970000
1!
1E
#417980000
0!
0E
#417990000
1!
1E
#418000000
0!
0E
#418010000
1!
1E
#418020000
0!
0E
#418030000
1!
1E
#418040000
0!
0E
#418050000
1!
1E
#418060000
0!
0E
#418070000
1!
1E
#418080000
0!
0E
#418090000
1!
1E
#418100000
0!
0E
#418110000
1!
1E
#418120000
0!
0E
#418130000
1!
1E
#418140000
0!
0E
#418150000
1!
1E
#418160000
0!
0E
#418170000
1!
1E
#418180000
0!
0E
#418190000
1!
1E
#418200000
0!
0E
#418210000
1!
1E
#418220000
0!
0E
#418230000
1!
1E
#418240000
0!
0E
#418250000
1!
1E
#418260000
0!
0E
#418270000
1!
1E
#418280000
0!
0E
#418290000
1!
1E
#418300000
0!
0E
#418310000
1!
1E
#418320000
0!
0E
#418330000
1!
1E
#418340000
0!
0E
#418350000
1!
1E
#418360000
0!
0E
#418370000
1!
1E
#418380000
0!
0E
#418390000
1!
1E
#418400000
0!
0E
#418410000
1!
1E
#418420000
0!
0E
#418430000
1!
1E
#418440000
0!
0E
#418450000
1!
1E
#418460000
0!
0E
#418470000
1!
1E
#418480000
0!
0E
#418490000
1!
1E
#418500000
0!
0E
#418510000
1!
1E
#418520000
0!
0E
#418530000
1!
1E
#418540000
0!
0E
#418550000
1!
1E
#418560000
0!
0E
#418570000
1!
1E
#418580000
0!
0E
#418590000
1!
1E
#418600000
0#
0!
0G
0E
#418610000
1!
1E
0`
#418620000
0!
0E
#418630000
1!
1E
0f
1c
#418640000
0!
0E
#418650000
1!
1E
0c
#418660000
0!
0E
#418670000
1!
1E
#418680000
0!
0E
#418690000
1!
1E
#418700000
0!
0E
#418710000
1!
1E
#418720000
0!
0E
#418730000
1!
1E
#418740000
0!
0E
#418750000
1!
1E
#418760000
0!
0E
#418770000
1!
1E
#418780000
0!
0E
#418790000
1!
1E
#418800000
0!
0E
#418810000
1!
1E
#418820000
0!
0E
#418830000
1!
1E
#418840000
0!
0E
#418850000
1!
1E
#418860000
0!
0E
#418870000
1!
1E
#418880000
0!
0E
#418890000
1!
1E
#418900000
0!
0E
#418910000
1!
1E
#418920000
0!
0E
#418930000
1!
1E
#418940000
0!
0E
#418950000
1!
1E
#418960000
0!
0E
#418970000
1!
1E
#418980000
0!
0E
#418990000
1!
1E
#419000000
0!
0E
#419010000
1!
1E
#419020000
0!
0E
#419030000
1!
1E
#419040000
0!
0E
#419050000
1!
1E
#419060000
0!
0E
#419070000
1!
1E
#419080000
0!
0E
#419090000
1!
1E
#419100000
b0 B
0!
0E
#419110000
1!
1E
#419120000
0!
0E
#419130000
1!
1E
#419140000
0!
0E
#419150000
1!
1E
#419160000
0!
0E
#419170000
1!
1E
#419180000
0!
0E
#419190000
1!
1E
#419200000
0!
0E
#419210000
1!
1E
#419220000
0!
0E
#419230000
1!
1E
#419240000
0!
0E
#419250000
1!
1E
#419260000
0!
0E
#419270000
1!
1E
#419280000
0!
0E
#419290000
1!
1E
#419300000
0!
0E
#419310000
1!
1E
#419320000
0!
0E
#419330000
1!
1E
#419340000
0!
0E
#419350000
1!
1E
#419360000
0!
0E
#419370000
1!
1E
#419380000
0!
0E
#419390000
1!
1E
#419400000
0!
0E
#419410000
1!
1E
#419420000
0!
0E
#419430000
1!
1E
#419440000
0!
0E
#419450000
1!
1E
#419460000
0!
0E
#419470000
1!
1E
#419480000
0!
0E
#419490000
1!
1E
#419500000
0!
0E
#419510000
1!
1E
#419520000
0!
0E
#419530000
1!
1E
#419540000
0!
0E
#419550000
1!
1E
#419560000
0!
0E
#419570000
1!
1E
#419580000
0!
0E
#419590000
1!
1E
#419600000
1#
0!
1G
0E
#419610000
1!
1E
1`
#419620000
0!
0E
#419630000
1!
1E
1f
1d
b1010 h
#419640000
0!
0E
#419650000
1!
1E
0d
b1010 g
b0 r
b1101 u
0}
1|
#419660000
0!
0E
#419670000
1!
1E
#419680000
0!
0E
#419690000
1!
1E
#419700000
0!
0E
#419710000
1!
1E
#419720000
0!
0E
#419730000
1!
1E
#419740000
0!
0E
#419750000
1!
1E
#419760000
0!
0E
#419770000
1!
1E
#419780000
0!
0E
#419790000
1!
1E
#419800000
0!
0E
#419810000
1!
1E
#419820000
0!
0E
#419830000
1!
1E
#419840000
0!
0E
#419850000
1!
1E
#419860000
0!
0E
#419870000
1!
1E
#419880000
0!
0E
#419890000
1!
1E
#419900000
0!
0E
#419910000
1!
1E
#419920000
0!
0E
#419930000
1!
1E
#419940000
0!
0E
#419950000
1!
1E
#419960000
0!
0E
#419970000
1!
1E
#419980000
0!
0E
#419990000
1!
1E
#420000000
0!
0E
#420010000
1!
1E
#420020000
0!
0E
#420030000
1!
1E
#420040000
0!
0E
#420050000
1!
1E
#420060000
0!
0E
#420070000
1!
1E
#420080000
0!
0E
#420090000
1!
1E
#420100000
0!
0E
#420110000
1!
1E
#420120000
0!
0E
#420130000
1!
1E
#420140000
0!
0E
#420150000
1!
1E
#420160000
0!
0E
#420170000
1!
1E
#420180000
0!
0E
#420190000
1!
1E
#420200000
0!
0E
#420210000
1!
1E
#420220000
0!
0E
#420230000
1!
1E
#420240000
0!
0E
#420250000
1!
1E
#420260000
0!
0E
#420270000
1!
1E
#420280000
0!
0E
#420290000
1!
1E
#420300000
0!
0E
#420310000
1!
1E
#420320000
0!
0E
#420330000
1!
1E
#420340000
0!
0E
#420350000
1!
1E
#420360000
0!
0E
#420370000
1!
1E
#420380000
0!
0E
#420390000
1!
1E
#420400000
0!
0E
#420410000
1!
1E
#420420000
0!
0E
#420430000
1!
1E
#420440000
0!
0E
#420450000
1!
1E
#420460000
0!
0E
#420470000
1!
1E
#420480000
0!
0E
#420490000
1!
1E
#420500000
0!
0E
#420510000
1!
1E
#420520000
0!
0E
#420530000
1!
1E
#420540000
0!
0E
#420550000
1!
1E
#420560000
0!
0E
#420570000
1!
1E
#420580000
0!
0E
#420590000
1!
1E
#420600000
0#
0!
0G
0E
#420610000
1!
1E
0`
#420620000
0!
0E
#420630000
1!
1E
0f
1c
#420640000
0!
0E
#420650000
1!
1E
0c
1]
0^
#420660000
0!
0E
#420670000
1!
1E
#420680000
0!
0E
#420690000
1!
1E
#420700000
0!
0E
#420710000
1!
1E
#420720000
0!
0E
#420730000
1!
1E
#420740000
0!
0E
#420750000
1!
1E
#420760000
0!
0E
#420770000
1!
1E
#420780000
0!
0E
#420790000
1!
1E
#420800000
0!
0E
#420810000
1!
1E
#420820000
0!
0E
#420830000
1!
1E
#420840000
0!
0E
#420850000
1!
1E
#420860000
0!
0E
#420870000
1!
1E
#420880000
0!
0E
#420890000
1!
1E
#420900000
0!
0E
#420910000
1!
1E
#420920000
0!
0E
#420930000
1!
1E
#420940000
0!
0E
#420950000
1!
1E
#420960000
0!
0E
#420970000
1!
1E
#420980000
0!
0E
#420990000
1!
1E
#421000000
0!
0E
#421010000
1!
1E
#421020000
0!
0E
#421030000
1!
1E
#421040000
0!
0E
#421050000
1!
1E
#421060000
0!
0E
#421070000
1!
1E
#421080000
0!
0E
#421090000
1!
1E
#421100000
b11111111111111111111111111111111 B
1=
0!
1$
0E
#421110000
1!
1E
1_
1q
#421120000
0!
0E
#421130000
1!
1E
1e
1b
#421140000
0!
0E
#421150000
1!
1E
0b
#421160000
0!
0E
#421170000
1!
1E
#421180000
0!
0E
#421190000
1!
1E
#421200000
0!
0E
#421210000
1!
1E
#421220000
0!
0E
#421230000
1!
1E
#421240000
0!
0E
#421250000
1!
1E
#421260000
0!
0E
#421270000
1!
1E
#421280000
0!
0E
#421290000
1!
1E
#421300000
0!
0E
#421310000
1!
1E
#421320000
0!
0E
#421330000
1!
1E
#421340000
0!
0E
#421350000
1!
1E
#421360000
0!
0E
#421370000
1!
1E
#421380000
0!
0E
#421390000
1!
1E
#421400000
0!
0E
#421410000
1!
1E
#421420000
0!
0E
#421430000
1!
1E
#421440000
0!
0E
#421450000
1!
1E
#421460000
0!
0E
#421470000
1!
1E
#421480000
0!
0E
#421490000
1!
1E
#421500000
0!
0E
#421510000
1!
1E
#421520000
0!
0E
#421530000
1!
1E
#421540000
0!
0E
#421550000
1!
1E
#421560000
0!
0E
#421570000
1!
1E
#421580000
0!
0E
#421590000
1!
1E
#421600000
1#
0!
1G
0E
#421610000
1!
1E
1`
#421620000
0!
0E
#421630000
1!
1E
1f
1d
b0 h
#421640000
0!
0E
#421650000
1!
1E
0d
b0 g
#421660000
0!
0E
#421670000
1!
1E
#421680000
0!
0E
#421690000
1!
1E
#421700000
0!
0E
#421710000
1!
1E
#421720000
0!
0E
#421730000
1!
1E
#421740000
0!
0E
#421750000
1!
1E
#421760000
0!
0E
#421770000
1!
1E
#421780000
0!
0E
#421790000
1!
1E
#421800000
0!
0E
#421810000
1!
1E
#421820000
0!
0E
#421830000
1!
1E
#421840000
0!
0E
#421850000
1!
1E
#421860000
0!
0E
#421870000
1!
1E
#421880000
0!
0E
#421890000
1!
1E
#421900000
0!
0E
#421910000
1!
1E
#421920000
0!
0E
#421930000
1!
1E
#421940000
0!
0E
#421950000
1!
1E
#421960000
0!
0E
#421970000
1!
1E
#421980000
0!
0E
#421990000
1!
1E
#422000000
0!
0E
#422010000
1!
1E
#422020000
0!
0E
#422030000
1!
1E
#422040000
0!
0E
#422050000
1!
1E
#422060000
0!
0E
#422070000
1!
1E
#422080000
0!
0E
#422090000
1!
1E
#422100000
0!
0E
#422110000
1!
1E
#422120000
0!
0E
#422130000
1!
1E
#422140000
0!
0E
#422150000
1!
1E
#422160000
0!
0E
#422170000
1!
1E
#422180000
0!
0E
#422190000
1!
1E
#422200000
0!
0E
#422210000
1!
1E
#422220000
0!
0E
#422230000
1!
1E
#422240000
0!
0E
#422250000
1!
1E
#422260000
0!
0E
#422270000
1!
1E
#422280000
0!
0E
#422290000
1!
1E
#422300000
0!
0E
#422310000
1!
1E
#422320000
0!
0E
#422330000
1!
1E
#422340000
0!
0E
#422350000
1!
1E
#422360000
0!
0E
#422370000
1!
1E
#422380000
0!
0E
#422390000
1!
1E
#422400000
0!
0E
#422410000
1!
1E
#422420000
0!
0E
#422430000
1!
1E
#422440000
0!
0E
#422450000
1!
1E
#422460000
0!
0E
#422470000
1!
1E
#422480000
0!
0E
#422490000
1!
1E
#422500000
0!
0E
#422510000
1!
1E
#422520000
0!
0E
#422530000
1!
1E
#422540000
0!
0E
#422550000
1!
1E
#422560000
0!
0E
#422570000
1!
1E
#422580000
0!
0E
#422590000
1!
1E
#422600000
0#
0!
0G
0E
#422610000
1!
1E
0`
#422620000
0!
0E
#422630000
1!
1E
0f
1c
#422640000
0!
0E
#422650000
1!
1E
0c
#422660000
0!
0E
#422670000
1!
1E
#422680000
0!
0E
#422690000
1!
1E
#422700000
0!
0E
#422710000
1!
1E
#422720000
0!
0E
#422730000
1!
1E
#422740000
0!
0E
#422750000
1!
1E
#422760000
0!
0E
#422770000
1!
1E
#422780000
0!
0E
#422790000
1!
1E
#422800000
0!
0E
#422810000
1!
1E
#422820000
0!
0E
#422830000
1!
1E
#422840000
0!
0E
#422850000
1!
1E
#422860000
0!
0E
#422870000
1!
1E
#422880000
0!
0E
#422890000
1!
1E
#422900000
0!
0E
#422910000
1!
1E
#422920000
0!
0E
#422930000
1!
1E
#422940000
0!
0E
#422950000
1!
1E
#422960000
0!
0E
#422970000
1!
1E
#422980000
0!
0E
#422990000
1!
1E
#423000000
0!
0E
#423010000
1!
1E
#423020000
0!
0E
#423030000
1!
1E
#423040000
0!
0E
#423050000
1!
1E
#423060000
0!
0E
#423070000
1!
1E
#423080000
0!
0E
#423090000
1!
1E
#423100000
0=
0!
0$
0E
#423110000
1!
1E
0_
0q
#423120000
0!
0E
#423130000
1!
1E
0e
1a
#423140000
0!
0E
#423150000
1!
1E
0a
#423160000
0!
0E
#423170000
1!
1E
#423180000
0!
0E
#423190000
1!
1E
#423200000
0!
0E
#423210000
1!
1E
#423220000
0!
0E
#423230000
1!
1E
#423240000
0!
0E
#423250000
1!
1E
#423260000
0!
0E
#423270000
1!
1E
#423280000
0!
0E
#423290000
1!
1E
#423300000
0!
0E
#423310000
1!
1E
#423320000
0!
0E
#423330000
1!
1E
#423340000
0!
0E
#423350000
1!
1E
#423360000
0!
0E
#423370000
1!
1E
#423380000
0!
0E
#423390000
1!
1E
#423400000
0!
0E
#423410000
1!
1E
#423420000
0!
0E
#423430000
1!
1E
#423440000
0!
0E
#423450000
1!
1E
#423460000
0!
0E
#423470000
1!
1E
#423480000
0!
0E
#423490000
1!
1E
#423500000
0!
0E
#423510000
1!
1E
#423520000
0!
0E
#423530000
1!
1E
#423540000
0!
0E
#423550000
1!
1E
#423560000
0!
0E
#423570000
1!
1E
#423580000
0!
0E
#423590000
1!
1E
#423600000
0!
0E
#423610000
1!
1E
#423620000
0!
0E
#423630000
1!
1E
#423640000
0!
0E
#423650000
1!
1E
#423660000
0!
0E
#423670000
1!
1E
#423680000
0!
0E
#423690000
1!
1E
#423700000
0!
0E
#423710000
1!
1E
#423720000
0!
0E
#423730000
1!
1E
#423740000
0!
0E
#423750000
1!
1E
#423760000
0!
0E
#423770000
1!
1E
#423780000
0!
0E
#423790000
1!
1E
#423800000
0!
0E
#423810000
1!
1E
#423820000
0!
0E
#423830000
1!
1E
#423840000
0!
0E
#423850000
1!
1E
#423860000
0!
0E
#423870000
1!
1E
#423880000
0!
0E
#423890000
1!
1E
#423900000
0!
0E
#423910000
1!
1E
#423920000
0!
0E
#423930000
1!
1E
#423940000
0!
0E
#423950000
1!
1E
#423960000
0!
0E
#423970000
1!
1E
#423980000
0!
0E
#423990000
1!
1E
#424000000
0!
0E
#424010000
1!
1E
#424020000
0!
0E
#424030000
1!
1E
#424040000
0!
0E
#424050000
1!
1E
#424060000
0!
0E
#424070000
1!
1E
#424080000
0!
0E
#424090000
1!
1E
#424100000
1#
0!
1G
0E
#424110000
1!
1E
1`
#424120000
0!
0E
#424130000
1!
1E
1f
1d
#424140000
0!
0E
#424150000
1!
1E
0d
#424160000
0!
0E
#424170000
1!
1E
#424180000
0!
0E
#424190000
1!
1E
#424200000
0!
0E
#424210000
1!
1E
#424220000
0!
0E
#424230000
1!
1E
#424240000
0!
0E
#424250000
1!
1E
#424260000
0!
0E
#424270000
1!
1E
#424280000
0!
0E
#424290000
1!
1E
#424300000
0!
0E
#424310000
1!
1E
#424320000
0!
0E
#424330000
1!
1E
#424340000
0!
0E
#424350000
1!
1E
#424360000
0!
0E
#424370000
1!
1E
#424380000
0!
0E
#424390000
1!
1E
#424400000
0!
0E
#424410000
1!
1E
#424420000
0!
0E
#424430000
1!
1E
#424440000
0!
0E
#424450000
1!
1E
#424460000
0!
0E
#424470000
1!
1E
#424480000
0!
0E
#424490000
1!
1E
#424500000
0!
0E
#424510000
1!
1E
#424520000
0!
0E
#424530000
1!
1E
#424540000
0!
0E
#424550000
1!
1E
#424560000
0!
0E
#424570000
1!
1E
#424580000
0!
0E
#424590000
1!
1E
#424600000
0!
0E
#424610000
1!
1E
#424620000
0!
0E
#424630000
1!
1E
#424640000
0!
0E
#424650000
1!
1E
#424660000
0!
0E
#424670000
1!
1E
#424680000
0!
0E
#424690000
1!
1E
#424700000
0!
0E
#424710000
1!
1E
#424720000
0!
0E
#424730000
1!
1E
#424740000
0!
0E
#424750000
1!
1E
#424760000
0!
0E
#424770000
1!
1E
#424780000
0!
0E
#424790000
1!
1E
#424800000
0!
0E
#424810000
1!
1E
#424820000
0!
0E
#424830000
1!
1E
#424840000
0!
0E
#424850000
1!
1E
#424860000
0!
0E
#424870000
1!
1E
#424880000
0!
0E
#424890000
1!
1E
#424900000
0!
0E
#424910000
1!
1E
#424920000
0!
0E
#424930000
1!
1E
#424940000
0!
0E
#424950000
1!
1E
#424960000
0!
0E
#424970000
1!
1E
#424980000
0!
0E
#424990000
1!
1E
#425000000
0!
0E
#425010000
1!
1E
#425020000
0!
0E
#425030000
1!
1E
#425040000
0!
0E
#425050000
1!
1E
#425060000
0!
0E
#425070000
1!
1E
#425080000
0!
0E
#425090000
1!
1E
#425100000
1=
0!
1$
0E
#425110000
1!
1E
1_
1q
#425120000
0!
0E
#425130000
1!
1E
1e
1b
#425140000
0!
0E
#425150000
1!
1E
0b
#425160000
0!
0E
#425170000
1!
1E
#425180000
0!
0E
#425190000
1!
1E
#425200000
0!
0E
#425210000
1!
1E
#425220000
0!
0E
#425230000
1!
1E
#425240000
0!
0E
#425250000
1!
1E
#425260000
0!
0E
#425270000
1!
1E
#425280000
0!
0E
#425290000
1!
1E
#425300000
0!
0E
#425310000
1!
1E
#425320000
0!
0E
#425330000
1!
1E
#425340000
0!
0E
#425350000
1!
1E
#425360000
0!
0E
#425370000
1!
1E
#425380000
0!
0E
#425390000
1!
1E
#425400000
0!
0E
#425410000
1!
1E
#425420000
0!
0E
#425430000
1!
1E
#425440000
0!
0E
#425450000
1!
1E
#425460000
0!
0E
#425470000
1!
1E
#425480000
0!
0E
#425490000
1!
1E
#425500000
0!
0E
#425510000
1!
1E
#425520000
0!
0E
#425530000
1!
1E
#425540000
0!
0E
#425550000
1!
1E
#425560000
0!
0E
#425570000
1!
1E
#425580000
0!
0E
#425590000
1!
1E
#425600000
0!
0E
#425610000
1!
1E
#425