ISO-10303-21;
HEADER;
FILE_DESCRIPTION (( 'STEP AP214' ),
    '1' );
FILE_NAME ('85B885A7-C1F0-4556-8251-D7604152B027.STEP',
    '2025-10-31T19:34:22',
    ( '' ),
    ( '' ),
    'SwSTEP 2.0',
    'SolidWorks 2022',
    '' );
FILE_SCHEMA (( 'AUTOMOTIVE_DESIGN' ));
ENDSEC;

DATA;
#1 = FILL_AREA_STYLE_COLOUR ( '', #2121 ) ;
#2 = EDGE_CURVE ( 'NONE', #1746, #1860, #3227, .T. ) ;
#3 = COLOUR_RGB ( '',1.000000000000000000, 1.000000000000000000, 1.000000000000000000 ) ;
#4 = TOROIDAL_SURFACE ( 'NONE', #1619, 0.04999999999999996808, 0.2500000000000000000 ) ;
#5 = ADVANCED_FACE ( 'NONE', ( #989 ), #573, .F. ) ;
#6 = CARTESIAN_POINT ( 'NONE',  ( -0.7999999999999919398, -0.0001000000000000000048, 1.150000000000011458 ) ) ;
#7 = EDGE_CURVE ( 'NONE', #2243, #2894, #280, .T. ) ;
#8 = ORIENTED_EDGE ( 'NONE', *, *, #1248, .F. ) ;
#9 = ORIENTED_EDGE ( 'NONE', *, *, #485, .F. ) ;
#10 = DIRECTION ( 'NONE',  ( -0.0000000000000000000, -0.0000000000000000000, 1.000000000000000000 ) ) ;
#11 = CARTESIAN_POINT ( 'NONE',  ( -1.149999999999991918, -0.0001000000000000000048, 0.8000000000000113687 ) ) ;
#12 = CARTESIAN_POINT ( 'NONE',  ( 1.150000000000007905, -0.0001000000000000000048, 1.150000000000011458 ) ) ;
#13 = ORIENTED_EDGE ( 'NONE', *, *, #1651, .F. ) ;
#14 = CARTESIAN_POINT ( 'NONE',  ( 1.150000000000007905, -0.0001000000000000000048, 0.8000000000000113687 ) ) ;
#15 = LINE ( 'NONE', #1827, #3232 ) ;
#16 = DIRECTION ( 'NONE',  ( -0.0000000000000000000, 1.000000000000000000, -0.0000000000000000000 ) ) ;
#17 = LINE ( 'NONE', #83, #1590 ) ;
#18 = DIRECTION ( 'NONE',  ( 0.0000000000000000000, 0.0000000000000000000, 1.000000000000000000 ) ) ;
#19 = UNCERTAINTY_MEASURE_WITH_UNIT (LENGTH_MEASURE( 1.000000000000000082E-05 ), #1945, 'distance_accuracy_value', 'NONE');
#20 = DIRECTION ( 'NONE',  ( 0.0000000000000000000, 0.0000000000000000000, -1.000000000000000000 ) ) ;
#21 = VERTEX_POINT ( 'NONE', #1264 ) ;
#22 = EDGE_CURVE ( 'NONE', #2953, #1217, #3326, .T. ) ;
#23 = LINE ( 'NONE', #3253, #1053 ) ;
#24 = ORIENTED_EDGE ( 'NONE', *, *, #1045, .T. ) ;
#25 = CARTESIAN_POINT ( 'NONE',  ( -0.9000000000000002442, 0.2300000000000000655, -0.9000000000000000222 ) ) ;
#26 = PRODUCT_DEFINITION_SHAPE ( 'NONE', 'NONE',  #116 ) ;
#27 = ORIENTED_EDGE ( 'NONE', *, *, #3218, .T. ) ;
#28 = EDGE_CURVE ( 'NONE', #2298, #2048, #2749, .T. ) ;
#29 = FILL_AREA_STYLE_COLOUR ( '', #543 ) ;
#30 = DIRECTION ( 'NONE',  ( -0.0000000000000000000, 0.0000000000000000000, -1.000000000000000000 ) ) ;
#31 = DIRECTION ( 'NONE',  ( -0.0000000000000000000, -0.0000000000000000000, 1.000000000000000000 ) ) ;
#32 = VERTEX_POINT ( 'NONE', #2325 ) ;
#33 = CARTESIAN_POINT ( 'NONE',  ( -1.150000000000000133, 0.2300000000000000655, -1.149999999999999911 ) ) ;
#34 = PRESENTATION_LAYER_ASSIGNMENT (  '', '', ( #3120 ) ) ;
#35 = FILL_AREA_STYLE_COLOUR ( '', #479 ) ;
#36 = VECTOR ( 'NONE', #1744, 1000.000000000000000 ) ;
#37 = PLANE ( 'NONE',  #306 ) ;
#38 = CIRCLE ( 'NONE', #308, 0.2500000000000000000 ) ;
#39 = LINE ( 'NONE', #2067, #1558 ) ;
#40 = EDGE_CURVE ( 'NONE', #839, #2196, #780, .T. ) ;
#41 = LINE ( 'NONE', #582, #734 ) ;
#42 = SURFACE_SIDE_STYLE ('',( #818 ) ) ;
#43 = CARTESIAN_POINT ( 'NONE',  ( -1.149999999999991918, -0.0001000000000000000048, 1.150000000000011458 ) ) ;
#44 = EDGE_CURVE ( 'NONE', #2915, #170, #1200, .T. ) ;
#45 = PRESENTATION_STYLE_ASSIGNMENT (( #251 ) ) ;
#46 = FACE_OUTER_BOUND ( 'NONE', #2859, .T. ) ;
#47 = DIRECTION ( 'NONE',  ( 9.427844978134821433E-17, 0.0000000000000000000, 1.000000000000000000 ) ) ;
#48 = FACE_BOUND ( 'NONE', #2239, .T. ) ;
#49 = CARTESIAN_POINT ( 'NONE',  ( -1.149999999999992140, -0.0001000000000000000048, -1.149999999999988587 ) ) ;
#50 = LINE ( 'NONE', #2921, #1066 ) ;
#51 = AXIS2_PLACEMENT_3D ( 'NONE', #3020, #1771, #723 ) ;
#52 = AXIS2_PLACEMENT_3D ( 'NONE', #2466, #108, #620 ) ;
#53 =( NAMED_UNIT ( * ) SI_UNIT ( $, .STERADIAN. ) SOLID_ANGLE_UNIT ( ) );
#54 = MECHANICAL_DESIGN_GEOMETRIC_PRESENTATION_REPRESENTATION (  '', ( #965 ), #1130 ) ;
#55 = SURFACE_SIDE_STYLE ('',( #2375 ) ) ;
#56 = EDGE_LOOP ( 'NONE', ( #1735, #1638, #3098, #2681 ) ) ;
#57 = EDGE_CURVE ( 'NONE', #2636, #2469, #1421, .T. ) ;
#58 =( NAMED_UNIT ( * ) SI_UNIT ( $, .STERADIAN. ) SOLID_ANGLE_UNIT ( ) );
#59 = DIRECTION ( 'NONE',  ( 0.0000000000000000000, 0.0000000000000000000, -1.000000000000000000 ) ) ;
#60 = LINE ( 'NONE', #1268, #2384 ) ;
#61 = ORIENTED_EDGE ( 'NONE', *, *, #2164, .F. ) ;
#62 = AXIS2_PLACEMENT_3D ( 'NONE', #2975, #72, #630 ) ;
#63 = EDGE_CURVE ( 'NONE', #3212, #2718, #932, .T. ) ;
#64 = FILL_AREA_STYLE_COLOUR ( '', #3138 ) ;
#65 = LINE ( 'NONE', #14, #1272 ) ;
#66 = VERTEX_POINT ( 'NONE', #1713 ) ;
#67 = ORIENTED_EDGE ( 'NONE', *, *, #207, .F. ) ;
#68 = EDGE_CURVE ( 'NONE', #3011, #1798, #535, .T. ) ;
#69 = LINE ( 'NONE', #1273, #1671 ) ;
#70 = PLANE ( 'NONE',  #327 ) ;
#71 = LINE ( 'NONE', #2901, #1699 ) ;
#72 = DIRECTION ( 'NONE',  ( 0.0000000000000000000, -1.000000000000000000, 0.0000000000000000000 ) ) ;
#73 =( NAMED_UNIT ( * ) PLANE_ANGLE_UNIT ( ) SI_UNIT ( $, .RADIAN. ) );
#74 = VERTEX_POINT ( 'NONE', #1280 ) ;
#75 = CARTESIAN_POINT ( 'NONE',  ( 0.8000000000000003775, 0.9300000000000000488, 0.8499999999999996447 ) ) ;
#76 = CYLINDRICAL_SURFACE ( 'NONE', #2820, 0.2999999999999999334 ) ;
#77 = CARTESIAN_POINT ( 'NONE',  ( -0.7999999999999999334, 0.6800000000000000488, 1.100000000000000089 ) ) ;
#78 = ORIENTED_EDGE ( 'NONE', *, *, #2908, .T. ) ;
#79 = PRESENTATION_STYLE_ASSIGNMENT (( #2841 ) ) ;
#80 = ORIENTED_EDGE ( 'NONE', *, *, #3165, .T. ) ;
#81 = EDGE_CURVE ( 'NONE', #317, #3285, #2836, .T. ) ;
#82 = FACE_OUTER_BOUND ( 'NONE', #1962, .T. ) ;
#83 = CARTESIAN_POINT ( 'NONE',  ( -0.1499999999999919453, 0.0000000000000000000, 1.150000000000011458 ) ) ;
#84 = CARTESIAN_POINT ( 'NONE',  ( -1.150000000000000133, 0.2300000000000000655, -1.149999999999999911 ) ) ;
#85 = DIRECTION ( 'NONE',  ( 0.0000000000000000000, 1.000000000000000000, -0.0000000000000000000 ) ) ;
#86 = VECTOR ( 'NONE', #182, 1000.000000000000000 ) ;
#87 = UNCERTAINTY_MEASURE_WITH_UNIT (LENGTH_MEASURE( 1.000000000000000082E-05 ), #1748, 'distance_accuracy_value', 'NONE');
#88 = STYLED_ITEM ( 'NONE', ( #1518 ), #346 ) ;
#89 = ORIENTED_EDGE ( 'NONE', *, *, #2537, .F. ) ;
#90 = COLOUR_RGB ( '',1.000000000000000000, 1.000000000000000000, 0.0000000000000000000 ) ;
#91 = DIRECTION ( 'NONE',  ( 0.0000000000000000000, 1.000000000000000000, -0.0000000000000000000 ) ) ;
#92 = AXIS2_PLACEMENT_3D ( 'NONE', #1984, #454, #2039 ) ;
#93 = ORIENTED_EDGE ( 'NONE', *, *, #2709, .T. ) ;
#94 = CARTESIAN_POINT ( 'NONE',  ( 0.1500000000000079881, -0.0001000000000000000048, 1.150000000000011458 ) ) ;
#95 = CIRCLE ( 'NONE', #3282, 0.2500000000000000000 ) ;
#96 = DIRECTION ( 'NONE',  ( -1.000000000000000000, 0.0000000000000000000, 0.0000000000000000000 ) ) ;
#97 = EDGE_CURVE ( 'NONE', #2642, #1860, #2675, .T. ) ;
#98 = DIRECTION ( 'NONE',  ( -1.000000000000000000, 0.0000000000000000000, 1.971276677246371765E-16 ) ) ;
#99 = CARTESIAN_POINT ( 'NONE',  ( 0.8000000000000000444, 0.2300000000000000655, -1.100000000000000311 ) ) ;
#100 =( NAMED_UNIT ( * ) SI_UNIT ( $, .STERADIAN. ) SOLID_ANGLE_UNIT ( ) );
#101 = VECTOR ( 'NONE', #1603, 1000.000000000000000 ) ;
#102 = EDGE_CURVE ( 'NONE', #1231, #1839, #23, .T. ) ;
#103 = DIRECTION ( 'NONE',  ( 0.0000000000000000000, 0.0000000000000000000, 1.000000000000000000 ) ) ;
#104 = ORIENTED_EDGE ( 'NONE', *, *, #587, .T. ) ;
#105 = VECTOR ( 'NONE', #1455, 1000.000000000000000 ) ;
#106 = VECTOR ( 'NONE', #2541, 1000.000000000000000 ) ;
#107 = ORIENTED_EDGE ( 'NONE', *, *, #1633, .F. ) ;
#108 = DIRECTION ( 'NONE',  ( 0.0000000000000000000, 1.000000000000000000, -0.0000000000000000000 ) ) ;
#109 = PRESENTATION_STYLE_ASSIGNMENT (( #1367 ) ) ;
#110 = VERTEX_POINT ( 'NONE', #3270 ) ;
#111 = FILL_AREA_STYLE ('',( #2669 ) ) ;
#112 = VECTOR ( 'NONE', #2445, 1000.000000000000000 ) ;
#113 = DIRECTION ( 'NONE',  ( -1.000000000000000000, 0.0000000000000000000, -0.0000000000000000000 ) ) ;
#114 = LINE ( 'NONE', #1953, #2707 ) ;
#115 = ORIENTED_EDGE ( 'NONE', *, *, #2320, .T. ) ;
#116 = PRODUCT_DEFINITION ( 'UNKNOWN', '', #2209, #258 ) ;
#117 = SURFACE_SIDE_STYLE ('',( #1936 ) ) ;
#118 = SURFACE_SIDE_STYLE ('',( #1636 ) ) ;
#119 = UNCERTAINTY_MEASURE_WITH_UNIT (LENGTH_MEASURE( 1.000000000000000082E-05 ), #963, 'distance_accuracy_value', 'NONE');
#120 = CARTESIAN_POINT ( 'NONE',  ( 1.099999999999999867, 0.2300000000000000655, -1.100000000000000311 ) ) ;
#121 = ORIENTED_EDGE ( 'NONE', *, *, #406, .F. ) ;
#122 = FILL_AREA_STYLE ('',( #378 ) ) ;
#123 = ORIENTED_EDGE ( 'NONE', *, *, #1926, .F. ) ;
#124 = VERTEX_POINT ( 'NONE', #1967 ) ;
#125 = SURFACE_STYLE_FILL_AREA ( #2702 ) ;
#126 = SURFACE_SIDE_STYLE ('',( #1353 ) ) ;
#127 = VERTEX_POINT ( 'NONE', #683 ) ;
#128 = FILL_AREA_STYLE ('',( #2186 ) ) ;
#129 = EDGE_CURVE ( 'NONE', #2414, #1865, #1032, .T. ) ;
#130 = LINE ( 'NONE', #1149, #2698 ) ;
#131 = PLANE ( 'NONE',  #2422 ) ;
#132 = FACE_OUTER_BOUND ( 'NONE', #609, .T. ) ;
#133 = FILL_AREA_STYLE_COLOUR ( '', #2049 ) ;
#134 = CARTESIAN_POINT ( 'NONE',  ( -0.1499999999999921396, -0.0001000000000000000048, -0.7999999999999883871 ) ) ;
#135 =( NAMED_UNIT ( * ) SI_UNIT ( $, .STERADIAN. ) SOLID_ANGLE_UNIT ( ) );
#136 = AXIS2_PLACEMENT_3D ( 'NONE', #1695, #2003, #433 ) ;
#137 = EDGE_CURVE ( 'NONE', #161, #1704, #1584, .T. ) ;
#138 =( NAMED_UNIT ( * ) PLANE_ANGLE_UNIT ( ) SI_UNIT ( $, .RADIAN. ) );
#139 = VERTEX_POINT ( 'NONE', #1736 ) ;
#140 =( GEOMETRIC_REPRESENTATION_CONTEXT ( 3 ) GLOBAL_UNCERTAINTY_ASSIGNED_CONTEXT ( ( #1959 ) ) GLOBAL_UNIT_ASSIGNED_CONTEXT ( ( #3123, #906, #2990 ) ) REPRESENTATION_CONTEXT ( 'NONE', 'WORKASPACE' ) );
#141 = ORIENTED_EDGE ( 'NONE', *, *, #1313, .T. ) ;
#142 = FACE_OUTER_BOUND ( 'NONE', #1351, .T. ) ;
#143 = SURFACE_STYLE_FILL_AREA ( #2998 ) ;
#144 = DIRECTION ( 'NONE',  ( -9.427844978134821433E-17, -0.0000000000000000000, -1.000000000000000000 ) ) ;
#145 = VERTEX_POINT ( 'NONE', #452 ) ;
#146 = VECTOR ( 'NONE', #2899, 1000.000000000000000 ) ;
#147 = SURFACE_STYLE_USAGE ( .BOTH. , #624 ) ;
#148 = PRESENTATION_STYLE_ASSIGNMENT (( #2970 ) ) ;
#149 = EDGE_CURVE ( 'NONE', #32, #746, #2735, .T. ) ;
#150 = DIRECTION ( 'NONE',  ( 0.0000000000000000000, 0.0000000000000000000, 1.000000000000000000 ) ) ;
#151 = VECTOR ( 'NONE', #2838, 1000.000000000000000 ) ;
#152 = DIRECTION ( 'NONE',  ( 0.0000000000000000000, 0.0000000000000000000, -1.000000000000000000 ) ) ;
#153 = CARTESIAN_POINT ( 'NONE',  ( 0.1500000000000079881, 0.0000000000000000000, 0.8000000000000113687 ) ) ;
#154 = CARTESIAN_POINT ( 'NONE',  ( 1.099999999999999867, 0.2800000000000000822, -0.8000000000000004885 ) ) ;
#155 =( GEOMETRIC_REPRESENTATION_CONTEXT ( 3 ) GLOBAL_UNCERTAINTY_ASSIGNED_CONTEXT ( ( #3107 ) ) GLOBAL_UNIT_ASSIGNED_CONTEXT ( ( #1437, #2505, #214 ) ) REPRESENTATION_CONTEXT ( 'NONE', 'WORKASPACE' ) );
#156 = UNCERTAINTY_MEASURE_WITH_UNIT (LENGTH_MEASURE( 1.000000000000000082E-05 ), #309, 'distance_accuracy_value', 'NONE');
#157 = SURFACE_SIDE_STYLE ('',( #646 ) ) ;
#158 = ORIENTED_EDGE ( 'NONE', *, *, #81, .F. ) ;
#159 = AXIS2_PLACEMENT_3D ( 'NONE', #2188, #3206, #881 ) ;
#160 = CIRCLE ( 'NONE', #1128, 0.1000000000000001582 ) ;
#161 = VERTEX_POINT ( 'NONE', #1185 ) ;
#162 = STYLED_ITEM ( 'NONE', ( #1352 ), #3168 ) ;
#163 = DIRECTION ( 'NONE',  ( 0.0000000000000000000, 1.000000000000000000, -0.0000000000000000000 ) ) ;
#164 =( NAMED_UNIT ( * ) SI_UNIT ( $, .STERADIAN. ) SOLID_ANGLE_UNIT ( ) );
#165 = ORIENTED_EDGE ( 'NONE', *, *, #3165, .F. ) ;
#166 = ADVANCED_FACE ( 'NONE', ( #2568 ), #244, .T. ) ;
#167 = CARTESIAN_POINT ( 'NONE',  ( 1.150000000000007905, 0.0000000000000000000, 1.150000000000011458 ) ) ;
#168 = LINE ( 'NONE', #2245, #908 ) ;
#169 =( NAMED_UNIT ( * ) PLANE_ANGLE_UNIT ( ) SI_UNIT ( $, .RADIAN. ) );
#170 = VERTEX_POINT ( 'NONE', #2428 ) ;
#171 = EDGE_CURVE ( 'NONE', #864, #1263, #2926, .T. ) ;
#172 = DIRECTION ( 'NONE',  ( 1.000000000000000000, 0.0000000000000000000, 0.0000000000000000000 ) ) ;
#173 = DIRECTION ( 'NONE',  ( -0.0000000000000000000, 1.000000000000000000, -0.0000000000000000000 ) ) ;
#174 = SURFACE_SIDE_STYLE ('',( #2740 ) ) ;
#175 = EDGE_CURVE ( 'NONE', #1550, #2026, #829, .T. ) ;
#176 = PRESENTATION_STYLE_ASSIGNMENT (( #887 ) ) ;
#177 =( NAMED_UNIT ( * ) PLANE_ANGLE_UNIT ( ) SI_UNIT ( $, .RADIAN. ) );
#178 = ORIENTED_EDGE ( 'NONE', *, *, #3013, .T. ) ;
#179 = ORIENTED_EDGE ( 'NONE', *, *, #2649, .T. ) ;
#180 = PLANE ( 'NONE',  #1708 ) ;
#181 = ORIENTED_EDGE ( 'NONE', *, *, #175, .T. ) ;
#182 = DIRECTION ( 'NONE',  ( -0.0000000000000000000, 1.000000000000000000, -0.0000000000000000000 ) ) ;
#183 =( NAMED_UNIT ( * ) PLANE_ANGLE_UNIT ( ) SI_UNIT ( $, .RADIAN. ) );
#184 = LINE ( 'NONE', #2829, #3143 ) ;
#185 = EDGE_CURVE ( 'NONE', #2828, #980, #1115, .T. ) ;
#186 = ORIENTED_EDGE ( 'NONE', *, *, #2088, .T. ) ;
#187 = DIRECTION ( 'NONE',  ( -0.0000000000000000000, -4.336808689942017736E-16, -1.000000000000000000 ) ) ;
#188 = UNCERTAINTY_MEASURE_WITH_UNIT (LENGTH_MEASURE( 1.000000000000000082E-05 ), #2664, 'distance_accuracy_value', 'NONE');
#189 = CARTESIAN_POINT ( 'NONE',  ( -0.7999999999999919398, -0.0001000000000000000048, 0.8000000000000113687 ) ) ;
#190 = DIRECTION ( 'NONE',  ( -8.673617379884028076E-17, 0.0000000000000000000, -1.000000000000000000 ) ) ;
#191 = EDGE_LOOP ( 'NONE', ( #1395, #2137, #2191, #2434 ) ) ;
#192 = ORIENTED_EDGE ( 'NONE', *, *, #392, .F. ) ;
#193 = DIRECTION ( 'NONE',  ( -1.000000000000000000, -0.0000000000000000000, 1.971276677246371765E-16 ) ) ;
#194 = SURFACE_STYLE_FILL_AREA ( #3016 ) ;
#195 = CARTESIAN_POINT ( 'NONE',  ( -0.9749999999999919842, -0.0001000000000000000048, -0.5999999999999908740 ) ) ;
#196 = ORIENTED_EDGE ( 'NONE', *, *, #2058, .F. ) ;
#197 = CARTESIAN_POINT ( 'NONE',  ( -0.7999999999999919398, -0.0001000000000000000048, 1.150000000000011458 ) ) ;
#198 = FACE_OUTER_BOUND ( 'NONE', #3235, .T. ) ;
#199 = COLOUR_RGB ( '',0.0000000000000000000, 0.0000000000000000000, 0.0000000000000000000 ) ;
#200 = VERTEX_POINT ( 'NONE', #3145 ) ;
#201 = VECTOR ( 'NONE', #3342, 1000.000000000000000 ) ;
#202 = SURFACE_STYLE_FILL_AREA ( #3045 ) ;
#203 = FILL_AREA_STYLE ('',( #3025 ) ) ;
#204 = CIRCLE ( 'NONE', #2109, 0.1000000000000001582 ) ;
#205 = SURFACE_STYLE_USAGE ( .BOTH. , #976 ) ;
#206 =( GEOMETRIC_REPRESENTATION_CONTEXT ( 3 ) GLOBAL_UNCERTAINTY_ASSIGNED_CONTEXT ( ( #2976 ) ) GLOBAL_UNIT_ASSIGNED_CONTEXT ( ( #1060, #1831, #546 ) ) REPRESENTATION_CONTEXT ( 'NONE', 'WORKASPACE' ) );
#207 = EDGE_CURVE ( 'NONE', #2907, #1449, #1872, .T. ) ;
#208 = CARTESIAN_POINT ( 'NONE',  ( -1.149999999999992140, 0.0000000000000000000, -1.149999999999988587 ) ) ;
#209 = PLANE ( 'NONE',  #2275 ) ;
#210 = EDGE_LOOP ( 'NONE', ( #1230, #1826, #2033, #2848 ) ) ;
#211 = VECTOR ( 'NONE', #1817, 1000.000000000000000 ) ;
#212 = ADVANCED_FACE ( 'NONE', ( #356 ), #1377, .F. ) ;
#213 = EDGE_LOOP ( 'NONE', ( #2307, #1691, #1117, #3023 ) ) ;
#214 =( NAMED_UNIT ( * ) SI_UNIT ( $, .STERADIAN. ) SOLID_ANGLE_UNIT ( ) );
#215 =( NAMED_UNIT ( * ) SI_UNIT ( $, .STERADIAN. ) SOLID_ANGLE_UNIT ( ) );
#216 = ORIENTED_EDGE ( 'NONE', *, *, #352, .F. ) ;
#217 = AXIS2_PLACEMENT_3D ( 'NONE', #3069, #744, #1773 ) ;
#218 = COLOUR_RGB ( '',1.000000000000000000, 1.000000000000000000, 1.000000000000000000 ) ;
#219 = FACE_BOUND ( 'NONE', #2228, .T. ) ;
#220 = FILL_AREA_STYLE_COLOUR ( '', #3079 ) ;
#221 = AXIS2_PLACEMENT_3D ( 'NONE', #529, #2318, #2864 ) ;
#222 = AXIS2_PLACEMENT_3D ( 'NONE', #2839, #522, #2462 ) ;
#223 =( NAMED_UNIT ( * ) SI_UNIT ( $, .STERADIAN. ) SOLID_ANGLE_UNIT ( ) );
#224 = ORIENTED_EDGE ( 'NONE', *, *, #315, .T. ) ;
#225 = CIRCLE ( 'NONE', #3192, 0.04999999999999991257 ) ;
#226 = VECTOR ( 'NONE', #2082, 1000.000000000000000 ) ;
#227 = VECTOR ( 'NONE', #2888, 1000.000000000000000 ) ;
#228 = FACE_OUTER_BOUND ( 'NONE', #437, .T. ) ;
#229 = VECTOR ( 'NONE', #1867, 1000.000000000000000 ) ;
#230 = UNCERTAINTY_MEASURE_WITH_UNIT (LENGTH_MEASURE( 1.000000000000000082E-05 ), #1020, 'distance_accuracy_value', 'NONE');
#231 = FILL_AREA_STYLE_COLOUR ( '', #2017 ) ;
#232 = ORIENTED_EDGE ( 'NONE', *, *, #171, .F. ) ;
#233 = ORIENTED_EDGE ( 'NONE', *, *, #235, .T. ) ;
#234 = CARTESIAN_POINT ( 'NONE',  ( -0.7999999999999999334, 0.2800000000000000822, 1.149999999999999911 ) ) ;
#235 = EDGE_CURVE ( 'NONE', #2569, #2456, #41, .T. ) ;
#236 = FILL_AREA_STYLE ('',( #2558 ) ) ;
#237 = SURFACE_STYLE_USAGE ( .BOTH. , #2024 ) ;
#238 = DIRECTION ( 'NONE',  ( 0.0000000000000000000, 0.0000000000000000000, -1.000000000000000000 ) ) ;
#239 = PRESENTATION_STYLE_ASSIGNMENT (( #1719 ) ) ;
#240 = ORIENTED_EDGE ( 'NONE', *, *, #1866, .T. ) ;
#241 = DIRECTION ( 'NONE',  ( 0.0000000000000000000, 1.000000000000000000, 0.0000000000000000000 ) ) ;
#242 = CARTESIAN_POINT ( 'NONE',  ( -1.149999999999999911, 0.2300000000000000655, 1.149999999999999911 ) ) ;
#243 = ORIENTED_EDGE ( 'NONE', *, *, #1041, .T. ) ;
#244 = CYLINDRICAL_SURFACE ( 'NONE', #576, 0.2500000000000000000 ) ;
#245 = ORIENTED_EDGE ( 'NONE', *, *, #3221, .F. ) ;
#246 = ADVANCED_FACE ( 'NONE', ( #1328 ), #2618, .F. ) ;
#247 = PLANE ( 'NONE',  #2647 ) ;
#248 = PLANE ( 'NONE',  #3184 ) ;
#249 = DIRECTION ( 'NONE',  ( -0.0000000000000000000, 0.0000000000000000000, -1.000000000000000000 ) ) ;
#250 = ORIENTED_EDGE ( 'NONE', *, *, #2235, .T. ) ;
#251 = SURFACE_STYLE_USAGE ( .BOTH. , #2574 ) ;
#252 = CARTESIAN_POINT ( 'NONE',  ( -1.149999999999991918, -0.0001000000000000000048, 1.150000000000011458 ) ) ;
#253 = CARTESIAN_POINT ( 'NONE',  ( 0.8000000000000004885, 0.6800000000000000488, 1.099999999999999645 ) ) ;
#254 = EDGE_CURVE ( 'NONE', #2304, #866, #1132, .T. ) ;
#255 = PRESENTATION_STYLE_ASSIGNMENT (( #2008 ) ) ;
#256 = SURFACE_STYLE_USAGE ( .BOTH. , #2545 ) ;
#257 = AXIS2_PLACEMENT_3D ( 'NONE', #1652, #3198, #390 ) ;
#258 = PRODUCT_DEFINITION_CONTEXT ( 'detailed design', #3246, 'design' ) ;
#259 = PRESENTATION_LAYER_ASSIGNMENT (  '', '', ( #1828 ) ) ;
#260 = SURFACE_STYLE_USAGE ( .BOTH. , #1814 ) ;
#261 = EDGE_LOOP ( 'NONE', ( #2816, #2799 ) ) ;
#262 = STYLED_ITEM ( 'NONE', ( #2293 ), #1326 ) ;
#263 = CARTESIAN_POINT ( 'NONE',  ( 0.8000000000000079270, -0.0001000000000000000048, 1.150000000000011458 ) ) ;
#264 = EDGE_LOOP ( 'NONE', ( #806, #216, #281, #961 ) ) ;
#265 = CARTESIAN_POINT ( 'NONE',  ( 1.150000000000007905, -0.0001000000000000000048, 1.150000000000011458 ) ) ;
#266 = LINE ( 'NONE', #1283, #2425 ) ;
#267 = AXIS2_PLACEMENT_3D ( 'NONE', #3247, #907, #1602 ) ;
#268 = FILL_AREA_STYLE_COLOUR ( '', #2602 ) ;
#269 = CARTESIAN_POINT ( 'NONE',  ( 0.8000000000000000444, 0.2800000000000000822, -1.100000000000000311 ) ) ;
#270 = EDGE_LOOP ( 'NONE', ( #446, #3146, #1122, #2543, #445, #1102 ) ) ;
#271 = DIRECTION ( 'NONE',  ( 1.000000000000000000, 0.0000000000000000000, 0.0000000000000000000 ) ) ;
#272 = EDGE_CURVE ( 'NONE', #678, #1379, #2903, .T. ) ;
#273 = PRESENTATION_STYLE_ASSIGNMENT (( #1026 ) ) ;
#274 = CARTESIAN_POINT ( 'NONE',  ( 1.149999999999999689, 0.1300000000000000044, -0.9000000000000003553 ) ) ;
#275 = DIRECTION ( 'NONE',  ( 0.0000000000000000000, 1.000000000000000000, -0.0000000000000000000 ) ) ;
#276 = CARTESIAN_POINT ( 'NONE',  ( -0.4999999999999922284, -0.0001000000000000000048, -0.7999999999999883871 ) ) ;
#277 = ORIENTED_EDGE ( 'NONE', *, *, #1717, .T. ) ;
#278 = EDGE_CURVE ( 'NONE', #3127, #2141, #926, .T. ) ;
#279 =( GEOMETRIC_REPRESENTATION_CONTEXT ( 3 ) GLOBAL_UNCERTAINTY_ASSIGNED_CONTEXT ( ( #1192 ) ) GLOBAL_UNIT_ASSIGNED_CONTEXT ( ( #1783, #1506, #2338 ) ) REPRESENTATION_CONTEXT ( 'NONE', 'WORKASPACE' ) );
#280 = LINE ( 'NONE', #518, #211 ) ;
#281 = ORIENTED_EDGE ( 'NONE', *, *, #3149, .F. ) ;
#282 = CARTESIAN_POINT ( 'NONE',  ( 0.8000000000000077049, -0.0001000000000000000048, -0.7999999999999883871 ) ) ;
#283 = DIRECTION ( 'NONE',  ( -1.971276677246371765E-16, -0.0000000000000000000, -1.000000000000000000 ) ) ;
#284 = LINE ( 'NONE', #2328, #1615 ) ;
#285 = DIRECTION ( 'NONE',  ( -1.000000000000000000, 0.0000000000000000000, -0.0000000000000000000 ) ) ;
#286 = SURFACE_SIDE_STYLE ('',( #1529 ) ) ;
#287 = ORIENTED_EDGE ( 'NONE', *, *, #2221, .F. ) ;
#288 =( NAMED_UNIT ( * ) SI_UNIT ( $, .STERADIAN. ) SOLID_ANGLE_UNIT ( ) );
#289 = DIRECTION ( 'NONE',  ( 0.0000000000000000000, 0.0000000000000000000, -1.000000000000000000 ) ) ;
#290 =( NAMED_UNIT ( * ) SI_UNIT ( $, .STERADIAN. ) SOLID_ANGLE_UNIT ( ) );
#291 = LINE ( 'NONE', #242, #2879 ) ;
#292 = ORIENTED_EDGE ( 'NONE', *, *, #2968, .T. ) ;
#293 = FILL_AREA_STYLE_COLOUR ( '', #2097 ) ;
#294 = ORIENTED_EDGE ( 'NONE', *, *, #2863, .F. ) ;
#295 = ADVANCED_FACE ( 'NONE', ( #1412 ), #1431, .T. ) ;
#296 = CARTESIAN_POINT ( 'NONE',  ( 0.8000000000000079270, -0.0001000000000000000048, 0.8000000000000113687 ) ) ;
#297 = CARTESIAN_POINT ( 'NONE',  ( 1.149999999999999689, 0.2300000000000000655, -0.8000000000000003775 ) ) ;
#298 = FILL_AREA_STYLE ('',( #29 ) ) ;
#299 = DIRECTION ( 'NONE',  ( -1.000000000000000000, 0.0000000000000000000, -0.0000000000000000000 ) ) ;
#300 = CARTESIAN_POINT ( 'NONE',  ( 0.5000000000000077716, -0.0001000000000000000048, -0.7999999999999883871 ) ) ;
#301 = ORIENTED_EDGE ( 'NONE', *, *, #2787, .T. ) ;
#302 = CARTESIAN_POINT ( 'NONE',  ( -0.1499999999999919453, 0.0000000000000000000, 1.150000000000011458 ) ) ;
#303 = LINE ( 'NONE', #1320, #1373 ) ;
#304 = PRESENTATION_LAYER_ASSIGNMENT (  '', '', ( #2524 ) ) ;
#305 = SURFACE_SIDE_STYLE ('',( #1080 ) ) ;
#306 = AXIS2_PLACEMENT_3D ( 'NONE', #1904, #85, #579 ) ;
#307 = ADVANCED_FACE ( 'NONE', ( #1677 ), #407, .T. ) ;
#308 = AXIS2_PLACEMENT_3D ( 'NONE', #545, #2392, #2844 ) ;
#309 =( LENGTH_UNIT ( ) NAMED_UNIT ( * ) SI_UNIT ( .MILLI., .METRE. ) );
#310 = DIRECTION ( 'NONE',  ( -0.0000000000000000000, 1.000000000000000000, -0.0000000000000000000 ) ) ;
#311 = ORIENTED_EDGE ( 'NONE', *, *, #1799, .F. ) ;
#312 = ORIENTED_EDGE ( 'NONE', *, *, #1639, .F. ) ;
#313 =( GEOMETRIC_REPRESENTATION_CONTEXT ( 3 ) GLOBAL_UNCERTAINTY_ASSIGNED_CONTEXT ( ( #2162 ) ) GLOBAL_UNIT_ASSIGNED_CONTEXT ( ( #1581, #1525, #755 ) ) REPRESENTATION_CONTEXT ( 'NONE', 'WORKASPACE' ) );
#314 = EDGE_CURVE ( 'NONE', #1368, #2007, #1797, .T. ) ;
#315 = EDGE_CURVE ( 'NONE', #473, #127, #2256, .T. ) ;
#316 = PLANE ( 'NONE',  #635 ) ;
#317 = VERTEX_POINT ( 'NONE', #1228 ) ;
#318 = CARTESIAN_POINT ( 'NONE',  ( 1.149999999999999911, 0.9300000000000000488, 0.8999999999999993561 ) ) ;
#319 = AXIS2_PLACEMENT_3D ( 'NONE', #1142, #2909, #831 ) ;
#320 = ORIENTED_EDGE ( 'NONE', *, *, #2292, .F. ) ;
#321 = DIRECTION ( 'NONE',  ( -1.971276677246372012E-16, 0.0000000000000000000, -1.000000000000000000 ) ) ;
#322 = MECHANICAL_DESIGN_GEOMETRIC_PRESENTATION_REPRESENTATION (  '', ( #905 ), #2650 ) ;
#323 = PRESENTATION_LAYER_ASSIGNMENT (  '', '', ( #1545 ) ) ;
#324 = MECHANICAL_DESIGN_GEOMETRIC_PRESENTATION_REPRESENTATION (  '', ( #1487 ), #2269 ) ;
#325 = FACE_OUTER_BOUND ( 'NONE', #1044, .T. ) ;
#326 = PRESENTATION_LAYER_ASSIGNMENT (  '', '', ( #2706 ) ) ;
#327 = AXIS2_PLACEMENT_3D ( 'NONE', #84, #1321, #3183 ) ;
#328 = UNCERTAINTY_MEASURE_WITH_UNIT (LENGTH_MEASURE( 1.000000000000000082E-05 ), #841, 'distance_accuracy_value', 'NONE');
#329 =( LENGTH_UNIT ( ) NAMED_UNIT ( * ) SI_UNIT ( .MILLI., .METRE. ) );
#330 = VERTEX_POINT ( 'NONE', #208 ) ;
#331 = EDGE_LOOP ( 'NONE', ( #2397, #1419, #2451, #1942 ) ) ;
#332 = TOROIDAL_SURFACE ( 'NONE', #62, 0.04999999999999996808, 0.2500000000000000000 ) ;
#333 = STYLED_ITEM ( 'NONE', ( #974 ), #2812 ) ;
#334 = ORIENTED_EDGE ( 'NONE', *, *, #1052, .F. ) ;
#335 = CARTESIAN_POINT ( 'NONE',  ( 1.250000000000007994, 0.0000000000000000000, -1.249999999999990674 ) ) ;
#336 = ORIENTED_EDGE ( 'NONE', *, *, #2045, .F. ) ;
#337 = PRESENTATION_STYLE_ASSIGNMENT (( #2473 ) ) ;
#338 = LINE ( 'NONE', #2334, #532 ) ;
#339 = DIRECTION ( 'NONE',  ( -0.0000000000000000000, 1.000000000000000000, -0.0000000000000000000 ) ) ;
#340 = FACE_OUTER_BOUND ( 'NONE', #2085, .T. ) ;
#341 =( LENGTH_UNIT ( ) NAMED_UNIT ( * ) SI_UNIT ( .MILLI., .METRE. ) );
#342 =( NAMED_UNIT ( * ) SI_UNIT ( $, .STERADIAN. ) SOLID_ANGLE_UNIT ( ) );
#343 = DIRECTION ( 'NONE',  ( 1.000000000000000000, 0.0000000000000000000, -0.0000000000000000000 ) ) ;
#344 = CARTESIAN_POINT ( 'NONE',  ( 0.8000000000000003775, 0.2300000000000000655, 0.7999999999999998224 ) ) ;
#345 = ORIENTED_EDGE ( 'NONE', *, *, #1357, .F. ) ;
#346 = ADVANCED_FACE ( 'NONE', ( #480 ), #1527, .T. ) ;
#347 = SURFACE_STYLE_USAGE ( .BOTH. , #1629 ) ;
#348 = VERTEX_POINT ( 'NONE', #1505 ) ;
#349 = DIRECTION ( 'NONE',  ( -0.0000000000000000000, 1.000000000000000000, -0.0000000000000000000 ) ) ;
#350 = SURFACE_STYLE_FILL_AREA ( #3219 ) ;
#351 = DIRECTION ( 'NONE',  ( -0.0000000000000000000, 1.000000000000000000, -0.0000000000000000000 ) ) ;
#352 = EDGE_CURVE ( 'NONE', #200, #1877, #1463, .T. ) ;
#353 = VECTOR ( 'NONE', #1393, 1000.000000000000000 ) ;
#354 = DIRECTION ( 'NONE',  ( 1.000000000000000000, 0.0000000000000000000, 0.0000000000000000000 ) ) ;
#355 = AXIS2_PLACEMENT_3D ( 'NONE', #2337, #3140, #1345 ) ;
#356 = FACE_OUTER_BOUND ( 'NONE', #1381, .T. ) ;
#357 = CIRCLE ( 'NONE', #2361, 0.05000000000000002359 ) ;
#358 = FACE_OUTER_BOUND ( 'NONE', #2357, .T. ) ;
#359 = ORIENTED_EDGE ( 'NONE', *, *, #2014, .T. ) ;
#360 = ORIENTED_EDGE ( 'NONE', *, *, #1446, .T. ) ;
#361 = SURFACE_SIDE_STYLE ('',( #125 ) ) ;
#362 =( NAMED_UNIT ( * ) PLANE_ANGLE_UNIT ( ) SI_UNIT ( $, .RADIAN. ) );
#363 = ORIENTED_EDGE ( 'NONE', *, *, #981, .T. ) ;
#364 = LINE ( 'NONE', #94, #1543 ) ;
#365 = AXIS2_PLACEMENT_3D ( 'NONE', #2745, #2280, #486 ) ;
#366 = DIRECTION ( 'NONE',  ( 0.0000000000000000000, -1.000000000000000000, 0.0000000000000000000 ) ) ;
#367 = LINE ( 'NONE', #2440, #380 ) ;
#368 = AXIS2_PLACEMENT_3D ( 'NONE', #2149, #441, #1445 ) ;
#369 = EDGE_CURVE ( 'NONE', #382, #864, #1781, .T. ) ;
#370 = ORIENTED_EDGE ( 'NONE', *, *, #2797, .F. ) ;
#371 = CARTESIAN_POINT ( 'NONE',  ( -1.149999999999999911, 0.1300000000000000044, 0.8999999999999998002 ) ) ;
#372 = MECHANICAL_DESIGN_GEOMETRIC_PRESENTATION_REPRESENTATION (  '', ( #3037 ), #698 ) ;
#373 = DIRECTION ( 'NONE',  ( 0.0000000000000000000, 1.000000000000000000, 0.0000000000000000000 ) ) ;
#374 = COLOUR_RGB ( '',0.0000000000000000000, 0.2117647058823529382, 0.4549019607843137192 ) ;
#375 = AXIS2_PLACEMENT_3D ( 'NONE', #1164, #396, #607 ) ;
#376 = FILL_AREA_STYLE_COLOUR ( '', #2248 ) ;
#377 = AXIS2_PLACEMENT_3D ( 'NONE', #3160, #783, #2621 ) ;
#378 = FILL_AREA_STYLE_COLOUR ( '', #1237 ) ;
#379 = VERTEX_POINT ( 'NONE', #189 ) ;
#380 = VECTOR ( 'NONE', #1139, 1000.000000000000000 ) ;
#381 =( GEOMETRIC_REPRESENTATION_CONTEXT ( 3 ) GLOBAL_UNCERTAINTY_ASSIGNED_CONTEXT ( ( #156 ) ) GLOBAL_UNIT_ASSIGNED_CONTEXT ( ( #309, #2847, #53 ) ) REPRESENTATION_CONTEXT ( 'NONE', 'WORKASPACE' ) );
#382 = VERTEX_POINT ( 'NONE', #1210 ) ;
#383 = PRESENTATION_STYLE_ASSIGNMENT (( #1366 ) ) ;
#384 = PLANE ( 'NONE',  #534 ) ;
#385 = COLOUR_RGB ( '',1.000000000000000000, 1.000000000000000000, 0.0000000000000000000 ) ;
#386 = VECTOR ( 'NONE', #1829, 1000.000000000000000 ) ;
#387 = LINE ( 'NONE', #1399, #2268 ) ;
#388 = DIRECTION ( 'NONE',  ( 0.0000000000000000000, 1.000000000000000000, -0.0000000000000000000 ) ) ;
#389 = EDGE_CURVE ( 'NONE', #110, #2743, #3173, .T. ) ;
#390 = DIRECTION ( 'NONE',  ( 0.0000000000000000000, 0.0000000000000000000, -1.000000000000000000 ) ) ;
#391 = SURFACE_STYLE_FILL_AREA ( #2411 ) ;
#392 = EDGE_CURVE ( 'NONE', #74, #32, #2302, .T. ) ;
#393 = SURFACE_STYLE_FILL_AREA ( #1394 ) ;
#394 = ORIENTED_EDGE ( 'NONE', *, *, #2862, .F. ) ;
#395 = EDGE_LOOP ( 'NONE', ( #2601, #1259, #2441, #1522 ) ) ;
#396 = DIRECTION ( 'NONE',  ( 0.0000000000000000000, 0.0000000000000000000, -1.000000000000000000 ) ) ;
#397 = DIRECTION ( 'NONE',  ( 0.0000000000000000000, 0.0000000000000000000, 1.000000000000000000 ) ) ;
#398 = PRESENTATION_STYLE_ASSIGNMENT (( #897 ) ) ;
#399 = ORIENTED_EDGE ( 'NONE', *, *, #392, .T. ) ;
#400 = DIRECTION ( 'NONE',  ( 0.0000000000000000000, 1.000000000000000000, -0.0000000000000000000 ) ) ;
#401 = CARTESIAN_POINT ( 'NONE',  ( 0.8000000000000003775, 0.9300000000000000488, 0.7999999999999998224 ) ) ;
#402 = FILL_AREA_STYLE ('',( #657 ) ) ;
#403 = CARTESIAN_POINT ( 'NONE',  ( 1.149999999999999911, 0.2300000000000000655, 1.149999999999999467 ) ) ;
#404 = DIRECTION ( 'NONE',  ( -0.0000000000000000000, 0.0000000000000000000, -1.000000000000000000 ) ) ;
#405 = LINE ( 'NONE', #1742, #2659 ) ;
#406 = EDGE_CURVE ( 'NONE', #2640, #2367, #1647, .T. ) ;
#407 = PLANE ( 'NONE',  #1056 ) ;
#408 =( GEOMETRIC_REPRESENTATION_CONTEXT ( 3 ) GLOBAL_UNCERTAINTY_ASSIGNED_CONTEXT ( ( #3200 ) ) GLOBAL_UNIT_ASSIGNED_CONTEXT ( ( #329, #73, #100 ) ) REPRESENTATION_CONTEXT ( 'NONE', 'WORKASPACE' ) );
#409 = ORIENTED_EDGE ( 'NONE', *, *, #97, .T. ) ;
#410 = EDGE_CURVE ( 'NONE', #2298, #3117, #71, .T. ) ;
#411 = PRESENTATION_LAYER_ASSIGNMENT (  '', '', ( #88 ) ) ;
#412 = FACE_OUTER_BOUND ( 'NONE', #1912, .T. ) ;
#413 = FACE_OUTER_BOUND ( 'NONE', #1119, .T. ) ;
#414 = LINE ( 'NONE', #1407, #2752 ) ;
#415 = ORIENTED_EDGE ( 'NONE', *, *, #796, .T. ) ;
#416 = ADVANCED_FACE ( 'NONE', ( #814 ), #1835, .F. ) ;
#417 = CARTESIAN_POINT ( 'NONE',  ( 1.149999999999999689, 0.9300000000000000488, -0.9000000000000003553 ) ) ;
#418 =( GEOMETRIC_REPRESENTATION_CONTEXT ( 3 ) GLOBAL_UNCERTAINTY_ASSIGNED_CONTEXT ( ( #925 ) ) GLOBAL_UNIT_ASSIGNED_CONTEXT ( ( #2213, #362, #1681 ) ) REPRESENTATION_CONTEXT ( 'NONE', 'WORKASPACE' ) );
#419 = DIRECTION ( 'NONE',  ( -0.0000000000000000000, 1.000000000000000000, -0.0000000000000000000 ) ) ;
#420 = TOROIDAL_SURFACE ( 'NONE', #2059, 0.3499999999999999778, 0.05000000000000000278 ) ;
#421 = DIRECTION ( 'NONE',  ( 0.0000000000000000000, 1.000000000000000000, 0.0000000000000000000 ) ) ;
#422 = DIRECTION ( 'NONE',  ( 9.427844978134821433E-17, 0.0000000000000000000, 1.000000000000000000 ) ) ;
#423 = UNCERTAINTY_MEASURE_WITH_UNIT (LENGTH_MEASURE( 1.000000000000000082E-05 ), #2399, 'distance_accuracy_value', 'NONE');
#424 =( NAMED_UNIT ( * ) SI_UNIT ( $, .STERADIAN. ) SOLID_ANGLE_UNIT ( ) );
#425 = ORIENTED_EDGE ( 'NONE', *, *, #2210, .T. ) ;
#426 = AXIS2_PLACEMENT_3D ( 'NONE', #555, #1569, #1397 ) ;
#427 = AXIS2_PLACEMENT_3D ( 'NONE', #510, #2557, #3053 ) ;
#428 = ORIENTED_EDGE ( 'NONE', *, *, #566, .T. ) ;
#429 = SURFACE_STYLE_USAGE ( .BOTH. , #1180 ) ;
#430 = DIRECTION ( 'NONE',  ( 0.0000000000000000000, 0.0000000000000000000, 1.000000000000000000 ) ) ;
#431 = CARTESIAN_POINT ( 'NONE',  ( 0.8000000000000000444, 0.9300000000000000488, -0.8500000000000003109 ) ) ;
#432 = VERTEX_POINT ( 'NONE', #2868 ) ;
#433 = DIRECTION ( 'NONE',  ( 0.0000000000000000000, 0.0000000000000000000, 1.000000000000000000 ) ) ;
#434 = STYLED_ITEM ( 'NONE', ( #1994 ), #2464 ) ;
#435 = PRESENTATION_STYLE_ASSIGNMENT (( #237 ) ) ;
#436 = FILL_AREA_STYLE ('',( #2078 ) ) ;
#437 = EDGE_LOOP ( 'NONE', ( #2981, #703, #2382, #1452 ) ) ;
#438 = VECTOR ( 'NONE', #1226, 1000.000000000000000 ) ;
#439 = EDGE_CURVE ( 'NONE', #697, #1550, #1577, .T. ) ;
#440 = CARTESIAN_POINT ( 'NONE',  ( 0.1500000000000077660, 0.0000000000000000000, -0.7999999999999883871 ) ) ;
#441 = DIRECTION ( 'NONE',  ( 0.0000000000000000000, 0.0000000000000000000, 1.000000000000000000 ) ) ;
#442 = DIRECTION ( 'NONE',  ( 1.000000000000000000, 0.0000000000000000000, 0.0000000000000000000 ) ) ;
#443 = SURFACE_STYLE_FILL_AREA ( #1701 ) ;
#444 = DIRECTION ( 'NONE',  ( 0.0000000000000000000, 0.0000000000000000000, -1.000000000000000000 ) ) ;
#445 = ORIENTED_EDGE ( 'NONE', *, *, #1559, .F. ) ;
#446 = ORIENTED_EDGE ( 'NONE', *, *, #3205, .F. ) ;
#447 = CYLINDRICAL_SURFACE ( 'NONE', #2593, 0.2500000000000000000 ) ;
#448 = LINE ( 'NONE', #996, #1324 ) ;
#449 = LINE ( 'NONE', #1252, #1844 ) ;
#450 = ORIENTED_EDGE ( 'NONE', *, *, #560, .T. ) ;
#451 = ADVANCED_FACE ( 'NONE', ( #340 ), #37, .T. ) ;
#452 = CARTESIAN_POINT ( 'NONE',  ( -0.9749999999999919842, 0.0000000000000000000, -0.3999999999999905298 ) ) ;
#453 = DIRECTION ( 'NONE',  ( 8.673617379884028076E-17, 0.0000000000000000000, 1.000000000000000000 ) ) ;
#454 = DIRECTION ( 'NONE',  ( 1.971276677246371765E-16, 0.0000000000000000000, 1.000000000000000000 ) ) ;
#455 = CARTESIAN_POINT ( 'NONE',  ( -1.249999999999992006, 0.0000000000000000000, -1.249999999999990674 ) ) ;
#456 = ORIENTED_EDGE ( 'NONE', *, *, #695, .T. ) ;
#457 = CARTESIAN_POINT ( 'NONE',  ( 0.5000000000000077716, -0.0001000000000000000048, -1.149999999999988587 ) ) ;
#458 = DIRECTION ( 'NONE',  ( 0.0000000000000000000, 1.000000000000000000, 0.0000000000000000000 ) ) ;
#459 = DIRECTION ( 'NONE',  ( 0.0000000000000000000, 0.0000000000000000000, -1.000000000000000000 ) ) ;
#460 = EDGE_CURVE ( 'NONE', #773, #866, #1111, .T. ) ;
#461 = UNCERTAINTY_MEASURE_WITH_UNIT (LENGTH_MEASURE( 1.000000000000000082E-05 ), #2501, 'distance_accuracy_value', 'NONE');
#462 = SURFACE_SIDE_STYLE ('',( #716 ) ) ;
#463 = EDGE_LOOP ( 'NONE', ( #181, #107, #3174, #2290 ) ) ;
#464 = VECTOR ( 'NONE', #3110, 1000.000000000000000 ) ;
#465 = ORIENTED_EDGE ( 'NONE', *, *, #2449, .F. ) ;
#466 = SURFACE_SIDE_STYLE ('',( #943 ) ) ;
#467 = CARTESIAN_POINT ( 'NONE',  ( 1.149999999999999911, 0.9300000000000000488, 1.149999999999999467 ) ) ;
#468 = LINE ( 'NONE', #3267, #106 ) ;
#469 = ORIENTED_EDGE ( 'NONE', *, *, #129, .T. ) ;
#470 =( GEOMETRIC_REPRESENTATION_CONTEXT ( 3 ) GLOBAL_UNCERTAINTY_ASSIGNED_CONTEXT ( ( #2531 ) ) GLOBAL_UNIT_ASSIGNED_CONTEXT ( ( #2923, #1362, #2148 ) ) REPRESENTATION_CONTEXT ( 'NONE', 'WORKASPACE' ) );
#471 = DIRECTION ( 'NONE',  ( 1.000000000000000000, 0.0000000000000000000, -0.0000000000000000000 ) ) ;
#472 = AXIS2_PLACEMENT_3D ( 'NONE', #2216, #3182, #1400 ) ;
#473 = VERTEX_POINT ( 'NONE', #2615 ) ;
#474 = CIRCLE ( 'NONE', #891, 0.2999999999999999334 ) ;
#475 =( NAMED_UNIT ( * ) SI_UNIT ( $, .STERADIAN. ) SOLID_ANGLE_UNIT ( ) );
#476 = ADVANCED_FACE ( 'NONE', ( #325 ), #1063, .F. ) ;
#477 = LINE ( 'NONE', #1482, #2861 ) ;
#478 = FILL_AREA_STYLE_COLOUR ( '', #3096 ) ;
#479 = COLOUR_RGB ( '',1.000000000000000000, 1.000000000000000000, 1.000000000000000000 ) ;
#480 = FACE_OUTER_BOUND ( 'NONE', #848, .T. ) ;
#481 = ADVANCED_FACE ( 'NONE', ( #562 ), #2160, .T. ) ;
#482 = CARTESIAN_POINT ( 'NONE',  ( 0.5000000000000077716, -0.0001000000000000000048, -0.7999999999999883871 ) ) ;
#483 = ORIENTED_EDGE ( 'NONE', *, *, #2379, .F. ) ;
#484 = ORIENTED_EDGE ( 'NONE', *, *, #185, .F. ) ;
#485 = EDGE_CURVE ( 'NONE', #2489, #473, #3222, .T. ) ;
#486 = DIRECTION ( 'NONE',  ( 0.0000000000000000000, 0.0000000000000000000, -1.000000000000000000 ) ) ;
#487 = FILL_AREA_STYLE_COLOUR ( '', #1832 ) ;
#488 = CARTESIAN_POINT ( 'NONE',  ( 0.8999999999999998002, 0.2300000000000000655, -1.150000000000000355 ) ) ;
#489 = MECHANICAL_DESIGN_GEOMETRIC_PRESENTATION_REPRESENTATION (  '', ( #1896 ), #1780 ) ;
#490 = VECTOR ( 'NONE', #2389, 1000.000000000000000 ) ;
#491 = CARTESIAN_POINT ( 'NONE',  ( -0.1499999999999919453, -0.0001000000000000000048, 0.8000000000000113687 ) ) ;
#492 = SURFACE_SIDE_STYLE ('',( #741 ) ) ;
#493 = VECTOR ( 'NONE', #1534, 1000.000000000000000 ) ;
#494 = ORIENTED_EDGE ( 'NONE', *, *, #1799, .T. ) ;
#495 = DIRECTION ( 'NONE',  ( -0.0000000000000000000, 1.000000000000000000, -0.0000000000000000000 ) ) ;
#496 = ORIENTED_EDGE ( 'NONE', *, *, #2116, .T. ) ;
#497 = PRESENTATION_LAYER_ASSIGNMENT (  '', '', ( #547 ) ) ;
#498 = FACE_OUTER_BOUND ( 'NONE', #1466, .T. ) ;
#499 =( NAMED_UNIT ( * ) SI_UNIT ( $, .STERADIAN. ) SOLID_ANGLE_UNIT ( ) );
#500 = DIRECTION ( 'NONE',  ( 0.0000000000000000000, 1.000000000000000000, -0.0000000000000000000 ) ) ;
#501 = VECTOR ( 'NONE', #2459, 1000.000000000000000 ) ;
#502 = EDGE_LOOP ( 'NONE', ( #2211, #359, #496, #2215, #1309, #2779 ) ) ;
#503 = ADVANCED_FACE ( 'NONE', ( #2203 ), #1401, .T. ) ;
#504 = STYLED_ITEM ( 'NONE', ( #1516 ), #2772 ) ;
#505 =( NAMED_UNIT ( * ) SI_UNIT ( $, .STERADIAN. ) SOLID_ANGLE_UNIT ( ) );
#506 = EDGE_LOOP ( 'NONE', ( #1196, #928, #3161, #2107 ) ) ;
#507 = EDGE_LOOP ( 'NONE', ( #104, #2961, #964, #767 ) ) ;
#508 = APPLICATION_PROTOCOL_DEFINITION ( 'draft international standard', 'automotive_design', 1998, #2282 ) ;
#509 = FILL_AREA_STYLE ('',( #1330 ) ) ;
#510 = CARTESIAN_POINT ( 'NONE',  ( 1.250000000000007994, 0.1300000000000000044, -1.249999999999990674 ) ) ;
#511 = PLANE ( 'NONE',  #426 ) ;
#512 = SURFACE_STYLE_FILL_AREA ( #759 ) ;
#513 = DIRECTION ( 'NONE',  ( 0.0000000000000000000, 1.000000000000000000, -0.0000000000000000000 ) ) ;
#514 = FACE_OUTER_BOUND ( 'NONE', #56, .T. ) ;
#515 = DIRECTION ( 'NONE',  ( 0.0000000000000000000, 0.0000000000000000000, -1.000000000000000000 ) ) ;
#516 = CARTESIAN_POINT ( 'NONE',  ( -1.150000000000000133, 0.2300000000000000655, -1.149999999999999911 ) ) ;
#517 = ORIENTED_EDGE ( 'NONE', *, *, #1845, .T. ) ;
#518 = CARTESIAN_POINT ( 'NONE',  ( -1.249999999999991784, 0.1300000000000000044, 1.250000000000011546 ) ) ;
#519 = ORIENTED_EDGE ( 'NONE', *, *, #2476, .F. ) ;
#520 = PLANE ( 'NONE',  #1478 ) ;
#521 = LINE ( 'NONE', #3113, #688 ) ;
#522 = DIRECTION ( 'NONE',  ( -1.000000000000000000, 0.0000000000000000000, 0.0000000000000000000 ) ) ;
#523 = ORIENTED_EDGE ( 'NONE', *, *, #644, .T. ) ;
#524 = COLOUR_RGB ( '',1.000000000000000000, 1.000000000000000000, 1.000000000000000000 ) ;
#525 = DIRECTION ( 'NONE',  ( 0.0000000000000000000, -0.0000000000000000000, -1.000000000000000000 ) ) ;
#526 = CARTESIAN_POINT ( 'NONE',  ( -0.1499999999999921396, -0.0001000000000000000048, -1.149999999999988587 ) ) ;
#527 = DIRECTION ( 'NONE',  ( 0.0000000000000000000, 0.0000000000000000000, -1.000000000000000000 ) ) ;
#528 = COLOUR_RGB ( '',1.000000000000000000, 1.000000000000000000, 1.000000000000000000 ) ;
#529 = CARTESIAN_POINT ( 'NONE',  ( -1.149999999999999911, 0.9300000000000000488, 1.149999999999999911 ) ) ;
#530 = FACE_OUTER_BOUND ( 'NONE', #1398, .T. ) ;
#531 = DIRECTION ( 'NONE',  ( 0.0000000000000000000, 0.0000000000000000000, 1.000000000000000000 ) ) ;
#532 = VECTOR ( 'NONE', #321, 1000.000000000000000 ) ;
#533 = VERTEX_POINT ( 'NONE', #371 ) ;
#534 = AXIS2_PLACEMENT_3D ( 'NONE', #2467, #1928, #2983 ) ;
#535 = LINE ( 'NONE', #705, #3070 ) ;
#536 = ORIENTED_EDGE ( 'NONE', *, *, #410, .T. ) ;
#537 = DIRECTION ( 'NONE',  ( -0.0000000000000000000, 0.0000000000000000000, -1.000000000000000000 ) ) ;
#538 = DIRECTION ( 'NONE',  ( -1.000000000000000000, 0.0000000000000000000, 0.0000000000000000000 ) ) ;
#539 =( NAMED_UNIT ( * ) SI_UNIT ( $, .STERADIAN. ) SOLID_ANGLE_UNIT ( ) );
#540 = DIRECTION ( 'NONE',  ( -0.0000000000000000000, 0.0000000000000000000, 1.000000000000000000 ) ) ;
#541 = CARTESIAN_POINT ( 'NONE',  ( -0.8000000000000003775, 0.2800000000000000822, -0.8000000000000001554 ) ) ;
#542 = AXIS2_PLACEMENT_3D ( 'NONE', #916, #1182, #852 ) ;
#543 = COLOUR_RGB ( '',1.000000000000000000, 1.000000000000000000, 0.0000000000000000000 ) ;
#544 = DIRECTION ( 'NONE',  ( 1.000000000000000000, -0.0000000000000000000, -0.0000000000000000000 ) ) ;
#545 = CARTESIAN_POINT ( 'NONE',  ( 0.9000000000000000222, 0.1300000000000000044, 0.8999999999999993561 ) ) ;
#546 =( NAMED_UNIT ( * ) SI_UNIT ( $, .STERADIAN. ) SOLID_ANGLE_UNIT ( ) );
#547 = STYLED_ITEM ( 'NONE', ( #2971 ), #1731 ) ;
#548 = COLOUR_RGB ( '',1.000000000000000000, 1.000000000000000000, 0.0000000000000000000 ) ;
#549 = VECTOR ( 'NONE', #2015, 1000.000000000000000 ) ;
#550 = CARTESIAN_POINT ( 'NONE',  ( 1.150000000000007905, -0.0001000000000000000048, 1.150000000000011458 ) ) ;
#551 = ORIENTED_EDGE ( 'NONE', *, *, #1479, .F. ) ;
#552 = DIRECTION ( 'NONE',  ( 0.0000000000000000000, 0.0000000000000000000, -1.000000000000000000 ) ) ;
#553 = EDGE_LOOP ( 'NONE', ( #1450, #1403, #2955, #3312 ) ) ;
#554 = CARTESIAN_POINT ( 'NONE',  ( -0.9749999999999919842, -0.0001000000000000000048, -0.4999999999999906741 ) ) ;
#555 = CARTESIAN_POINT ( 'NONE',  ( -0.4999999999999920064, -0.0001000000000000000048, 0.8000000000000113687 ) ) ;
#556 = CARTESIAN_POINT ( 'NONE',  ( -1.150000000000000133, 0.2300000000000000655, -1.149999999999999911 ) ) ;
#557 = ORIENTED_EDGE ( 'NONE', *, *, #1875, .T. ) ;
#558 = CYLINDRICAL_SURFACE ( 'NONE', #2377, 0.2500000000000000000 ) ;
#559 = EDGE_LOOP ( 'NONE', ( #2040, #1540, #1823, #469 ) ) ;
#560 = EDGE_CURVE ( 'NONE', #1997, #2286, #1189, .T. ) ;
#561 = DIRECTION ( 'NONE',  ( -0.0000000000000000000, 1.000000000000000000, -0.0000000000000000000 ) ) ;
#562 = FACE_OUTER_BOUND ( 'NONE', #3308, .T. ) ;
#563 = DIRECTION ( 'NONE',  ( 0.0000000000000000000, 0.0000000000000000000, -1.000000000000000000 ) ) ;
#564 = VERTEX_POINT ( 'NONE', #658 ) ;
#565 = DIRECTION ( 'NONE',  ( -1.000000000000000000, 0.0000000000000000000, 0.0000000000000000000 ) ) ;
#566 = EDGE_CURVE ( 'NONE', #382, #2456, #2737, .T. ) ;
#567 = FILL_AREA_STYLE ('',( #268 ) ) ;
#568 = ORIENTED_EDGE ( 'NONE', *, *, #149, .T. ) ;
#569 = FACE_OUTER_BOUND ( 'NONE', #3032, .T. ) ;
#570 = FACE_OUTER_BOUND ( 'NONE', #1918, .T. ) ;
#571 = ORIENTED_EDGE ( 'NONE', *, *, #235, .F. ) ;
#572 = LINE ( 'NONE', #2657, #597 ) ;
#573 = PLANE ( 'NONE',  #1660 ) ;
#574 = LINE ( 'NONE', #2146, #1502 ) ;
#575 = CARTESIAN_POINT ( 'NONE',  ( 1.250000000000007994, 0.1300000000000000044, -1.249999999999990674 ) ) ;
#576 = AXIS2_PLACEMENT_3D ( 'NONE', #3189, #2355, #563 ) ;
#577 = CARTESIAN_POINT ( 'NONE',  ( 0.5000000000000079936, -0.0001000000000000000048, 0.8000000000000113687 ) ) ;
#578 = VECTOR ( 'NONE', #3006, 1000.000000000000000 ) ;
#579 = DIRECTION ( 'NONE',  ( 0.0000000000000000000, 0.0000000000000000000, 1.000000000000000000 ) ) ;
#580 = CIRCLE ( 'NONE', #257, 0.04999999999999991257 ) ;
#581 = VECTOR ( 'NONE', #933, 1000.000000000000000 ) ;
#582 = CARTESIAN_POINT ( 'NONE',  ( 0.5000000000000077716, 0.0000000000000000000, -0.7999999999999883871 ) ) ;
#583 = DIRECTION ( 'NONE',  ( -0.0000000000000000000, 1.000000000000000000, -0.0000000000000000000 ) ) ;
#584 = DIRECTION ( 'NONE',  ( 0.0000000000000000000, 0.0000000000000000000, -1.000000000000000000 ) ) ;
#585 = ORIENTED_EDGE ( 'NONE', *, *, #662, .F. ) ;
#586 = CIRCLE ( 'NONE', #1770, 0.3000000000000000444 ) ;
#587 = EDGE_CURVE ( 'NONE', #2115, #3127, #1425, .T. ) ;
#588 = MECHANICAL_DESIGN_GEOMETRIC_PRESENTATION_REPRESENTATION (  '', ( #849 ), #206 ) ;
#589 = DIRECTION ( 'NONE',  ( 0.0000000000000000000, 0.0000000000000000000, -1.000000000000000000 ) ) ;
#590 = ORIENTED_EDGE ( 'NONE', *, *, #2554, .T. ) ;
#591 = CARTESIAN_POINT ( 'NONE',  ( -0.4999999999999920064, 0.0000000000000000000, 1.150000000000011458 ) ) ;
#592 = VECTOR ( 'NONE', #2780, 1000.000000000000000 ) ;
#593 = ORIENTED_EDGE ( 'NONE', *, *, #28, .T. ) ;
#594 = FILL_AREA_STYLE ('',( #1591 ) ) ;
#595 = CARTESIAN_POINT ( 'NONE',  ( 1.150000000000007905, 0.0000000000000000000, 1.150000000000011458 ) ) ;
#596 = DIRECTION ( 'NONE',  ( -0.0000000000000000000, 1.000000000000000000, -0.0000000000000000000 ) ) ;
#597 = VECTOR ( 'NONE', #1077, 1000.000000000000000 ) ;
#598 =( NAMED_UNIT ( * ) PLANE_ANGLE_UNIT ( ) SI_UNIT ( $, .RADIAN. ) );
#599 = ADVANCED_FACE ( 'NONE', ( #1687 ), #2222, .F. ) ;
#600 = MECHANICAL_DESIGN_GEOMETRIC_PRESENTATION_REPRESENTATION (  '', ( #2177 ), #2075 ) ;
#601 = UNCERTAINTY_MEASURE_WITH_UNIT (LENGTH_MEASURE( 1.000000000000000082E-05 ), #1126, 'distance_accuracy_value', 'NONE');
#602 =( NAMED_UNIT ( * ) PLANE_ANGLE_UNIT ( ) SI_UNIT ( $, .RADIAN. ) );
#603 = ORIENTED_EDGE ( 'NONE', *, *, #369, .F. ) ;
#604 = DIRECTION ( 'NONE',  ( -1.000000000000000000, 0.0000000000000000000, 0.0000000000000000000 ) ) ;
#605 = FACE_OUTER_BOUND ( 'NONE', #665, .T. ) ;
#606 = ORIENTED_EDGE ( 'NONE', *, *, #3237, .T. ) ;
#607 = DIRECTION ( 'NONE',  ( -1.000000000000000000, 0.0000000000000000000, 0.0000000000000000000 ) ) ;
#608 = CARTESIAN_POINT ( 'NONE',  ( 0.1500000000000079881, -0.0001000000000000000048, 0.8000000000000113687 ) ) ;
#609 = EDGE_LOOP ( 'NONE', ( #3263, #2931, #3083, #1316 ) ) ;
#610 = EDGE_CURVE ( 'NONE', #2718, #66, #643, .T. ) ;
#611 = PRESENTATION_STYLE_ASSIGNMENT (( #147 ) ) ;
#612 = SURFACE_SIDE_STYLE ('',( #2942 ) ) ;
#613 = SURFACE_STYLE_USAGE ( .BOTH. , #305 ) ;
#614 = DIRECTION ( 'NONE',  ( 0.0000000000000000000, 0.0000000000000000000, -1.000000000000000000 ) ) ;
#615 = CARTESIAN_POINT ( 'NONE',  ( 0.5000000000000079936, 0.0000000000000000000, 0.8000000000000113687 ) ) ;
#616 = PLANE ( 'NONE',  #2329 ) ;
#617 = ORIENTED_EDGE ( 'NONE', *, *, #2158, .F. ) ;
#618 = ORIENTED_EDGE ( 'NONE', *, *, #2852, .F. ) ;
#619 = EDGE_CURVE ( 'NONE', #2778, #3071, #2672, .T. ) ;
#620 = DIRECTION ( 'NONE',  ( 0.0000000000000000000, 0.0000000000000000000, 1.000000000000000000 ) ) ;
#621 = DIRECTION ( 'NONE',  ( -1.000000000000000000, 0.0000000000000000000, 0.0000000000000000000 ) ) ;
#622 = ORIENTED_EDGE ( 'NONE', *, *, #1711, .T. ) ;
#623 = DIRECTION ( 'NONE',  ( 1.000000000000000000, -0.0000000000000000000, -0.0000000000000000000 ) ) ;
#624 = SURFACE_SIDE_STYLE ('',( #350 ) ) ;
#625 = CARTESIAN_POINT ( 'NONE',  ( -1.149999999999991918, -0.0001000000000000000048, 0.8000000000000113687 ) ) ;
#626 = DIRECTION ( 'NONE',  ( 0.0000000000000000000, 0.0000000000000000000, -1.000000000000000000 ) ) ;
#627 = ORIENTED_EDGE ( 'NONE', *, *, #663, .T. ) ;
#628 = VECTOR ( 'NONE', #3038, 1000.000000000000000 ) ;
#629 = DIRECTION ( 'NONE',  ( 0.0000000000000000000, 0.0000000000000000000, 1.000000000000000000 ) ) ;
#630 = DIRECTION ( 'NONE',  ( 0.0000000000000000000, 0.0000000000000000000, -1.000000000000000000 ) ) ;
#631 = UNCERTAINTY_MEASURE_WITH_UNIT (LENGTH_MEASURE( 1.000000000000000082E-05 ), #1669, 'distance_accuracy_value', 'NONE');
#632 = STYLED_ITEM ( 'NONE', ( #239 ), #714 ) ;
#633 = CARTESIAN_POINT ( 'NONE',  ( -0.8000000000000000444, 0.2800000000000000822, 0.8000000000000001554 ) ) ;
#634 = ORIENTED_EDGE ( 'NONE', *, *, #1686, .T. ) ;
#635 = AXIS2_PLACEMENT_3D ( 'NONE', #2386, #299, #540 ) ;
#636 = CARTESIAN_POINT ( 'NONE',  ( -0.4999999999999920064, 0.0000000000000000000, 1.150000000000011458 ) ) ;
#637 = AXIS2_PLACEMENT_3D ( 'NONE', #1311, #2892, #3338 ) ;
#638 = PRESENTATION_STYLE_ASSIGNMENT (( #3197 ) ) ;
#639 = VECTOR ( 'NONE', #2845, 1000.000000000000000 ) ;
#640 = VECTOR ( 'NONE', #3286, 1000.000000000000000 ) ;
#641 = ORIENTED_EDGE ( 'NONE', *, *, #1184, .T. ) ;
#642 = EDGE_CURVE ( 'NONE', #733, #2376, #3072, .T. ) ;
#643 = LINE ( 'NONE', #3244, #2632 ) ;
#644 = EDGE_CURVE ( 'NONE', #2367, #2376, #2423, .T. ) ;
#645 = MECHANICAL_DESIGN_GEOMETRIC_PRESENTATION_REPRESENTATION (  '', ( #162 ), #3139 ) ;
#646 = SURFACE_STYLE_FILL_AREA ( #2977 ) ;
#647 = VECTOR ( 'NONE', #2287, 1000.000000000000000 ) ;
#648 = AXIS2_PLACEMENT_3D ( 'NONE', #889, #3229, #2447 ) ;
#649 = FILL_AREA_STYLE ('',( #2978 ) ) ;
#650 = VERTEX_POINT ( 'NONE', #1129 ) ;
#651 = VECTOR ( 'NONE', #3088, 1000.000000000000000 ) ;
#652 = PRESENTATION_LAYER_ASSIGNMENT (  '', '', ( #2125 ) ) ;
#653 = PLANE ( 'NONE',  #2972 ) ;
#654 =( GEOMETRIC_REPRESENTATION_CONTEXT ( 3 ) GLOBAL_UNCERTAINTY_ASSIGNED_CONTEXT ( ( #1101 ) ) GLOBAL_UNIT_ASSIGNED_CONTEXT ( ( #1156, #1375, #1596 ) ) REPRESENTATION_CONTEXT ( 'NONE', 'WORKASPACE' ) );
#655 = MECHANICAL_DESIGN_GEOMETRIC_PRESENTATION_REPRESENTATION (  '', ( #1786 ), #1085 ) ;
#656 = EDGE_CURVE ( 'NONE', #830, #330, #1410, .T. ) ;
#657 = FILL_AREA_STYLE_COLOUR ( '', #3238 ) ;
#658 = CARTESIAN_POINT ( 'NONE',  ( -0.7999999999999921618, -0.0001000000000000000048, -1.149999999999988587 ) ) ;
#659 = CARTESIAN_POINT ( 'NONE',  ( -0.1499999999999919453, -0.0001000000000000000048, 1.150000000000011458 ) ) ;
#660 = DIRECTION ( 'NONE',  ( 1.000000000000000000, 0.0000000000000000000, -0.0000000000000000000 ) ) ;
#661 = UNCERTAINTY_MEASURE_WITH_UNIT (LENGTH_MEASURE( 1.000000000000000082E-05 ), #686, 'distance_accuracy_value', 'NONE');
#662 = EDGE_CURVE ( 'NONE', #3230, #139, #580, .T. ) ;
#663 = EDGE_CURVE ( 'NONE', #2655, #2677, #873, .T. ) ;
#664 = DIRECTION ( 'NONE',  ( -0.0000000000000000000, -1.000000000000000000, 0.0000000000000000000 ) ) ;
#665 = EDGE_LOOP ( 'NONE', ( #8, #2043, #1546, #1504 ) ) ;
#666 = FILL_AREA_STYLE ('',( #1998 ) ) ;
#667 = FILL_AREA_STYLE ('',( #487 ) ) ;
#668 = DIRECTION ( 'NONE',  ( -1.000000000000000000, 0.0000000000000000000, 8.673617379884028076E-17 ) ) ;
#669 = EDGE_LOOP ( 'NONE', ( #1784, #2403, #3268, #893 ) ) ;
#670 =( NAMED_UNIT ( * ) PLANE_ANGLE_UNIT ( ) SI_UNIT ( $, .RADIAN. ) );
#671 = PRESENTATION_STYLE_ASSIGNMENT (( #1151 ) ) ;
#672 = CARTESIAN_POINT ( 'NONE',  ( 1.250000000000008216, 0.0000000000000000000, 1.250000000000011546 ) ) ;
#673 = ADVANCED_FACE ( 'NONE', ( #1391 ), #2457, .F. ) ;
#674 = PRESENTATION_STYLE_ASSIGNMENT (( #1175 ) ) ;
#675 = VECTOR ( 'NONE', #3001, 1000.000000000000000 ) ;
#676 = CARTESIAN_POINT ( 'NONE',  ( 1.100000000000000311, 0.2300000000000000655, 0.7999999999999997113 ) ) ;
#677 = ORIENTED_EDGE ( 'NONE', *, *, #2968, .F. ) ;
#678 = VERTEX_POINT ( 'NONE', #988 ) ;
#679 = LINE ( 'NONE', #1963, #2744 ) ;
#680 = LINE ( 'NONE', #3266, #1064 ) ;
#681 = VERTEX_POINT ( 'NONE', #1757 ) ;
#682 = AXIS2_PLACEMENT_3D ( 'NONE', #49, #2920, #289 ) ;
#683 = CARTESIAN_POINT ( 'NONE',  ( -1.099999999999999867, 0.6800000000000000488, 0.8000000000000001554 ) ) ;
#684 = SURFACE_STYLE_USAGE ( .BOTH. , #2054 ) ;
#685 = DIRECTION ( 'NONE',  ( -1.000000000000000000, 0.0000000000000000000, 0.0000000000000000000 ) ) ;
#686 =( LENGTH_UNIT ( ) NAMED_UNIT ( * ) SI_UNIT ( .MILLI., .METRE. ) );
#687 = EDGE_LOOP ( 'NONE', ( #709, #1365, #1188, #1981 ) ) ;
#688 = VECTOR ( 'NONE', #1820, 1000.000000000000000 ) ;
#689 = LINE ( 'NONE', #440, #2932 ) ;
#690 = PRESENTATION_LAYER_ASSIGNMENT (  '', '', ( #2695 ) ) ;
#691 = CARTESIAN_POINT ( 'NONE',  ( -0.9749999999999919842, -0.0001000000000000000048, -0.3999999999999905853 ) ) ;
#692 = CIRCLE ( 'NONE', #1011, 0.2500000000000000000 ) ;
#693 = UNCERTAINTY_MEASURE_WITH_UNIT (LENGTH_MEASURE( 1.000000000000000082E-05 ), #2607, 'distance_accuracy_value', 'NONE');
#694 = DIRECTION ( 'NONE',  ( 1.971276677246372258E-16, 0.0000000000000000000, 1.000000000000000000 ) ) ;
#695 = EDGE_CURVE ( 'NONE', #866, #1047, #1740, .T. ) ;
#696 = LINE ( 'NONE', #1727, #1178 ) ;
#697 = VERTEX_POINT ( 'NONE', #1444 ) ;
#698 =( GEOMETRIC_REPRESENTATION_CONTEXT ( 3 ) GLOBAL_UNCERTAINTY_ASSIGNED_CONTEXT ( ( #1062 ) ) GLOBAL_UNIT_ASSIGNED_CONTEXT ( ( #2941, #1667, #1125 ) ) REPRESENTATION_CONTEXT ( 'NONE', 'WORKASPACE' ) );
#699 = AXIS2_PLACEMENT_3D ( 'NONE', #300, #2732, #1947 ) ;
#700 = ORIENTED_EDGE ( 'NONE', *, *, #662, .T. ) ;
#701 =( NAMED_UNIT ( * ) PLANE_ANGLE_UNIT ( ) SI_UNIT ( $, .RADIAN. ) );
#702 = ADVANCED_FACE ( 'NONE', ( #514 ), #1274, .F. ) ;
#703 = ORIENTED_EDGE ( 'NONE', *, *, #3237, .F. ) ;
#704 = CIRCLE ( 'NONE', #3044, 0.2500000000000000000 ) ;
#705 = CARTESIAN_POINT ( 'NONE',  ( 1.149999999999999689, 0.2300000000000000655, -1.150000000000000355 ) ) ;
#706 = CARTESIAN_POINT ( 'NONE',  ( 1.149999999999999911, 0.1300000000000000044, 0.8999999999999993561 ) ) ;
#707 = LINE ( 'NONE', #1716, #1549 ) ;
#708 = EDGE_CURVE ( 'NONE', #1263, #1604, #2061, .T. ) ;
#709 = ORIENTED_EDGE ( 'NONE', *, *, #2824, .T. ) ;
#710 = CARTESIAN_POINT ( 'NONE',  ( -1.150000000000000133, 0.2300000000000000655, -0.9000000000000000222 ) ) ;
#711 =( NAMED_UNIT ( * ) SI_UNIT ( $, .STERADIAN. ) SOLID_ANGLE_UNIT ( ) );
#712 = FILL_AREA_STYLE ('',( #764 ) ) ;
#713 = FACE_OUTER_BOUND ( 'NONE', #2145, .T. ) ;
#714 = MANIFOLD_SOLID_BREP ( 'Boss-Extrude4', #1331 ) ;
#715 = FILL_AREA_STYLE_COLOUR ( '', #1882 ) ;
#716 = SURFACE_STYLE_FILL_AREA ( #122 ) ;
#717 = ORIENTED_EDGE ( 'NONE', *, *, #2824, .F. ) ;
#718 = ORIENTED_EDGE ( 'NONE', *, *, #44, .F. ) ;
#719 = SURFACE_STYLE_USAGE ( .BOTH. , #1494 ) ;
#720 = PRESENTATION_STYLE_ASSIGNMENT (( #3017 ) ) ;
#721 = ORIENTED_EDGE ( 'NONE', *, *, #941, .F. ) ;
#722 = EDGE_CURVE ( 'NONE', #1704, #1815, #2562, .T. ) ;
#723 = DIRECTION ( 'NONE',  ( 0.0000000000000000000, 0.0000000000000000000, -1.000000000000000000 ) ) ;
#724 = CARTESIAN_POINT ( 'NONE',  ( 0.5000000000000079936, -0.0001000000000000000048, 1.150000000000011458 ) ) ;
#725 = DIRECTION ( 'NONE',  ( -1.000000000000000000, -0.0000000000000000000, -0.0000000000000000000 ) ) ;
#726 = ORIENTED_EDGE ( 'NONE', *, *, #352, .T. ) ;
#727 = EDGE_CURVE ( 'NONE', #697, #348, #2147, .T. ) ;
#728 = DIRECTION ( 'NONE',  ( 0.0000000000000000000, 0.0000000000000000000, -1.000000000000000000 ) ) ;
#729 = LINE ( 'NONE', #1245, #1834 ) ;
#730 = PRESENTATION_STYLE_ASSIGNMENT (( #205 ) ) ;
#731 = EDGE_CURVE ( 'NONE', #2555, #746, #3136, .T. ) ;
#732 = UNCERTAINTY_MEASURE_WITH_UNIT (LENGTH_MEASURE( 1.000000000000000082E-05 ), #2446, 'distance_accuracy_value', 'NONE');
#733 = VERTEX_POINT ( 'NONE', #811 ) ;
#734 = VECTOR ( 'NONE', #1565, 1000.000000000000000 ) ;
#735 = ORIENTED_EDGE ( 'NONE', *, *, #1257, .T. ) ;
#736 = CARTESIAN_POINT ( 'NONE',  ( -0.1499999999999919453, 0.0000000000000000000, 1.150000000000011458 ) ) ;
#737 =( NAMED_UNIT ( * ) SI_UNIT ( $, .STERADIAN. ) SOLID_ANGLE_UNIT ( ) );
#738 = EDGE_LOOP ( 'NONE', ( #1680, #3178, #1600, #993 ) ) ;
#739 = AXIS2_PLACEMENT_3D ( 'NONE', #3259, #3208, #629 ) ;
#740 = FACE_OUTER_BOUND ( 'NONE', #940, .T. ) ;
#741 = SURFACE_STYLE_FILL_AREA ( #2055 ) ;
#742 = PRESENTATION_LAYER_ASSIGNMENT (  '', '', ( #1824 ) ) ;
#743 = EDGE_LOOP ( 'NONE', ( #2733, #1929, #617, #778 ) ) ;
#744 = DIRECTION ( 'NONE',  ( 0.0000000000000000000, -1.000000000000000000, 0.0000000000000000000 ) ) ;
#745 = EDGE_CURVE ( 'NONE', #2917, #1183, #2131, .T. ) ;
#746 = VERTEX_POINT ( 'NONE', #595 ) ;
#747 = FACE_OUTER_BOUND ( 'NONE', #2406, .T. ) ;
#748 = STYLED_ITEM ( 'NONE', ( #3251 ), #1339 ) ;
#749 = VECTOR ( 'NONE', #2724, 1000.000000000000000 ) ;
#750 = CARTESIAN_POINT ( 'NONE',  ( 0.6250000000000082157, 0.4300000000000000488, -0.01199999999999075070 ) ) ;
#751 = DIRECTION ( 'NONE',  ( -0.0000000000000000000, -0.0000000000000000000, 1.000000000000000000 ) ) ;
#752 = ORIENTED_EDGE ( 'NONE', *, *, #870, .T. ) ;
#753 = ORIENTED_EDGE ( 'NONE', *, *, #3012, .F. ) ;
#754 = DIRECTION ( 'NONE',  ( 0.0000000000000000000, 0.0000000000000000000, -1.000000000000000000 ) ) ;
#755 =( NAMED_UNIT ( * ) SI_UNIT ( $, .STERADIAN. ) SOLID_ANGLE_UNIT ( ) );
#756 = CARTESIAN_POINT ( 'NONE',  ( -0.9749999999999919842, -0.0001000000000000000048, -0.4999999999999906741 ) ) ;
#757 = AXIS2_PLACEMENT_3D ( 'NONE', #3153, #1587, #1849 ) ;
#758 = PRESENTATION_STYLE_ASSIGNMENT (( #684 ) ) ;
#759 = FILL_AREA_STYLE ('',( #2511 ) ) ;
#760 =( GEOMETRIC_REPRESENTATION_CONTEXT ( 3 ) GLOBAL_UNCERTAINTY_ASSIGNED_CONTEXT ( ( #119 ) ) GLOBAL_UNIT_ASSIGNED_CONTEXT ( ( #963, #3252, #215 ) ) REPRESENTATION_CONTEXT ( 'NONE', 'WORKASPACE' ) );
#761 = CARTESIAN_POINT ( 'NONE',  ( 0.8999999999999998002, 0.2300000000000000655, -0.9000000000000003553 ) ) ;
#762 = COLOUR_RGB ( '',1.000000000000000000, 1.000000000000000000, 1.000000000000000000 ) ;
#763 = CYLINDRICAL_SURFACE ( 'NONE', #2229, 0.2500000000000000000 ) ;
#764 = FILL_AREA_STYLE_COLOUR ( '', #1536 ) ;
#765 =( GEOMETRIC_REPRESENTATION_CONTEXT ( 3 ) GLOBAL_UNCERTAINTY_ASSIGNED_CONTEXT ( ( #2396 ) ) GLOBAL_UNIT_ASSIGNED_CONTEXT ( ( #341, #598, #135 ) ) REPRESENTATION_CONTEXT ( 'NONE', 'WORKASPACE' ) );
#766 = FILL_AREA_STYLE_COLOUR ( '', #1851 ) ;
#767 = ORIENTED_EDGE ( 'NONE', *, *, #2513, .T. ) ;
#768 = ADVANCED_FACE ( 'NONE', ( #530 ), #1592, .T. ) ;
#769 = DIRECTION ( 'NONE',  ( -4.336808689942021680E-16, 0.0000000000000000000, -1.000000000000000000 ) ) ;
#770 = ORIENTED_EDGE ( 'NONE', *, *, #2350, .T. ) ;
#771 = DIRECTION ( 'NONE',  ( -1.000000000000000000, 0.0000000000000000000, 9.856383386231858827E-17 ) ) ;
#772 = DIRECTION ( 'NONE',  ( 0.0000000000000000000, 0.0000000000000000000, 1.000000000000000000 ) ) ;
#773 = VERTEX_POINT ( 'NONE', #2409 ) ;
#774 = LINE ( 'NONE', #2883, #2699 ) ;
#775 =( NAMED_UNIT ( * ) PLANE_ANGLE_UNIT ( ) SI_UNIT ( $, .RADIAN. ) );
#776 =( NAMED_UNIT ( * ) SI_UNIT ( $, .STERADIAN. ) SOLID_ANGLE_UNIT ( ) );
#777 = LINE ( 'NONE', #2834, #813 ) ;
#778 = ORIENTED_EDGE ( 'NONE', *, *, #610, .T. ) ;
#779 = EDGE_CURVE ( 'NONE', #124, #2953, #338, .T. ) ;
#780 = LINE ( 'NONE', #417, #2960 ) ;
#781 = ORIENTED_EDGE ( 'NONE', *, *, #2133, .T. ) ;
#782 =( NAMED_UNIT ( * ) PLANE_ANGLE_UNIT ( ) SI_UNIT ( $, .RADIAN. ) );
#783 = DIRECTION ( 'NONE',  ( -0.0000000000000000000, 0.0000000000000000000, 1.000000000000000000 ) ) ;
#784 = ORIENTED_EDGE ( 'NONE', *, *, #1041, .F. ) ;
#785 = DIRECTION ( 'NONE',  ( 0.0000000000000000000, -1.000000000000000000, 0.0000000000000000000 ) ) ;
#786 = FILL_AREA_STYLE ('',( #2404 ) ) ;
#787 = AXIS2_PLACEMENT_3D ( 'NONE', #1697, #1988, #1635 ) ;
#788 = AXIS2_PLACEMENT_3D ( 'NONE', #2200, #366, #1387 ) ;
#789 = CARTESIAN_POINT ( 'NONE',  ( 0.1500000000000077660, -0.0001000000000000000048, -1.149999999999988587 ) ) ;
#790 = AXIS2_PLACEMENT_3D ( 'NONE', #2346, #30, #1075 ) ;
#791 = UNCERTAINTY_MEASURE_WITH_UNIT (LENGTH_MEASURE( 1.000000000000000082E-05 ), #1641, 'distance_accuracy_value', 'NONE');
#792 = ORIENTED_EDGE ( 'NONE', *, *, #1404, .T. ) ;
#793 = MECHANICAL_DESIGN_GEOMETRIC_PRESENTATION_REPRESENTATION (  '', ( #1422 ), #1538 ) ;
#794 = FILL_AREA_STYLE_COLOUR ( '', #524 ) ;
#795 = ORIENTED_EDGE ( 'NONE', *, *, #3170, .F. ) ;
#796 = EDGE_CURVE ( 'NONE', #650, #2677, #1853, .T. ) ;
#797 = FILL_AREA_STYLE ('',( #2086 ) ) ;
#798 = CARTESIAN_POINT ( 'NONE',  ( -1.150000000000000133, 0.2800000000000000822, -1.100000000000000089 ) ) ;
#799 = VECTOR ( 'NONE', #3176, 1000.000000000000000 ) ;
#800 = CARTESIAN_POINT ( 'NONE',  ( -0.8000000000000003775, 0.6800000000000000488, -0.8499999999999996447 ) ) ;
#801 = EDGE_LOOP ( 'NONE', ( #1894, #1436, #1135, #1235 ) ) ;
#802 = MECHANICAL_DESIGN_GEOMETRIC_PRESENTATION_REPRESENTATION (  '', ( #3188 ), #1390 ) ;
#803 = SURFACE_SIDE_STYLE ('',( #2345 ) ) ;
#804 = ORIENTED_EDGE ( 'NONE', *, *, #960, .T. ) ;
#805 = LINE ( 'NONE', #2897, #2928 ) ;
#806 = ORIENTED_EDGE ( 'NONE', *, *, #1532, .F. ) ;
#807 = VECTOR ( 'NONE', #930, 1000.000000000000000 ) ;
#808 = CIRCLE ( 'NONE', #375, 0.2500000000000000000 ) ;
#809 = AXIS2_PLACEMENT_3D ( 'NONE', #2878, #819, #2310 ) ;
#810 = EDGE_CURVE ( 'NONE', #3000, #3285, #38, .T. ) ;
#811 = CARTESIAN_POINT ( 'NONE',  ( 1.099999999999999867, 0.2800000000000000822, -0.8000000000000004885 ) ) ;
#812 = PRESENTATION_STYLE_ASSIGNMENT (( #613 ) ) ;
#813 = VECTOR ( 'NONE', #2600, 1000.000000000000000 ) ;
#814 = FACE_OUTER_BOUND ( 'NONE', #2688, .T. ) ;
#815 = COLOUR_RGB ( '',1.000000000000000000, 1.000000000000000000, 1.000000000000000000 ) ;
#816 = ORIENTED_EDGE ( 'NONE', *, *, #2549, .T. ) ;
#817 =( NAMED_UNIT ( * ) PLANE_ANGLE_UNIT ( ) SI_UNIT ( $, .RADIAN. ) );
#818 = SURFACE_STYLE_FILL_AREA ( #509 ) ;
#819 = DIRECTION ( 'NONE',  ( 0.0000000000000000000, -1.000000000000000000, 0.0000000000000000000 ) ) ;
#820 = PRODUCT_RELATED_PRODUCT_CATEGORY ( 'part', '', ( #3089 ) ) ;
#821 = DIRECTION ( 'NONE',  ( 0.0000000000000000000, 0.0000000000000000000, 1.000000000000000000 ) ) ;
#822 = ORIENTED_EDGE ( 'NONE', *, *, #3170, .T. ) ;
#823 = CARTESIAN_POINT ( 'NONE',  ( -0.4999999999999922284, 0.0000000000000000000, -0.7999999999999883871 ) ) ;
#824 = ORIENTED_EDGE ( 'NONE', *, *, #3213, .T. ) ;
#825 = FILL_AREA_STYLE ('',( #1 ) ) ;
#826 = LINE ( 'NONE', #2900, #858 ) ;
#827 = SURFACE_STYLE_USAGE ( .BOTH. , #118 ) ;
#828 = EDGE_CURVE ( 'NONE', #1266, #2048, #17, .T. ) ;
#829 = LINE ( 'NONE', #1068, #939 ) ;
#830 = VERTEX_POINT ( 'NONE', #1342 ) ;
#831 = DIRECTION ( 'NONE',  ( 1.000000000000000000, 0.0000000000000000000, 0.0000000000000000000 ) ) ;
#832 = PRESENTATION_STYLE_ASSIGNMENT (( #3159 ) ) ;
#833 = FACE_OUTER_BOUND ( 'NONE', #1250, .T. ) ;
#834 = EDGE_LOOP ( 'NONE', ( #2144, #165, #2965, #61 ) ) ;
#835 = LINE ( 'NONE', #1120, #1785 ) ;
#836 = DIRECTION ( 'NONE',  ( 0.0000000000000000000, -1.000000000000000000, 0.0000000000000000000 ) ) ;
#837 = ORIENTED_EDGE ( 'NONE', *, *, #2787, .F. ) ;
#838 = SURFACE_STYLE_FILL_AREA ( #786 ) ;
#839 = VERTEX_POINT ( 'NONE', #274 ) ;
#840 = CARTESIAN_POINT ( 'NONE',  ( -1.249999999999991784, 0.0000000000000000000, 1.250000000000011546 ) ) ;
#841 =( LENGTH_UNIT ( ) NAMED_UNIT ( * ) SI_UNIT ( .MILLI., .METRE. ) );
#842 = ADVANCED_FACE ( 'NONE', ( #1292 ), #1039, .F. ) ;
#843 = MECHANICAL_DESIGN_GEOMETRIC_PRESENTATION_REPRESENTATION (  '', ( #3269 ), #470 ) ;
#844 =( GEOMETRIC_REPRESENTATION_CONTEXT ( 3 ) GLOBAL_UNCERTAINTY_ASSIGNED_CONTEXT ( ( #1227 ) ) GLOBAL_UNIT_ASSIGNED_CONTEXT ( ( #3091, #3277, #1778 ) ) REPRESENTATION_CONTEXT ( 'NONE', 'WORKASPACE' ) );
#845 = LINE ( 'NONE', #615, #501 ) ;
#846 = AXIS2_PLACEMENT_3D ( 'NONE', #1585, #2639, #821 ) ;
#847 = DIRECTION ( 'NONE',  ( 0.0000000000000000000, 0.0000000000000000000, 1.000000000000000000 ) ) ;
#848 = EDGE_LOOP ( 'NONE', ( #2185, #1408, #3191, #245 ) ) ;
#849 = STYLED_ITEM ( 'NONE', ( #1459 ), #1631 ) ;
#850 = FACE_OUTER_BOUND ( 'NONE', #1580, .T. ) ;
#851 = ORIENTED_EDGE ( 'NONE', *, *, #2818, .F. ) ;
#852 = DIRECTION ( 'NONE',  ( 0.0000000000000000000, 0.0000000000000000000, 1.000000000000000000 ) ) ;
#853 = SURFACE_STYLE_FILL_AREA ( #1696 ) ;
#854 = DIRECTION ( 'NONE',  ( 0.0000000000000000000, -0.0000000000000000000, 1.000000000000000000 ) ) ;
#855 = CARTESIAN_POINT ( 'NONE',  ( -1.149999999999999911, 0.2300000000000000655, 0.8000000000000001554 ) ) ;
#856 = VECTOR ( 'NONE', #47, 1000.000000000000000 ) ;
#857 = CARTESIAN_POINT ( 'NONE',  ( 1.150000000000000133, 0.2800000000000000822, 0.7999999999999997113 ) ) ;
#858 = VECTOR ( 'NONE', #1902, 1000.000000000000000 ) ;
#859 = VECTOR ( 'NONE', #538, 1000.000000000000000 ) ;
#860 = DIRECTION ( 'NONE',  ( 0.0000000000000000000, 0.0000000000000000000, -1.000000000000000000 ) ) ;
#861 = UNCERTAINTY_MEASURE_WITH_UNIT (LENGTH_MEASURE( 1.000000000000000082E-05 ), #1922, 'distance_accuracy_value', 'NONE');
#862 = PRESENTATION_STYLE_ASSIGNMENT (( #3172 ) ) ;
#863 = DIRECTION ( 'NONE',  ( 0.0000000000000000000, 0.0000000000000000000, 1.000000000000000000 ) ) ;
#864 = VERTEX_POINT ( 'NONE', #789 ) ;
#865 = COLOUR_RGB ( '',1.000000000000000000, 1.000000000000000000, 1.000000000000000000 ) ;
#866 = VERTEX_POINT ( 'NONE', #1574 ) ;
#867 = FILL_AREA_STYLE_COLOUR ( '', #1430 ) ;
#868 = LINE ( 'NONE', #2184, #1655 ) ;
#869 = VERTEX_POINT ( 'NONE', #2625 ) ;
#870 = EDGE_CURVE ( 'NONE', #1664, #2304, #303, .T. ) ;
#871 =( NAMED_UNIT ( * ) SI_UNIT ( $, .STERADIAN. ) SOLID_ANGLE_UNIT ( ) );
#872 = DIRECTION ( 'NONE',  ( 1.000000000000000000, -0.0000000000000000000, -0.0000000000000000000 ) ) ;
#873 = LINE ( 'NONE', #1919, #888 ) ;
#874 = ADVANCED_FACE ( 'NONE', ( #1138 ), #3241, .F. ) ;
#875 = PRESENTATION_STYLE_ASSIGNMENT (( #1637 ) ) ;
#876 = VERTEX_POINT ( 'NONE', #2708 ) ;
#877 = ORIENTED_EDGE ( 'NONE', *, *, #2471, .T. ) ;
#878 = PLANE ( 'NONE',  #2496 ) ;
#879 = CARTESIAN_POINT ( 'NONE',  ( 0.6250000000000082157, 0.4300000000000000488, -0.01199999999999075070 ) ) ;
#880 = ORIENTED_EDGE ( 'NONE', *, *, #1491, .F. ) ;
#881 = DIRECTION ( 'NONE',  ( 0.0000000000000000000, -0.0000000000000000000, 1.000000000000000000 ) ) ;
#882 =( NAMED_UNIT ( * ) SI_UNIT ( $, .STERADIAN. ) SOLID_ANGLE_UNIT ( ) );
#883 = ADVANCED_FACE ( 'NONE', ( #2474 ), #2736, .F. ) ;
#884 = FACE_OUTER_BOUND ( 'NONE', #743, .T. ) ;
#885 = DIRECTION ( 'NONE',  ( -9.427844978134821433E-17, 0.0000000000000000000, -1.000000000000000000 ) ) ;
#886 = CARTESIAN_POINT ( 'NONE',  ( 0.5000000000000077716, -0.0001000000000000000048, -0.7999999999999883871 ) ) ;
#887 = SURFACE_STYLE_USAGE ( .BOTH. , #2993 ) ;
#888 = VECTOR ( 'NONE', #2690, 1000.000000000000000 ) ;
#889 = CARTESIAN_POINT ( 'NONE',  ( 1.150000000000007683, -0.0001000000000000000048, -0.7999999999999883871 ) ) ;
#890 = EDGE_LOOP ( 'NONE', ( #2056, #1589, #2552, #622 ) ) ;
#891 = AXIS2_PLACEMENT_3D ( 'NONE', #1021, #3103, #1807 ) ;
#892 = EDGE_CURVE ( 'NONE', #681, #124, #357, .T. ) ;
#893 = ORIENTED_EDGE ( 'NONE', *, *, #619, .F. ) ;
#894 = FILL_AREA_STYLE ('',( #1628 ) ) ;
#895 =( NAMED_UNIT ( * ) PLANE_ANGLE_UNIT ( ) SI_UNIT ( $, .RADIAN. ) );
#896 = MECHANICAL_DESIGN_GEOMETRIC_PRESENTATION_REPRESENTATION (  '', ( #2368 ), #313 ) ;
#897 = SURFACE_STYLE_USAGE ( .BOTH. , #3215 ) ;
#898 = CIRCLE ( 'NONE', #267, 0.2500000000000000000 ) ;
#899 = EDGE_CURVE ( 'NONE', #317, #533, #2255, .T. ) ;
#900 =( GEOMETRIC_REPRESENTATION_CONTEXT ( 3 ) GLOBAL_UNCERTAINTY_ASSIGNED_CONTEXT ( ( #1812 ) ) GLOBAL_UNIT_ASSIGNED_CONTEXT ( ( #1310, #2891, #2634 ) ) REPRESENTATION_CONTEXT ( 'NONE', 'WORKASPACE' ) );
#901 = FILL_AREA_STYLE ('',( #1932 ) ) ;
#902 = DIRECTION ( 'NONE',  ( 0.0000000000000000000, 0.0000000000000000000, 1.000000000000000000 ) ) ;
#903 = ADVANCED_FACE ( 'NONE', ( #2189 ), #131, .F. ) ;
#904 = ADVANCED_FACE ( 'NONE', ( #3220 ), #1901, .T. ) ;
#905 = STYLED_ITEM ( 'NONE', ( #2285 ), #1915 ) ;
#906 =( NAMED_UNIT ( * ) PLANE_ANGLE_UNIT ( ) SI_UNIT ( $, .RADIAN. ) );
#907 = DIRECTION ( 'NONE',  ( -1.000000000000000000, 0.0000000000000000000, 4.336808689942017736E-16 ) ) ;
#908 = VECTOR ( 'NONE', #1983, 1000.000000000000000 ) ;
#909 = CARTESIAN_POINT ( 'NONE',  ( -1.100000000000000311, 0.2300000000000000655, -0.8000000000000000444 ) ) ;
#910 = ADVANCED_FACE ( 'NONE', ( #198 ), #2266, .T. ) ;
#911 =( GEOMETRIC_REPRESENTATION_CONTEXT ( 3 ) GLOBAL_UNCERTAINTY_ASSIGNED_CONTEXT ( ( #1447 ) ) GLOBAL_UNIT_ASSIGNED_CONTEXT ( ( #3276, #3317, #987 ) ) REPRESENTATION_CONTEXT ( 'NONE', 'WORKASPACE' ) );
#912 = ORIENTED_EDGE ( 'NONE', *, *, #272, .T. ) ;
#913 = TOROIDAL_SURFACE ( 'NONE', #3297, 0.3499999999999999778, 0.05000000000000000278 ) ;
#914 = CARTESIAN_POINT ( 'NONE',  ( -1.149999999999999911, 0.2300000000000000655, 1.149999999999999911 ) ) ;
#915 = AXIS2_PLACEMENT_3D ( 'NONE', #1758, #442, #2776 ) ;
#916 = CARTESIAN_POINT ( 'NONE',  ( 0.8000000000000000444, 0.2300000000000000655, -0.8000000000000003775 ) ) ;
#917 = EDGE_LOOP ( 'NONE', ( #1873, #3196, #224, #2277 ) ) ;
#918 = PRESENTATION_LAYER_ASSIGNMENT (  '', '', ( #504 ) ) ;
#919 = DIRECTION ( 'NONE',  ( 0.0000000000000000000, 0.0000000000000000000, 1.000000000000000000 ) ) ;
#920 = SURFACE_STYLE_USAGE ( .BOTH. , #1934 ) ;
#921 = ADVANCED_FACE ( 'NONE', ( #2784 ), #3314, .F. ) ;
#922 = CARTESIAN_POINT ( 'NONE',  ( -1.150000000000000133, 0.9300000000000000488, -0.9000000000000000222 ) ) ;
#923 = LINE ( 'NONE', #1973, #3084 ) ;
#924 = FACE_OUTER_BOUND ( 'NONE', #2344, .T. ) ;
#925 = UNCERTAINTY_MEASURE_WITH_UNIT (LENGTH_MEASURE( 1.000000000000000082E-05 ), #2213, 'distance_accuracy_value', 'NONE');
#926 = LINE ( 'NONE', #1960, #353 ) ;
#927 = DIRECTION ( 'NONE',  ( 0.0000000000000000000, -1.000000000000000000, 0.0000000000000000000 ) ) ;
#928 = ORIENTED_EDGE ( 'NONE', *, *, #2278, .F. ) ;
#929 = CARTESIAN_POINT ( 'NONE',  ( -0.4999999999999920064, 0.0000000000000000000, 0.8000000000000113687 ) ) ;
#930 = DIRECTION ( 'NONE',  ( 1.000000000000000000, -0.0000000000000000000, -0.0000000000000000000 ) ) ;
#931 = ORIENTED_EDGE ( 'NONE', *, *, #708, .F. ) ;
#932 = LINE ( 'NONE', #2244, #628 ) ;
#933 = DIRECTION ( 'NONE',  ( -1.000000000000000000, 0.0000000000000000000, 1.885568995626964287E-16 ) ) ;
#934 = VERTEX_POINT ( 'NONE', #724 ) ;
#935 = EDGE_CURVE ( 'NONE', #1798, #2469, #2297, .T. ) ;
#936 = CARTESIAN_POINT ( 'NONE',  ( 0.8000000000000000444, 0.6800000000000000488, -0.8500000000000003109 ) ) ;
#937 = DIRECTION ( 'NONE',  ( 0.0000000000000000000, 0.0000000000000000000, -1.000000000000000000 ) ) ;
#938 =( NAMED_UNIT ( * ) SI_UNIT ( $, .STERADIAN. ) SOLID_ANGLE_UNIT ( ) );
#939 = VECTOR ( 'NONE', #2163, 1000.000000000000000 ) ;
#940 = EDGE_LOOP ( 'NONE', ( #2153, #753, #1396, #3057 ) ) ;
#941 = EDGE_CURVE ( 'NONE', #2195, #3011, #3324, .T. ) ;
#942 = ORIENTED_EDGE ( 'NONE', *, *, #828, .F. ) ;
#943 = SURFACE_STYLE_FILL_AREA ( #2519 ) ;
#944 = SURFACE_STYLE_FILL_AREA ( #667 ) ;
#945 = DIRECTION ( 'NONE',  ( -0.0000000000000000000, -0.0000000000000000000, 1.000000000000000000 ) ) ;
#946 = ORIENTED_EDGE ( 'NONE', *, *, #1358, .F. ) ;
#947 = STYLED_ITEM ( 'NONE', ( #255 ), #702 ) ;
#948 = DIRECTION ( 'NONE',  ( 1.000000000000000000, -0.0000000000000000000, -0.0000000000000000000 ) ) ;
#949 = LINE ( 'NONE', #2510, #1427 ) ;
#950 =( NAMED_UNIT ( * ) SI_UNIT ( $, .STERADIAN. ) SOLID_ANGLE_UNIT ( ) );
#951 = EDGE_LOOP ( 'NONE', ( #2450, #1134, #717, #2388 ) ) ;
#952 = SURFACE_SIDE_STYLE ('',( #1256 ) ) ;
#953 = VECTOR ( 'NONE', #583, 1000.000000000000000 ) ;
#954 = DIRECTION ( 'NONE',  ( 0.0000000000000000000, 0.0000000000000000000, 1.000000000000000000 ) ) ;
#955 = MECHANICAL_DESIGN_GEOMETRIC_PRESENTATION_REPRESENTATION (  '', ( #2317 ), #1776 ) ;
#956 =( NAMED_UNIT ( * ) PLANE_ANGLE_UNIT ( ) SI_UNIT ( $, .RADIAN. ) );
#957 =( GEOMETRIC_REPRESENTATION_CONTEXT ( 3 ) GLOBAL_UNCERTAINTY_ASSIGNED_CONTEXT ( ( #2696 ) ) GLOBAL_UNIT_ASSIGNED_CONTEXT ( ( #2418, #2984, #164 ) ) REPRESENTATION_CONTEXT ( 'NONE', 'WORKASPACE' ) );
#958 = DIRECTION ( 'NONE',  ( 0.0000000000000000000, 0.0000000000000000000, -1.000000000000000000 ) ) ;
#959 = ORIENTED_EDGE ( 'NONE', *, *, #779, .T. ) ;
#960 = EDGE_CURVE ( 'NONE', #2668, #382, #3021, .T. ) ;
#961 = ORIENTED_EDGE ( 'NONE', *, *, #892, .F. ) ;
#962 = DIRECTION ( 'NONE',  ( -1.000000000000000000, 0.0000000000000000000, 0.0000000000000000000 ) ) ;
#963 =( LENGTH_UNIT ( ) NAMED_UNIT ( * ) SI_UNIT ( .MILLI., .METRE. ) );
#964 = ORIENTED_EDGE ( 'NONE', *, *, #2537, .T. ) ;
#965 = STYLED_ITEM ( 'NONE', ( #671 ), #1759 ) ;
#966 = CIRCLE ( 'NONE', #3239, 0.3499999999999999223 ) ;
#967 = MECHANICAL_DESIGN_GEOMETRIC_PRESENTATION_REPRESENTATION (  '', ( #1238 ), #279 ) ;
#968 = FACE_BOUND ( 'NONE', #2168, .T. ) ;
#969 =( NAMED_UNIT ( * ) SI_UNIT ( $, .STERADIAN. ) SOLID_ANGLE_UNIT ( ) );
#970 = SURFACE_STYLE_USAGE ( .BOTH. , #1241 ) ;
#971 = EDGE_CURVE ( 'NONE', #2743, #678, #2751, .T. ) ;
#972 = EDGE_LOOP ( 'NONE', ( #752, #837, #483, #1924 ) ) ;
#973 = AXIS2_PLACEMENT_3D ( 'NONE', #2663, #373, #2179 ) ;
#974 = PRESENTATION_STYLE_ASSIGNMENT (( #2041 ) ) ;
#975 =( LENGTH_UNIT ( ) NAMED_UNIT ( * ) SI_UNIT ( .MILLI., .METRE. ) );
#976 = SURFACE_SIDE_STYLE ('',( #1483 ) ) ;
#977 =( LENGTH_UNIT ( ) NAMED_UNIT ( * ) SI_UNIT ( .MILLI., .METRE. ) );
#978 = FILL_AREA_STYLE ('',( #2276 ) ) ;
#979 = ORIENTED_EDGE ( 'NONE', *, *, #1484, .F. ) ;
#980 = VERTEX_POINT ( 'NONE', #2005 ) ;
#981 = EDGE_CURVE ( 'NONE', #869, #1704, #3040, .T. ) ;
#982 = FILL_AREA_STYLE_COLOUR ( '', #218 ) ;
#983 = CARTESIAN_POINT ( 'NONE',  ( 0.5000000000000082157, 0.0000000000000000000, 1.150000000000011458 ) ) ;
#984 = EDGE_LOOP ( 'NONE', ( #456, #1440, #370, #1163 ) ) ;
#985 = FACE_BOUND ( 'NONE', #1031, .T. ) ;
#986 = ORIENTED_EDGE ( 'NONE', *, *, #1008, .F. ) ;
#987 =( NAMED_UNIT ( * ) SI_UNIT ( $, .STERADIAN. ) SOLID_ANGLE_UNIT ( ) );
#988 = CARTESIAN_POINT ( 'NONE',  ( 0.6250000000000082157, 0.9300000000000000488, 0.1380000000000092819 ) ) ;
#989 = FACE_OUTER_BOUND ( 'NONE', #738, .T. ) ;
#990 = UNCERTAINTY_MEASURE_WITH_UNIT (LENGTH_MEASURE( 1.000000000000000082E-05 ), #1852, 'distance_accuracy_value', 'NONE');
#991 = CARTESIAN_POINT ( 'NONE',  ( 0.1500000000000077660, -0.0001000000000000000048, -0.7999999999999883871 ) ) ;
#992 = CARTESIAN_POINT ( 'NONE',  ( -1.249999999999992006, 0.1300000000000000044, -1.249999999999990674 ) ) ;
#993 = ORIENTED_EDGE ( 'NONE', *, *, #2616, .T. ) ;
#994 = COLOUR_RGB ( '',1.000000000000000000, 1.000000000000000000, 1.000000000000000000 ) ;
#995 = ORIENTED_EDGE ( 'NONE', *, *, #3221, .T. ) ;
#996 = CARTESIAN_POINT ( 'NONE',  ( 1.250000000000008216, 0.0000000000000000000, 1.250000000000011546 ) ) ;
#997 = PRESENTATION_LAYER_ASSIGNMENT (  '', '', ( #2155 ) ) ;
#998 = ADVANCED_FACE ( 'NONE', ( #2611 ), #2089, .T. ) ;
#999 = PLANE ( 'NONE',  #2980 ) ;
#1000 =( LENGTH_UNIT ( ) NAMED_UNIT ( * ) SI_UNIT ( .MILLI., .METRE. ) );
#1001 = MECHANICAL_DESIGN_GEOMETRIC_PRESENTATION_REPRESENTATION (  '', ( #947 ), #1883 ) ;
#1002 = LINE ( 'NONE', #2057, #651 ) ;
#1003 = COLOUR_RGB ( '',1.000000000000000000, 1.000000000000000000, 1.000000000000000000 ) ;
#1004 = DIRECTION ( 'NONE',  ( 0.0000000000000000000, 0.0000000000000000000, -1.000000000000000000 ) ) ;
#1005 = DIRECTION ( 'NONE',  ( -0.0000000000000000000, 1.000000000000000000, -0.0000000000000000000 ) ) ;
#1006 = CARTESIAN_POINT ( 'NONE',  ( 0.5000000000000079936, 0.0000000000000000000, 0.8000000000000113687 ) ) ;
#1007 = PRESENTATION_LAYER_ASSIGNMENT (  '', '', ( #2260 ) ) ;
#1008 = EDGE_CURVE ( 'NONE', #2668, #2569, #2575, .T. ) ;
#1009 = VECTOR ( 'NONE', #3278, 1000.000000000000000 ) ;
#1010 =( LENGTH_UNIT ( ) NAMED_UNIT ( * ) SI_UNIT ( .MILLI., .METRE. ) );
#1011 = AXIS2_PLACEMENT_3D ( 'NONE', #25, #1524, #2587 ) ;
#1012 = DIRECTION ( 'NONE',  ( -0.0000000000000000000, 1.000000000000000000, -0.0000000000000000000 ) ) ;
#1013 = ORIENTED_EDGE ( 'NONE', *, *, #389, .T. ) ;
#1014 = ADVANCED_FACE ( 'NONE', ( #2858 ), #316, .F. ) ;
#1015 = ORIENTED_EDGE ( 'NONE', *, *, #63, .T. ) ;
#1016 = CARTESIAN_POINT ( 'NONE',  ( 0.5000000000000079936, -0.0001000000000000000048, 1.150000000000011458 ) ) ;
#1017 = VECTOR ( 'NONE', #96, 1000.000000000000000 ) ;
#1018 = EDGE_LOOP ( 'NONE', ( #2339, #192, #2301, #2704 ) ) ;
#1019 = VECTOR ( 'NONE', #2402, 1000.000000000000000 ) ;
#1020 =( LENGTH_UNIT ( ) NAMED_UNIT ( * ) SI_UNIT ( .MILLI., .METRE. ) );
#1021 = CARTESIAN_POINT ( 'NONE',  ( -0.8000000000000000444, 0.2800000000000000822, 0.8000000000000001554 ) ) ;
#1022 = CIRCLE ( 'NONE', #1954, 0.2500000000000000000 ) ;
#1023 = CIRCLE ( 'NONE', #2324, 0.1000000000000001582 ) ;
#1024 = LINE ( 'NONE', #1254, #2012 ) ;
#1025 = VECTOR ( 'NONE', #751, 1000.000000000000000 ) ;
#1026 = SURFACE_STYLE_USAGE ( .BOTH. , #2347 ) ;
#1027 = CARTESIAN_POINT ( 'NONE',  ( 0.6250000000000082157, 0.4300000000000000488, -0.01199999999999075070 ) ) ;
#1028 =( LENGTH_UNIT ( ) NAMED_UNIT ( * ) SI_UNIT ( .MILLI., .METRE. ) );
#1029 = PRESENTATION_LAYER_ASSIGNMENT (  '', '', ( #2609 ) ) ;
#1030 = PRESENTATION_STYLE_ASSIGNMENT (( #2322 ) ) ;
#1031 = EDGE_LOOP ( 'NONE', ( #618, #311, #1978, #2875 ) ) ;
#1032 = LINE ( 'NONE', #2084, #675 ) ;
#1033 = ORIENTED_EDGE ( 'NONE', *, *, #44, .T. ) ;
#1034 = DIRECTION ( 'NONE',  ( 1.000000000000000000, 0.0000000000000000000, 0.0000000000000000000 ) ) ;
#1035 = CARTESIAN_POINT ( 'NONE',  ( -0.4999999999999920064, -0.0001000000000000000048, 1.150000000000011458 ) ) ;
#1036 = CARTESIAN_POINT ( 'NONE',  ( -0.4999999999999922284, 0.0000000000000000000, -0.7999999999999886091 ) ) ;
#1037 = DIRECTION ( 'NONE',  ( 0.0000000000000000000, -1.000000000000000000, 0.0000000000000000000 ) ) ;
#1038 = CARTESIAN_POINT ( 'NONE',  ( -0.1499999999999919453, -0.0001000000000000000048, 0.8000000000000113687 ) ) ;
#1039 = PLANE ( 'NONE',  #2419 ) ;
#1040 = DIRECTION ( 'NONE',  ( -9.427844978134822666E-17, 0.0000000000000000000, -1.000000000000000000 ) ) ;
#1041 = EDGE_CURVE ( 'NONE', #2390, #1368, #1548, .T. ) ;
#1042 = CARTESIAN_POINT ( 'NONE',  ( -0.1499999999999921396, -0.0001000000000000000048, -0.7999999999999883871 ) ) ;
#1043 = CARTESIAN_POINT ( 'NONE',  ( -0.7999999999999921618, 0.0000000000000000000, -1.149999999999988587 ) ) ;
#1044 = EDGE_LOOP ( 'NONE', ( #3309, #1836, #67, #1995 ) ) ;
#1045 = EDGE_CURVE ( 'NONE', #2291, #74, #65, .T. ) ;
#1046 = CARTESIAN_POINT ( 'NONE',  ( 0.5000000000000077716, -0.0001000000000000000048, -1.149999999999988587 ) ) ;
#1047 = VERTEX_POINT ( 'NONE', #1036 ) ;
#1048 = DIRECTION ( 'NONE',  ( 0.0000000000000000000, -1.000000000000000000, 0.0000000000000000000 ) ) ;
#1049 =( NAMED_UNIT ( * ) PLANE_ANGLE_UNIT ( ) SI_UNIT ( $, .RADIAN. ) );
#1050 = EDGE_LOOP ( 'NONE', ( #1106, #287, #1710, #2261 ) ) ;
#1051 = ADVANCED_FACE ( 'NONE', ( #570 ), #1093, .F. ) ;
#1052 = EDGE_CURVE ( 'NONE', #3212, #3030, #1054, .T. ) ;
#1053 = VECTOR ( 'NONE', #948, 1000.000000000000000 ) ;
#1054 = LINE ( 'NONE', #2143, #2685 ) ;
#1055 = PLANE ( 'NONE',  #699 ) ;
#1056 = AXIS2_PLACEMENT_3D ( 'NONE', #3331, #2321, #2064 ) ;
#1057 = VECTOR ( 'NONE', #561, 1000.000000000000000 ) ;
#1058 = CARTESIAN_POINT ( 'NONE',  ( -1.149999999999992140, -0.0001000000000000000048, -0.7999999999999883871 ) ) ;
#1059 = DIRECTION ( 'NONE',  ( 1.000000000000000000, 0.0000000000000000000, -1.971276677246371765E-16 ) ) ;
#1060 =( LENGTH_UNIT ( ) NAMED_UNIT ( * ) SI_UNIT ( .MILLI., .METRE. ) );
#1061 = AXIS2_PLACEMENT_3D ( 'NONE', #1454, #1753, #3272 ) ;
#1062 = UNCERTAINTY_MEASURE_WITH_UNIT (LENGTH_MEASURE( 1.000000000000000082E-05 ), #2941, 'distance_accuracy_value', 'NONE');
#1063 = PLANE ( 'NONE',  #355 ) ;
#1064 = VECTOR ( 'NONE', #2281, 1000.000000000000000 ) ;
#1065 = FILL_AREA_STYLE ('',( #766 ) ) ;
#1066 = VECTOR ( 'NONE', #2661, 1000.000000000000000 ) ;
#1067 = COLOUR_RGB ( '',1.000000000000000000, 1.000000000000000000, 0.0000000000000000000 ) ;
#1068 = CARTESIAN_POINT ( 'NONE',  ( 1.250000000000007994, 0.0000000000000000000, -1.249999999999990674 ) ) ;
#1069 = ORIENTED_EDGE ( 'NONE', *, *, #2379, .T. ) ;
#1070 = CARTESIAN_POINT ( 'NONE',  ( 0.5000000000000077716, 0.0000000000000000000, -0.7999999999999883871 ) ) ;
#1071 = PRESENTATION_STYLE_ASSIGNMENT (( #1089 ) ) ;
#1072 = ADVANCED_FACE ( 'NONE', ( #46 ), #3130, .F. ) ;
#1073 = LINE ( 'NONE', #2119, #2869 ) ;
#1074 = VECTOR ( 'NONE', #2806, 1000.000000000000000 ) ;
#1075 = DIRECTION ( 'NONE',  ( -1.000000000000000000, 0.0000000000000000000, 0.0000000000000000000 ) ) ;
#1076 = VERTEX_POINT ( 'NONE', #2913 ) ;
#1077 = DIRECTION ( 'NONE',  ( -1.000000000000000000, 0.0000000000000000000, 0.0000000000000000000 ) ) ;
#1078 = ORIENTED_EDGE ( 'NONE', *, *, #207, .T. ) ;
#1079 = FACE_OUTER_BOUND ( 'NONE', #213, .T. ) ;
#1080 = SURFACE_STYLE_FILL_AREA ( #3137 ) ;
#1081 = AXIS2_PLACEMENT_3D ( 'NONE', #2421, #98, #902 ) ;
#1082 = CIRCLE ( 'NONE', #3300, 0.04999999999999991257 ) ;
#1083 = PRESENTATION_LAYER_ASSIGNMENT (  '', '', ( #2225 ) ) ;
#1084 = SURFACE_SIDE_STYLE ('',( #1433 ) ) ;
#1085 =( GEOMETRIC_REPRESENTATION_CONTEXT ( 3 ) GLOBAL_UNCERTAINTY_ASSIGNED_CONTEXT ( ( #2030 ) ) GLOBAL_UNIT_ASSIGNED_CONTEXT ( ( #1319, #775, #2956 ) ) REPRESENTATION_CONTEXT ( 'NONE', 'WORKASPACE' ) );
#1086 = SURFACE_STYLE_USAGE ( .BOTH. , #55 ) ;
#1087 = ORIENTED_EDGE ( 'NONE', *, *, #1533, .T. ) ;
#1088 = PRESENTATION_STYLE_ASSIGNMENT (( #2138 ) ) ;
#1089 = SURFACE_STYLE_USAGE ( .BOTH. , #42 ) ;
#1090 = CARTESIAN_POINT ( 'NONE',  ( 1.149999999999999911, 0.2300000000000000655, 0.7999999999999998224 ) ) ;
#1091 = ORIENTED_EDGE ( 'NONE', *, *, #1593, .F. ) ;
#1092 = FILL_AREA_STYLE ('',( #64 ) ) ;
#1093 = PLANE ( 'NONE',  #790 ) ;
#1094 = ORIENTED_EDGE ( 'NONE', *, *, #102, .F. ) ;
#1095 = ORIENTED_EDGE ( 'NONE', *, *, #971, .T. ) ;
#1096 = DIRECTION ( 'NONE',  ( 1.000000000000000000, 0.0000000000000000000, 0.0000000000000000000 ) ) ;
#1097 = SURFACE_STYLE_FILL_AREA ( #2348 ) ;
#1098 = DIRECTION ( 'NONE',  ( 1.000000000000000000, 0.0000000000000000000, -9.427844978134822666E-17 ) ) ;
#1099 = DIRECTION ( 'NONE',  ( -0.0000000000000000000, -1.000000000000000000, -0.0000000000000000000 ) ) ;
#1100 = PRESENTATION_STYLE_ASSIGNMENT (( #1402 ) ) ;
#1101 = UNCERTAINTY_MEASURE_WITH_UNIT (LENGTH_MEASURE( 1.000000000000000082E-05 ), #1156, 'distance_accuracy_value', 'NONE');
#1102 = ORIENTED_EDGE ( 'NONE', *, *, #2576, .F. ) ;
#1103 = SURFACE_SIDE_STYLE ('',( #2180 ) ) ;
#1104 = PLANE ( 'NONE',  #1943 ) ;
#1105 = ORIENTED_EDGE ( 'NONE', *, *, #1639, .T. ) ;
#1106 = ORIENTED_EDGE ( 'NONE', *, *, #2220, .F. ) ;
#1107 = STYLED_ITEM ( 'NONE', ( #862 ), #166 ) ;
#1108 =( LENGTH_UNIT ( ) NAMED_UNIT ( * ) SI_UNIT ( .MILLI., .METRE. ) );
#1109 = EDGE_CURVE ( 'NONE', #2115, #1217, #1114, .T. ) ;
#1110 = MECHANICAL_DESIGN_GEOMETRIC_PRESENTATION_REPRESENTATION (  '', ( #2155 ), #140 ) ;
#1111 = LINE ( 'NONE', #1042, #2356 ) ;
#1112 = EDGE_CURVE ( 'NONE', #2390, #1583, #2840, .T. ) ;
#1113 = PRESENTATION_STYLE_ASSIGNMENT (( #827 ) ) ;
#1114 = CIRCLE ( 'NONE', #1218, 0.2999999999999999334 ) ;
#1115 = LINE ( 'NONE', #1908, #2199 ) ;
#1116 = EDGE_CURVE ( 'NONE', #473, #2917, #474, .T. ) ;
#1117 = ORIENTED_EDGE ( 'NONE', *, *, #2410, .F. ) ;
#1118 = CIRCLE ( 'NONE', #1775, 0.2500000000000000000 ) ;
#1119 = EDGE_LOOP ( 'NONE', ( #1434, #9, #1787, #363 ) ) ;
#1120 = CARTESIAN_POINT ( 'NONE',  ( 0.5000000000000079936, -0.0001000000000000000048, 1.150000000000011458 ) ) ;
#1121 = DIRECTION ( 'NONE',  ( -1.000000000000000000, 0.0000000000000000000, 0.0000000000000000000 ) ) ;
#1122 = ORIENTED_EDGE ( 'NONE', *, *, #81, .T. ) ;
#1123 = DIRECTION ( 'NONE',  ( 0.0000000000000000000, 0.0000000000000000000, 1.000000000000000000 ) ) ;
#1124 = CIRCLE ( 'NONE', #365, 0.2999999999999999334 ) ;
#1125 =( NAMED_UNIT ( * ) SI_UNIT ( $, .STERADIAN. ) SOLID_ANGLE_UNIT ( ) );
#1126 =( LENGTH_UNIT ( ) NAMED_UNIT ( * ) SI_UNIT ( .MILLI., .METRE. ) );
#1127 = DIRECTION ( 'NONE',  ( -9.427844978134821433E-17, 0.0000000000000000000, -1.000000000000000000 ) ) ;
#1128 = AXIS2_PLACEMENT_3D ( 'NONE', #1369, #1913, #2452 ) ;
#1129 = CARTESIAN_POINT ( 'NONE',  ( 1.150000000000007683, -0.0001000000000000000048, -0.7999999999999883871 ) ) ;
#1130 =( GEOMETRIC_REPRESENTATION_CONTEXT ( 3 ) GLOBAL_UNCERTAINTY_ASSIGNED_CONTEXT ( ( #661 ) ) GLOBAL_UNIT_ASSIGNED_CONTEXT ( ( #686, #169, #3256 ) ) REPRESENTATION_CONTEXT ( 'NONE', 'WORKASPACE' ) );
#1131 = STYLED_ITEM ( 'NONE', ( #1284 ), #2362 ) ;
#1132 = LINE ( 'NONE', #1724, #1816 ) ;
#1133 = CARTESIAN_POINT ( 'NONE',  ( 0.1500000000000077660, 0.0000000000000000000, -0.7999999999999886091 ) ) ;
#1134 = ORIENTED_EDGE ( 'NONE', *, *, #1109, .F. ) ;
#1135 = ORIENTED_EDGE ( 'NONE', *, *, #2935, .F. ) ;
#1136 = SURFACE_STYLE_FILL_AREA ( #111 ) ;
#1137 = FILL_AREA_STYLE_COLOUR ( '', #1607 ) ;
#1138 = FACE_OUTER_BOUND ( 'NONE', #1152, .T. ) ;
#1139 = DIRECTION ( 'NONE',  ( -0.0000000000000000000, -0.0000000000000000000, 1.000000000000000000 ) ) ;
#1140 = CARTESIAN_POINT ( 'NONE',  ( 0.1500000000000077660, -0.0001000000000000000048, -0.7999999999999883871 ) ) ;
#1141 = FILL_AREA_STYLE_COLOUR ( '', #385 ) ;
#1142 = CARTESIAN_POINT ( 'NONE',  ( 0.0000000000000000000, 0.0000000000000000000, 0.0000000000000000000 ) ) ;
#1143 = SURFACE_SIDE_STYLE ('',( #393 ) ) ;
#1144 = VERTEX_POINT ( 'NONE', #526 ) ;
#1145 = EDGE_CURVE ( 'NONE', #2743, #110, #2796, .T. ) ;
#1146 = ORIENTED_EDGE ( 'NONE', *, *, #731, .T. ) ;
#1147 = ADVANCED_FACE ( 'NONE', ( #2952 ), #384, .F. ) ;
#1148 = EDGE_CURVE ( 'NONE', #3066, #2390, #868, .T. ) ;
#1149 = CARTESIAN_POINT ( 'NONE',  ( -0.7999999999999919398, 0.0000000000000000000, 0.8000000000000113687 ) ) ;
#1150 = DIRECTION ( 'NONE',  ( 0.0000000000000000000, 1.000000000000000000, 0.0000000000000000000 ) ) ;
#1151 = SURFACE_STYLE_USAGE ( .BOTH. , #3004 ) ;
#1152 = EDGE_LOOP ( 'NONE', ( #2633, #2311, #2763, #2495 ) ) ;
#1153 = AXIS2_PLACEMENT_3D ( 'NONE', #120, #1940, #2761 ) ;
#1154 = SURFACE_STYLE_USAGE ( .BOTH. , #117 ) ;
#1155 = FILL_AREA_STYLE_COLOUR ( '', #2540 ) ;
#1156 =( LENGTH_UNIT ( ) NAMED_UNIT ( * ) SI_UNIT ( .MILLI., .METRE. ) );
#1157 = VECTOR ( 'NONE', #1972, 1000.000000000000000 ) ;
#1158 = UNCERTAINTY_MEASURE_WITH_UNIT (LENGTH_MEASURE( 1.000000000000000082E-05 ), #2539, 'distance_accuracy_value', 'NONE');
#1159 = CARTESIAN_POINT ( 'NONE',  ( 0.6250000000000082157, 0.9300000000000000488, -0.01199999999999075070 ) ) ;
#1160 = PRESENTATION_LAYER_ASSIGNMENT (  '', '', ( #947 ) ) ;
#1161 = PRESENTATION_STYLE_ASSIGNMENT (( #1941 ) ) ;
#1162 = ORIENTED_EDGE ( 'NONE', *, *, #2407, .T. ) ;
#1163 = ORIENTED_EDGE ( 'NONE', *, *, #460, .T. ) ;
#1164 = CARTESIAN_POINT ( 'NONE',  ( 0.8500000000000004219, 0.6800000000000000488, 0.7999999999999997113 ) ) ;
#1165 = AXIS2_PLACEMENT_3D ( 'NONE', #3322, #2035, #1233 ) ;
#1166 = CARTESIAN_POINT ( 'NONE',  ( 1.150000000000007905, -0.0001000000000000000048, 0.8000000000000113687 ) ) ;
#1167 = ORIENTED_EDGE ( 'NONE', *, *, #2716, .F. ) ;
#1168 = AXIS2_PLACEMENT_3D ( 'NONE', #3260, #3224, #1426 ) ;
#1169 = CARTESIAN_POINT ( 'NONE',  ( -0.7999999999999919398, -0.0001000000000000000048, 1.150000000000011458 ) ) ;
#1170 = PLANE ( 'NONE',  #2175 ) ;
#1171 = CARTESIAN_POINT ( 'NONE',  ( -0.1499999999999919453, -0.0001000000000000000048, 1.150000000000011458 ) ) ;
#1172 = COLOUR_RGB ( '',1.000000000000000000, 1.000000000000000000, 1.000000000000000000 ) ;
#1173 = STYLED_ITEM ( 'NONE', ( #79 ), #2068 ) ;
#1174 =( GEOMETRIC_REPRESENTATION_CONTEXT ( 3 ) GLOBAL_UNCERTAINTY_ASSIGNED_CONTEXT ( ( #791 ) ) GLOBAL_UNIT_ASSIGNED_CONTEXT ( ( #1641, #2197, #2416 ) ) REPRESENTATION_CONTEXT ( 'NONE', 'WORKASPACE' ) );
#1175 = SURFACE_STYLE_USAGE ( .BOTH. , #157 ) ;
#1176 = PRESENTATION_LAYER_ASSIGNMENT (  '', '', ( #333 ) ) ;
#1177 = VERTEX_POINT ( 'NONE', #2680 ) ;
#1178 = VECTOR ( 'NONE', #444, 1000.000000000000000 ) ;
#1179 = ORIENTED_EDGE ( 'NONE', *, *, #2292, .T. ) ;
#1180 = SURFACE_SIDE_STYLE ('',( #1468 ) ) ;
#1181 = SURFACE_SIDE_STYLE ('',( #194 ) ) ;
#1182 = DIRECTION ( 'NONE',  ( -0.0000000000000000000, -1.000000000000000000, 0.0000000000000000000 ) ) ;
#1183 = VERTEX_POINT ( 'NONE', #2964 ) ;
#1184 = EDGE_CURVE ( 'NONE', #934, #2996, #1406, .T. ) ;
#1185 = CARTESIAN_POINT ( 'NONE',  ( -0.7999999999999999334, 0.2300000000000000655, 1.149999999999999911 ) ) ;
#1186 = DIRECTION ( 'NONE',  ( -0.0000000000000000000, 1.000000000000000000, -0.0000000000000000000 ) ) ;
#1187 = DIRECTION ( 'NONE',  ( -1.000000000000000000, 0.0000000000000000000, 9.427844978134822666E-17 ) ) ;
#1188 = ORIENTED_EDGE ( 'NONE', *, *, #2350, .F. ) ;
#1189 = LINE ( 'NONE', #1374, #2415 ) ;
#1190 = LINE ( 'NONE', #691, #1889 ) ;
#1191 = SURFACE_STYLE_USAGE ( .BOTH. , #174 ) ;
#1192 = UNCERTAINTY_MEASURE_WITH_UNIT (LENGTH_MEASURE( 1.000000000000000082E-05 ), #1783, 'distance_accuracy_value', 'NONE');
#1193 = DIRECTION ( 'NONE',  ( -0.0000000000000000000, -0.0000000000000000000, 1.000000000000000000 ) ) ;
#1194 = LINE ( 'NONE', #1976, #1903 ) ;
#1195 = ORIENTED_EDGE ( 'NONE', *, *, #2066, .T. ) ;
#1196 = ORIENTED_EDGE ( 'NONE', *, *, #1717, .F. ) ;
#1197 = PLANE ( 'NONE',  #1224 ) ;
#1198 = DIRECTION ( 'NONE',  ( 1.000000000000000000, -0.0000000000000000000, -0.0000000000000000000 ) ) ;
#1199 = VERTEX_POINT ( 'NONE', #608 ) ;
#1200 = LINE ( 'NONE', #263, #464 ) ;
#1201 = FACE_OUTER_BOUND ( 'NONE', #801, .T. ) ;
#1202 = CARTESIAN_POINT ( 'NONE',  ( 0.6250000000000082157, 0.4300000000000000488, 0.1380000000000092819 ) ) ;
#1203 =( NAMED_UNIT ( * ) PLANE_ANGLE_UNIT ( ) SI_UNIT ( $, .RADIAN. ) );
#1204 = ORIENTED_EDGE ( 'NONE', *, *, #1605, .F. ) ;
#1205 =( LENGTH_UNIT ( ) NAMED_UNIT ( * ) SI_UNIT ( .MILLI., .METRE. ) );
#1206 = ADVANCED_FACE ( 'NONE', ( #1383 ), #653, .T. ) ;
#1207 = SURFACE_STYLE_FILL_AREA ( #2579 ) ;
#1208 = CYLINDRICAL_SURFACE ( 'NONE', #2330, 0.2500000000000000000 ) ;
#1209 = AXIS2_PLACEMENT_3D ( 'NONE', #1838, #2874, #552 ) ;
#1210 = CARTESIAN_POINT ( 'NONE',  ( 0.1500000000000077660, -0.0001000000000000000048, -0.7999999999999883871 ) ) ;
#1211 = LINE ( 'NONE', #482, #2656 ) ;
#1212 = ORIENTED_EDGE ( 'NONE', *, *, #1885, .F. ) ;
#1213 = COLOUR_RGB ( '',1.000000000000000000, 1.000000000000000000, 0.0000000000000000000 ) ;
#1214 = ADVANCED_FACE ( 'NONE', ( #1946 ), #2703, .T. ) ;
#1215 = CARTESIAN_POINT ( 'NONE',  ( 0.8000000000000003775, 0.2800000000000000822, 0.7999999999999998224 ) ) ;
#1216 = DIRECTION ( 'NONE',  ( 0.0000000000000000000, 0.0000000000000000000, -1.000000000000000000 ) ) ;
#1217 = VERTEX_POINT ( 'NONE', #1469 ) ;
#1218 = AXIS2_PLACEMENT_3D ( 'NONE', #2364, #836, #589 ) ;
#1219 =( GEOMETRIC_REPRESENTATION_CONTEXT ( 3 ) GLOBAL_UNCERTAINTY_ASSIGNED_CONTEXT ( ( #1158 ) ) GLOBAL_UNIT_ASSIGNED_CONTEXT ( ( #2539, #782, #2635 ) ) REPRESENTATION_CONTEXT ( 'NONE', 'WORKASPACE' ) );
#1220 = DIRECTION ( 'NONE',  ( -1.000000000000000000, 0.0000000000000000000, 0.0000000000000000000 ) ) ;
#1221 = DIRECTION ( 'NONE',  ( -1.000000000000000000, 0.0000000000000000000, 0.0000000000000000000 ) ) ;
#1222 = ORIENTED_EDGE ( 'NONE', *, *, #2081, .T. ) ;
#1223 = CIRCLE ( 'NONE', #2691, 0.1500000000000000500 ) ;
#1224 = AXIS2_PLACEMENT_3D ( 'NONE', #554, #1282, #2358 ) ;
#1225 = SURFACE_STYLE_FILL_AREA ( #203 ) ;
#1226 = DIRECTION ( 'NONE',  ( -0.0000000000000000000, -1.000000000000000000, -0.0000000000000000000 ) ) ;
#1227 = UNCERTAINTY_MEASURE_WITH_UNIT (LENGTH_MEASURE( 1.000000000000000082E-05 ), #3091, 'distance_accuracy_value', 'NONE');
#1228 = CARTESIAN_POINT ( 'NONE',  ( -0.9000000000000002442, 0.1300000000000000044, 1.149999999999999911 ) ) ;
#1229 = PRESENTATION_LAYER_ASSIGNMENT (  '', '', ( #1173 ) ) ;
#1230 = ORIENTED_EDGE ( 'NONE', *, *, #656, .T. ) ;
#1231 = VERTEX_POINT ( 'NONE', #929 ) ;
#1232 =( NAMED_UNIT ( * ) SI_UNIT ( $, .STERADIAN. ) SOLID_ANGLE_UNIT ( ) );
#1233 = DIRECTION ( 'NONE',  ( -1.000000000000000000, 0.0000000000000000000, 9.856383386231858827E-17 ) ) ;
#1234 = CARTESIAN_POINT ( 'NONE',  ( -0.4999999999999922284, -0.0001000000000000000048, -1.149999999999988587 ) ) ;
#1235 = ORIENTED_EDGE ( 'NONE', *, *, #1497, .T. ) ;
#1236 = AXIS2_PLACEMENT_3D ( 'NONE', #2785, #725, #2299 ) ;
#1237 = COLOUR_RGB ( '',0.0000000000000000000, 0.2117647058823529382, 0.4549019607843137192 ) ;
#1238 = STYLED_ITEM ( 'NONE', ( #1855 ), #2571 ) ;
#1239 = LINE ( 'NONE', #3055, #2597 ) ;
#1240 =( NAMED_UNIT ( * ) PLANE_ANGLE_UNIT ( ) SI_UNIT ( $, .RADIAN. ) );
#1241 = SURFACE_SIDE_STYLE ('',( #2523 ) ) ;
#1242 = VERTEX_POINT ( 'NONE', #983 ) ;
#1243 = MECHANICAL_DESIGN_GEOMETRIC_PRESENTATION_REPRESENTATION (  '', ( #3236 ), #2394 ) ;
#1244 =( NAMED_UNIT ( * ) PLANE_ANGLE_UNIT ( ) SI_UNIT ( $, .RADIAN. ) );
#1245 = CARTESIAN_POINT ( 'NONE',  ( 1.150000000000007683, -0.0001000000000000000048, -0.7999999999999883871 ) ) ;
#1246 = CARTESIAN_POINT ( 'NONE',  ( 0.6250000000000082157, 0.4300000000000000488, 0.1380000000000092819 ) ) ;
#1247 = SURFACE_STYLE_FILL_AREA ( #2819 ) ;
#1248 = EDGE_CURVE ( 'NONE', #2917, #161, #1473, .T. ) ;
#1249 = ORIENTED_EDGE ( 'NONE', *, *, #2793, .T. ) ;
#1250 = EDGE_LOOP ( 'NONE', ( #3043, #2912, #2236, #2658 ) ) ;
#1251 = DIRECTION ( 'NONE',  ( -1.000000000000000000, -0.0000000000000000000, -0.0000000000000000000 ) ) ;
#1252 = CARTESIAN_POINT ( 'NONE',  ( -0.7999999999999921618, -0.0001000000000000000048, -0.7999999999999883871 ) ) ;
#1253 = SURFACE_STYLE_FILL_AREA ( #236 ) ;
#1254 = CARTESIAN_POINT ( 'NONE',  ( 1.150000000000007683, 0.0000000000000000000, -1.149999999999988587 ) ) ;
#1255 = CARTESIAN_POINT ( 'NONE',  ( -0.9000000000000002442, 0.1300000000000000044, -0.9000000000000000222 ) ) ;
#1256 = SURFACE_STYLE_FILL_AREA ( #2774 ) ;
#1257 = EDGE_CURVE ( 'NONE', #3030, #66, #680, .T. ) ;
#1258 = PRESENTATION_STYLE_ASSIGNMENT (( #256 ) ) ;
#1259 = ORIENTED_EDGE ( 'NONE', *, *, #1464, .F. ) ;
#1260 = UNCERTAINTY_MEASURE_WITH_UNIT (LENGTH_MEASURE( 1.000000000000000082E-05 ), #3254, 'distance_accuracy_value', 'NONE');
#1261 = DIRECTION ( 'NONE',  ( 0.0000000000000000000, 0.0000000000000000000, 1.000000000000000000 ) ) ;
#1262 = CARTESIAN_POINT ( 'NONE',  ( 0.8000000000000004885, 0.2300000000000000655, 1.099999999999999645 ) ) ;
#1263 = VERTEX_POINT ( 'NONE', #2506 ) ;
#1264 = CARTESIAN_POINT ( 'NONE',  ( -0.8000000000000003775, 0.6800000000000000488, -1.100000000000000089 ) ) ;
#1265 = AXIS2_PLACEMENT_3D ( 'NONE', #2603, #2585, #3019 ) ;
#1266 = VERTEX_POINT ( 'NONE', #736 ) ;
#1267 = DIRECTION ( 'NONE',  ( 0.0000000000000000000, 0.0000000000000000000, -1.000000000000000000 ) ) ;
#1268 = CARTESIAN_POINT ( 'NONE',  ( -0.7999999999999919398, -0.0001000000000000000048, 0.8000000000000113687 ) ) ;
#1269 = EDGE_CURVE ( 'NONE', #127, #2642, #95, .T. ) ;
#1270 = CARTESIAN_POINT ( 'NONE',  ( -1.149999999999991918, -0.0001000000000000000048, 1.150000000000011458 ) ) ;
#1271 = AXIS2_PLACEMENT_3D ( 'NONE', #1027, #1005, #1481 ) ;
#1272 = VECTOR ( 'NONE', #1303, 1000.000000000000000 ) ;
#1273 = CARTESIAN_POINT ( 'NONE',  ( -0.4999999999999920064, -0.0001000000000000000048, 0.8000000000000113687 ) ) ;
#1274 = CYLINDRICAL_SURFACE ( 'NONE', #1271, 0.1500000000000000500 ) ;
#1275 = LINE ( 'NONE', #1795, #639 ) ;
#1276 = EDGE_CURVE ( 'NONE', #1183, #2640, #586, .T. ) ;
#1277 =( NAMED_UNIT ( * ) SI_UNIT ( $, .STERADIAN. ) SOLID_ANGLE_UNIT ( ) );
#1278 = PRESENTATION_LAYER_ASSIGNMENT (  '', '', ( #1659 ) ) ;
#1279 = ORIENTED_EDGE ( 'NONE', *, *, #2098, .T. ) ;
#1280 = CARTESIAN_POINT ( 'NONE',  ( 1.150000000000007905, -0.0001000000000000000048, 0.8000000000000113687 ) ) ;
#1281 = EDGE_LOOP ( 'NONE', ( #141, #2069, #1204, #3340 ) ) ;
#1282 = DIRECTION ( 'NONE',  ( 0.0000000000000000000, -1.000000000000000000, 0.0000000000000000000 ) ) ;
#1283 = CARTESIAN_POINT ( 'NONE',  ( 1.149999999999999689, 0.1300000000000000044, -1.150000000000000355 ) ) ;
#1284 = PRESENTATION_STYLE_ASSIGNMENT (( #2589 ) ) ;
#1285 = PRESENTATION_LAYER_ASSIGNMENT (  '', '', ( #1949 ) ) ;
#1286 = PRESENTATION_LAYER_ASSIGNMENT (  '', '', ( #3036 ) ) ;
#1287 = CIRCLE ( 'NONE', #1343, 0.2500000000000000000 ) ;
#1288 = CIRCLE ( 'NONE', #2272, 0.2500000000000000000 ) ;
#1289 =( NAMED_UNIT ( * ) PLANE_ANGLE_UNIT ( ) SI_UNIT ( $, .RADIAN. ) );
#1290 = ADVANCED_FACE ( 'NONE', ( #3310 ), #2764, .T. ) ;
#1291 = LINE ( 'NONE', #1555, #229 ) ;
#1292 = FACE_OUTER_BOUND ( 'NONE', #1354, .T. ) ;
#1293 = CARTESIAN_POINT ( 'NONE',  ( -1.150000000000000133, 0.9300000000000000488, -1.149999999999999911 ) ) ;
#1294 = UNCERTAINTY_MEASURE_WITH_UNIT (LENGTH_MEASURE( 1.000000000000000082E-05 ), #1314, 'distance_accuracy_value', 'NONE');
#1295 = DIRECTION ( 'NONE',  ( 0.0000000000000000000, 0.0000000000000000000, -1.000000000000000000 ) ) ;
#1296 = ORIENTED_EDGE ( 'NONE', *, *, #1464, .T. ) ;
#1297 = DIRECTION ( 'NONE',  ( -0.0000000000000000000, 1.000000000000000000, -0.0000000000000000000 ) ) ;
#1298 = VERTEX_POINT ( 'NONE', #1979 ) ;
#1299 = LINE ( 'NONE', #1070, #2112 ) ;
#1300 = CARTESIAN_POINT ( 'NONE',  ( -0.8000000000000003775, 0.9300000000000000488, -0.8499999999999996447 ) ) ;
#1301 = FACE_BOUND ( 'NONE', #1788, .T. ) ;
#1302 = PLANE ( 'NONE',  #2867 ) ;
#1303 = DIRECTION ( 'NONE',  ( 1.000000000000000000, -0.0000000000000000000, -0.0000000000000000000 ) ) ;
#1304 = DIRECTION ( 'NONE',  ( 0.0000000000000000000, 0.0000000000000000000, 1.000000000000000000 ) ) ;
#1305 = PLANE ( 'NONE',  #2817 ) ;
#1306 = CARTESIAN_POINT ( 'NONE',  ( 0.8000000000000004885, 0.2800000000000000822, 1.099999999999999645 ) ) ;
#1307 = CARTESIAN_POINT ( 'NONE',  ( -0.4999999999999922284, -0.0001000000000000000048, -0.7999999999999883871 ) ) ;
#1308 = DIRECTION ( 'NONE',  ( 1.000000000000000000, 0.0000000000000000000, -1.885568995626964287E-16 ) ) ;
#1309 = ORIENTED_EDGE ( 'NONE', *, *, #1760, .F. ) ;
#1310 =( LENGTH_UNIT ( ) NAMED_UNIT ( * ) SI_UNIT ( .MILLI., .METRE. ) );
#1311 = CARTESIAN_POINT ( 'NONE',  ( 0.5000000000000077716, -0.0001000000000000000048, -1.149999999999988587 ) ) ;
#1312 = LINE ( 'NONE', #2360, #2436 ) ;
#1313 = EDGE_CURVE ( 'NONE', #2894, #1550, #448, .T. ) ;
#1314 =( LENGTH_UNIT ( ) NAMED_UNIT ( * ) SI_UNIT ( .MILLI., .METRE. ) );
#1315 =( NAMED_UNIT ( * ) SI_UNIT ( $, .STERADIAN. ) SOLID_ANGLE_UNIT ( ) );
#1316 = ORIENTED_EDGE ( 'NONE', *, *, #745, .F. ) ;
#1317 = ORIENTED_EDGE ( 'NONE', *, *, #3185, .T. ) ;
#1318 = VECTOR ( 'NONE', #1059, 1000.000000000000000 ) ;
#1319 =( LENGTH_UNIT ( ) NAMED_UNIT ( * ) SI_UNIT ( .MILLI., .METRE. ) );
#1320 = CARTESIAN_POINT ( 'NONE',  ( -0.1499999999999921396, 0.0000000000000000000, -1.149999999999988587 ) ) ;
#1321 = DIRECTION ( 'NONE',  ( 0.0000000000000000000, 1.000000000000000000, -0.0000000000000000000 ) ) ;
#1322 = COLOUR_RGB ( '',1.000000000000000000, 1.000000000000000000, 1.000000000000000000 ) ;
#1323 = FILL_AREA_STYLE_COLOUR ( '', #528 ) ;
#1324 = VECTOR ( 'NONE', #1198, 1000.000000000000000 ) ;
#1325 = DIRECTION ( 'NONE',  ( 0.0000000000000000000, 0.0000000000000000000, -1.000000000000000000 ) ) ;
#1326 = ADVANCED_FACE ( 'NONE', ( #3064 ), #180, .F. ) ;
#1327 = PRESENTATION_LAYER_ASSIGNMENT (  '', '', ( #2370 ) ) ;
#1328 = FACE_OUTER_BOUND ( 'NONE', #1986, .T. ) ;
#1329 = ORIENTED_EDGE ( 'NONE', *, *, #2709, .F. ) ;
#1330 = FILL_AREA_STYLE_COLOUR ( '', #1939 ) ;
#1331 = CLOSED_SHELL ( 'NONE', ( #1290, #702, #3099, #1206, #451, #1678, #1631, #1326, #921, #673, #2362, #2464, #1376, #2165, #2194, #2571, #307, #1214, #295, #910, #2924, #2812, #3168, #998, #2442, #481, #3167, #2498, #2068, #904, #3318, #346, #1564, #3199, #2671, #2772, #1915, #2714, #166, #2460, #1339, #1759, #1598, #2939, #2934, #246, #1731, #1523, #3109, #1515, #416, #2515, #599, #1553, #874, #5, #903, #212, #3077, #476, #3076, #3129, #2401, #842, #1072, #3344, #2667, #2719, #2129, #3306, #2198, #2948, #2742, #1014, #1051, #2638, #768, #1371, #883, #2108, #2886, #2251, #1751, #2429, #1147, #3281, #3116, #503, #3243 ) ) ;
#1332 = ORIENTED_EDGE ( 'NONE', *, *, #2316, .F. ) ;
#1333 = CARTESIAN_POINT ( 'NONE',  ( -0.1499999999999921396, -0.0001000000000000000048, -0.7999999999999883871 ) ) ;
#1334 =( LENGTH_UNIT ( ) NAMED_UNIT ( * ) SI_UNIT ( .MILLI., .METRE. ) );
#1335 = ORIENTED_EDGE ( 'NONE', *, *, #1116, .T. ) ;
#1336 = CARTESIAN_POINT ( 'NONE',  ( -1.100000000000000311, 0.6800000000000000488, -0.8000000000000000444 ) ) ;
#1337 = ORIENTED_EDGE ( 'NONE', *, *, #2889, .F. ) ;
#1338 = CIRCLE ( 'NONE', #2599, 0.04999999999999991257 ) ;
#1339 = ADVANCED_FACE ( 'NONE', ( #413 ), #1766, .F. ) ;
#1340 = STYLED_ITEM ( 'NONE', ( #383 ), #3167 ) ;
#1341 = CARTESIAN_POINT ( 'NONE',  ( -0.7999999999999999334, 0.2800000000000000822, 1.100000000000000089 ) ) ;
#1342 = CARTESIAN_POINT ( 'NONE',  ( -1.149999999999992140, 0.0000000000000000000, -0.7999999999999886091 ) ) ;
#1343 = AXIS2_PLACEMENT_3D ( 'NONE', #1634, #275, #18 ) ;
#1344 = MECHANICAL_DESIGN_GEOMETRIC_PRESENTATION_REPRESENTATION (  '', ( #434 ), #3144 ) ;
#1345 = DIRECTION ( 'NONE',  ( -0.0000000000000000000, 0.0000000000000000000, 1.000000000000000000 ) ) ;
#1346 = COLOUR_RGB ( '',1.000000000000000000, 1.000000000000000000, 1.000000000000000000 ) ;
#1347 = CARTESIAN_POINT ( 'NONE',  ( -0.9000000000000000222, 0.1300000000000000044, -1.149999999999999911 ) ) ;
#1348 = ORIENTED_EDGE ( 'NONE', *, *, #1533, .F. ) ;
#1349 = EDGE_CURVE ( 'NONE', #2291, #1298, #1858, .T. ) ;
#1350 = CARTESIAN_POINT ( 'NONE',  ( -0.8500000000000003109, 0.6800000000000000488, -0.8000000000000000444 ) ) ;
#1351 = EDGE_LOOP ( 'NONE', ( #2700, #1013 ) ) ;
#1352 = PRESENTATION_STYLE_ASSIGNMENT (( #1382 ) ) ;
#1353 = SURFACE_STYLE_FILL_AREA ( #2172 ) ;
#1354 = EDGE_LOOP ( 'NONE', ( #179, #312, #3087, #3274 ) ) ;
#1355 = SURFACE_SIDE_STYLE ('',( #838 ) ) ;
#1356 = ORIENTED_EDGE ( 'NONE', *, *, #663, .F. ) ;
#1357 = EDGE_CURVE ( 'NONE', #139, #2642, #521, .T. ) ;
#1358 = EDGE_CURVE ( 'NONE', #145, #3111, #204, .T. ) ;
#1359 = DIRECTION ( 'NONE',  ( 1.000000000000000000, 0.0000000000000000000, -9.856383386231858827E-17 ) ) ;
#1360 =( NAMED_UNIT ( * ) PLANE_ANGLE_UNIT ( ) SI_UNIT ( $, .RADIAN. ) );
#1361 = FACE_OUTER_BOUND ( 'NONE', #3054, .T. ) ;
#1362 =( NAMED_UNIT ( * ) PLANE_ANGLE_UNIT ( ) SI_UNIT ( $, .RADIAN. ) );
#1363 = UNCERTAINTY_MEASURE_WITH_UNIT (LENGTH_MEASURE( 1.000000000000000082E-05 ), #1334, 'distance_accuracy_value', 'NONE');
#1364 = PLANE ( 'NONE',  #368 ) ;
#1365 = ORIENTED_EDGE ( 'NONE', *, *, #2513, .F. ) ;
#1366 = SURFACE_STYLE_USAGE ( .BOTH. , #2951 ) ;
#1367 = SURFACE_STYLE_USAGE ( .BOTH. , #126 ) ;
#1368 = VERTEX_POINT ( 'NONE', #11 ) ;
#1369 = CARTESIAN_POINT ( 'NONE',  ( -0.9749999999999919842, 0.0000000000000000000, -0.4999999999999906741 ) ) ;
#1370 = MECHANICAL_DESIGN_GEOMETRIC_PRESENTATION_REPRESENTATION (  '', ( #1107 ), #2044 ) ;
#1371 = ADVANCED_FACE ( 'NONE', ( #3128 ), #2588, .F. ) ;
#1372 = PRESENTATION_LAYER_ASSIGNMENT (  '', '', ( #3269 ) ) ;
#1373 = VECTOR ( 'NONE', #2957, 1000.000000000000000 ) ;
#1374 = CARTESIAN_POINT ( 'NONE',  ( -0.4999999999999922284, -0.0001000000000000000048, -0.7999999999999883871 ) ) ;
#1375 =( NAMED_UNIT ( * ) PLANE_ANGLE_UNIT ( ) SI_UNIT ( $, .RADIAN. ) );
#1376 = ADVANCED_FACE ( 'NONE', ( #2853 ), #248, .F. ) ;
#1377 = PLANE ( 'NONE',  #1209 ) ;
#1378 =( NAMED_UNIT ( * ) SI_UNIT ( $, .STERADIAN. ) SOLID_ANGLE_UNIT ( ) );
#1379 = VERTEX_POINT ( 'NONE', #2570 ) ;
#1380 = AXIS2_PLACEMENT_3D ( 'NONE', #2223, #2759, #343 ) ;
#1381 = EDGE_LOOP ( 'NONE', ( #822, #294, #1843, #593 ) ) ;
#1382 = SURFACE_STYLE_USAGE ( .BOTH. , #361 ) ;
#1383 = FACE_OUTER_BOUND ( 'NONE', #553, .T. ) ;
#1384 = VERTEX_POINT ( 'NONE', #2606 ) ;
#1385 = DIRECTION ( 'NONE',  ( 0.0000000000000000000, 0.0000000000000000000, -1.000000000000000000 ) ) ;
#1386 =( LENGTH_UNIT ( ) NAMED_UNIT ( * ) SI_UNIT ( .MILLI., .METRE. ) );
#1387 = DIRECTION ( 'NONE',  ( 0.0000000000000000000, 0.0000000000000000000, -1.000000000000000000 ) ) ;
#1388 = EDGE_CURVE ( 'NONE', #127, #2050, #2309, .T. ) ;
#1389 = CARTESIAN_POINT ( 'NONE',  ( 0.8000000000000079270, 0.0000000000000000000, 1.150000000000011458 ) ) ;
#1390 =( GEOMETRIC_REPRESENTATION_CONTEXT ( 3 ) GLOBAL_UNCERTAINTY_ASSIGNED_CONTEXT ( ( #3330 ) ) GLOBAL_UNIT_ASSIGNED_CONTEXT ( ( #1386, #670, #2686 ) ) REPRESENTATION_CONTEXT ( 'NONE', 'WORKASPACE' ) );
#1391 = FACE_OUTER_BOUND ( 'NONE', #1801, .T. ) ;
#1392 = UNCERTAINTY_MEASURE_WITH_UNIT (LENGTH_MEASURE( 1.000000000000000082E-05 ), #2705, 'distance_accuracy_value', 'NONE');
#1393 = DIRECTION ( 'NONE',  ( -1.000000000000000000, 0.0000000000000000000, 9.856383386231858827E-17 ) ) ;
#1394 = FILL_AREA_STYLE ('',( #2717 ) ) ;
#1395 = ORIENTED_EDGE ( 'NONE', *, *, #3149, .T. ) ;
#1396 = ORIENTED_EDGE ( 'NONE', *, *, #2210, .F. ) ;
#1397 = DIRECTION ( 'NONE',  ( 0.0000000000000000000, -0.0000000000000000000, 1.000000000000000000 ) ) ;
#1398 = EDGE_LOOP ( 'NONE', ( #1738, #250, #1179, #1542 ) ) ;
#1399 = CARTESIAN_POINT ( 'NONE',  ( -1.249999999999992006, 0.0000000000000000000, -1.249999999999990674 ) ) ;
#1400 = DIRECTION ( 'NONE',  ( -0.0000000000000000000, 0.0000000000000000000, 1.000000000000000000 ) ) ;
#1401 = CYLINDRICAL_SURFACE ( 'NONE', #739, 0.1000000000000001027 ) ;
#1402 = SURFACE_STYLE_USAGE ( .BOTH. , #3187 ) ;
#1403 = ORIENTED_EDGE ( 'NONE', *, *, #2164, .T. ) ;
#1404 = EDGE_CURVE ( 'NONE', #2249, #3230, #2359, .T. ) ;
#1405 = ORIENTED_EDGE ( 'NONE', *, *, #2694, .F. ) ;
#1406 = LINE ( 'NONE', #1897, #2800 ) ;
#1407 = CARTESIAN_POINT ( 'NONE',  ( 1.149999999999999689, 0.1300000000000000044, -1.150000000000000355 ) ) ;
#1408 = ORIENTED_EDGE ( 'NONE', *, *, #97, .F. ) ;
#1409 = PRESENTATION_LAYER_ASSIGNMENT (  '', '', ( #1107 ) ) ;
#1410 = LINE ( 'NONE', #2178, #2305 ) ;
#1411 = UNCERTAINTY_MEASURE_WITH_UNIT (LENGTH_MEASURE( 1.000000000000000082E-05 ), #2167, 'distance_accuracy_value', 'NONE');
#1412 = FACE_OUTER_BOUND ( 'NONE', #2536, .T. ) ;
#1413 = VECTOR ( 'NONE', #1458, 1000.000000000000000 ) ;
#1414 = EDGE_LOOP ( 'NONE', ( #1755, #24, #1764, #1195 ) ) ;
#1415 = PRESENTATION_LAYER_ASSIGNMENT (  '', '', ( #1996 ) ) ;
#1416 = CARTESIAN_POINT ( 'NONE',  ( -0.7999999999999921618, 0.0000000000000000000, -0.7999999999999883871 ) ) ;
#1417 = FILL_AREA_STYLE_COLOUR ( '', #2206 ) ;
#1418 = COLOUR_RGB ( '',1.000000000000000000, 1.000000000000000000, 1.000000000000000000 ) ;
#1419 = ORIENTED_EDGE ( 'NONE', *, *, #3092, .F. ) ;
#1420 =( GEOMETRIC_REPRESENTATION_CONTEXT ( 3 ) GLOBAL_UNCERTAINTY_ASSIGNED_CONTEXT ( ( #2461 ) ) GLOBAL_UNIT_ASSIGNED_CONTEXT ( ( #1028, #2815, #3106 ) ) REPRESENTATION_CONTEXT ( 'NONE', 'WORKASPACE' ) );
#1421 = LINE ( 'NONE', #2850, #2786 ) ;
#1422 = STYLED_ITEM ( 'NONE', ( #2826 ), #3318 ) ;
#1423 = DIRECTION ( 'NONE',  ( 0.0000000000000000000, 0.0000000000000000000, 1.000000000000000000 ) ) ;
#1424 = ORIENTED_EDGE ( 'NONE', *, *, #566, .F. ) ;
#1425 = LINE ( 'NONE', #99, #578 ) ;
#1426 = DIRECTION ( 'NONE',  ( 9.293161478447181990E-16, 0.0000000000000000000, 1.000000000000000000 ) ) ;
#1427 = VECTOR ( 'NONE', #2542, 1000.000000000000000 ) ;
#1428 = DIRECTION ( 'NONE',  ( 0.0000000000000000000, 0.0000000000000000000, -1.000000000000000000 ) ) ;
#1429 = PRESENTATION_LAYER_ASSIGNMENT (  '', '', ( #1487 ) ) ;
#1430 = COLOUR_RGB ( '',0.0000000000000000000, 0.0000000000000000000, 0.0000000000000000000 ) ;
#1431 = PLANE ( 'NONE',  #1153 ) ;
#1432 = COLOUR_RGB ( '',1.000000000000000000, 1.000000000000000000, 0.0000000000000000000 ) ;
#1433 = SURFACE_STYLE_FILL_AREA ( #978 ) ;
#1434 = ORIENTED_EDGE ( 'NONE', *, *, #2354, .T. ) ;
#1435 = AXIS2_PLACEMENT_3D ( 'NONE', #633, #3177, #847 ) ;
#1436 = ORIENTED_EDGE ( 'NONE', *, *, #28, .F. ) ;
#1437 =( LENGTH_UNIT ( ) NAMED_UNIT ( * ) SI_UNIT ( .MILLI., .METRE. ) );
#1438 = MECHANICAL_DESIGN_GEOMETRIC_PRESENTATION_REPRESENTATION (  '', ( #2225 ), #1905 ) ;
#1439 = CARTESIAN_POINT ( 'NONE',  ( 1.150000000000007905, -0.0001000000000000000048, 1.150000000000011458 ) ) ;
#1440 = ORIENTED_EDGE ( 'NONE', *, *, #2549, .F. ) ;
#1441 = CARTESIAN_POINT ( 'NONE',  ( 0.8000000000000079270, 0.0000000000000000000, -0.7999999999999886091 ) ) ;
#1442 = SURFACE_STYLE_USAGE ( .BOTH. , #492 ) ;
#1443 = ORIENTED_EDGE ( 'NONE', *, *, #695, .F. ) ;
#1444 = CARTESIAN_POINT ( 'NONE',  ( 1.250000000000008216, 0.1300000000000000044, 1.250000000000011546 ) ) ;
#1445 = DIRECTION ( 'NONE',  ( 1.000000000000000000, 0.0000000000000000000, -0.0000000000000000000 ) ) ;
#1446 = EDGE_CURVE ( 'NONE', #432, #2636, #266, .T. ) ;
#1447 = UNCERTAINTY_MEASURE_WITH_UNIT (LENGTH_MEASURE( 1.000000000000000082E-05 ), #3276, 'distance_accuracy_value', 'NONE');
#1448 = SURFACE_STYLE_USAGE ( .BOTH. , #2727 ) ;
#1449 = VERTEX_POINT ( 'NONE', #659 ) ;
#1450 = ORIENTED_EDGE ( 'NONE', *, *, #941, .T. ) ;
#1451 = FILL_AREA_STYLE_COLOUR ( '', #1432 ) ;
#1452 = ORIENTED_EDGE ( 'NONE', *, *, #2123, .T. ) ;
#1453 = CARTESIAN_POINT ( 'NONE',  ( -0.9000000000000002442, 0.2300000000000000655, 1.149999999999999911 ) ) ;
#1454 = CARTESIAN_POINT ( 'NONE',  ( -1.149999999999999911, 0.6800000000000000488, 0.8500000000000000888 ) ) ;
#1455 = DIRECTION ( 'NONE',  ( 1.000000000000000000, -0.0000000000000000000, -0.0000000000000000000 ) ) ;
#1456 = EDGE_LOOP ( 'NONE', ( #634, #931, #232, #1706 ) ) ;
#1457 = CARTESIAN_POINT ( 'NONE',  ( 0.6250000000000082157, 0.4300000000000000488, -0.01199999999999075070 ) ) ;
#1458 = DIRECTION ( 'NONE',  ( -0.0000000000000000000, 1.000000000000000000, -0.0000000000000000000 ) ) ;
#1459 = PRESENTATION_STYLE_ASSIGNMENT (( #2832 ) ) ;
#1460 = FILL_AREA_STYLE ('',( #478 ) ) ;
#1461 = VECTOR ( 'NONE', #2631, 1000.000000000000000 ) ;
#1462 =( NAMED_UNIT ( * ) PLANE_ANGLE_UNIT ( ) SI_UNIT ( $, .RADIAN. ) );
#1463 = CIRCLE ( 'NONE', #2303, 0.3000000000000000444 ) ;
#1464 = EDGE_CURVE ( 'NONE', #1860, #681, #2499, .T. ) ;
#1465 = CARTESIAN_POINT ( 'NONE',  ( 0.8000000000000003775, 0.6800000000000000488, 0.7999999999999998224 ) ) ;
#1466 = EDGE_LOOP ( 'NONE', ( #2567, #2896, #1095, #912 ) ) ;
#1467 = VERTEX_POINT ( 'NONE', #2929 ) ;
#1468 = SURFACE_STYLE_FILL_AREA ( #666 ) ;
#1469 = CARTESIAN_POINT ( 'NONE',  ( 1.099999999999999867, 0.6800000000000000488, -0.8000000000000004885 ) ) ;
#1470 = SURFACE_SIDE_STYLE ('',( #3288 ) ) ;
#1471 = EDGE_LOOP ( 'NONE', ( #2586, #1586, #2837, #571 ) ) ;
#1472 =( GEOMETRIC_REPRESENTATION_CONTEXT ( 3 ) GLOBAL_UNCERTAINTY_ASSIGNED_CONTEXT ( ( #2226 ) ) GLOBAL_UNIT_ASSIGNED_CONTEXT ( ( #2807, #1240, #969 ) ) REPRESENTATION_CONTEXT ( 'NONE', 'WORKASPACE' ) );
#1473 = CIRCLE ( 'NONE', #1535, 0.04999999999999991257 ) ;
#1474 = CARTESIAN_POINT ( 'NONE',  ( 0.8000000000000000444, 0.2300000000000000655, -1.150000000000000355 ) ) ;
#1475 = CARTESIAN_POINT ( 'NONE',  ( 0.8999999999999998002, 0.2300000000000000655, 1.149999999999999467 ) ) ;
#1476 = ORIENTED_EDGE ( 'NONE', *, *, #619, .T. ) ;
#1477 = VECTOR ( 'NONE', #339, 1000.000000000000000 ) ;
#1478 = AXIS2_PLACEMENT_3D ( 'NONE', #1016, #537, #1841 ) ;
#1479 = EDGE_CURVE ( 'NONE', #2050, #139, #1118, .T. ) ;
#1480 = CARTESIAN_POINT ( 'NONE',  ( -0.9000000000000002442, 0.9300000000000000488, 0.9000000000000000222 ) ) ;
#1481 = DIRECTION ( 'NONE',  ( 0.0000000000000000000, 0.0000000000000000000, 1.000000000000000000 ) ) ;
#1482 = CARTESIAN_POINT ( 'NONE',  ( 1.250000000000007994, 0.0000000000000000000, -1.249999999999990674 ) ) ;
#1483 = SURFACE_STYLE_FILL_AREA ( #1460 ) ;
#1484 = EDGE_CURVE ( 'NONE', #869, #1798, #2646, .T. ) ;
#1485 = AXIS2_PLACEMENT_3D ( 'NONE', #1333, #285, #3102 ) ;
#1486 = DIRECTION ( 'NONE',  ( 0.0000000000000000000, 0.0000000000000000000, -1.000000000000000000 ) ) ;
#1487 = STYLED_ITEM ( 'NONE', ( #398 ), #2194 ) ;
#1488 = VERTEX_POINT ( 'NONE', #153 ) ;
#1489 = VECTOR ( 'NONE', #1804, 1000.000000000000000 ) ;
#1490 = EDGE_CURVE ( 'NONE', #1199, #1488, #1989, .T. ) ;
#1491 = EDGE_CURVE ( 'NONE', #1572, #145, #1190, .T. ) ;
#1492 = EDGE_LOOP ( 'NONE', ( #770, #1909, #3296, #585 ) ) ;
#1493 = FACE_OUTER_BOUND ( 'NONE', #261, .T. ) ;
#1494 = SURFACE_SIDE_STYLE ('',( #944 ) ) ;
#1495 = PLANE ( 'NONE',  #1840 ) ;
#1496 = MECHANICAL_DESIGN_GEOMETRIC_PRESENTATION_REPRESENTATION (  '', ( #547 ), #2437 ) ;
#1497 = EDGE_CURVE ( 'NONE', #1449, #1266, #2478, .T. ) ;
#1498 = VECTOR ( 'NONE', #3261, 1000.000000000000000 ) ;
#1499 = DIRECTION ( 'NONE',  ( 9.427844978134822666E-17, 0.0000000000000000000, 1.000000000000000000 ) ) ;
#1500 = DIRECTION ( 'NONE',  ( 0.0000000000000000000, 0.0000000000000000000, 1.000000000000000000 ) ) ;
#1501 = EDGE_LOOP ( 'NONE', ( #677, #1730, #2150, #2001 ) ) ;
#1502 = VECTOR ( 'NONE', #2110, 1000.000000000000000 ) ;
#1503 = FILL_AREA_STYLE_COLOUR ( '', #1793 ) ;
#1504 = ORIENTED_EDGE ( 'NONE', *, *, #137, .F. ) ;
#1505 = CARTESIAN_POINT ( 'NONE',  ( 1.250000000000007994, 0.1300000000000000044, -1.249999999999990674 ) ) ;
#1506 =( NAMED_UNIT ( * ) PLANE_ANGLE_UNIT ( ) SI_UNIT ( $, .RADIAN. ) );
#1507 = ORIENTED_EDGE ( 'NONE', *, *, #185, .T. ) ;
#1508 = DIRECTION ( 'NONE',  ( -0.0000000000000000000, -0.0000000000000000000, 1.000000000000000000 ) ) ;
#1509 = ORIENTED_EDGE ( 'NONE', *, *, #587, .F. ) ;
#1510 = DIRECTION ( 'NONE',  ( -1.000000000000000000, 0.0000000000000000000, -0.0000000000000000000 ) ) ;
#1511 = FACE_OUTER_BOUND ( 'NONE', #2949, .T. ) ;
#1512 = ORIENTED_EDGE ( 'NONE', *, *, #1593, .T. ) ;
#1513 = CARTESIAN_POINT ( 'NONE',  ( -0.9749999999999919842, 0.0000000000000000000, -0.5999999999999908740 ) ) ;
#1514 = LINE ( 'NONE', #2753, #105 ) ;
#1515 = ADVANCED_FACE ( 'NONE', ( #1720 ), #1104, .F. ) ;
#1516 = PRESENTATION_STYLE_ASSIGNMENT (( #1191 ) ) ;
#1517 = CARTESIAN_POINT ( 'NONE',  ( -1.149999999999991918, 0.0000000000000000000, 1.150000000000011458 ) ) ;
#1518 = PRESENTATION_STYLE_ASSIGNMENT (( #2273 ) ) ;
#1519 = DIRECTION ( 'NONE',  ( 0.0000000000000000000, 0.0000000000000000000, 1.000000000000000000 ) ) ;
#1520 = EDGE_LOOP ( 'NONE', ( #2950, #3337, #804, #1728 ) ) ;
#1521 = CARTESIAN_POINT ( 'NONE',  ( 1.149999999999999911, 0.1300000000000000044, 1.149999999999999467 ) ) ;
#1522 = ORIENTED_EDGE ( 'NONE', *, *, #3185, .F. ) ;
#1523 = ADVANCED_FACE ( 'NONE', ( #1624 ), #3026, .F. ) ;
#1524 = DIRECTION ( 'NONE',  ( 0.0000000000000000000, 1.000000000000000000, -0.0000000000000000000 ) ) ;
#1525 =( NAMED_UNIT ( * ) PLANE_ANGLE_UNIT ( ) SI_UNIT ( $, .RADIAN. ) );
#1526 = DIRECTION ( 'NONE',  ( 0.0000000000000000000, -1.000000000000000000, 0.0000000000000000000 ) ) ;
#1527 = TOROIDAL_SURFACE ( 'NONE', #2846, 0.04999999999999996808, 0.2500000000000000000 ) ;
#1528 = SURFACE_STYLE_FILL_AREA ( #298 ) ;
#1529 = SURFACE_STYLE_FILL_AREA ( #1862 ) ;
#1530 = VECTOR ( 'NONE', #1830, 1000.000000000000000 ) ;
#1531 = MECHANICAL_DESIGN_GEOMETRIC_PRESENTATION_REPRESENTATION (  '', ( #1828 ), #3217 ) ;
#1532 = EDGE_CURVE ( 'NONE', #1877, #681, #898, .T. ) ;
#1533 = EDGE_CURVE ( 'NONE', #733, #1217, #923, .T. ) ;
#1534 = DIRECTION ( 'NONE',  ( -0.0000000000000000000, -0.0000000000000000000, 1.000000000000000000 ) ) ;
#1535 = AXIS2_PLACEMENT_3D ( 'NONE', #234, #1251, #430 ) ;
#1536 = COLOUR_RGB ( '',1.000000000000000000, 1.000000000000000000, 1.000000000000000000 ) ;
#1537 = PRESENTATION_STYLE_ASSIGNMENT (( #2371 ) ) ;
#1538 =( GEOMETRIC_REPRESENTATION_CONTEXT ( 3 ) GLOBAL_UNCERTAINTY_ASSIGNED_CONTEXT ( ( #1560 ) ) GLOBAL_UNIT_ASSIGNED_CONTEXT ( ( #2620, #817, #1819 ) ) REPRESENTATION_CONTEXT ( 'NONE', 'WORKASPACE' ) );
#1539 = CARTESIAN_POINT ( 'NONE',  ( -0.4999999999999922284, -0.0001000000000000000048, -1.149999999999988587 ) ) ;
#1540 = ORIENTED_EDGE ( 'NONE', *, *, #7, .F. ) ;
#1541 = CARTESIAN_POINT ( 'NONE',  ( 0.8500000000000000888, 0.6800000000000000488, -0.8000000000000003775 ) ) ;
#1542 = ORIENTED_EDGE ( 'NONE', *, *, #2922, .T. ) ;
#1543 = VECTOR ( 'NONE', #1385, 1000.000000000000000 ) ;
#1544 = FACE_OUTER_BOUND ( 'NONE', #1847, .T. ) ;
#1545 = STYLED_ITEM ( 'NONE', ( #758 ), #3099 ) ;
#1546 = ORIENTED_EDGE ( 'NONE', *, *, #2354, .F. ) ;
#1547 = PRESENTATION_LAYER_ASSIGNMENT (  '', '', ( #1131 ) ) ;
#1548 = LINE ( 'NONE', #252, #2739 ) ;
#1549 = VECTOR ( 'NONE', #3295, 1000.000000000000000 ) ;
#1550 = VERTEX_POINT ( 'NONE', #672 ) ;
#1551 = CIRCLE ( 'NONE', #377, 0.04999999999999991257 ) ;
#1552 = DIRECTION ( 'NONE',  ( 1.000000000000000000, 0.0000000000000000000, 0.0000000000000000000 ) ) ;
#1553 = ADVANCED_FACE ( 'NONE', ( #1688 ), #1364, .F. ) ;
#1554 = TOROIDAL_SURFACE ( 'NONE', #1435, 0.3499999999999999778, 0.05000000000000000278 ) ;
#1555 = CARTESIAN_POINT ( 'NONE',  ( 1.149999999999999911, 0.2300000000000000655, 1.149999999999999467 ) ) ;
#1556 = DIRECTION ( 'NONE',  ( 1.000000000000000000, 0.0000000000000000000, -0.0000000000000000000 ) ) ;
#1557 = CARTESIAN_POINT ( 'NONE',  ( -1.149999999999992140, -0.0001000000000000000048, -0.7999999999999883871 ) ) ;
#1558 = VECTOR ( 'NONE', #2135, 1000.000000000000000 ) ;
#1559 = EDGE_CURVE ( 'NONE', #1076, #1850, #2665, .T. ) ;
#1560 = UNCERTAINTY_MEASURE_WITH_UNIT (LENGTH_MEASURE( 1.000000000000000082E-05 ), #2620, 'distance_accuracy_value', 'NONE');
#1561 = FILL_AREA_STYLE_COLOUR ( '', #2046 ) ;
#1562 = CARTESIAN_POINT ( 'NONE',  ( 0.5000000000000077716, 0.0000000000000000000, -0.7999999999999883871 ) ) ;
#1563 = ORIENTED_EDGE ( 'NONE', *, *, #2133, .F. ) ;
#1564 = ADVANCED_FACE ( 'NONE', ( #2514 ), #2458, .T. ) ;
#1565 = DIRECTION ( 'NONE',  ( -1.000000000000000000, 0.0000000000000000000, 0.0000000000000000000 ) ) ;
#1566 = ORIENTED_EDGE ( 'NONE', *, *, #1578, .F. ) ;
#1567 = DIRECTION ( 'NONE',  ( -1.971276677246371765E-16, 0.0000000000000000000, -1.000000000000000000 ) ) ;
#1568 = CARTESIAN_POINT ( 'NONE',  ( -0.1499999999999921396, 0.0000000000000000000, -1.149999999999988587 ) ) ;
#1569 = DIRECTION ( 'NONE',  ( 0.0000000000000000000, 1.000000000000000000, 0.0000000000000000000 ) ) ;
#1570 = CARTESIAN_POINT ( 'NONE',  ( 0.5000000000000077716, -0.0001000000000000000048, -0.7999999999999883871 ) ) ;
#1571 = EDGE_LOOP ( 'NONE', ( #1069, #557, #2604, #450 ) ) ;
#1572 = VERTEX_POINT ( 'NONE', #2792 ) ;
#1573 = LINE ( 'NONE', #302, #493 ) ;
#1574 = CARTESIAN_POINT ( 'NONE',  ( -0.1499999999999921396, 0.0000000000000000000, -0.7999999999999883871 ) ) ;
#1575 = EDGE_CURVE ( 'NONE', #2195, #432, #1275, .T. ) ;
#1576 = DIRECTION ( 'NONE',  ( -1.000000000000000000, 0.0000000000000000000, 0.0000000000000000000 ) ) ;
#1577 = LINE ( 'NONE', #2627, #2789 ) ;
#1578 = EDGE_CURVE ( 'NONE', #650, #3212, #729, .T. ) ;
#1579 = DIRECTION ( 'NONE',  ( 0.0000000000000000000, -1.000000000000000000, -0.0000000000000000000 ) ) ;
#1580 = EDGE_LOOP ( 'NONE', ( #2181, #2503, #1898, #726 ) ) ;
#1581 =( LENGTH_UNIT ( ) NAMED_UNIT ( * ) SI_UNIT ( .MILLI., .METRE. ) );
#1582 = LINE ( 'NONE', #12, #101 ) ;
#1583 = VERTEX_POINT ( 'NONE', #1517 ) ;
#1584 = CIRCLE ( 'NONE', #136, 0.3500000000000000333 ) ;
#1585 = CARTESIAN_POINT ( 'NONE',  ( 0.8000000000000000444, 0.2300000000000000655, -0.8000000000000003775 ) ) ;
#1586 = ORIENTED_EDGE ( 'NONE', *, *, #1686, .F. ) ;
#1587 = DIRECTION ( 'NONE',  ( 0.0000000000000000000, -1.000000000000000000, 0.0000000000000000000 ) ) ;
#1588 = AXIS2_PLACEMENT_3D ( 'NONE', #2477, #2723, #354 ) ;
#1589 = ORIENTED_EDGE ( 'NONE', *, *, #1605, .T. ) ;
#1590 = VECTOR ( 'NONE', #3105, 1000.000000000000000 ) ;
#1591 = FILL_AREA_STYLE_COLOUR ( '', #815 ) ;
#1592 = PLANE ( 'NONE',  #682 ) ;
#1593 = EDGE_CURVE ( 'NONE', #2026, #1865, #477, .T. ) ;
#1594 = SURFACE_SIDE_STYLE ('',( #2598 ) ) ;
#1595 = MECHANICAL_DESIGN_GEOMETRIC_PRESENTATION_REPRESENTATION (  '', ( #748 ), #1219 ) ;
#1596 =( NAMED_UNIT ( * ) SI_UNIT ( $, .STERADIAN. ) SOLID_ANGLE_UNIT ( ) );
#1597 = MECHANICAL_DESIGN_GEOMETRIC_PRESENTATION_REPRESENTATION (  '', ( #2695 ), #1420 ) ;
#1598 = ADVANCED_FACE ( 'NONE', ( #747 ), #420, .F. ) ;
#1599 = UNCERTAINTY_MEASURE_WITH_UNIT (LENGTH_MEASURE( 1.000000000000000082E-05 ), #3029, 'distance_accuracy_value', 'NONE');
#1600 = ORIENTED_EDGE ( 'NONE', *, *, #1148, .F. ) ;
#1601 = PRODUCT_CONTEXT ( 'NONE', #2282, 'mechanical' ) ;
#1602 = DIRECTION ( 'NONE',  ( 4.336808689942017736E-16, 0.0000000000000000000, 1.000000000000000000 ) ) ;
#1603 = DIRECTION ( 'NONE',  ( -0.0000000000000000000, -0.0000000000000000000, 1.000000000000000000 ) ) ;
#1604 = VERTEX_POINT ( 'NONE', #2595 ) ;
#1605 = EDGE_CURVE ( 'NONE', #2243, #697, #2529, .T. ) ;
#1606 = EDGE_CURVE ( 'NONE', #1217, #200, #3299, .T. ) ;
#1607 = COLOUR_RGB ( '',1.000000000000000000, 1.000000000000000000, 0.0000000000000000000 ) ;
#1608 = DIRECTION ( 'NONE',  ( 0.0000000000000000000, 0.0000000000000000000, 1.000000000000000000 ) ) ;
#1609 = ORIENTED_EDGE ( 'NONE', *, *, #129, .F. ) ;
#1610 = CARTESIAN_POINT ( 'NONE',  ( -0.9000000000000002442, 0.9300000000000000488, 1.149999999999999911 ) ) ;
#1611 = ORIENTED_EDGE ( 'NONE', *, *, #1711, .F. ) ;
#1612 = VECTOR ( 'NONE', #1037, 1000.000000000000000 ) ;
#1613 = CIRCLE ( 'NONE', #52, 0.2999999999999999334 ) ;
#1614 = CIRCLE ( 'NONE', #2497, 0.2500000000000000000 ) ;
#1615 = VECTOR ( 'NONE', #2343, 1000.000000000000000 ) ;
#1616 =( NAMED_UNIT ( * ) SI_UNIT ( $, .STERADIAN. ) SOLID_ANGLE_UNIT ( ) );
#1617 = SURFACE_STYLE_USAGE ( .BOTH. , #3156 ) ;
#1618 = CARTESIAN_POINT ( 'NONE',  ( 1.150000000000007683, 0.0000000000000000000, -0.7999999999999883871 ) ) ;
#1619 = AXIS2_PLACEMENT_3D ( 'NONE', #1465, #927, #958 ) ;
#1620 = DIRECTION ( 'NONE',  ( 0.0000000000000000000, 0.0000000000000000000, 1.000000000000000000 ) ) ;
#1621 = VECTOR ( 'NONE', #2725, 1000.000000000000000 ) ;
#1622 = PLANE ( 'NONE',  #973 ) ;
#1623 = FILL_AREA_STYLE ('',( #794 ) ) ;
#1624 = FACE_OUTER_BOUND ( 'NONE', #972, .T. ) ;
#1625 = EDGE_CURVE ( 'NONE', #1379, #678, #1223, .T. ) ;
#1626 = SURFACE_STYLE_FILL_AREA ( #649 ) ;
#1627 = VERTEX_POINT ( 'NONE', #1006 ) ;
#1628 = FILL_AREA_STYLE_COLOUR ( '', #2218 ) ;
#1629 = SURFACE_SIDE_STYLE ('',( #143 ) ) ;
#1630 = ORIENTED_EDGE ( 'NONE', *, *, #731, .F. ) ;
#1631 = ADVANCED_FACE ( 'NONE', ( #3059 ), #3046, .F. ) ;
#1632 = SURFACE_STYLE_USAGE ( .BOTH. , #612 ) ;
#1633 = EDGE_CURVE ( 'NONE', #348, #2026, #50, .T. ) ;
#1634 = CARTESIAN_POINT ( 'NONE',  ( 0.9000000000000000222, 0.2300000000000000655, 0.8999999999999993561 ) ) ;
#1635 = DIRECTION ( 'NONE',  ( 0.0000000000000000000, 0.0000000000000000000, 1.000000000000000000 ) ) ;
#1636 = SURFACE_STYLE_FILL_AREA ( #1675 ) ;
#1637 = SURFACE_STYLE_USAGE ( .BOTH. , #3201 ) ;
#1638 = ORIENTED_EDGE ( 'NONE', *, *, #2393, .T. ) ;
#1639 = EDGE_CURVE ( 'NONE', #3095, #1627, #3121, .T. ) ;
#1640 = ORIENTED_EDGE ( 'NONE', *, *, #2220, .T. ) ;
#1641 =( LENGTH_UNIT ( ) NAMED_UNIT ( * ) SI_UNIT ( .MILLI., .METRE. ) );
#1642 = PRESENTATION_STYLE_ASSIGNMENT (( #347 ) ) ;
#1643 = EDGE_LOOP ( 'NONE', ( #2697, #1774, #2264, #2822 ) ) ;
#1644 = FACE_OUTER_BOUND ( 'NONE', #1018, .T. ) ;
#1645 = AXIS2_PLACEMENT_3D ( 'NONE', #1159, #3228, #2193 ) ;
#1646 = EDGE_CURVE ( 'NONE', #2677, #3030, #2626, .T. ) ;
#1647 = CIRCLE ( 'NONE', #1991, 0.04999999999999991257 ) ;
#1648 = CARTESIAN_POINT ( 'NONE',  ( -1.149999999999999911, 0.2300000000000000655, 0.8999999999999998002 ) ) ;
#1649 = ORIENTED_EDGE ( 'NONE', *, *, #1633, .T. ) ;
#1650 =( GEOMETRIC_REPRESENTATION_CONTEXT ( 3 ) GLOBAL_UNCERTAINTY_ASSIGNED_CONTEXT ( ( #1921 ) ) GLOBAL_UNIT_ASSIGNED_CONTEXT ( ( #2814, #2042, #499 ) ) REPRESENTATION_CONTEXT ( 'NONE', 'WORKASPACE' ) );
#1651 = EDGE_CURVE ( 'NONE', #2182, #830, #2943, .T. ) ;
#1652 = CARTESIAN_POINT ( 'NONE',  ( -0.8000000000000003775, 0.9300000000000000488, -0.8000000000000001554 ) ) ;
#1653 = VECTOR ( 'NONE', #2234, 1000.000000000000000 ) ;
#1654 = LINE ( 'NONE', #2547, #3047 ) ;
#1655 = VECTOR ( 'NONE', #1121, 1000.000000000000000 ) ;
#1656 =( NAMED_UNIT ( * ) PLANE_ANGLE_UNIT ( ) SI_UNIT ( $, .RADIAN. ) );
#1657 = ORIENTED_EDGE ( 'NONE', *, *, #1446, .F. ) ;
#1658 = PRESENTATION_LAYER_ASSIGNMENT (  '', '', ( #849 ) ) ;
#1659 = STYLED_ITEM ( 'NONE', ( #1692 ), #3243 ) ;
#1660 = AXIS2_PLACEMENT_3D ( 'NONE', #3097, #2509, #2306 ) ;
#1661 = ORIENTED_EDGE ( 'NONE', *, *, #1796, .T. ) ;
#1662 = LINE ( 'NONE', #77, #2930 ) ;
#1663 = FILL_AREA_STYLE_COLOUR ( '', #2856 ) ;
#1664 = VERTEX_POINT ( 'NONE', #2336 ) ;
#1665 = LINE ( 'NONE', #3234, #1782 ) ;
#1666 = PRESENTATION_LAYER_ASSIGNMENT (  '', '', ( #1896 ) ) ;
#1667 =( NAMED_UNIT ( * ) PLANE_ANGLE_UNIT ( ) SI_UNIT ( $, .RADIAN. ) );
#1668 = AXIS2_PLACEMENT_3D ( 'NONE', #541, #2613, #1304 ) ;
#1669 =( LENGTH_UNIT ( ) NAMED_UNIT ( * ) SI_UNIT ( .MILLI., .METRE. ) );
#1670 = AXIS2_PLACEMENT_3D ( 'NONE', #2171, #3194, #2936 ) ;
#1671 = VECTOR ( 'NONE', #16, 1000.000000000000000 ) ;
#1672 = CARTESIAN_POINT ( 'NONE',  ( -1.099999999999999867, 0.2800000000000000822, 0.8000000000000001554 ) ) ;
#1673 = VECTOR ( 'NONE', #626, 1000.000000000000000 ) ;
#1674 = PRESENTATION_LAYER_ASSIGNMENT (  '', '', ( #2438 ) ) ;
#1675 = FILL_AREA_STYLE ('',( #1141 ) ) ;
#1676 = STYLED_ITEM ( 'NONE', ( #1100 ), #2671 ) ;
#1677 = FACE_OUTER_BOUND ( 'NONE', #917, .T. ) ;
#1678 = ADVANCED_FACE ( 'NONE', ( #1361 ), #70, .T. ) ;
#1679 = PLANE ( 'NONE',  #648 ) ;
#1680 = ORIENTED_EDGE ( 'NONE', *, *, #2565, .T. ) ;
#1681 =( NAMED_UNIT ( * ) SI_UNIT ( $, .STERADIAN. ) SOLID_ANGLE_UNIT ( ) );
#1682 = CARTESIAN_POINT ( 'NONE',  ( 0.8000000000000000444, 0.6800000000000000488, -1.100000000000000311 ) ) ;
#1683 =( NAMED_UNIT ( * ) PLANE_ANGLE_UNIT ( ) SI_UNIT ( $, .RADIAN. ) );
#1684 = FILL_AREA_STYLE ('',( #2494 ) ) ;
#1685 = ADVANCED_BREP_SHAPE_REPRESENTATION ( '85B885A7-C1F0-4556-8251-D7604152B027', ( #714, #319 ), #900 ) ;
#1686 = EDGE_CURVE ( 'NONE', #1467, #1604, #2369, .T. ) ;
#1687 = FACE_OUTER_BOUND ( 'NONE', #2217, .T. ) ;
#1688 = FACE_OUTER_BOUND ( 'NONE', #2583, .T. ) ;
#1689 = DIRECTION ( 'NONE',  ( 0.0000000000000000000, -1.000000000000000000, 0.0000000000000000000 ) ) ;
#1690 = ORIENTED_EDGE ( 'NONE', *, *, #254, .F. ) ;
#1691 = ORIENTED_EDGE ( 'NONE', *, *, #278, .F. ) ;
#1692 = PRESENTATION_STYLE_ASSIGNMENT (( #429 ) ) ;
#1693 = DIRECTION ( 'NONE',  ( 8.673617379884028076E-17, 0.0000000000000000000, 1.000000000000000000 ) ) ;
#1694 = ORIENTED_EDGE ( 'NONE', *, *, #2754, .T. ) ;
#1695 = CARTESIAN_POINT ( 'NONE',  ( -0.8000000000000000444, 0.2300000000000000655, 0.8000000000000001554 ) ) ;
#1696 = FILL_AREA_STYLE ('',( #1137 ) ) ;
#1697 = CARTESIAN_POINT ( 'NONE',  ( -0.8000000000000000444, 0.2300000000000000655, 0.8000000000000001554 ) ) ;
#1698 = CARTESIAN_POINT ( 'NONE',  ( 0.1500000000000079881, -0.0001000000000000000048, 0.8000000000000113687 ) ) ;
#1699 = VECTOR ( 'NONE', #20, 1000.000000000000000 ) ;
#1700 = UNCERTAINTY_MEASURE_WITH_UNIT (LENGTH_MEASURE( 1.000000000000000082E-05 ), #1010, 'distance_accuracy_value', 'NONE');
#1701 = FILL_AREA_STYLE ('',( #376 ) ) ;
#1702 = VECTOR ( 'NONE', #2614, 1000.000000000000000 ) ;
#1703 = FACE_OUTER_BOUND ( 'NONE', #1571, .T. ) ;
#1704 = VERTEX_POINT ( 'NONE', #855 ) ;
#1705 =( GEOMETRIC_REPRESENTATION_CONTEXT ( 3 ) GLOBAL_UNCERTAINTY_ASSIGNED_CONTEXT ( ( #3262 ) ) GLOBAL_UNIT_ASSIGNED_CONTEXT ( ( #2420, #2157, #882 ) ) REPRESENTATION_CONTEXT ( 'NONE', 'WORKASPACE' ) );
#1706 = ORIENTED_EDGE ( 'NONE', *, *, #2889, .T. ) ;
#1707 = DIRECTION ( 'NONE',  ( -0.0000000000000000000, 1.000000000000000000, -0.0000000000000000000 ) ) ;
#1708 = AXIS2_PLACEMENT_3D ( 'NONE', #467, #2520, #2487 ) ;
#1709 = CARTESIAN_POINT ( 'NONE',  ( 0.1500000000000077660, -0.0001000000000000000048, -1.149999999999988587 ) ) ;
#1710 = ORIENTED_EDGE ( 'NONE', *, *, #1491, .T. ) ;
#1711 = EDGE_CURVE ( 'NONE', #348, #2414, #826, .T. ) ;
#1712 = VECTOR ( 'NONE', #2398, 1000.000000000000000 ) ;
#1713 = CARTESIAN_POINT ( 'NONE',  ( 0.8000000000000077049, 0.0000000000000000000, -1.149999999999988587 ) ) ;
#1714 = TOROIDAL_SURFACE ( 'NONE', #1833, 0.04999999999999996808, 0.2500000000000000000 ) ;
#1715 = CARTESIAN_POINT ( 'NONE',  ( -1.150000000000000133, 0.1300000000000000044, -0.9000000000000000222 ) ) ;
#1716 = CARTESIAN_POINT ( 'NONE',  ( -0.7999999999999921618, -0.0001000000000000000048, -1.149999999999988587 ) ) ;
#1717 = EDGE_CURVE ( 'NONE', #1850, #3063, #1287, .T. ) ;
#1718 = ORIENTED_EDGE ( 'NONE', *, *, #57, .T. ) ;
#1719 = SURFACE_STYLE_USAGE ( .BOTH. , #2028 ) ;
#1720 = FACE_OUTER_BOUND ( 'NONE', #984, .T. ) ;
#1721 = MECHANICAL_DESIGN_GEOMETRIC_PRESENTATION_REPRESENTATION (  '', ( #1949 ), #3345 ) ;
#1722 = PLANE ( 'NONE',  #915 ) ;
#1723 = MECHANICAL_DESIGN_GEOMETRIC_PRESENTATION_REPRESENTATION (  '', ( #1173 ), #2493 ) ;
#1724 = CARTESIAN_POINT ( 'NONE',  ( -0.1499999999999921396, 0.0000000000000000000, -0.7999999999999883871 ) ) ;
#1725 = VECTOR ( 'NONE', #3343, 1000.000000000000000 ) ;
#1726 = CIRCLE ( 'NONE', #1955, 0.2500000000000000000 ) ;
#1727 = CARTESIAN_POINT ( 'NONE',  ( 0.1500000000000079881, 0.0000000000000000000, 1.150000000000011458 ) ) ;
#1728 = ORIENTED_EDGE ( 'NONE', *, *, #369, .T. ) ;
#1729 =( GEOMETRIC_REPRESENTATION_CONTEXT ( 3 ) GLOBAL_UNCERTAINTY_ASSIGNED_CONTEXT ( ( #1743 ) ) GLOBAL_UNIT_ASSIGNED_CONTEXT ( ( #1745, #177, #424 ) ) REPRESENTATION_CONTEXT ( 'NONE', 'WORKASPACE' ) );
#1730 = ORIENTED_EDGE ( 'NONE', *, *, #2684, .F. ) ;
#1731 = ADVANCED_FACE ( 'NONE', ( #2093 ), #913, .F. ) ;
#1732 = DIRECTION ( 'NONE',  ( -1.000000000000000000, 0.0000000000000000000, 0.0000000000000000000 ) ) ;
#1733 = AXIS2_PLACEMENT_3D ( 'NONE', #516, #2566, #1519 ) ;
#1734 = CARTESIAN_POINT ( 'NONE',  ( 0.1500000000000079881, 0.0000000000000000000, 1.150000000000011458 ) ) ;
#1735 = ORIENTED_EDGE ( 'NONE', *, *, #389, .F. ) ;
#1736 = CARTESIAN_POINT ( 'NONE',  ( -0.8500000000000003109, 0.9300000000000000488, -0.8000000000000001554 ) ) ;
#1737 = LINE ( 'NONE', #1792, #1725 ) ;
#1738 = ORIENTED_EDGE ( 'NONE', *, *, #1895, .T. ) ;
#1739 = CARTESIAN_POINT ( 'NONE',  ( -0.1499999999999921396, -0.0001000000000000000048, -0.7999999999999883871 ) ) ;
#1740 = LINE ( 'NONE', #2758, #2849 ) ;
#1741 = SURFACE_STYLE_FILL_AREA ( #712 ) ;
#1742 = CARTESIAN_POINT ( 'NONE',  ( 0.8000000000000079270, -0.0001000000000000000048, 1.150000000000011458 ) ) ;
#1743 = UNCERTAINTY_MEASURE_WITH_UNIT (LENGTH_MEASURE( 1.000000000000000082E-05 ), #1745, 'distance_accuracy_value', 'NONE');
#1744 = DIRECTION ( 'NONE',  ( 0.0000000000000000000, 1.000000000000000000, 0.0000000000000000000 ) ) ;
#1745 =( LENGTH_UNIT ( ) NAMED_UNIT ( * ) SI_UNIT ( .MILLI., .METRE. ) );
#1746 = VERTEX_POINT ( 'NONE', #2349 ) ;
#1747 = ORIENTED_EDGE ( 'NONE', *, *, #2596, .T. ) ;
#1748 =( LENGTH_UNIT ( ) NAMED_UNIT ( * ) SI_UNIT ( .MILLI., .METRE. ) );
#1749 = PLANE ( 'NONE',  #3094 ) ;
#1750 = EDGE_LOOP ( 'NONE', ( #3210, #986, #2259, #2463 ) ) ;
#1751 = ADVANCED_FACE ( 'NONE', ( #884 ), #1170, .F. ) ;
#1752 = PLANE ( 'NONE',  #2490 ) ;
#1753 = DIRECTION ( 'NONE',  ( -1.000000000000000000, 0.0000000000000000000, 1.971276677246371765E-16 ) ) ;
#1754 =( LENGTH_UNIT ( ) NAMED_UNIT ( * ) SI_UNIT ( .MILLI., .METRE. ) );
#1755 = ORIENTED_EDGE ( 'NONE', *, *, #2716, .T. ) ;
#1756 = LINE ( 'NONE', #2790, #3141 ) ;
#1757 = CARTESIAN_POINT ( 'NONE',  ( 0.8000000000000003775, 0.9300000000000000488, 0.8499999999999996447 ) ) ;
#1758 = CARTESIAN_POINT ( 'NONE',  ( 0.8000000000000079270, -0.0001000000000000000048, 1.150000000000011458 ) ) ;
#1759 = ADVANCED_FACE ( 'NONE', ( #132 ), #1985, .F. ) ;
#1760 = EDGE_CURVE ( 'NONE', #2376, #2196, #114, .T. ) ;
#1761 =( GEOMETRIC_REPRESENTATION_CONTEXT ( 3 ) GLOBAL_UNCERTAINTY_ASSIGNED_CONTEXT ( ( #2904 ) ) GLOBAL_UNIT_ASSIGNED_CONTEXT ( ( #977, #956, #1277 ) ) REPRESENTATION_CONTEXT ( 'NONE', 'WORKASPACE' ) );
#1762 = SURFACE_STYLE_FILL_AREA ( #2258 ) ;
#1763 = EDGE_LOOP ( 'NONE', ( #2207, #519, #1880, #3334 ) ) ;
#1764 = ORIENTED_EDGE ( 'NONE', *, *, #2316, .T. ) ;
#1765 = DIRECTION ( 'NONE',  ( 1.000000000000000000, 0.0000000000000000000, -1.885568995626964287E-16 ) ) ;
#1766 = CYLINDRICAL_SURFACE ( 'NONE', #3028, 0.04999999999999991257 ) ;
#1767 = CARTESIAN_POINT ( 'NONE',  ( -0.1499999999999919453, -0.0001000000000000000048, 0.8000000000000113687 ) ) ;
#1768 = ORIENTED_EDGE ( 'NONE', *, *, #315, .F. ) ;
#1769 = STYLED_ITEM ( 'NONE', ( #3056 ), #910 ) ;
#1770 = AXIS2_PLACEMENT_3D ( 'NONE', #1215, #163, #2020 ) ;
#1771 = DIRECTION ( 'NONE',  ( 0.0000000000000000000, -1.000000000000000000, 0.0000000000000000000 ) ) ;
#1772 = ORIENTED_EDGE ( 'NONE', *, *, #2320, .F. ) ;
#1773 = DIRECTION ( 'NONE',  ( 0.0000000000000000000, 0.0000000000000000000, -1.000000000000000000 ) ) ;
#1774 = ORIENTED_EDGE ( 'NONE', *, *, #1907, .F. ) ;
#1775 = AXIS2_PLACEMENT_3D ( 'NONE', #1350, #187, #1892 ) ;
#1776 =( GEOMETRIC_REPRESENTATION_CONTEXT ( 3 ) GLOBAL_UNCERTAINTY_ASSIGNED_CONTEXT ( ( #732 ) ) GLOBAL_UNIT_ASSIGNED_CONTEXT ( ( #2446, #3175, #58 ) ) REPRESENTATION_CONTEXT ( 'NONE', 'WORKASPACE' ) );
#1777 = CARTESIAN_POINT ( 'NONE',  ( -0.9000000000000002442, 0.2300000000000000655, 0.9000000000000000222 ) ) ;
#1778 =( NAMED_UNIT ( * ) SI_UNIT ( $, .STERADIAN. ) SOLID_ANGLE_UNIT ( ) );
#1779 = FILL_AREA_STYLE_COLOUR ( '', #2592 ) ;
#1780 =( GEOMETRIC_REPRESENTATION_CONTEXT ( 3 ) GLOBAL_UNCERTAINTY_ASSIGNED_CONTEXT ( ( #230 ) ) GLOBAL_UNIT_ASSIGNED_CONTEXT ( ( #1020, #1806, #3162 ) ) REPRESENTATION_CONTEXT ( 'NONE', 'WORKASPACE' ) );
#1781 = LINE ( 'NONE', #991, #1933 ) ;
#1782 = VECTOR ( 'NONE', #349, 1000.000000000000000 ) ;
#1783 =( LENGTH_UNIT ( ) NAMED_UNIT ( * ) SI_UNIT ( .MILLI., .METRE. ) );
#1784 = ORIENTED_EDGE ( 'NONE', *, *, #3292, .F. ) ;
#1785 = VECTOR ( 'NONE', #2720, 1000.000000000000000 ) ;
#1786 = STYLED_ITEM ( 'NONE', ( #273 ), #2934 ) ;
#1787 = ORIENTED_EDGE ( 'NONE', *, *, #2081, .F. ) ;
#1788 = EDGE_LOOP ( 'NONE', ( #1329, #1249, #1657, #3204, #3305, #2666, #158, #3115 ) ) ;
#1789 =( GEOMETRIC_REPRESENTATION_CONTEXT ( 3 ) GLOBAL_UNCERTAINTY_ASSIGNED_CONTEXT ( ( #2630 ) ) GLOBAL_UNIT_ASSIGNED_CONTEXT ( ( #1108, #2885, #290 ) ) REPRESENTATION_CONTEXT ( 'NONE', 'WORKASPACE' ) );
#1790 = PRESENTATION_LAYER_ASSIGNMENT (  '', '', ( #1238 ) ) ;
#1791 =( NAMED_UNIT ( * ) PLANE_ANGLE_UNIT ( ) SI_UNIT ( $, .RADIAN. ) );
#1792 = CARTESIAN_POINT ( 'NONE',  ( 0.5000000000000079936, 0.0000000000000000000, 1.150000000000011458 ) ) ;
#1793 = COLOUR_RGB ( '',0.0000000000000000000, 0.0000000000000000000, 0.0000000000000000000 ) ;
#1794 = DIRECTION ( 'NONE',  ( 0.0000000000000000000, -1.000000000000000000, 0.0000000000000000000 ) ) ;
#1795 = CARTESIAN_POINT ( 'NONE',  ( 0.8999999999999998002, 0.9300000000000000488, -1.150000000000000355 ) ) ;
#1796 = EDGE_CURVE ( 'NONE', #1199, #3095, #2988, .T. ) ;
#1797 = LINE ( 'NONE', #2833, #2526 ) ;
#1798 = VERTEX_POINT ( 'NONE', #2687 ) ;
#1799 = EDGE_CURVE ( 'NONE', #170, #1298, #1917, .T. ) ;
#1800 = DIRECTION ( 'NONE',  ( -0.0000000000000000000, 1.000000000000000000, -0.0000000000000000000 ) ) ;
#1801 = EDGE_LOOP ( 'NONE', ( #721, #1966, #360, #1718, #2101, #2825 ) ) ;
#1802 = DIRECTION ( 'NONE',  ( -0.0000000000000000000, 0.0000000000000000000, 1.000000000000000000 ) ) ;
#1803 = CARTESIAN_POINT ( 'NONE',  ( 1.250000000000008216, 0.1300000000000000044, 1.250000000000011546 ) ) ;
#1804 = DIRECTION ( 'NONE',  ( -0.0000000000000000000, -0.0000000000000000000, 1.000000000000000000 ) ) ;
#1805 = ORIENTED_EDGE ( 'NONE', *, *, #1578, .T. ) ;
#1806 =( NAMED_UNIT ( * ) PLANE_ANGLE_UNIT ( ) SI_UNIT ( $, .RADIAN. ) );
#1807 = DIRECTION ( 'NONE',  ( 0.0000000000000000000, 0.0000000000000000000, 1.000000000000000000 ) ) ;
#1808 = FACE_OUTER_BOUND ( 'NONE', #191, .T. ) ;
#1809 = CYLINDRICAL_SURFACE ( 'NONE', #1837, 0.04999999999999991257 ) ;
#1810 = CARTESIAN_POINT ( 'NONE',  ( 1.150000000000007905, -0.0001000000000000000048, 1.150000000000011458 ) ) ;
#1811 = CARTESIAN_POINT ( 'NONE',  ( -0.8000000000000003775, 0.2800000000000000822, -0.8000000000000001554 ) ) ;
#1812 = UNCERTAINTY_MEASURE_WITH_UNIT (LENGTH_MEASURE( 1.000000000000000082E-05 ), #1310, 'distance_accuracy_value', 'NONE');
#1813 = SURFACE_SIDE_STYLE ('',( #1247 ) ) ;
#1814 = SURFACE_SIDE_STYLE ('',( #2372 ) ) ;
#1815 = VERTEX_POINT ( 'NONE', #1648 ) ;
#1816 = VECTOR ( 'NONE', #1193, 1000.000000000000000 ) ;
#1817 = DIRECTION ( 'NONE',  ( -0.0000000000000000000, -1.000000000000000000, -0.0000000000000000000 ) ) ;
#1818 = ORIENTED_EDGE ( 'NONE', *, *, #2991, .F. ) ;
#1819 =( NAMED_UNIT ( * ) SI_UNIT ( $, .STERADIAN. ) SOLID_ANGLE_UNIT ( ) );
#1820 = DIRECTION ( 'NONE',  ( 1.971276677246371765E-16, 0.0000000000000000000, 1.000000000000000000 ) ) ;
#1821 = EDGE_CURVE ( 'NONE', #1177, #3126, #367, .T. ) ;
#1822 = DIRECTION ( 'NONE',  ( 0.0000000000000000000, 0.0000000000000000000, -1.000000000000000000 ) ) ;
#1823 = ORIENTED_EDGE ( 'NONE', *, *, #3005, .F. ) ;
#1824 = STYLED_ITEM ( 'NONE', ( #2192 ), #673 ) ;
#1825 = PRESENTATION_STYLE_ASSIGNMENT (( #2895 ) ) ;
#1826 = ORIENTED_EDGE ( 'NONE', *, *, #2123, .F. ) ;
#1827 = CARTESIAN_POINT ( 'NONE',  ( 0.5000000000000079936, -0.0001000000000000000048, 1.150000000000011458 ) ) ;
#1828 = STYLED_ITEM ( 'NONE', ( #1951 ), #904 ) ;
#1829 = DIRECTION ( 'NONE',  ( 0.0000000000000000000, 0.0000000000000000000, -1.000000000000000000 ) ) ;
#1830 = DIRECTION ( 'NONE',  ( -8.673617379884028076E-17, -0.0000000000000000000, -1.000000000000000000 ) ) ;
#1831 =( NAMED_UNIT ( * ) PLANE_ANGLE_UNIT ( ) SI_UNIT ( $, .RADIAN. ) );
#1832 = COLOUR_RGB ( '',1.000000000000000000, 1.000000000000000000, 1.000000000000000000 ) ;
#1833 = AXIS2_PLACEMENT_3D ( 'NONE', #1857, #2341, #1267 ) ;
#1834 = VECTOR ( 'NONE', #2009, 1000.000000000000000 ) ;
#1835 = PLANE ( 'NONE',  #3211 ) ;
#1836 = ORIENTED_EDGE ( 'NONE', *, *, #1497, .F. ) ;
#1837 = AXIS2_PLACEMENT_3D ( 'NONE', #2439, #1359, #1950 ) ;
#1838 = CARTESIAN_POINT ( 'NONE',  ( -0.4999999999999920064, -0.0001000000000000000048, 1.150000000000011458 ) ) ;
#1839 = VERTEX_POINT ( 'NONE', #3104 ) ;
#1840 = AXIS2_PLACEMENT_3D ( 'NONE', #1439, #249, #2000 ) ;
#1841 = DIRECTION ( 'NONE',  ( -1.000000000000000000, 0.0000000000000000000, 0.0000000000000000000 ) ) ;
#1842 = DIRECTION ( 'NONE',  ( -1.000000000000000000, 0.0000000000000000000, 0.0000000000000000000 ) ) ;
#1843 = ORIENTED_EDGE ( 'NONE', *, *, #410, .F. ) ;
#1844 = VECTOR ( 'NONE', #945, 1000.000000000000000 ) ;
#1845 = EDGE_CURVE ( 'NONE', #1183, #1076, #2756, .T. ) ;
#1846 = CARTESIAN_POINT ( 'NONE',  ( 0.5000000000000079936, -0.0001000000000000000048, 1.150000000000011458 ) ) ;
#1847 = EDGE_LOOP ( 'NONE', ( #568, #1630, #1332, #399 ) ) ;
#1848 = PRESENTATION_LAYER_ASSIGNMENT (  '', '', ( #2177 ) ) ;
#1849 = DIRECTION ( 'NONE',  ( 0.0000000000000000000, 0.0000000000000000000, -1.000000000000000000 ) ) ;
#1850 = VERTEX_POINT ( 'NONE', #1475 ) ;
#1851 = COLOUR_RGB ( '',1.000000000000000000, 1.000000000000000000, 1.000000000000000000 ) ;
#1852 =( LENGTH_UNIT ( ) NAMED_UNIT ( * ) SI_UNIT ( .MILLI., .METRE. ) );
#1853 = LINE ( 'NONE', #2865, #1057 ) ;
#1854 = MECHANICAL_DESIGN_GEOMETRIC_PRESENTATION_REPRESENTATION (  '', ( #333 ), #911 ) ;
#1855 = PRESENTATION_STYLE_ASSIGNMENT (( #260 ) ) ;
#1856 = ORIENTED_EDGE ( 'NONE', *, *, #2158, .T. ) ;
#1857 = CARTESIAN_POINT ( 'NONE',  ( 0.8000000000000000444, 0.6800000000000000488, -0.8000000000000003775 ) ) ;
#1858 = LINE ( 'NONE', #296, #151 ) ;
#1859 = DIRECTION ( 'NONE',  ( -0.0000000000000000000, 1.000000000000000000, -0.0000000000000000000 ) ) ;
#1860 = VERTEX_POINT ( 'NONE', #2770 ) ;
#1861 =( NAMED_UNIT ( * ) PLANE_ANGLE_UNIT ( ) SI_UNIT ( $, .RADIAN. ) );
#1862 = FILL_AREA_STYLE ('',( #3151 ) ) ;
#1863 = ORIENTED_EDGE ( 'NONE', *, *, #1109, .T. ) ;
#1864 = LINE ( 'NONE', #823, #1952 ) ;
#1865 = VERTEX_POINT ( 'NONE', #455 ) ;
#1866 = EDGE_CURVE ( 'NONE', #1384, #2655, #184, .T. ) ;
#1867 = DIRECTION ( 'NONE',  ( -9.427844978134821433E-17, 0.0000000000000000000, -1.000000000000000000 ) ) ;
#1868 = EDGE_CURVE ( 'NONE', #1242, #2232, #1737, .T. ) ;
#1869 = DIRECTION ( 'NONE',  ( -0.0000000000000000000, 1.000000000000000000, -0.0000000000000000000 ) ) ;
#1870 = EDGE_CURVE ( 'NONE', #1798, #2141, #225, .T. ) ;
#1871 = DIRECTION ( 'NONE',  ( 1.000000000000000000, 0.0000000000000000000, 0.0000000000000000000 ) ) ;
#1872 = LINE ( 'NONE', #2674, #1461 ) ;
#1873 = ORIENTED_EDGE ( 'NONE', *, *, #2767, .T. ) ;
#1874 = APPLICATION_PROTOCOL_DEFINITION ( 'draft international standard', 'automotive_design', 1998, #3246 ) ;
#1875 = EDGE_CURVE ( 'NONE', #1144, #773, #1002, .T. ) ;
#1876 = PLANE ( 'NONE',  #3142 ) ;
#1877 = VERTEX_POINT ( 'NONE', #253 ) ;
#1878 = CARTESIAN_POINT ( 'NONE',  ( 0.6250000000000082157, 0.4300000000000000488, -0.01199999999999075070 ) ) ;
#1879 = DIRECTION ( 'NONE',  ( -1.000000000000000000, 0.0000000000000000000, -0.0000000000000000000 ) ) ;
#1880 = ORIENTED_EDGE ( 'NONE', *, *, #1868, .F. ) ;
#1881 = LINE ( 'NONE', #318, #1612 ) ;
#1882 = COLOUR_RGB ( '',1.000000000000000000, 1.000000000000000000, 1.000000000000000000 ) ;
#1883 =( GEOMETRIC_REPRESENTATION_CONTEXT ( 3 ) GLOBAL_UNCERTAINTY_ASSIGNED_CONTEXT ( ( #2946 ) ) GLOBAL_UNIT_ASSIGNED_CONTEXT ( ( #975, #3328, #711 ) ) REPRESENTATION_CONTEXT ( 'NONE', 'WORKASPACE' ) );
#1884 = PRESENTATION_LAYER_ASSIGNMENT (  '', '', ( #3275 ) ) ;
#1885 = EDGE_CURVE ( 'NONE', #2196, #2195, #704, .T. ) ;
#1886 = DIRECTION ( 'NONE',  ( 1.000000000000000000, 0.0000000000000000000, 0.0000000000000000000 ) ) ;
#1887 = PRESENTATION_LAYER_ASSIGNMENT (  '', '', ( #2368 ) ) ;
#1888 = CARTESIAN_POINT ( 'NONE',  ( 1.150000000000007683, 0.0000000000000000000, -1.149999999999988587 ) ) ;
#1889 = VECTOR ( 'NONE', #173, 1000.000000000000000 ) ;
#1890 = AXIS2_PLACEMENT_3D ( 'NONE', #282, #1034, #754 ) ;
#1891 = SURFACE_SIDE_STYLE ('',( #2890 ) ) ;
#1892 = DIRECTION ( 'NONE',  ( 0.0000000000000000000, 1.000000000000000000, -4.336808689942017736E-16 ) ) ;
#1893 = FACE_OUTER_BOUND ( 'NONE', #559, .T. ) ;
#1894 = ORIENTED_EDGE ( 'NONE', *, *, #828, .T. ) ;
#1895 = EDGE_CURVE ( 'NONE', #2267, #564, #707, .T. ) ;
#1896 = STYLED_ITEM ( 'NONE', ( #2142 ), #3129 ) ;
#1897 = CARTESIAN_POINT ( 'NONE',  ( 0.5000000000000079936, -0.0001000000000000000048, 1.150000000000011458 ) ) ;
#1898 = ORIENTED_EDGE ( 'NONE', *, *, #2508, .F. ) ;
#1899 = FACE_OUTER_BOUND ( 'NONE', #2653, .T. ) ;
#1900 = MECHANICAL_DESIGN_GEOMETRIC_PRESENTATION_REPRESENTATION (  '', ( #2370 ), #1789 ) ;
#1901 = CYLINDRICAL_SURFACE ( 'NONE', #1061, 0.2500000000000000000 ) ;
#1902 = DIRECTION ( 'NONE',  ( -1.000000000000000000, 0.0000000000000000000, 0.0000000000000000000 ) ) ;
#1903 = VECTOR ( 'NONE', #2533, 1000.000000000000000 ) ;
#1904 = CARTESIAN_POINT ( 'NONE',  ( -1.150000000000000133, 0.2300000000000000655, -1.149999999999999911 ) ) ;
#1905 =( GEOMETRIC_REPRESENTATION_CONTEXT ( 3 ) GLOBAL_UNCERTAINTY_ASSIGNED_CONTEXT ( ( #461 ) ) GLOBAL_UNIT_ASSIGNED_CONTEXT ( ( #2501, #3301, #938 ) ) REPRESENTATION_CONTEXT ( 'NONE', 'WORKASPACE' ) );
#1906 = CARTESIAN_POINT ( 'NONE',  ( 1.100000000000000311, 0.2800000000000000822, 0.7999999999999997113 ) ) ;
#1907 = EDGE_CURVE ( 'NONE', #330, #2534, #1514, .T. ) ;
#1908 = CARTESIAN_POINT ( 'NONE',  ( -0.7999999999999921618, -0.0001000000000000000048, -0.7999999999999883871 ) ) ;
#1909 = ORIENTED_EDGE ( 'NONE', *, *, #3013, .F. ) ;
#1910 = CYLINDRICAL_SURFACE ( 'NONE', #1670, 0.3000000000000000444 ) ;
#1911 = FILL_AREA_STYLE_COLOUR ( '', #1418 ) ;
#1912 = EDGE_LOOP ( 'NONE', ( #1925, #345, #551, #3325 ) ) ;
#1913 = DIRECTION ( 'NONE',  ( 0.0000000000000000000, -1.000000000000000000, 0.0000000000000000000 ) ) ;
#1914 = EDGE_CURVE ( 'NONE', #66, #2655, #1024, .T. ) ;
#1915 = ADVANCED_FACE ( 'NONE', ( #3042 ), #2025, .T. ) ;
#1916 = PLANE ( 'NONE',  #159 ) ;
#1917 = LINE ( 'NONE', #1389, #1673 ) ;
#1918 = EDGE_LOOP ( 'NONE', ( #27, #13, #320, #1507 ) ) ;
#1919 = CARTESIAN_POINT ( 'NONE',  ( 1.150000000000007683, 0.0000000000000000000, -0.7999999999999883871 ) ) ;
#1920 = CARTESIAN_POINT ( 'NONE',  ( 1.150000000000007683, 0.0000000000000000000, -0.7999999999999883871 ) ) ;
#1921 = UNCERTAINTY_MEASURE_WITH_UNIT (LENGTH_MEASURE( 1.000000000000000082E-05 ), #2814, 'distance_accuracy_value', 'NONE');
#1922 =( LENGTH_UNIT ( ) NAMED_UNIT ( * ) SI_UNIT ( .MILLI., .METRE. ) );
#1923 = FACE_OUTER_BOUND ( 'NONE', #2927, .T. ) ;
#1924 = ORIENTED_EDGE ( 'NONE', *, *, #2335, .T. ) ;
#1925 = ORIENTED_EDGE ( 'NONE', *, *, #1269, .T. ) ;
#1926 = EDGE_CURVE ( 'NONE', #2778, #869, #2808, .T. ) ;
#1927 = DIRECTION ( 'NONE',  ( 0.0000000000000000000, -0.0000000000000000000, 1.000000000000000000 ) ) ;
#1928 = DIRECTION ( 'NONE',  ( -0.0000000000000000000, 0.0000000000000000000, -1.000000000000000000 ) ) ;
#1929 = ORIENTED_EDGE ( 'NONE', *, *, #1866, .F. ) ;
#1930 = MECHANICAL_DESIGN_GEOMETRIC_PRESENTATION_REPRESENTATION (  '', ( #3120 ), #408 ) ;
#1931 = CARTESIAN_POINT ( 'NONE',  ( 0.8500000000000000888, 0.9300000000000000488, -0.8000000000000003775 ) ) ;
#1932 = FILL_AREA_STYLE_COLOUR ( '', #1322 ) ;
#1933 = VECTOR ( 'NONE', #3078, 1000.000000000000000 ) ;
#1934 = SURFACE_SIDE_STYLE ('',( #2722 ) ) ;
#1935 = MECHANICAL_DESIGN_GEOMETRIC_PRESENTATION_REPRESENTATION (  '', ( #632 ), #1650 ) ;
#1936 = SURFACE_STYLE_FILL_AREA ( #2443 ) ;
#1937 = AXIS2_PLACEMENT_3D ( 'NONE', #1846, #1879, #2622 ) ;
#1938 = PLANE ( 'NONE',  #2940 ) ;
#1939 = COLOUR_RGB ( '',0.0000000000000000000, 0.2117647058823529382, 0.4549019607843137192 ) ;
#1940 = DIRECTION ( 'NONE',  ( 1.000000000000000000, 0.0000000000000000000, -1.971276677246372012E-16 ) ) ;
#1941 = SURFACE_STYLE_USAGE ( .BOTH. , #1143 ) ;
#1942 = ORIENTED_EDGE ( 'NONE', *, *, #3131, .T. ) ;
#1943 = AXIS2_PLACEMENT_3D ( 'NONE', #134, #404, #604 ) ;
#1944 = EDGE_LOOP ( 'NONE', ( #1348, #80, #1509, #1863 ) ) ;
#1945 =( LENGTH_UNIT ( ) NAMED_UNIT ( * ) SI_UNIT ( .MILLI., .METRE. ) );
#1946 = FACE_OUTER_BOUND ( 'NONE', #507, .T. ) ;
#1947 = DIRECTION ( 'NONE',  ( -1.000000000000000000, 0.0000000000000000000, 0.0000000000000000000 ) ) ;
#1948 = EDGE_CURVE ( 'NONE', #2534, #980, #805, .T. ) ;
#1949 = STYLED_ITEM ( 'NONE', ( #45 ), #3116 ) ;
#1950 = DIRECTION ( 'NONE',  ( 0.0000000000000000000, 0.0000000000000000000, -1.000000000000000000 ) ) ;
#1951 = PRESENTATION_STYLE_ASSIGNMENT (( #1632 ) ) ;
#1952 = VECTOR ( 'NONE', #527, 1000.000000000000000 ) ;
#1953 = CARTESIAN_POINT ( 'NONE',  ( 1.149999999999999911, 0.2300000000000000655, 1.149999999999999467 ) ) ;
#1954 = AXIS2_PLACEMENT_3D ( 'NONE', #936, #1987, #3058 ) ;
#1955 = AXIS2_PLACEMENT_3D ( 'NONE', #2087, #1526, #1822 ) ;
#1956 = SURFACE_SIDE_STYLE ('',( #2204 ) ) ;
#1957 = PRESENTATION_LAYER_ASSIGNMENT (  '', '', ( #434 ) ) ;
#1958 = FACE_OUTER_BOUND ( 'NONE', #2051, .T. ) ;
#1959 = UNCERTAINTY_MEASURE_WITH_UNIT (LENGTH_MEASURE( 1.000000000000000082E-05 ), #3123, 'distance_accuracy_value', 'NONE');
#1960 = CARTESIAN_POINT ( 'NONE',  ( -0.8000000000000003775, 0.2800000000000000822, -1.100000000000000089 ) ) ;
#1961 = ORIENTED_EDGE ( 'NONE', *, *, #1313, .F. ) ;
#1962 = EDGE_LOOP ( 'NONE', ( #517, #465, #121, #3203 ) ) ;
#1963 = CARTESIAN_POINT ( 'NONE',  ( -1.149999999999999911, 0.9300000000000000488, 0.8999999999999998002 ) ) ;
#1964 = DIRECTION ( 'NONE',  ( 0.0000000000000000000, 1.000000000000000000, 0.0000000000000000000 ) ) ;
#1965 = FACE_OUTER_BOUND ( 'NONE', #463, .T. ) ;
#1966 = ORIENTED_EDGE ( 'NONE', *, *, #1575, .T. ) ;
#1967 = CARTESIAN_POINT ( 'NONE',  ( 0.8500000000000004219, 0.9300000000000000488, 0.7999999999999997113 ) ) ;
#1968 = FILL_AREA_STYLE_COLOUR ( '', #1172 ) ;
#1969 = FILL_AREA_STYLE_COLOUR ( '', #1213 ) ;
#1970 = EDGE_CURVE ( 'NONE', #876, #1572, #2432, .T. ) ;
#1971 = CARTESIAN_POINT ( 'NONE',  ( 0.8000000000000000444, 0.2800000000000000822, -0.8000000000000003775 ) ) ;
#1972 = DIRECTION ( 'NONE',  ( 0.0000000000000000000, -1.000000000000000000, 0.0000000000000000000 ) ) ;
#1973 = CARTESIAN_POINT ( 'NONE',  ( 1.099999999999999867, 0.2300000000000000655, -0.8000000000000004885 ) ) ;
#1974 = CARTESIAN_POINT ( 'NONE',  ( -0.7999999999999999334, 0.2300000000000000655, 1.100000000000000089 ) ) ;
#1975 = EDGE_CURVE ( 'NONE', #746, #170, #774, .T. ) ;
#1976 = CARTESIAN_POINT ( 'NONE',  ( 0.8000000000000001554, 0.6800000000000000488, -1.100000000000000311 ) ) ;
#1977 = ORIENTED_EDGE ( 'NONE', *, *, #1112, .T. ) ;
#1978 = ORIENTED_EDGE ( 'NONE', *, *, #1975, .F. ) ;
#1979 = CARTESIAN_POINT ( 'NONE',  ( 0.8000000000000079270, 0.0000000000000000000, 0.8000000000000113687 ) ) ;
#1980 = FACE_OUTER_BOUND ( 'NONE', #1520, .T. ) ;
#1981 = ORIENTED_EDGE ( 'NONE', *, *, #1404, .F. ) ;
#1982 = DIRECTION ( 'NONE',  ( 1.000000000000000000, -0.0000000000000000000, -1.885568995626964287E-16 ) ) ;
#1983 = DIRECTION ( 'NONE',  ( -0.0000000000000000000, 1.000000000000000000, -0.0000000000000000000 ) ) ;
#1984 = CARTESIAN_POINT ( 'NONE',  ( 1.100000000000000311, 0.2300000000000000655, 1.099999999999999645 ) ) ;
#1985 = CYLINDRICAL_SURFACE ( 'NONE', #1081, 0.04999999999999991257 ) ;
#1986 = EDGE_LOOP ( 'NONE', ( #3051, #523, #2032, #1405 ) ) ;
#1987 = DIRECTION ( 'NONE',  ( -1.000000000000000000, 0.0000000000000000000, 0.0000000000000000000 ) ) ;
#1988 = DIRECTION ( 'NONE',  ( 0.0000000000000000000, 1.000000000000000000, 0.0000000000000000000 ) ) ;
#1989 = LINE ( 'NONE', #1698, #1712 ) ;
#1990 = CARTESIAN_POINT ( 'NONE',  ( 0.8999999999999998002, 0.9300000000000000488, -0.9000000000000003553 ) ) ;
#1991 = AXIS2_PLACEMENT_3D ( 'NONE', #857, #1620, #2662 ) ;
#1992 = UNCERTAINTY_MEASURE_WITH_UNIT (LENGTH_MEASURE( 1.000000000000000082E-05 ), #1205, 'distance_accuracy_value', 'NONE');
#1993 = MECHANICAL_DESIGN_GEOMETRIC_PRESENTATION_REPRESENTATION (  '', ( #2156 ), #2683 ) ;
#1994 = PRESENTATION_STYLE_ASSIGNMENT (( #2777 ) ) ;
#1995 = ORIENTED_EDGE ( 'NONE', *, *, #3012, .T. ) ;
#1996 = STYLED_ITEM ( 'NONE', ( #435 ), #921 ) ;
#1997 = VERTEX_POINT ( 'NONE', #2332 ) ;
#1998 = FILL_AREA_STYLE_COLOUR ( '', #1067 ) ;
#1999 = SURFACE_STYLE_USAGE ( .BOTH. , #1181 ) ;
#2000 = DIRECTION ( 'NONE',  ( -1.000000000000000000, 0.0000000000000000000, 0.0000000000000000000 ) ) ;
#2001 = ORIENTED_EDGE ( 'NONE', *, *, #1821, .F. ) ;
#2002 = PRESENTATION_LAYER_ASSIGNMENT (  '', '', ( #2485 ) ) ;
#2003 = DIRECTION ( 'NONE',  ( -0.0000000000000000000, -1.000000000000000000, 0.0000000000000000000 ) ) ;
#2004 = CARTESIAN_POINT ( 'NONE',  ( 0.5000000000000079936, 0.0000000000000000000, 1.150000000000011458 ) ) ;
#2005 = CARTESIAN_POINT ( 'NONE',  ( -0.7999999999999921618, 0.0000000000000000000, -0.7999999999999883871 ) ) ;
#2006 = CARTESIAN_POINT ( 'NONE',  ( -0.8000000000000003775, 0.2800000000000000822, -1.150000000000000133 ) ) ;
#2007 = VERTEX_POINT ( 'NONE', #2126 ) ;
#2008 = SURFACE_STYLE_USAGE ( .BOTH. , #952 ) ;
#2009 = DIRECTION ( 'NONE',  ( -1.000000000000000000, 0.0000000000000000000, 0.0000000000000000000 ) ) ;
#2010 = CARTESIAN_POINT ( 'NONE',  ( -0.7999999999999921618, -0.0001000000000000000048, -1.149999999999988587 ) ) ;
#2011 = MECHANICAL_DESIGN_GEOMETRIC_PRESENTATION_REPRESENTATION (  '', ( #1131 ), #2933 ) ;
#2012 = VECTOR ( 'NONE', #2247, 1000.000000000000000 ) ;
#2013 = COLOUR_RGB ( '',1.000000000000000000, 1.000000000000000000, 1.000000000000000000 ) ;
#2014 = EDGE_CURVE ( 'NONE', #3063, #3000, #1881, .T. ) ;
#2015 = DIRECTION ( 'NONE',  ( -0.0000000000000000000, -1.000000000000000000, -0.0000000000000000000 ) ) ;
#2016 = ORIENTED_EDGE ( 'NONE', *, *, #1052, .T. ) ;
#2017 = COLOUR_RGB ( '',1.000000000000000000, 1.000000000000000000, 1.000000000000000000 ) ;
#2018 = ORIENTED_EDGE ( 'NONE', *, *, #137, .T. ) ;
#2019 = LINE ( 'NONE', #3015, #592 ) ;
#2020 = DIRECTION ( 'NONE',  ( 0.0000000000000000000, 0.0000000000000000000, 1.000000000000000000 ) ) ;
#2021 =( NAMED_UNIT ( * ) PLANE_ANGLE_UNIT ( ) SI_UNIT ( $, .RADIAN. ) );
#2022 = ORIENTED_EDGE ( 'NONE', *, *, #1008, .T. ) ;
#2023 = FACE_OUTER_BOUND ( 'NONE', #2747, .T. ) ;
#2024 = SURFACE_SIDE_STYLE ('',( #512 ) ) ;
#2025 = CYLINDRICAL_SURFACE ( 'NONE', #217, 0.2500000000000000000 ) ;
#2026 = VERTEX_POINT ( 'NONE', #335 ) ;
#2027 = DIRECTION ( 'NONE',  ( 0.0000000000000000000, 0.0000000000000000000, 1.000000000000000000 ) ) ;
#2028 = SURFACE_SIDE_STYLE ('',( #1225 ) ) ;
#2029 = DIRECTION ( 'NONE',  ( 0.0000000000000000000, 0.0000000000000000000, -1.000000000000000000 ) ) ;
#2030 = UNCERTAINTY_MEASURE_WITH_UNIT (LENGTH_MEASURE( 1.000000000000000082E-05 ), #1319, 'distance_accuracy_value', 'NONE');
#2031 = CARTESIAN_POINT ( 'NONE',  ( -1.099999999999999867, 0.2300000000000000655, 0.8000000000000001554 ) ) ;
#2032 = ORIENTED_EDGE ( 'NONE', *, *, #642, .F. ) ;
#2033 = ORIENTED_EDGE ( 'NONE', *, *, #2922, .F. ) ;
#2034 =( LENGTH_UNIT ( ) NAMED_UNIT ( * ) SI_UNIT ( .MILLI., .METRE. ) );
#2035 = DIRECTION ( 'NONE',  ( -9.856383386231858827E-17, 0.0000000000000000000, -1.000000000000000000 ) ) ;
#2036 = CARTESIAN_POINT ( 'NONE',  ( -0.7999999999999921618, -0.0001000000000000000048, -0.7999999999999883871 ) ) ;
#2037 = EDGE_LOOP ( 'NONE', ( #243, #115, #877, #2323 ) ) ;
#2038 = FACE_BOUND ( 'NONE', #1471, .T. ) ;
#2039 = DIRECTION ( 'NONE',  ( 1.000000000000000000, 0.0000000000000000000, -1.971276677246371765E-16 ) ) ;
#2040 = ORIENTED_EDGE ( 'NONE', *, *, #2962, .T. ) ;
#2041 = SURFACE_STYLE_USAGE ( .BOTH. , #2757 ) ;
#2042 =( NAMED_UNIT ( * ) PLANE_ANGLE_UNIT ( ) SI_UNIT ( $, .RADIAN. ) );
#2043 = ORIENTED_EDGE ( 'NONE', *, *, #1116, .F. ) ;
#2044 =( GEOMETRIC_REPRESENTATION_CONTEXT ( 3 ) GLOBAL_UNCERTAINTY_ASSIGNED_CONTEXT ( ( #188 ) ) GLOBAL_UNIT_ASSIGNED_CONTEXT ( ( #2664, #602, #342 ) ) REPRESENTATION_CONTEXT ( 'NONE', 'WORKASPACE' ) );
#2045 = EDGE_CURVE ( 'NONE', #1047, #1664, #1864, .T. ) ;
#2046 = COLOUR_RGB ( '',1.000000000000000000, 1.000000000000000000, 1.000000000000000000 ) ;
#2047 = CARTESIAN_POINT ( 'NONE',  ( -0.9000000000000000222, 0.2300000000000000655, -1.149999999999999911 ) ) ;
#2048 = VERTEX_POINT ( 'NONE', #591 ) ;
#2049 = COLOUR_RGB ( '',1.000000000000000000, 1.000000000000000000, 1.000000000000000000 ) ;
#2050 = VERTEX_POINT ( 'NONE', #1336 ) ;
#2051 = EDGE_LOOP ( 'NONE', ( #851, #3257, #2619, #196 ) ) ;
#2052 = PRESENTATION_LAYER_ASSIGNMENT (  '', '', ( #1769 ) ) ;
#2053 =( GEOMETRIC_REPRESENTATION_CONTEXT ( 3 ) GLOBAL_UNCERTAINTY_ASSIGNED_CONTEXT ( ( #3008 ) ) GLOBAL_UNIT_ASSIGNED_CONTEXT ( ( #3214, #895, #2152 ) ) REPRESENTATION_CONTEXT ( 'NONE', 'WORKASPACE' ) );
#2054 = SURFACE_SIDE_STYLE ('',( #1253 ) ) ;
#2055 = FILL_AREA_STYLE ('',( #220 ) ) ;
#2056 = ORIENTED_EDGE ( 'NONE', *, *, #3005, .T. ) ;
#2057 = CARTESIAN_POINT ( 'NONE',  ( -0.1499999999999921396, -0.0001000000000000000048, -0.7999999999999883871 ) ) ;
#2058 = EDGE_CURVE ( 'NONE', #3035, #317, #2106, .T. ) ;
#2059 = AXIS2_PLACEMENT_3D ( 'NONE', #1811, #500, #531 ) ;
#2060 = CARTESIAN_POINT ( 'NONE',  ( -0.1499999999999921396, -0.0001000000000000000048, -1.149999999999988587 ) ) ;
#2061 = LINE ( 'NONE', #457, #1413 ) ;
#2062 = DIRECTION ( 'NONE',  ( 1.971276677246372012E-16, -0.0000000000000000000, 1.000000000000000000 ) ) ;
#2063 = MECHANICAL_DESIGN_GEOMETRIC_PRESENTATION_REPRESENTATION (  '', ( #1545 ), #2811 ) ;
#2064 = DIRECTION ( 'NONE',  ( 1.971276677246371765E-16, 0.0000000000000000000, 1.000000000000000000 ) ) ;
#2065 = VECTOR ( 'NONE', #623, 1000.000000000000000 ) ;
#2066 = EDGE_CURVE ( 'NONE', #2555, #2915, #572, .T. ) ;
#2067 = CARTESIAN_POINT ( 'NONE',  ( -0.7999999999999919398, 0.0000000000000000000, 1.150000000000011458 ) ) ;
#2068 = ADVANCED_FACE ( 'NONE', ( #1808 ), #558, .T. ) ;
#2069 = ORIENTED_EDGE ( 'NONE', *, *, #439, .F. ) ;
#2070 = MECHANICAL_DESIGN_GEOMETRIC_PRESENTATION_REPRESENTATION (  '', ( #504 ), #3302 ) ;
#2071 = ORIENTED_EDGE ( 'NONE', *, *, #1926, .T. ) ;
#2072 = PLANE ( 'NONE',  #1890 ) ;
#2073 = CARTESIAN_POINT ( 'NONE',  ( -1.100000000000000311, 0.6800000000000000488, -0.7999999999999999334 ) ) ;
#2074 = FACE_OUTER_BOUND ( 'NONE', #890, .T. ) ;
#2075 =( GEOMETRIC_REPRESENTATION_CONTEXT ( 3 ) GLOBAL_UNCERTAINTY_ASSIGNED_CONTEXT ( ( #1411 ) ) GLOBAL_UNIT_ASSIGNED_CONTEXT ( ( #2167, #138, #2413 ) ) REPRESENTATION_CONTEXT ( 'NONE', 'WORKASPACE' ) );
#2076 = PLANE ( 'NONE',  #1485 ) ;
#2077 = DIRECTION ( 'NONE',  ( -0.0000000000000000000, 1.000000000000000000, -0.0000000000000000000 ) ) ;
#2078 = FILL_AREA_STYLE_COLOUR ( '', #2373 ) ;
#2079 = FILL_AREA_STYLE_COLOUR ( '', #90 ) ;
#2080 = DIRECTION ( 'NONE',  ( 1.000000000000000000, 0.0000000000000000000, -9.856383386231858827E-17 ) ) ;
#2081 = EDGE_CURVE ( 'NONE', #869, #2489, #1338, .T. ) ;
#2082 = DIRECTION ( 'NONE',  ( -0.0000000000000000000, 1.000000000000000000, -0.0000000000000000000 ) ) ;
#2083 = EDGE_LOOP ( 'NONE', ( #2071, #3154, #2711, #2728 ) ) ;
#2084 = CARTESIAN_POINT ( 'NONE',  ( -1.249999999999992006, 0.1300000000000000044, -1.249999999999990674 ) ) ;
#2085 = EDGE_LOOP ( 'NONE', ( #78, #3052, #3320, #277 ) ) ;
#2086 = FILL_AREA_STYLE_COLOUR ( '', #3031 ) ;
#2087 = CARTESIAN_POINT ( 'NONE',  ( 0.8999999999999998002, 0.1300000000000000044, -0.9000000000000003553 ) ) ;
#2088 = EDGE_CURVE ( 'NONE', #3095, #934, #15, .T. ) ;
#2089 = CYLINDRICAL_SURFACE ( 'NONE', #846, 0.2999999999999999334 ) ;
#2090 = CARTESIAN_POINT ( 'NONE',  ( -1.150000000000000133, 0.2800000000000000822, -0.8000000000000000444 ) ) ;
#2091 = DIRECTION ( 'NONE',  ( 0.0000000000000000000, 0.0000000000000000000, -1.000000000000000000 ) ) ;
#2092 = CARTESIAN_POINT ( 'NONE',  ( 0.5000000000000079936, -0.0001000000000000000048, 0.8000000000000113687 ) ) ;
#2093 = FACE_OUTER_BOUND ( 'NONE', #834, .T. ) ;
#2094 = SURFACE_SIDE_STYLE ('',( #2944 ) ) ;
#2095 = DIRECTION ( 'NONE',  ( 0.0000000000000000000, 0.0000000000000000000, -1.000000000000000000 ) ) ;
#2096 = ORIENTED_EDGE ( 'NONE', *, *, #960, .F. ) ;
#2097 = COLOUR_RGB ( '',1.000000000000000000, 1.000000000000000000, 1.000000000000000000 ) ;
#2098 = EDGE_CURVE ( 'NONE', #2141, #2489, #3090, .T. ) ;
#2099 =( GEOMETRIC_REPRESENTATION_CONTEXT ( 3 ) GLOBAL_UNCERTAINTY_ASSIGNED_CONTEXT ( ( #1700 ) ) GLOBAL_UNIT_ASSIGNED_CONTEXT ( ( #1010, #1462, #505 ) ) REPRESENTATION_CONTEXT ( 'NONE', 'WORKASPACE' ) );
#2100 =( NAMED_UNIT ( * ) SI_UNIT ( $, .STERADIAN. ) SOLID_ANGLE_UNIT ( ) );
#2101 = ORIENTED_EDGE ( 'NONE', *, *, #935, .F. ) ;
#2102 = PRESENTATION_LAYER_ASSIGNMENT (  '', '', ( #2156 ) ) ;
#2103 = FACE_OUTER_BOUND ( 'NONE', #3074, .T. ) ;
#2104 = DIRECTION ( 'NONE',  ( -0.0000000000000000000, 1.000000000000000000, -0.0000000000000000000 ) ) ;
#2105 = ORIENTED_EDGE ( 'NONE', *, *, #2694, .T. ) ;
#2106 = LINE ( 'NONE', #1610, #490 ) ;
#2107 = ORIENTED_EDGE ( 'NONE', *, *, #2014, .F. ) ;
#2108 = ADVANCED_FACE ( 'NONE', ( #2623 ), #1055, .F. ) ;
#2109 = AXIS2_PLACEMENT_3D ( 'NONE', #2877, #1048, #59 ) ;
#2110 = DIRECTION ( 'NONE',  ( -0.0000000000000000000, 1.000000000000000000, -0.0000000000000000000 ) ) ;
#2111 = AXIS2_PLACEMENT_3D ( 'NONE', #1293, #1098, #1040 ) ;
#2112 = VECTOR ( 'NONE', #10, 1000.000000000000000 ) ;
#2113 = AXIS2_PLACEMENT_3D ( 'NONE', #2721, #400, #919 ) ;
#2114 = FILL_AREA_STYLE ('',( #293 ) ) ;
#2115 = VERTEX_POINT ( 'NONE', #1682 ) ;
#2116 = EDGE_CURVE ( 'NONE', #3000, #839, #414, .T. ) ;
#2117 = AXIS2_PLACEMENT_3D ( 'NONE', #1166, #1123, #2488 ) ;
#2118 = DIRECTION ( 'NONE',  ( -1.000000000000000000, 0.0000000000000000000, -0.0000000000000000000 ) ) ;
#2119 = CARTESIAN_POINT ( 'NONE',  ( 0.6250000000000082157, 0.4300000000000000488, -0.1619999999999907903 ) ) ;
#2120 = STYLED_ITEM ( 'NONE', ( #2230 ), #3199 ) ;
#2121 = COLOUR_RGB ( '',1.000000000000000000, 1.000000000000000000, 1.000000000000000000 ) ;
#2122 = CIRCLE ( 'NONE', #222, 0.04999999999999991257 ) ;
#2123 = EDGE_CURVE ( 'NONE', #2267, #330, #1665, .T. ) ;
#2124 = CARTESIAN_POINT ( 'NONE',  ( 0.8000000000000077049, -0.0001000000000000000048, -1.149999999999988587 ) ) ;
#2125 = STYLED_ITEM ( 'NONE', ( #1161 ), #2442 ) ;
#2126 = CARTESIAN_POINT ( 'NONE',  ( -1.149999999999991918, 0.0000000000000000000, 0.8000000000000113687 ) ) ;
#2127 = ORIENTED_EDGE ( 'NONE', *, *, #1357, .T. ) ;
#2128 = MECHANICAL_DESIGN_GEOMETRIC_PRESENTATION_REPRESENTATION (  '', ( #1676 ), #654 ) ;
#2129 = ADVANCED_FACE ( 'NONE', ( #1644 ), #2468, .F. ) ;
#2130 = FACE_OUTER_BOUND ( 'NONE', #3164, .T. ) ;
#2131 = LINE ( 'NONE', #1306, #1318 ) ;
#2132 = CARTESIAN_POINT ( 'NONE',  ( 0.5000000000000077716, 0.0000000000000000000, -1.149999999999988587 ) ) ;
#2133 = EDGE_CURVE ( 'NONE', #3111, #145, #160, .T. ) ;
#2134 = FILL_AREA_STYLE ('',( #1323 ) ) ;
#2135 = DIRECTION ( 'NONE',  ( -1.000000000000000000, 0.0000000000000000000, 0.0000000000000000000 ) ) ;
#2136 = DIRECTION ( 'NONE',  ( 1.000000000000000000, -0.0000000000000000000, -0.0000000000000000000 ) ) ;
#2137 = ORIENTED_EDGE ( 'NONE', *, *, #1606, .F. ) ;
#2138 = SURFACE_STYLE_USAGE ( .BOTH. , #1103 ) ;
#2139 = FILL_AREA_STYLE ('',( #1155 ) ) ;
#2140 = DIRECTION ( 'NONE',  ( 1.000000000000000000, -0.0000000000000000000, -0.0000000000000000000 ) ) ;
#2141 = VERTEX_POINT ( 'NONE', #3180 ) ;
#2142 = PRESENTATION_STYLE_ASSIGNMENT (( #2881 ) ) ;
#2143 = CARTESIAN_POINT ( 'NONE',  ( 0.8000000000000077049, -0.0001000000000000000048, -0.7999999999999883871 ) ) ;
#2144 = ORIENTED_EDGE ( 'NONE', *, *, #2410, .T. ) ;
#2145 = EDGE_LOOP ( 'NONE', ( #1212, #2518, #2517, #2417 ) ) ;
#2146 = CARTESIAN_POINT ( 'NONE',  ( 0.1500000000000077660, -0.0001000000000000000048, -1.149999999999988587 ) ) ;
#2147 = LINE ( 'NONE', #575, #1530 ) ;
#2148 =( NAMED_UNIT ( * ) SI_UNIT ( $, .STERADIAN. ) SOLID_ANGLE_UNIT ( ) );
#2149 = CARTESIAN_POINT ( 'NONE',  ( -0.7999999999999919398, -0.0001000000000000000048, 0.8000000000000113687 ) ) ;
#2150 = ORIENTED_EDGE ( 'NONE', *, *, #2565, .F. ) ;
#2151 = SURFACE_STYLE_FILL_AREA ( #894 ) ;
#2152 =( NAMED_UNIT ( * ) SI_UNIT ( $, .STERADIAN. ) SOLID_ANGLE_UNIT ( ) );
#2153 = ORIENTED_EDGE ( 'NONE', *, *, #102, .T. ) ;
#2154 = DIRECTION ( 'NONE',  ( 1.971276677246372258E-16, 0.0000000000000000000, 1.000000000000000000 ) ) ;
#2155 = STYLED_ITEM ( 'NONE', ( #1537 ), #481 ) ;
#2156 = STYLED_ITEM ( 'NONE', ( #2645 ), #768 ) ;
#2157 =( NAMED_UNIT ( * ) PLANE_ANGLE_UNIT ( ) SI_UNIT ( $, .RADIAN. ) );
#2158 = EDGE_CURVE ( 'NONE', #2718, #1384, #2214, .T. ) ;
#2159 = MECHANICAL_DESIGN_GEOMETRIC_PRESENTATION_REPRESENTATION (  '', ( #1996 ), #1472 ) ;
#2160 = CYLINDRICAL_SURFACE ( 'NONE', #787, 0.2999999999999999334 ) ;
#2161 = MECHANICAL_DESIGN_GEOMETRIC_PRESENTATION_REPRESENTATION (  '', ( #2485 ), #3284 ) ;
#2162 = UNCERTAINTY_MEASURE_WITH_UNIT (LENGTH_MEASURE( 1.000000000000000082E-05 ), #1581, 'distance_accuracy_value', 'NONE');
#2163 = DIRECTION ( 'NONE',  ( -8.673617379884028076E-17, -0.0000000000000000000, -1.000000000000000000 ) ) ;
#2164 = EDGE_CURVE ( 'NONE', #3011, #2376, #3041, .T. ) ;
#2165 = ADVANCED_FACE ( 'NONE', ( #1965 ), #2999, .F. ) ;
#2166 = SHAPE_DEFINITION_REPRESENTATION ( #26, #1685 ) ;
#2167 =( LENGTH_UNIT ( ) NAMED_UNIT ( * ) SI_UNIT ( .MILLI., .METRE. ) );
#2168 = EDGE_LOOP ( 'NONE', ( #1690, #2762, #336, #1443 ) ) ;
#2169 = ORIENTED_EDGE ( 'NONE', *, *, #2235, .F. ) ;
#2170 = PRESENTATION_LAYER_ASSIGNMENT (  '', '', ( #3037 ) ) ;
#2171 = CARTESIAN_POINT ( 'NONE',  ( 0.8000000000000003775, 0.2300000000000000655, 0.7999999999999998224 ) ) ;
#2172 = FILL_AREA_STYLE ('',( #1911 ) ) ;
#2173 = ORIENTED_EDGE ( 'NONE', *, *, #2088, .F. ) ;
#2174 = CARTESIAN_POINT ( 'NONE',  ( 1.150000000000007683, -0.0001000000000000000048, -1.149999999999988587 ) ) ;
#2175 = AXIS2_PLACEMENT_3D ( 'NONE', #2455, #2958, #2190 ) ;
#2176 = CARTESIAN_POINT ( 'NONE',  ( 0.5000000000000079936, -0.0001000000000000000048, 0.8000000000000113687 ) ) ;
#2177 = STYLED_ITEM ( 'NONE', ( #875 ), #2460 ) ;
#2178 = CARTESIAN_POINT ( 'NONE',  ( -1.149999999999992140, 0.0000000000000000000, -0.7999999999999883871 ) ) ;
#2179 = DIRECTION ( 'NONE',  ( 0.0000000000000000000, -0.0000000000000000000, 1.000000000000000000 ) ) ;
#2180 = SURFACE_STYLE_FILL_AREA ( #2947 ) ;
#2181 = ORIENTED_EDGE ( 'NONE', *, *, #2596, .F. ) ;
#2182 = VERTEX_POINT ( 'NONE', #2954 ) ;
#2183 =( NAMED_UNIT ( * ) SI_UNIT ( $, .STERADIAN. ) SOLID_ANGLE_UNIT ( ) );
#2184 = CARTESIAN_POINT ( 'NONE',  ( -0.7999999999999919398, -0.0001000000000000000048, 1.150000000000011458 ) ) ;
#2185 = ORIENTED_EDGE ( 'NONE', *, *, #2, .T. ) ;
#2186 = FILL_AREA_STYLE_COLOUR ( '', #374 ) ;
#2187 = EDGE_CURVE ( 'NONE', #2996, #1199, #364, .T. ) ;
#2188 = CARTESIAN_POINT ( 'NONE',  ( 0.8000000000000079270, -0.0001000000000000000048, 0.8000000000000113687 ) ) ;
#2189 = FACE_OUTER_BOUND ( 'NONE', #2037, .T. ) ;
#2190 = DIRECTION ( 'NONE',  ( 1.000000000000000000, 0.0000000000000000000, -0.0000000000000000000 ) ) ;
#2191 = ORIENTED_EDGE ( 'NONE', *, *, #22, .F. ) ;
#2192 = PRESENTATION_STYLE_ASSIGNMENT (( #1154 ) ) ;
#2193 = DIRECTION ( 'NONE',  ( 0.0000000000000000000, 0.0000000000000000000, 1.000000000000000000 ) ) ;
#2194 = ADVANCED_FACE ( 'NONE', ( #1899 ), #2435, .F. ) ;
#2195 = VERTEX_POINT ( 'NONE', #488 ) ;
#2196 = VERTEX_POINT ( 'NONE', #2765 ) ;
#2197 =( NAMED_UNIT ( * ) PLANE_ANGLE_UNIT ( ) SI_UNIT ( $, .RADIAN. ) );
#2198 = ADVANCED_FACE ( 'NONE', ( #1511 ), #1495, .F. ) ;
#2199 = VECTOR ( 'NONE', #310, 1000.000000000000000 ) ;
#2200 = CARTESIAN_POINT ( 'NONE',  ( -0.9000000000000002442, 0.1300000000000000044, 0.9000000000000000222 ) ) ;
#2201 = AXIS2_PLACEMENT_3D ( 'NONE', #2712, #172, #937 ) ;
#2202 = ORIENTED_EDGE ( 'NONE', *, *, #1349, .F. ) ;
#2203 = FACE_OUTER_BOUND ( 'NONE', #1050, .T. ) ;
#2204 = SURFACE_STYLE_FILL_AREA ( #2139 ) ;
#2205 = CARTESIAN_POINT ( 'NONE',  ( -1.149999999999992140, -0.0001000000000000000048, -0.7999999999999883871 ) ) ;
#2206 = COLOUR_RGB ( '',1.000000000000000000, 1.000000000000000000, 1.000000000000000000 ) ;
#2207 = ORIENTED_EDGE ( 'NONE', *, *, #2649, .F. ) ;
#2208 = VECTOR ( 'NONE', #283, 1000.000000000000000 ) ;
#2209 = PRODUCT_DEFINITION_FORMATION_WITH_SPECIFIED_SOURCE ( 'ANY', '', #3089, .NOT_KNOWN. ) ;
#2210 = EDGE_CURVE ( 'NONE', #3117, #2907, #3085, .T. ) ;
#2211 = ORIENTED_EDGE ( 'NONE', *, *, #2908, .F. ) ;
#2212 =( NAMED_UNIT ( * ) PLANE_ANGLE_UNIT ( ) SI_UNIT ( $, .RADIAN. ) );
#2213 =( LENGTH_UNIT ( ) NAMED_UNIT ( * ) SI_UNIT ( .MILLI., .METRE. ) );
#2214 = LINE ( 'NONE', #2174, #2065 ) ;
#2215 = ORIENTED_EDGE ( 'NONE', *, *, #40, .T. ) ;
#2216 = CARTESIAN_POINT ( 'NONE',  ( 0.5000000000000077716, -0.0001000000000000000048, -0.7999999999999883871 ) ) ;
#2217 = EDGE_LOOP ( 'NONE', ( #2563, #2617, #784, #1977 ) ) ;
#2218 = COLOUR_RGB ( '',1.000000000000000000, 1.000000000000000000, 1.000000000000000000 ) ;
#2219 = VECTOR ( 'NONE', #3065, 1000.000000000000000 ) ;
#2220 = EDGE_CURVE ( 'NONE', #876, #3111, #2242, .T. ) ;
#2221 = EDGE_CURVE ( 'NONE', #1572, #876, #1023, .T. ) ;
#2222 = PLANE ( 'NONE',  #2201 ) ;
#2223 = CARTESIAN_POINT ( 'NONE',  ( -0.1499999999999921396, -0.0001000000000000000048, -1.149999999999988587 ) ) ;
#2224 = MECHANICAL_DESIGN_GEOMETRIC_PRESENTATION_REPRESENTATION (  '', ( #2500 ), #1729 ) ;
#2225 = STYLED_ITEM ( 'NONE', ( #730 ), #2714 ) ;
#2226 = UNCERTAINTY_MEASURE_WITH_UNIT (LENGTH_MEASURE( 1.000000000000000082E-05 ), #2807, 'distance_accuracy_value', 'NONE');
#2227 = DIRECTION ( 'NONE',  ( 1.000000000000000000, 0.0000000000000000000, 0.0000000000000000000 ) ) ;
#2228 = EDGE_LOOP ( 'NONE', ( #1356, #2979, #3321, #3152 ) ) ;
#2229 = AXIS2_PLACEMENT_3D ( 'NONE', #1480, #2578, #1004 ) ;
#2230 = PRESENTATION_STYLE_ASSIGNMENT (( #2538 ) ) ;
#2231 = DIRECTION ( 'NONE',  ( 0.0000000000000000000, 0.0000000000000000000, -1.000000000000000000 ) ) ;
#2232 = VERTEX_POINT ( 'NONE', #1734 ) ;
#2233 = FACE_BOUND ( 'NONE', #1643, .T. ) ;
#2234 = DIRECTION ( 'NONE',  ( -1.000000000000000000, 0.0000000000000000000, 1.885568995626964287E-16 ) ) ;
#2235 = EDGE_CURVE ( 'NONE', #564, #2828, #449, .T. ) ;
#2236 = ORIENTED_EDGE ( 'NONE', *, *, #2187, .F. ) ;
#2237 = CYLINDRICAL_SURFACE ( 'NONE', #3245, 0.1500000000000000500 ) ;
#2238 = CARTESIAN_POINT ( 'NONE',  ( -0.7999999999999919398, -0.0001000000000000000048, 1.150000000000011458 ) ) ;
#2239 = EDGE_LOOP ( 'NONE', ( #2525, #2898 ) ) ;
#2240 = ORIENTED_EDGE ( 'NONE', *, *, #1970, .F. ) ;
#2241 =( NAMED_UNIT ( * ) PLANE_ANGLE_UNIT ( ) SI_UNIT ( $, .RADIAN. ) );
#2242 = LINE ( 'NONE', #195, #2219 ) ;
#2243 = VERTEX_POINT ( 'NONE', #2263 ) ;
#2244 = CARTESIAN_POINT ( 'NONE',  ( 0.8000000000000077049, -0.0001000000000000000048, -0.7999999999999883871 ) ) ;
#2245 = CARTESIAN_POINT ( 'NONE',  ( -0.7999999999999919398, -0.0001000000000000000048, 0.8000000000000113687 ) ) ;
#2246 = DIRECTION ( 'NONE',  ( -0.0000000000000000000, 1.000000000000000000, -0.0000000000000000000 ) ) ;
#2247 = DIRECTION ( 'NONE',  ( 1.000000000000000000, -0.0000000000000000000, -0.0000000000000000000 ) ) ;
#2248 = COLOUR_RGB ( '',1.000000000000000000, 1.000000000000000000, 1.000000000000000000 ) ;
#2249 = VERTEX_POINT ( 'NONE', #431 ) ;
#2250 = MECHANICAL_DESIGN_GEOMETRIC_PRESENTATION_REPRESENTATION (  '', ( #2734 ), #2099 ) ;
#2251 = ADVANCED_FACE ( 'NONE', ( #1980 ), #1749, .T. ) ;
#2252 = DIRECTION ( 'NONE',  ( -1.000000000000000000, 0.0000000000000000000, 0.0000000000000000000 ) ) ;
#2253 = CARTESIAN_POINT ( 'NONE',  ( 1.250000000000008216, 0.1300000000000000044, 1.250000000000011546 ) ) ;
#2254 = PLANE ( 'NONE',  #2823 ) ;
#2255 = CIRCLE ( 'NONE', #788, 0.2500000000000000000 ) ;
#2256 = LINE ( 'NONE', #2031, #36 ) ;
#2257 = AXIS2_PLACEMENT_3D ( 'NONE', #3294, #1187, #1499 ) ;
#2258 = FILL_AREA_STYLE ('',( #231 ) ) ;
#2259 = ORIENTED_EDGE ( 'NONE', *, *, #2470, .F. ) ;
#2260 = STYLED_ITEM ( 'NONE', ( #1642 ), #1206 ) ;
#2261 = ORIENTED_EDGE ( 'NONE', *, *, #1358, .T. ) ;
#2262 = DIRECTION ( 'NONE',  ( -1.971276677246371765E-16, 0.0000000000000000000, -1.000000000000000000 ) ) ;
#2263 = CARTESIAN_POINT ( 'NONE',  ( -1.249999999999991784, 0.1300000000000000044, 1.250000000000011546 ) ) ;
#2264 = ORIENTED_EDGE ( 'NONE', *, *, #656, .F. ) ;
#2265 = AXIS2_PLACEMENT_3D ( 'NONE', #2319, #2080, #515 ) ;
#2266 = PLANE ( 'NONE',  #92 ) ;
#2267 = VERTEX_POINT ( 'NONE', #2746 ) ;
#2268 = VECTOR ( 'NONE', #2453, 1000.000000000000000 ) ;
#2269 =( GEOMETRIC_REPRESENTATION_CONTEXT ( 3 ) GLOBAL_UNCERTAINTY_ASSIGNED_CONTEXT ( ( #1392 ) ) GLOBAL_UNIT_ASSIGNED_CONTEXT ( ( #2705, #2021, #737 ) ) REPRESENTATION_CONTEXT ( 'NONE', 'WORKASPACE' ) );
#2270 = CARTESIAN_POINT ( 'NONE',  ( 1.149999999999999689, 0.9300000000000000488, -1.150000000000000355 ) ) ;
#2271 = PRESENTATION_LAYER_ASSIGNMENT (  '', '', ( #1340 ) ) ;
#2272 = AXIS2_PLACEMENT_3D ( 'NONE', #800, #1842, #772 ) ;
#2273 = SURFACE_STYLE_USAGE ( .BOTH. , #1813 ) ;
#2274 = VECTOR ( 'NONE', #3157, 1000.000000000000000 ) ;
#2275 = AXIS2_PLACEMENT_3D ( 'NONE', #1539, #1579, #1325 ) ;
#2276 = FILL_AREA_STYLE_COLOUR ( '', #548 ) ;
#2277 = ORIENTED_EDGE ( 'NONE', *, *, #1388, .T. ) ;
#2278 = EDGE_CURVE ( 'NONE', #3285, #1850, #468, .T. ) ;
#2279 = ORIENTED_EDGE ( 'NONE', *, *, #1875, .F. ) ;
#2280 = DIRECTION ( 'NONE',  ( 0.0000000000000000000, -1.000000000000000000, 0.0000000000000000000 ) ) ;
#2281 = DIRECTION ( 'NONE',  ( 0.0000000000000000000, 0.0000000000000000000, -1.000000000000000000 ) ) ;
#2282 = APPLICATION_CONTEXT ( 'automotive_design' ) ;
#2283 = CARTESIAN_POINT ( 'NONE',  ( 0.8000000000000079270, -0.0001000000000000000048, 0.8000000000000113687 ) ) ;
#2284 = FACE_BOUND ( 'NONE', #1501, .T. ) ;
#2285 = PRESENTATION_STYLE_ASSIGNMENT (( #970 ) ) ;
#2286 = VERTEX_POINT ( 'NONE', #1234 ) ;
#2287 = DIRECTION ( 'NONE',  ( -1.000000000000000000, 0.0000000000000000000, 0.0000000000000000000 ) ) ;
#2288 = DIRECTION ( 'NONE',  ( -1.000000000000000000, 0.0000000000000000000, 0.0000000000000000000 ) ) ;
#2289 = DIRECTION ( 'NONE',  ( 0.0000000000000000000, -1.000000000000000000, 0.0000000000000000000 ) ) ;
#2290 = ORIENTED_EDGE ( 'NONE', *, *, #439, .T. ) ;
#2291 = VERTEX_POINT ( 'NONE', #2283 ) ;
#2292 = EDGE_CURVE ( 'NONE', #2828, #2182, #3311, .T. ) ;
#2293 = PRESENTATION_STYLE_ASSIGNMENT (( #719 ) ) ;
#2294 = DIRECTION ( 'NONE',  ( 0.0000000000000000000, 0.0000000000000000000, -1.000000000000000000 ) ) ;
#2295 = EDGE_CURVE ( 'NONE', #432, #839, #1726, .T. ) ;
#2296 = FACE_BOUND ( 'NONE', #1763, .T. ) ;
#2297 = LINE ( 'NONE', #2559, #1653 ) ;
#2298 = VERTEX_POINT ( 'NONE', #1035 ) ;
#2299 = DIRECTION ( 'NONE',  ( 0.0000000000000000000, 0.0000000000000000000, 1.000000000000000000 ) ) ;
#2300 = CARTESIAN_POINT ( 'NONE',  ( 1.100000000000000311, 0.6800000000000000488, 0.7999999999999997113 ) ) ;
#2301 = ORIENTED_EDGE ( 'NONE', *, *, #1045, .F. ) ;
#2302 = LINE ( 'NONE', #2581, #3022 ) ;
#2303 = AXIS2_PLACEMENT_3D ( 'NONE', #2564, #2289, #3049 ) ;
#2304 = VERTEX_POINT ( 'NONE', #1568 ) ;
#2305 = VECTOR ( 'NONE', #152, 1000.000000000000000 ) ;
#2306 = DIRECTION ( 'NONE',  ( -1.000000000000000000, 0.0000000000000000000, 0.0000000000000000000 ) ) ;
#2307 = ORIENTED_EDGE ( 'NONE', *, *, #1870, .T. ) ;
#2308 = FACE_OUTER_BOUND ( 'NONE', #331, .T. ) ;
#2309 = LINE ( 'NONE', #2073, #2208 ) ;
#2310 = DIRECTION ( 'NONE',  ( 0.0000000000000000000, -0.0000000000000000000, -1.000000000000000000 ) ) ;
#2311 = ORIENTED_EDGE ( 'NONE', *, *, #2616, .F. ) ;
#2312 =( GEOMETRIC_REPRESENTATION_CONTEXT ( 3 ) GLOBAL_UNCERTAINTY_ASSIGNED_CONTEXT ( ( #1363 ) ) GLOBAL_UNIT_ASSIGNED_CONTEXT ( ( #1334, #2882, #1315 ) ) REPRESENTATION_CONTEXT ( 'NONE', 'WORKASPACE' ) );
#2313 = DIRECTION ( 'NONE',  ( 0.0000000000000000000, -1.000000000000000000, -0.0000000000000000000 ) ) ;
#2314 = DIRECTION ( 'NONE',  ( 9.427844978134821433E-17, 0.0000000000000000000, 1.000000000000000000 ) ) ;
#2315 = VECTOR ( 'NONE', #2062, 1000.000000000000000 ) ;
#2316 = EDGE_CURVE ( 'NONE', #74, #2555, #1582, .T. ) ;
#2317 = STYLED_ITEM ( 'NONE', ( #1088 ), #1685 ) ;
#2318 = DIRECTION ( 'NONE',  ( 0.0000000000000000000, -1.000000000000000000, 0.0000000000000000000 ) ) ;
#2319 = CARTESIAN_POINT ( 'NONE',  ( -1.150000000000000133, 0.6800000000000000488, -0.8499999999999996447 ) ) ;
#2320 = EDGE_CURVE ( 'NONE', #1368, #379, #60, .T. ) ;
#2321 = DIRECTION ( 'NONE',  ( -1.000000000000000000, 0.0000000000000000000, 1.971276677246371765E-16 ) ) ;
#2322 = SURFACE_STYLE_USAGE ( .BOTH. , #1084 ) ;
#2323 = ORIENTED_EDGE ( 'NONE', *, *, #1148, .T. ) ;
#2324 = AXIS2_PLACEMENT_3D ( 'NONE', #756, #3034, #1216 ) ;
#2325 = CARTESIAN_POINT ( 'NONE',  ( 1.150000000000007905, 0.0000000000000000000, 0.8000000000000113687 ) ) ;
#2326 = CARTESIAN_POINT ( 'NONE',  ( 0.9000000000000000222, 0.1300000000000000044, 1.149999999999999467 ) ) ;
#2327 = DIRECTION ( 'NONE',  ( -1.000000000000000000, 0.0000000000000000000, 1.885568995626964287E-16 ) ) ;
#2328 = CARTESIAN_POINT ( 'NONE',  ( -0.4999999999999922284, -0.0001000000000000000048, -1.149999999999988587 ) ) ;
#2329 = AXIS2_PLACEMENT_3D ( 'NONE', #992, #3061, #190 ) ;
#2330 = AXIS2_PLACEMENT_3D ( 'NONE', #1990, #1689, #1428 ) ;
#2331 = DIRECTION ( 'NONE',  ( 0.0000000000000000000, 0.0000000000000000000, -1.000000000000000000 ) ) ;
#2332 = CARTESIAN_POINT ( 'NONE',  ( -0.4999999999999922284, -0.0001000000000000000048, -0.7999999999999883871 ) ) ;
#2333 = LINE ( 'NONE', #1058, #386 ) ;
#2334 = CARTESIAN_POINT ( 'NONE',  ( 0.8500000000000000888, 0.9300000000000000488, -0.8000000000000003775 ) ) ;
#2335 = EDGE_CURVE ( 'NONE', #2286, #1664, #284, .T. ) ;
#2336 = CARTESIAN_POINT ( 'NONE',  ( -0.4999999999999922284, 0.0000000000000000000, -1.149999999999988587 ) ) ;
#2337 = CARTESIAN_POINT ( 'NONE',  ( -0.1499999999999919453, -0.0001000000000000000048, 1.150000000000011458 ) ) ;
#2338 =( NAMED_UNIT ( * ) SI_UNIT ( $, .STERADIAN. ) SOLID_ANGLE_UNIT ( ) );
#2339 = ORIENTED_EDGE ( 'NONE', *, *, #2852, .T. ) ;
#2340 = DIRECTION ( 'NONE',  ( -1.000000000000000000, 0.0000000000000000000, 1.885568995626964287E-16 ) ) ;
#2341 = DIRECTION ( 'NONE',  ( 0.0000000000000000000, -1.000000000000000000, 0.0000000000000000000 ) ) ;
#2342 = DIRECTION ( 'NONE',  ( 0.0000000000000000000, 0.0000000000000000000, -1.000000000000000000 ) ) ;
#2343 = DIRECTION ( 'NONE',  ( -0.0000000000000000000, 1.000000000000000000, -0.0000000000000000000 ) ) ;
#2344 = EDGE_LOOP ( 'NONE', ( #494, #2202, #1167, #1033 ) ) ;
#2345 = SURFACE_STYLE_FILL_AREA ( #1092 ) ;
#2346 = CARTESIAN_POINT ( 'NONE',  ( -0.7999999999999921618, -0.0001000000000000000048, -0.7999999999999883871 ) ) ;
#2347 = SURFACE_SIDE_STYLE ('',( #2843 ) ) ;
#2348 = FILL_AREA_STYLE ('',( #2079 ) ) ;
#2349 = CARTESIAN_POINT ( 'NONE',  ( -0.7999999999999999334, 0.6800000000000000488, 1.100000000000000089 ) ) ;
#2350 = EDGE_CURVE ( 'NONE', #3230, #21, #1288, .T. ) ;
#2351 = PRESENTATION_STYLE_ASSIGNMENT (( #2395 ) ) ;
#2352 = LINE ( 'NONE', #1262, #227 ) ;
#2353 = MECHANICAL_DESIGN_GEOMETRIC_PRESENTATION_REPRESENTATION (  '', ( #2524 ), #2629 ) ;
#2354 = EDGE_CURVE ( 'NONE', #1704, #473, #1551, .T. ) ;
#2355 = DIRECTION ( 'NONE',  ( 0.0000000000000000000, -1.000000000000000000, 0.0000000000000000000 ) ) ;
#2356 = VECTOR ( 'NONE', #3186, 1000.000000000000000 ) ;
#2357 = EDGE_LOOP ( 'NONE', ( #627, #2512, #2937, #240 ) ) ;
#2358 = DIRECTION ( 'NONE',  ( 0.0000000000000000000, -0.0000000000000000000, -1.000000000000000000 ) ) ;
#2359 = LINE ( 'NONE', #1300, #3223 ) ;
#2360 = CARTESIAN_POINT ( 'NONE',  ( -0.1499999999999921396, -0.0001000000000000000048, -1.149999999999988587 ) ) ;
#2361 = AXIS2_PLACEMENT_3D ( 'NONE', #401, #351, #2492 ) ;
#2362 = ADVANCED_FACE ( 'NONE', ( #2074, #1301 ), #2380, .F. ) ;
#2363 =( NAMED_UNIT ( * ) SI_UNIT ( $, .STERADIAN. ) SOLID_ANGLE_UNIT ( ) );
#2364 = CARTESIAN_POINT ( 'NONE',  ( 0.8000000000000000444, 0.6800000000000000488, -0.8000000000000003775 ) ) ;
#2365 = VECTOR ( 'NONE', #2077, 1000.000000000000000 ) ;
#2366 = ORIENTED_EDGE ( 'NONE', *, *, #1606, .T. ) ;
#2367 = VERTEX_POINT ( 'NONE', #1090 ) ;
#2368 = STYLED_ITEM ( 'NONE', ( #1071 ), #1376 ) ;
#2369 = LINE ( 'NONE', #2132, #2274 ) ;
#2370 = STYLED_ITEM ( 'NONE', ( #812 ), #1678 ) ;
#2371 = SURFACE_STYLE_USAGE ( .BOTH. , #2094 ) ;
#2372 = SURFACE_STYLE_FILL_AREA ( #1065 ) ;
#2373 = COLOUR_RGB ( '',1.000000000000000000, 1.000000000000000000, 1.000000000000000000 ) ;
#2374 = PRESENTATION_LAYER_ASSIGNMENT (  '', '', ( #3188 ) ) ;
#2375 = SURFACE_STYLE_FILL_AREA ( #2114 ) ;
#2376 = VERTEX_POINT ( 'NONE', #297 ) ;
#2377 = AXIS2_PLACEMENT_3D ( 'NONE', #2860, #2154, #1552 ) ;
#2378 = FILL_AREA_STYLE_COLOUR ( '', #2427 ) ;
#2379 = EDGE_CURVE ( 'NONE', #2286, #1144, #1312, .T. ) ;
#2380 = PLANE ( 'NONE',  #809 ) ;
#2381 =( GEOMETRIC_REPRESENTATION_CONTEXT ( 3 ) GLOBAL_UNCERTAINTY_ASSIGNED_CONTEXT ( ( #3303 ) ) GLOBAL_UNIT_ASSIGNED_CONTEXT ( ( #2034, #2241, #1232 ) ) REPRESENTATION_CONTEXT ( 'NONE', 'WORKASPACE' ) );
#2382 = ORIENTED_EDGE ( 'NONE', *, *, #1895, .F. ) ;
#2383 = VECTOR ( 'NONE', #3327, 1000.000000000000000 ) ;
#2384 = VECTOR ( 'NONE', #3114, 1000.000000000000000 ) ;
#2385 = CARTESIAN_POINT ( 'NONE',  ( -0.4999999999999920064, -0.0001000000000000000048, 0.8000000000000113687 ) ) ;
#2386 = CARTESIAN_POINT ( 'NONE',  ( -0.7999999999999921618, -0.0001000000000000000048, -0.7999999999999883871 ) ) ;
#2387 = VECTOR ( 'NONE', #872, 1000.000000000000000 ) ;
#2388 = ORIENTED_EDGE ( 'NONE', *, *, #2554, .F. ) ;
#2389 = DIRECTION ( 'NONE',  ( 0.0000000000000000000, -1.000000000000000000, 0.0000000000000000000 ) ) ;
#2390 = VERTEX_POINT ( 'NONE', #43 ) ;
#2391 = SURFACE_STYLE_FILL_AREA ( #594 ) ;
#2392 = DIRECTION ( 'NONE',  ( 0.0000000000000000000, -1.000000000000000000, 0.0000000000000000000 ) ) ;
#2393 = EDGE_CURVE ( 'NONE', #110, #1379, #1073, .T. ) ;
#2394 =( GEOMETRIC_REPRESENTATION_CONTEXT ( 3 ) GLOBAL_UNCERTAINTY_ASSIGNED_CONTEXT ( ( #990 ) ) GLOBAL_UNIT_ASSIGNED_CONTEXT ( ( #1852, #3155, #1616 ) ) REPRESENTATION_CONTEXT ( 'NONE', 'WORKASPACE' ) );
#2395 = SURFACE_STYLE_USAGE ( .BOTH. , #1594 ) ;
#2396 = UNCERTAINTY_MEASURE_WITH_UNIT (LENGTH_MEASURE( 1.000000000000000082E-05 ), #341, 'distance_accuracy_value', 'NONE');
#2397 = ORIENTED_EDGE ( 'NONE', *, *, #1868, .T. ) ;
#2398 = DIRECTION ( 'NONE',  ( -0.0000000000000000000, 1.000000000000000000, -0.0000000000000000000 ) ) ;
#2399 =( LENGTH_UNIT ( ) NAMED_UNIT ( * ) SI_UNIT ( .MILLI., .METRE. ) );
#2400 = ORIENTED_EDGE ( 'NONE', *, *, #560, .F. ) ;
#2401 = ADVANCED_FACE ( 'NONE', ( #833 ), #1876, .F. ) ;
#2402 = DIRECTION ( 'NONE',  ( 0.0000000000000000000, 0.0000000000000000000, -1.000000000000000000 ) ) ;
#2403 = ORIENTED_EDGE ( 'NONE', *, *, #57, .F. ) ;
#2404 = FILL_AREA_STYLE_COLOUR ( '', #2813 ) ;
#2405 = ORIENTED_EDGE ( 'NONE', *, *, #2066, .F. ) ;
#2406 = EDGE_LOOP ( 'NONE', ( #1222, #2766, #2484, #979 ) ) ;
#2407 = EDGE_CURVE ( 'NONE', #1384, #650, #2652, .T. ) ;
#2408 = CARTESIAN_POINT ( 'NONE',  ( -0.1499999999999919453, -0.0001000000000000000048, 1.150000000000011458 ) ) ;
#2409 = CARTESIAN_POINT ( 'NONE',  ( -0.1499999999999921396, -0.0001000000000000000048, -0.7999999999999883871 ) ) ;
#2410 = EDGE_CURVE ( 'NONE', #3011, #3127, #2122, .T. ) ;
#2411 = FILL_AREA_STYLE ('',( #2902 ) ) ;
#2412 = VECTOR ( 'NONE', #2136, 1000.000000000000000 ) ;
#2413 =( NAMED_UNIT ( * ) SI_UNIT ( $, .STERADIAN. ) SOLID_ANGLE_UNIT ( ) );
#2414 = VERTEX_POINT ( 'NONE', #2676 ) ;
#2415 = VECTOR ( 'NONE', #614, 1000.000000000000000 ) ;
#2416 =( NAMED_UNIT ( * ) SI_UNIT ( $, .STERADIAN. ) SOLID_ANGLE_UNIT ( ) );
#2417 = ORIENTED_EDGE ( 'NONE', *, *, #1575, .F. ) ;
#2418 =( LENGTH_UNIT ( ) NAMED_UNIT ( * ) SI_UNIT ( .MILLI., .METRE. ) );
#2419 = AXIS2_PLACEMENT_3D ( 'NONE', #2092, #3119, #1556 ) ;
#2420 =( LENGTH_UNIT ( ) NAMED_UNIT ( * ) SI_UNIT ( .MILLI., .METRE. ) );
#2421 = CARTESIAN_POINT ( 'NONE',  ( 1.100000000000000311, 0.2800000000000000822, 1.149999999999999467 ) ) ;
#2422 = AXIS2_PLACEMENT_3D ( 'NONE', #625, #1150, #854 ) ;
#2423 = LINE ( 'NONE', #403, #2475 ) ;
#2424 = STYLED_ITEM ( 'NONE', ( #109 ), #1214 ) ;
#2425 = VECTOR ( 'NONE', #2327, 1000.000000000000000 ) ;
#2426 = UNCERTAINTY_MEASURE_WITH_UNIT (LENGTH_MEASURE( 1.000000000000000082E-05 ), #2651, 'distance_accuracy_value', 'NONE');
#2427 = COLOUR_RGB ( '',0.7921568627450980005, 0.8196078431372548767, 0.9333333333333333481 ) ;
#2428 = CARTESIAN_POINT ( 'NONE',  ( 0.8000000000000079270, 0.0000000000000000000, 1.150000000000011458 ) ) ;
#2429 = ADVANCED_FACE ( 'NONE', ( #358 ), #1679, .F. ) ;
#2430 = CARTESIAN_POINT ( 'NONE',  ( -0.8000000000000003775, 0.2300000000000000655, -0.8000000000000001554 ) ) ;
#2431 = ORIENTED_EDGE ( 'NONE', *, *, #3205, .T. ) ;
#2432 = CIRCLE ( 'NONE', #757, 0.1000000000000001582 ) ;
#2433 = ORIENTED_EDGE ( 'NONE', *, *, #2935, .T. ) ;
#2434 = ORIENTED_EDGE ( 'NONE', *, *, #779, .F. ) ;
#2435 = PLANE ( 'NONE',  #427 ) ;
#2436 = VECTOR ( 'NONE', #2140, 1000.000000000000000 ) ;
#2437 =( GEOMETRIC_REPRESENTATION_CONTEXT ( 3 ) GLOBAL_UNCERTAINTY_ASSIGNED_CONTEXT ( ( #631 ) ) GLOBAL_UNIT_ASSIGNED_CONTEXT ( ( #1669, #3207, #2710 ) ) REPRESENTATION_CONTEXT ( 'NONE', 'WORKASPACE' ) );
#2438 = STYLED_ITEM ( 'NONE', ( #1030 ), #2515 ) ;
#2439 = CARTESIAN_POINT ( 'NONE',  ( 1.099999999999999867, 0.2800000000000000822, -1.150000000000000133 ) ) ;
#2440 = CARTESIAN_POINT ( 'NONE',  ( -0.7999999999999919398, 0.0000000000000000000, 1.150000000000011458 ) ) ;
#2441 = ORIENTED_EDGE ( 'NONE', *, *, #2, .F. ) ;
#2442 = ADVANCED_FACE ( 'NONE', ( #1923 ), #76, .T. ) ;
#2443 = FILL_AREA_STYLE ('',( #133 ) ) ;
#2444 = PRESENTATION_LAYER_ASSIGNMENT (  '', '', ( #1676 ) ) ;
#2445 = DIRECTION ( 'NONE',  ( -0.0000000000000000000, 1.000000000000000000, -0.0000000000000000000 ) ) ;
#2446 =( LENGTH_UNIT ( ) NAMED_UNIT ( * ) SI_UNIT ( .MILLI., .METRE. ) );
#2447 = DIRECTION ( 'NONE',  ( -0.0000000000000000000, 0.0000000000000000000, 1.000000000000000000 ) ) ;
#2448 = ORIENTED_EDGE ( 'NONE', *, *, #2989, .T. ) ;
#2449 = EDGE_CURVE ( 'NONE', #2367, #1076, #966, .T. ) ;
#2450 = ORIENTED_EDGE ( 'NONE', *, *, #22, .T. ) ;
#2451 = ORIENTED_EDGE ( 'NONE', *, *, #1184, .F. ) ;
#2452 = DIRECTION ( 'NONE',  ( 0.0000000000000000000, 0.0000000000000000000, -1.000000000000000000 ) ) ;
#2453 = DIRECTION ( 'NONE',  ( 8.673617379884028076E-17, 0.0000000000000000000, 1.000000000000000000 ) ) ;
#2454 = SURFACE_SIDE_STYLE ('',( #2987 ) ) ;
#2455 = CARTESIAN_POINT ( 'NONE',  ( 1.150000000000007683, -0.0001000000000000000048, -1.149999999999988587 ) ) ;
#2456 = VERTEX_POINT ( 'NONE', #1133 ) ;
#2457 = PLANE ( 'NONE',  #3075 ) ;
#2458 = CYLINDRICAL_SURFACE ( 'NONE', #2265, 0.2500000000000000000 ) ;
#2459 = DIRECTION ( 'NONE',  ( 1.000000000000000000, -0.0000000000000000000, -0.0000000000000000000 ) ) ;
#2460 = ADVANCED_FACE ( 'NONE', ( #605 ), #1554, .F. ) ;
#2461 = UNCERTAINTY_MEASURE_WITH_UNIT (LENGTH_MEASURE( 1.000000000000000082E-05 ), #1028, 'distance_accuracy_value', 'NONE');
#2462 = DIRECTION ( 'NONE',  ( 0.0000000000000000000, 0.0000000000000000000, 1.000000000000000000 ) ) ;
#2463 = ORIENTED_EDGE ( 'NONE', *, *, #708, .T. ) ;
#2464 = ADVANCED_FACE ( 'NONE', ( #1893 ), #616, .F. ) ;
#2465 = ORIENTED_EDGE ( 'NONE', *, *, #745, .T. ) ;
#2466 = CARTESIAN_POINT ( 'NONE',  ( 0.8000000000000000444, 0.2800000000000000822, -0.8000000000000003775 ) ) ;
#2467 = CARTESIAN_POINT ( 'NONE',  ( 1.150000000000007683, -0.0001000000000000000048, -0.7999999999999883871 ) ) ;
#2468 = PLANE ( 'NONE',  #2117 ) ;
#2469 = VERTEX_POINT ( 'NONE', #2047 ) ;
#2470 = EDGE_CURVE ( 'NONE', #1263, #2668, #1211, .T. ) ;
#2471 = EDGE_CURVE ( 'NONE', #379, #3066, #3307, .T. ) ;
#2472 = AXIS2_PLACEMENT_3D ( 'NONE', #1541, #769, #3336 ) ;
#2473 = SURFACE_STYLE_USAGE ( .BOTH. , #3002 ) ;
#2474 = FACE_OUTER_BOUND ( 'NONE', #1750, .T. ) ;
#2475 = VECTOR ( 'NONE', #885, 1000.000000000000000 ) ;
#2476 = EDGE_CURVE ( 'NONE', #2232, #1488, #696, .T. ) ;
#2477 = CARTESIAN_POINT ( 'NONE',  ( 1.149999999999999689, 0.2800000000000000822, -0.8000000000000004885 ) ) ;
#2478 = LINE ( 'NONE', #1171, #953 ) ;
#2479 = VECTOR ( 'NONE', #2314, 1000.000000000000000 ) ;
#2480 = FILL_AREA_STYLE_COLOUR ( '', #865 ) ;
#2481 = MECHANICAL_DESIGN_GEOMETRIC_PRESENTATION_REPRESENTATION (  '', ( #262 ), #2918 ) ;
#2482 = FILL_AREA_STYLE_COLOUR ( '', #994 ) ;
#2483 = CARTESIAN_POINT ( 'NONE',  ( -1.100000000000000311, 0.2800000000000000822, -0.8000000000000000444 ) ) ;
#2484 = ORIENTED_EDGE ( 'NONE', *, *, #1870, .F. ) ;
#2485 = STYLED_ITEM ( 'NONE', ( #832 ), #1564 ) ;
#2486 = CARTESIAN_POINT ( 'NONE',  ( -0.8000000000000003775, 0.9300000000000000488, -0.8499999999999996447 ) ) ;
#2487 = DIRECTION ( 'NONE',  ( -1.000000000000000000, 0.0000000000000000000, 1.885568995626964533E-16 ) ) ;
#2488 = DIRECTION ( 'NONE',  ( 1.000000000000000000, 0.0000000000000000000, -0.0000000000000000000 ) ) ;
#2489 = VERTEX_POINT ( 'NONE', #2483 ) ;
#2490 = AXIS2_PLACEMENT_3D ( 'NONE', #3086, #2750, #1220 ) ;
#2491 = DIRECTION ( 'NONE',  ( 1.000000000000000000, -0.0000000000000000000, -0.0000000000000000000 ) ) ;
#2492 = DIRECTION ( 'NONE',  ( 0.0000000000000000000, 0.0000000000000000000, -1.000000000000000000 ) ) ;
#2493 =( GEOMETRIC_REPRESENTATION_CONTEXT ( 3 ) GLOBAL_UNCERTAINTY_ASSIGNED_CONTEXT ( ( #2760 ) ) GLOBAL_UNIT_ASSIGNED_CONTEXT ( ( #2641, #1289, #288 ) ) REPRESENTATION_CONTEXT ( 'NONE', 'WORKASPACE' ) );
#2494 = FILL_AREA_STYLE_COLOUR ( '', #3 ) ;
#2495 = ORIENTED_EDGE ( 'NONE', *, *, #2991, .T. ) ;
#2496 = AXIS2_PLACEMENT_3D ( 'NONE', #1878, #2654, #1927 ) ;
#2497 = AXIS2_PLACEMENT_3D ( 'NONE', #1777, #3258, #2027 ) ;
#2498 = ADVANCED_FACE ( 'NONE', ( #3050 ), #4, .T. ) ;
#2499 = LINE ( 'NONE', #75, #749 ) ;
#2500 = STYLED_ITEM ( 'NONE', ( #2551 ), #2498 ) ;
#2501 =( LENGTH_UNIT ( ) NAMED_UNIT ( * ) SI_UNIT ( .MILLI., .METRE. ) );
#2502 =( NAMED_UNIT ( * ) PLANE_ANGLE_UNIT ( ) SI_UNIT ( $, .RADIAN. ) );
#2503 = ORIENTED_EDGE ( 'NONE', *, *, #1276, .T. ) ;
#2504 = ORIENTED_EDGE ( 'NONE', *, *, #892, .T. ) ;
#2505 =( NAMED_UNIT ( * ) PLANE_ANGLE_UNIT ( ) SI_UNIT ( $, .RADIAN. ) );
#2506 = CARTESIAN_POINT ( 'NONE',  ( 0.5000000000000077716, -0.0001000000000000000048, -1.149999999999988587 ) ) ;
#2507 = EDGE_LOOP ( 'NONE', ( #93, #824, #3250, #2729, #123, #1476 ) ) ;
#2508 = EDGE_CURVE ( 'NONE', #200, #2640, #3010, .T. ) ;
#2509 = DIRECTION ( 'NONE',  ( -0.0000000000000000000, 0.0000000000000000000, -1.000000000000000000 ) ) ;
#2510 = CARTESIAN_POINT ( 'NONE',  ( 0.1500000000000079881, -0.0001000000000000000048, 1.150000000000011458 ) ) ;
#2511 = FILL_AREA_STYLE_COLOUR ( '', #2855 ) ;
#2512 = ORIENTED_EDGE ( 'NONE', *, *, #796, .F. ) ;
#2513 = EDGE_CURVE ( 'NONE', #21, #2115, #1194, .T. ) ;
#2514 = FACE_OUTER_BOUND ( 'NONE', #687, .T. ) ;
#2515 = ADVANCED_FACE ( 'NONE', ( #1703 ), #209, .T. ) ;
#2516 = CARTESIAN_POINT ( 'NONE',  ( -0.8000000000000000444, 0.6800000000000000488, 0.8000000000000001554 ) ) ;
#2517 = ORIENTED_EDGE ( 'NONE', *, *, #2295, .F. ) ;
#2518 = ORIENTED_EDGE ( 'NONE', *, *, #40, .F. ) ;
#2519 = FILL_AREA_STYLE ('',( #982 ) ) ;
#2520 = DIRECTION ( 'NONE',  ( -1.885568995626964533E-16, 0.0000000000000000000, -1.000000000000000000 ) ) ;
#2521 = ORIENTED_EDGE ( 'NONE', *, *, #175, .F. ) ;
#2522 = CARTESIAN_POINT ( 'NONE',  ( 1.149999999999999911, 0.2300000000000000655, 0.8999999999999993561 ) ) ;
#2523 = SURFACE_STYLE_FILL_AREA ( #436 ) ;
#2524 = STYLED_ITEM ( 'NONE', ( #176 ), #295 ) ;
#2525 = ORIENTED_EDGE ( 'NONE', *, *, #272, .F. ) ;
#2526 = VECTOR ( 'NONE', #3304, 1000.000000000000000 ) ;
#2527 = DIRECTION ( 'NONE',  ( -0.0000000000000000000, 1.000000000000000000, -0.0000000000000000000 ) ) ;
#2528 = DIRECTION ( 'NONE',  ( 1.000000000000000000, 0.0000000000000000000, -1.885568995626964533E-16 ) ) ;
#2529 = LINE ( 'NONE', #2253, #1009 ) ;
#2530 = DIRECTION ( 'NONE',  ( 0.0000000000000000000, 0.0000000000000000000, 1.000000000000000000 ) ) ;
#2531 = UNCERTAINTY_MEASURE_WITH_UNIT (LENGTH_MEASURE( 1.000000000000000082E-05 ), #2923, 'distance_accuracy_value', 'NONE');
#2532 =( GEOMETRIC_REPRESENTATION_CONTEXT ( 3 ) GLOBAL_UNCERTAINTY_ASSIGNED_CONTEXT ( ( #3048 ) ) GLOBAL_UNIT_ASSIGNED_CONTEXT ( ( #1000, #1791, #950 ) ) REPRESENTATION_CONTEXT ( 'NONE', 'WORKASPACE' ) );
#2533 = DIRECTION ( 'NONE',  ( 1.000000000000000000, -0.0000000000000000000, -9.856383386231858827E-17 ) ) ;
#2534 = VERTEX_POINT ( 'NONE', #1043 ) ;
#2535 = PRESENTATION_LAYER_ASSIGNMENT (  '', '', ( #2424 ) ) ;
#2536 = EDGE_LOOP ( 'NONE', ( #2755, #2105, #1087, #2366 ) ) ;
#2537 = EDGE_CURVE ( 'NONE', #2141, #21, #777, .T. ) ;
#2538 = SURFACE_STYLE_USAGE ( .BOTH. , #466 ) ;
#2539 =( LENGTH_UNIT ( ) NAMED_UNIT ( * ) SI_UNIT ( .MILLI., .METRE. ) );
#2540 = COLOUR_RGB ( '',1.000000000000000000, 1.000000000000000000, 1.000000000000000000 ) ;
#2541 = DIRECTION ( 'NONE',  ( -0.0000000000000000000, 1.000000000000000000, -0.0000000000000000000 ) ) ;
#2542 = DIRECTION ( 'NONE',  ( -0.0000000000000000000, 1.000000000000000000, -0.0000000000000000000 ) ) ;
#2543 = ORIENTED_EDGE ( 'NONE', *, *, #2278, .T. ) ;
#2544 = AXIS2_PLACEMENT_3D ( 'NONE', #2857, #785, #525 ) ;
#2545 = SURFACE_SIDE_STYLE ('',( #1207 ) ) ;
#2546 = PRESENTATION_LAYER_ASSIGNMENT (  '', '', ( #2120 ) ) ;
#2547 = CARTESIAN_POINT ( 'NONE',  ( -1.149999999999991918, 0.0000000000000000000, 1.150000000000011458 ) ) ;
#2548 = PRESENTATION_LAYER_ASSIGNMENT (  '', '', ( #1786 ) ) ;
#2549 = EDGE_CURVE ( 'NONE', #1997, #1047, #2628, .T. ) ;
#2550 =( GEOMETRIC_REPRESENTATION_CONTEXT ( 3 ) GLOBAL_UNCERTAINTY_ASSIGNED_CONTEXT ( ( #423 ) ) GLOBAL_UNIT_ASSIGNED_CONTEXT ( ( #2399, #1656, #1378 ) ) REPRESENTATION_CONTEXT ( 'NONE', 'WORKASPACE' ) );
#2551 = PRESENTATION_STYLE_ASSIGNMENT (( #1448 ) ) ;
#2552 = ORIENTED_EDGE ( 'NONE', *, *, #727, .T. ) ;
#2553 = VECTOR ( 'NONE', #422, 1000.000000000000000 ) ;
#2554 = EDGE_CURVE ( 'NONE', #2953, #2249, #1082, .T. ) ;
#2555 = VERTEX_POINT ( 'NONE', #550 ) ;
#2556 = DIRECTION ( 'NONE',  ( -0.0000000000000000000, 1.000000000000000000, -0.0000000000000000000 ) ) ;
#2557 = DIRECTION ( 'NONE',  ( 0.0000000000000000000, -0.0000000000000000000, 1.000000000000000000 ) ) ;
#2558 = FILL_AREA_STYLE_COLOUR ( '', #2748 ) ;
#2559 = CARTESIAN_POINT ( 'NONE',  ( 1.149999999999999689, 0.2300000000000000655, -1.150000000000000355 ) ) ;
#2560 = ORIENTED_EDGE ( 'NONE', *, *, #2767, .F. ) ;
#2561 = CARTESIAN_POINT ( 'NONE',  ( -1.150000000000000133, 0.2300000000000000655, -1.149999999999999911 ) ) ;
#2562 = LINE ( 'NONE', #33, #146 ) ;
#2563 = ORIENTED_EDGE ( 'NONE', *, *, #2684, .T. ) ;
#2564 = CARTESIAN_POINT ( 'NONE',  ( 0.8000000000000003775, 0.6800000000000000488, 0.7999999999999998224 ) ) ;
#2565 = EDGE_CURVE ( 'NONE', #3126, #1583, #39, .T. ) ;
#2566 = DIRECTION ( 'NONE',  ( 0.0000000000000000000, 1.000000000000000000, -0.0000000000000000000 ) ) ;
#2567 = ORIENTED_EDGE ( 'NONE', *, *, #2393, .F. ) ;
#2568 = FACE_OUTER_BOUND ( 'NONE', #669, .T. ) ;
#2569 = VERTEX_POINT ( 'NONE', #1562 ) ;
#2570 = CARTESIAN_POINT ( 'NONE',  ( 0.6250000000000082157, 0.9300000000000000488, -0.1619999999999907903 ) ) ;
#2571 = ADVANCED_FACE ( 'NONE', ( #3125 ), #2870, .T. ) ;
#2572 = FILL_AREA_STYLE ('',( #1451 ) ) ;
#2573 = EDGE_LOOP ( 'NONE', ( #2871, #1337, #603, #428 ) ) ;
#2574 = SURFACE_SIDE_STYLE ('',( #1528 ) ) ;
#2575 = LINE ( 'NONE', #1570, #2365 ) ;
#2576 = EDGE_CURVE ( 'NONE', #161, #1076, #291, .T. ) ;
#2577 = DIRECTION ( 'NONE',  ( 0.0000000000000000000, 0.0000000000000000000, 1.000000000000000000 ) ) ;
#2578 = DIRECTION ( 'NONE',  ( 0.0000000000000000000, -1.000000000000000000, 0.0000000000000000000 ) ) ;
#2579 = FILL_AREA_STYLE ('',( #1779 ) ) ;
#2580 = VECTOR ( 'NONE', #1982, 1000.000000000000000 ) ;
#2581 = CARTESIAN_POINT ( 'NONE',  ( 1.150000000000007905, -0.0001000000000000000048, 0.8000000000000113687 ) ) ;
#2582 = VECTOR ( 'NONE', #2959, 1000.000000000000000 ) ;
#2583 = EDGE_LOOP ( 'NONE', ( #292, #1818, #1772, #3108 ) ) ;
#2584 = MECHANICAL_DESIGN_GEOMETRIC_PRESENTATION_REPRESENTATION (  '', ( #1824 ), #844 ) ;
#2585 = DIRECTION ( 'NONE',  ( -0.0000000000000000000, 1.000000000000000000, -0.0000000000000000000 ) ) ;
#2586 = ORIENTED_EDGE ( 'NONE', *, *, #3315, .F. ) ;
#2587 = DIRECTION ( 'NONE',  ( 0.0000000000000000000, 0.0000000000000000000, 1.000000000000000000 ) ) ;
#2588 = PLANE ( 'NONE',  #637 ) ;
#2589 = SURFACE_STYLE_USAGE ( .BOTH. , #2893 ) ;
#2590 = PRESENTATION_LAYER_ASSIGNMENT (  '', '', ( #262 ) ) ;
#2591 = DIRECTION ( 'NONE',  ( -0.0000000000000000000, 0.0000000000000000000, 1.000000000000000000 ) ) ;
#2592 = COLOUR_RGB ( '',1.000000000000000000, 1.000000000000000000, 1.000000000000000000 ) ;
#2593 = AXIS2_PLACEMENT_3D ( 'NONE', #2730, #2262, #962 ) ;
#2594 = CARTESIAN_POINT ( 'NONE',  ( 0.1500000000000077660, -0.0001000000000000000048, -0.7999999999999883871 ) ) ;
#2595 = CARTESIAN_POINT ( 'NONE',  ( 0.5000000000000077716, 0.0000000000000000000, -1.149999999999988587 ) ) ;
#2596 = EDGE_CURVE ( 'NONE', #1183, #1877, #2352, .T. ) ;
#2597 = VECTOR ( 'NONE', #1186, 1000.000000000000000 ) ;
#2598 = SURFACE_STYLE_FILL_AREA ( #2887 ) ;
#2599 = AXIS2_PLACEMENT_3D ( 'NONE', #2090, #2591, #271 ) ;
#2600 = DIRECTION ( 'NONE',  ( 0.0000000000000000000, 1.000000000000000000, 0.0000000000000000000 ) ) ;
#2601 = ORIENTED_EDGE ( 'NONE', *, *, #1532, .T. ) ;
#2602 = COLOUR_RGB ( '',0.0000000000000000000, 0.2117647058823529382, 0.4549019607843137192 ) ;
#2603 = CARTESIAN_POINT ( 'NONE',  ( -0.8000000000000000444, 0.9300000000000000488, 0.8000000000000001554 ) ) ;
#2604 = ORIENTED_EDGE ( 'NONE', *, *, #2797, .T. ) ;
#2605 = FACE_OUTER_BOUND ( 'NONE', #3193, .T. ) ;
#2606 = CARTESIAN_POINT ( 'NONE',  ( 1.150000000000007683, -0.0001000000000000000048, -1.149999999999988587 ) ) ;
#2607 =( LENGTH_UNIT ( ) NAMED_UNIT ( * ) SI_UNIT ( .MILLI., .METRE. ) );
#2608 = PRESENTATION_LAYER_ASSIGNMENT (  '', '', ( #2500 ) ) ;
#2609 = STYLED_ITEM ( 'NONE', ( #1113 ), #2667 ) ;
#2610 = DIRECTION ( 'NONE',  ( 0.0000000000000000000, 0.0000000000000000000, -1.000000000000000000 ) ) ;
#2611 = FACE_OUTER_BOUND ( 'NONE', #1944, .T. ) ;
#2612 = EDGE_LOOP ( 'NONE', ( #233, #1424, #2096, #2022 ) ) ;
#2613 = DIRECTION ( 'NONE',  ( 0.0000000000000000000, 1.000000000000000000, -0.0000000000000000000 ) ) ;
#2614 = DIRECTION ( 'NONE',  ( -0.0000000000000000000, 1.000000000000000000, -0.0000000000000000000 ) ) ;
#2615 = CARTESIAN_POINT ( 'NONE',  ( -1.099999999999999867, 0.2800000000000000822, 0.8000000000000001554 ) ) ;
#2616 = EDGE_CURVE ( 'NONE', #3066, #3126, #3333, .T. ) ;
#2617 = ORIENTED_EDGE ( 'NONE', *, *, #314, .F. ) ;
#2618 = CYLINDRICAL_SURFACE ( 'NONE', #3018, 0.04999999999999991257 ) ;
#2619 = ORIENTED_EDGE ( 'NONE', *, *, #899, .F. ) ;
#2620 =( LENGTH_UNIT ( ) NAMED_UNIT ( * ) SI_UNIT ( .MILLI., .METRE. ) );
#2621 = DIRECTION ( 'NONE',  ( 1.000000000000000000, 0.0000000000000000000, 0.0000000000000000000 ) ) ;
#2622 = DIRECTION ( 'NONE',  ( -0.0000000000000000000, 0.0000000000000000000, 1.000000000000000000 ) ) ;
#2623 = FACE_OUTER_BOUND ( 'NONE', #2612, .T. ) ;
#2624 = ORIENTED_EDGE ( 'NONE', *, *, #1646, .T. ) ;
#2625 = CARTESIAN_POINT ( 'NONE',  ( -1.150000000000000133, 0.2300000000000000655, -0.8000000000000001554 ) ) ;
#2626 = LINE ( 'NONE', #1618, #2804 ) ;
#2627 = CARTESIAN_POINT ( 'NONE',  ( 1.250000000000008216, 0.1300000000000000044, 1.250000000000011546 ) ) ;
#2628 = LINE ( 'NONE', #276, #226 ) ;
#2629 =( GEOMETRIC_REPRESENTATION_CONTEXT ( 3 ) GLOBAL_UNCERTAINTY_ASSIGNED_CONTEXT ( ( #861 ) ) GLOBAL_UNIT_ASSIGNED_CONTEXT ( ( #1922, #2502, #2715 ) ) REPRESENTATION_CONTEXT ( 'NONE', 'WORKASPACE' ) );
#2630 = UNCERTAINTY_MEASURE_WITH_UNIT (LENGTH_MEASURE( 1.000000000000000082E-05 ), #1108, 'distance_accuracy_value', 'NONE');
#2631 = DIRECTION ( 'NONE',  ( -0.0000000000000000000, -0.0000000000000000000, 1.000000000000000000 ) ) ;
#2632 = VECTOR ( 'NONE', #2973, 1000.000000000000000 ) ;
#2633 = ORIENTED_EDGE ( 'NONE', *, *, #1821, .T. ) ;
#2634 =( NAMED_UNIT ( * ) SI_UNIT ( $, .STERADIAN. ) SOLID_ANGLE_UNIT ( ) );
#2635 =( NAMED_UNIT ( * ) SI_UNIT ( $, .STERADIAN. ) SOLID_ANGLE_UNIT ( ) );
#2636 = VERTEX_POINT ( 'NONE', #1347 ) ;
#2637 = MECHANICAL_DESIGN_GEOMETRIC_PRESENTATION_REPRESENTATION (  '', ( #3124 ), #1705 ) ;
#2638 = ADVANCED_FACE ( 'NONE', ( #2945 ), #1938, .F. ) ;
#2639 = DIRECTION ( 'NONE',  ( 0.0000000000000000000, 1.000000000000000000, 0.0000000000000000000 ) ) ;
#2640 = VERTEX_POINT ( 'NONE', #1906 ) ;
#2641 =( LENGTH_UNIT ( ) NAMED_UNIT ( * ) SI_UNIT ( .MILLI., .METRE. ) );
#2642 = VERTEX_POINT ( 'NONE', #3169 ) ;
#2643 = AXIS2_PLACEMENT_3D ( 'NONE', #2803, #2556, #3287 ) ;
#2644 = SURFACE_SIDE_STYLE ('',( #2391 ) ) ;
#2645 = PRESENTATION_STYLE_ASSIGNMENT (( #1617 ) ) ;
#2646 = CIRCLE ( 'NONE', #1168, 0.3499999999999999778 ) ;
#2647 = AXIS2_PLACEMENT_3D ( 'NONE', #265, #2118, #1802 ) ;
#2648 = AXIS2_PLACEMENT_3D ( 'NONE', #3319, #2288, #2884 ) ;
#2649 = EDGE_CURVE ( 'NONE', #1488, #1627, #845, .T. ) ;
#2650 =( GEOMETRIC_REPRESENTATION_CONTEXT ( 3 ) GLOBAL_UNCERTAINTY_ASSIGNED_CONTEXT ( ( #2726 ) ) GLOBAL_UNIT_ASSIGNED_CONTEXT ( ( #1754, #1203, #223 ) ) REPRESENTATION_CONTEXT ( 'NONE', 'WORKASPACE' ) );
#2651 =( LENGTH_UNIT ( ) NAMED_UNIT ( * ) SI_UNIT ( .MILLI., .METRE. ) );
#2652 = LINE ( 'NONE', #3339, #1489 ) ;
#2653 = EDGE_LOOP ( 'NONE', ( #1512, #1609, #1611, #1649 ) ) ;
#2654 = DIRECTION ( 'NONE',  ( 0.0000000000000000000, 1.000000000000000000, 0.0000000000000000000 ) ) ;
#2655 = VERTEX_POINT ( 'NONE', #1888 ) ;
#2656 = VECTOR ( 'NONE', #3249, 1000.000000000000000 ) ;
#2657 = CARTESIAN_POINT ( 'NONE',  ( 1.150000000000007905, -0.0001000000000000000048, 1.150000000000011458 ) ) ;
#2658 = ORIENTED_EDGE ( 'NONE', *, *, #3092, .T. ) ;
#2659 = VECTOR ( 'NONE', #2029, 1000.000000000000000 ) ;
#2660 = PLANE ( 'NONE',  #221 ) ;
#2661 = DIRECTION ( 'NONE',  ( -0.0000000000000000000, -1.000000000000000000, -0.0000000000000000000 ) ) ;
#2662 = DIRECTION ( 'NONE',  ( 1.000000000000000000, 0.0000000000000000000, 0.0000000000000000000 ) ) ;
#2663 = CARTESIAN_POINT ( 'NONE',  ( 0.1500000000000079881, -0.0001000000000000000048, 0.8000000000000113687 ) ) ;
#2664 =( LENGTH_UNIT ( ) NAMED_UNIT ( * ) SI_UNIT ( .MILLI., .METRE. ) );
#2665 = LINE ( 'NONE', #2910, #799 ) ;
#2666 = ORIENTED_EDGE ( 'NONE', *, *, #810, .T. ) ;
#2667 = ADVANCED_FACE ( 'NONE', ( #2692 ), #1622, .F. ) ;
#2668 = VERTEX_POINT ( 'NONE', #886 ) ;
#2669 = FILL_AREA_STYLE_COLOUR ( '', #3291 ) ;
#2670 = DIRECTION ( 'NONE',  ( -0.0000000000000000000, 0.0000000000000000000, 1.000000000000000000 ) ) ;
#2671 = ADVANCED_FACE ( 'NONE', ( #2673 ), #332, .T. ) ;
#2672 = LINE ( 'NONE', #922, #1157 ) ;
#2673 = FACE_OUTER_BOUND ( 'NONE', #1492, .T. ) ;
#2674 = CARTESIAN_POINT ( 'NONE',  ( -0.1499999999999919453, -0.0001000000000000000048, 1.150000000000011458 ) ) ;
#2675 = CIRCLE ( 'NONE', #1265, 0.04999999999999991257 ) ;
#2676 = CARTESIAN_POINT ( 'NONE',  ( -1.249999999999992006, 0.1300000000000000044, -1.249999999999990674 ) ) ;
#2677 = VERTEX_POINT ( 'NONE', #1920 ) ;
#2678 = VECTOR ( 'NONE', #419, 1000.000000000000000 ) ;
#2679 = ORIENTED_EDGE ( 'NONE', *, *, #460, .F. ) ;
#2680 = CARTESIAN_POINT ( 'NONE',  ( -0.7999999999999919398, 0.0000000000000000000, 0.8000000000000113687 ) ) ;
#2681 = ORIENTED_EDGE ( 'NONE', *, *, #971, .F. ) ;
#2682 = CARTESIAN_POINT ( 'NONE',  ( 1.250000000000007994, 0.1300000000000000044, -1.249999999999990674 ) ) ;
#2683 =( GEOMETRIC_REPRESENTATION_CONTEXT ( 3 ) GLOBAL_UNCERTAINTY_ASSIGNED_CONTEXT ( ( #328 ) ) GLOBAL_UNIT_ASSIGNED_CONTEXT ( ( #841, #1360, #776 ) ) REPRESENTATION_CONTEXT ( 'NONE', 'WORKASPACE' ) );
#2684 = EDGE_CURVE ( 'NONE', #1583, #2007, #1654, .T. ) ;
#2685 = VECTOR ( 'NONE', #2104, 1000.000000000000000 ) ;
#2686 =( NAMED_UNIT ( * ) SI_UNIT ( $, .STERADIAN. ) SOLID_ANGLE_UNIT ( ) );
#2687 = CARTESIAN_POINT ( 'NONE',  ( -0.8000000000000003775, 0.2300000000000000655, -1.149999999999999911 ) ) ;
#2688 = EDGE_LOOP ( 'NONE', ( #3316, #3179, #2400, #816 ) ) ;
#2689 = MECHANICAL_DESIGN_GEOMETRIC_PRESENTATION_REPRESENTATION (  '', ( #2260 ), #418 ) ;
#2690 = DIRECTION ( 'NONE',  ( -0.0000000000000000000, -0.0000000000000000000, 1.000000000000000000 ) ) ;
#2691 = AXIS2_PLACEMENT_3D ( 'NONE', #3329, #458, #954 ) ;
#2692 = FACE_OUTER_BOUND ( 'NONE', #3134, .T. ) ;
#2693 = VECTOR ( 'NONE', #1765, 1000.000000000000000 ) ;
#2694 = EDGE_CURVE ( 'NONE', #2640, #733, #3060, .T. ) ;
#2695 = STYLED_ITEM ( 'NONE', ( #1258 ), #1598 ) ;
#2696 = UNCERTAINTY_MEASURE_WITH_UNIT (LENGTH_MEASURE( 1.000000000000000082E-05 ), #2418, 'distance_accuracy_value', 'NONE');
#2697 = ORIENTED_EDGE ( 'NONE', *, *, #1948, .F. ) ;
#2698 = VECTOR ( 'NONE', #2491, 1000.000000000000000 ) ;
#2699 = VECTOR ( 'NONE', #3132, 1000.000000000000000 ) ;
#2700 = ORIENTED_EDGE ( 'NONE', *, *, #1145, .T. ) ;
#2701 = MECHANICAL_DESIGN_GEOMETRIC_PRESENTATION_REPRESENTATION (  '', ( #1340 ), #1174 ) ;
#2702 = FILL_AREA_STYLE ('',( #867 ) ) ;
#2703 = PLANE ( 'NONE',  #1165 ) ;
#2704 = ORIENTED_EDGE ( 'NONE', *, *, #1349, .T. ) ;
#2705 =( LENGTH_UNIT ( ) NAMED_UNIT ( * ) SI_UNIT ( .MILLI., .METRE. ) );
#2706 = STYLED_ITEM ( 'NONE', ( #720 ), #2251 ) ;
#2707 = VECTOR ( 'NONE', #1127, 1000.000000000000000 ) ;
#2708 = CARTESIAN_POINT ( 'NONE',  ( -0.9749999999999919842, -0.0001000000000000000048, -0.5999999999999908740 ) ) ;
#2709 = EDGE_CURVE ( 'NONE', #3071, #533, #3248, .T. ) ;
#2710 =( NAMED_UNIT ( * ) SI_UNIT ( $, .STERADIAN. ) SOLID_ANGLE_UNIT ( ) );
#2711 = ORIENTED_EDGE ( 'NONE', *, *, #935, .T. ) ;
#2712 = CARTESIAN_POINT ( 'NONE',  ( -1.149999999999991918, -0.0001000000000000000048, 1.150000000000011458 ) ) ;
#2713 = PRESENTATION_LAYER_ASSIGNMENT (  '', '', ( #3236 ) ) ;
#2714 = ADVANCED_FACE ( 'NONE', ( #713 ), #1208, .T. ) ;
#2715 =( NAMED_UNIT ( * ) SI_UNIT ( $, .STERADIAN. ) SOLID_ANGLE_UNIT ( ) );
#2716 = EDGE_CURVE ( 'NONE', #2915, #2291, #405, .T. ) ;
#2717 = FILL_AREA_STYLE_COLOUR ( '', #762 ) ;
#2718 = VERTEX_POINT ( 'NONE', #2992 ) ;
#2719 = ADVANCED_FACE ( 'NONE', ( #924 ), #1722, .F. ) ;
#2720 = DIRECTION ( 'NONE',  ( -0.0000000000000000000, 1.000000000000000000, -0.0000000000000000000 ) ) ;
#2721 = CARTESIAN_POINT ( 'NONE',  ( 0.8000000000000003775, 0.2800000000000000822, 0.7999999999999998224 ) ) ;
#2722 = SURFACE_STYLE_FILL_AREA ( #402 ) ;
#2723 = DIRECTION ( 'NONE',  ( 0.0000000000000000000, 0.0000000000000000000, 1.000000000000000000 ) ) ;
#2724 = DIRECTION ( 'NONE',  ( 1.000000000000000000, 0.0000000000000000000, -1.971276677246371765E-16 ) ) ;
#2725 = DIRECTION ( 'NONE',  ( -0.0000000000000000000, -1.000000000000000000, -0.0000000000000000000 ) ) ;
#2726 = UNCERTAINTY_MEASURE_WITH_UNIT (LENGTH_MEASURE( 1.000000000000000082E-05 ), #1754, 'distance_accuracy_value', 'NONE');
#2727 = SURFACE_SIDE_STYLE ('',( #1762 ) ) ;
#2728 = ORIENTED_EDGE ( 'NONE', *, *, #3292, .T. ) ;
#2729 = ORIENTED_EDGE ( 'NONE', *, *, #981, .F. ) ;
#2730 = CARTESIAN_POINT ( 'NONE',  ( -0.8499999999999998668, 0.6800000000000000488, 1.149999999999999911 ) ) ;
#2731 =( NAMED_UNIT ( * ) SI_UNIT ( $, .STERADIAN. ) SOLID_ANGLE_UNIT ( ) );
#2732 = DIRECTION ( 'NONE',  ( -0.0000000000000000000, 0.0000000000000000000, -1.000000000000000000 ) ) ;
#2733 = ORIENTED_EDGE ( 'NONE', *, *, #1914, .T. ) ;
#2734 = STYLED_ITEM ( 'NONE', ( #674 ), #307 ) ;
#2735 = LINE ( 'NONE', #167, #3209 ) ;
#2736 = PLANE ( 'NONE',  #472 ) ;
#2737 = LINE ( 'NONE', #1140, #2678 ) ;
#2738 =( NAMED_UNIT ( * ) PLANE_ANGLE_UNIT ( ) SI_UNIT ( $, .RADIAN. ) );
#2739 = VECTOR ( 'NONE', #2331, 1000.000000000000000 ) ;
#2740 = SURFACE_STYLE_FILL_AREA ( #3007 ) ;
#2741 = MECHANICAL_DESIGN_GEOMETRIC_PRESENTATION_REPRESENTATION (  '', ( #2424 ), #2053 ) ;
#2742 = ADVANCED_FACE ( 'NONE', ( #228 ), #2254, .F. ) ;
#2743 = VERTEX_POINT ( 'NONE', #1246 ) ;
#2744 = VECTOR ( 'NONE', #1707, 1000.000000000000000 ) ;
#2745 = CARTESIAN_POINT ( 'NONE',  ( -0.8000000000000000444, 0.6800000000000000488, 0.8000000000000001554 ) ) ;
#2746 = CARTESIAN_POINT ( 'NONE',  ( -1.149999999999992140, -0.0001000000000000000048, -1.149999999999988587 ) ) ;
#2747 = EDGE_LOOP ( 'NONE', ( #2788, #1091, #2521, #1961 ) ) ;
#2748 = COLOUR_RGB ( '',0.0000000000000000000, 0.2117647058823529382, 0.4549019607843137192 ) ;
#2749 = LINE ( 'NONE', #2768, #86 ) ;
#2750 = DIRECTION ( 'NONE',  ( -0.0000000000000000000, 0.0000000000000000000, -1.000000000000000000 ) ) ;
#2751 = LINE ( 'NONE', #1202, #3332 ) ;
#2752 = VECTOR ( 'NONE', #144, 1000.000000000000000 ) ;
#2753 = CARTESIAN_POINT ( 'NONE',  ( -0.7999999999999921618, 0.0000000000000000000, -1.149999999999988587 ) ) ;
#2754 = EDGE_CURVE ( 'NONE', #1746, #2917, #3280, .T. ) ;
#2755 = ORIENTED_EDGE ( 'NONE', *, *, #2508, .T. ) ;
#2756 = CIRCLE ( 'NONE', #1236, 0.04999999999999991257 ) ;
#2757 = SURFACE_SIDE_STYLE ('',( #202 ) ) ;
#2758 = CARTESIAN_POINT ( 'NONE',  ( -0.1499999999999921396, 0.0000000000000000000, -0.7999999999999883871 ) ) ;
#2759 = DIRECTION ( 'NONE',  ( 0.0000000000000000000, 0.0000000000000000000, 1.000000000000000000 ) ) ;
#2760 = UNCERTAINTY_MEASURE_WITH_UNIT (LENGTH_MEASURE( 1.000000000000000082E-05 ), #2641, 'distance_accuracy_value', 'NONE');
#2761 = DIRECTION ( 'NONE',  ( -1.971276677246372012E-16, 0.0000000000000000000, -1.000000000000000000 ) ) ;
#2762 = ORIENTED_EDGE ( 'NONE', *, *, #870, .F. ) ;
#2763 = ORIENTED_EDGE ( 'NONE', *, *, #2471, .F. ) ;
#2764 = CYLINDRICAL_SURFACE ( 'NONE', #2643, 0.1000000000000001027 ) ;
#2765 = CARTESIAN_POINT ( 'NONE',  ( 1.149999999999999689, 0.2300000000000000655, -0.9000000000000002442 ) ) ;
#2766 = ORIENTED_EDGE ( 'NONE', *, *, #2098, .F. ) ;
#2767 = EDGE_CURVE ( 'NONE', #2050, #2489, #3225, .T. ) ;
#2768 = CARTESIAN_POINT ( 'NONE',  ( -0.4999999999999920064, -0.0001000000000000000048, 1.150000000000011458 ) ) ;
#2769 = CARTESIAN_POINT ( 'NONE',  ( 0.1500000000000079881, -0.0001000000000000000048, 1.150000000000011458 ) ) ;
#2770 = CARTESIAN_POINT ( 'NONE',  ( -0.7999999999999999334, 0.9300000000000000488, 0.8500000000000000888 ) ) ;
#2771 = EDGE_LOOP ( 'NONE', ( #1094, #795, #942, #394 ) ) ;
#2772 = ADVANCED_FACE ( 'NONE', ( #1958 ), #763, .T. ) ;
#2773 = LINE ( 'NONE', #2060, #2383 ) ;
#2774 = FILL_AREA_STYLE ('',( #2791 ) ) ;
#2775 = SURFACE_SIDE_STYLE ('',( #1741 ) ) ;
#2776 = DIRECTION ( 'NONE',  ( 0.0000000000000000000, 0.0000000000000000000, -1.000000000000000000 ) ) ;
#2777 = SURFACE_STYLE_USAGE ( .BOTH. , #462 ) ;
#2778 = VERTEX_POINT ( 'NONE', #710 ) ;
#2779 = ORIENTED_EDGE ( 'NONE', *, *, #644, .F. ) ;
#2780 = DIRECTION ( 'NONE',  ( -0.0000000000000000000, 1.000000000000000000, -0.0000000000000000000 ) ) ;
#2781 = DIRECTION ( 'NONE',  ( 0.0000000000000000000, -1.000000000000000000, -0.0000000000000000000 ) ) ;
#2782 = ORIENTED_EDGE ( 'NONE', *, *, #254, .T. ) ;
#2783 = LINE ( 'NONE', #3039, #3231 ) ;
#2784 = FACE_OUTER_BOUND ( 'NONE', #502, .T. ) ;
#2785 = CARTESIAN_POINT ( 'NONE',  ( 0.8000000000000004885, 0.2800000000000000822, 1.149999999999999467 ) ) ;
#2786 = VECTOR ( 'NONE', #1800, 1000.000000000000000 ) ;
#2787 = EDGE_CURVE ( 'NONE', #1144, #2304, #2773, .T. ) ;
#2788 = ORIENTED_EDGE ( 'NONE', *, *, #2962, .F. ) ;
#2789 = VECTOR ( 'NONE', #1099, 1000.000000000000000 ) ;
#2790 = CARTESIAN_POINT ( 'NONE',  ( 1.150000000000007905, 0.0000000000000000000, 0.8000000000000113687 ) ) ;
#2791 = FILL_AREA_STYLE_COLOUR ( '', #199 ) ;
#2792 = CARTESIAN_POINT ( 'NONE',  ( -0.9749999999999919842, -0.0001000000000000000048, -0.3999999999999905298 ) ) ;
#2793 = EDGE_CURVE ( 'NONE', #3071, #2636, #2880, .T. ) ;
#2794 = PRESENTATION_LAYER_ASSIGNMENT (  '', '', ( #632 ) ) ;
#2795 = DIRECTION ( 'NONE',  ( 0.0000000000000000000, -1.000000000000000000, 0.0000000000000000000 ) ) ;
#2796 = CIRCLE ( 'NONE', #3082, 0.1500000000000000500 ) ;
#2797 = EDGE_CURVE ( 'NONE', #773, #1997, #2830, .T. ) ;
#2798 =( NAMED_UNIT ( * ) SI_UNIT ( $, .STERADIAN. ) SOLID_ANGLE_UNIT ( ) );
#2799 = ORIENTED_EDGE ( 'NONE', *, *, #1970, .T. ) ;
#2800 = VECTOR ( 'NONE', #621, 1000.000000000000000 ) ;
#2801 = EDGE_LOOP ( 'NONE', ( #3081, #484, #2169, #606 ) ) ;
#2802 = LINE ( 'NONE', #1416, #640 ) ;
#2803 = CARTESIAN_POINT ( 'NONE',  ( -0.9749999999999919842, -0.0001000000000000000048, -0.4999999999999906741 ) ) ;
#2804 = VECTOR ( 'NONE', #1576, 1000.000000000000000 ) ;
#2805 = PRESENTATION_LAYER_ASSIGNMENT (  '', '', ( #2317 ) ) ;
#2806 = DIRECTION ( 'NONE',  ( -0.0000000000000000000, -0.0000000000000000000, 1.000000000000000000 ) ) ;
#2807 =( LENGTH_UNIT ( ) NAMED_UNIT ( * ) SI_UNIT ( .MILLI., .METRE. ) );
#2808 = LINE ( 'NONE', #2561, #856 ) ;
#2809 = PRESENTATION_LAYER_ASSIGNMENT (  '', '', ( #905 ) ) ;
#2810 = ORIENTED_EDGE ( 'NONE', *, *, #610, .F. ) ;
#2811 =( GEOMETRIC_REPRESENTATION_CONTEXT ( 3 ) GLOBAL_UNCERTAINTY_ASSIGNED_CONTEXT ( ( #1260 ) ) GLOBAL_UNIT_ASSIGNED_CONTEXT ( ( #3254, #183, #2363 ) ) REPRESENTATION_CONTEXT ( 'NONE', 'WORKASPACE' ) );
#2812 = ADVANCED_FACE ( 'NONE', ( #498 ), #2237, .F. ) ;
#2813 = COLOUR_RGB ( '',1.000000000000000000, 1.000000000000000000, 1.000000000000000000 ) ;
#2814 =( LENGTH_UNIT ( ) NAMED_UNIT ( * ) SI_UNIT ( .MILLI., .METRE. ) );
#2815 =( NAMED_UNIT ( * ) PLANE_ANGLE_UNIT ( ) SI_UNIT ( $, .RADIAN. ) );
#2816 = ORIENTED_EDGE ( 'NONE', *, *, #2221, .T. ) ;
#2817 = AXIS2_PLACEMENT_3D ( 'NONE', #2594, #1096, #2091 ) ;
#2818 = EDGE_CURVE ( 'NONE', #1815, #3035, #1614, .T. ) ;
#2819 = FILL_AREA_STYLE ('',( #715 ) ) ;
#2820 = AXIS2_PLACEMENT_3D ( 'NONE', #2430, #2994, #103 ) ;
#2821 = CARTESIAN_POINT ( 'NONE',  ( 0.8000000000000000444, 0.9300000000000000488, -0.8000000000000003775 ) ) ;
#2822 = ORIENTED_EDGE ( 'NONE', *, *, #3218, .F. ) ;
#2823 = AXIS2_PLACEMENT_3D ( 'NONE', #2010, #2530, #660 ) ;
#2824 = EDGE_CURVE ( 'NONE', #2249, #2115, #1022, .T. ) ;
#2825 = ORIENTED_EDGE ( 'NONE', *, *, #68, .F. ) ;
#2826 = PRESENTATION_STYLE_ASSIGNMENT (( #3112 ) ) ;
#2827 = AXIS2_PLACEMENT_3D ( 'NONE', #1255, #1794, #238 ) ;
#2828 = VERTEX_POINT ( 'NONE', #3024 ) ;
#2829 = CARTESIAN_POINT ( 'NONE',  ( 1.150000000000007683, -0.0001000000000000000048, -1.149999999999988587 ) ) ;
#2830 = LINE ( 'NONE', #1739, #647 ) ;
#2831 = DIRECTION ( 'NONE',  ( 1.885568995626964533E-16, -0.0000000000000000000, 1.000000000000000000 ) ) ;
#2832 = SURFACE_STYLE_USAGE ( .BOTH. , #2775 ) ;
#2833 = CARTESIAN_POINT ( 'NONE',  ( -1.149999999999991918, -0.0001000000000000000048, 0.8000000000000113687 ) ) ;
#2834 = CARTESIAN_POINT ( 'NONE',  ( -0.8000000000000003775, 0.2300000000000000655, -1.100000000000000089 ) ) ;
#2835 = EDGE_LOOP ( 'NONE', ( #2624, #334, #1566, #415 ) ) ;
#2836 = LINE ( 'NONE', #1521, #2580 ) ;
#2837 = ORIENTED_EDGE ( 'NONE', *, *, #2842, .F. ) ;
#2838 = DIRECTION ( 'NONE',  ( -0.0000000000000000000, 1.000000000000000000, -0.0000000000000000000 ) ) ;
#2839 = CARTESIAN_POINT ( 'NONE',  ( 0.8000000000000000444, 0.2800000000000000822, -1.150000000000000133 ) ) ;
#2840 = LINE ( 'NONE', #1270, #201 ) ;
#2841 = SURFACE_STYLE_USAGE ( .BOTH. , #1355 ) ;
#2842 = EDGE_CURVE ( 'NONE', #2456, #1467, #689, .T. ) ;
#2843 = SURFACE_STYLE_FILL_AREA ( #825 ) ;
#2844 = DIRECTION ( 'NONE',  ( 0.0000000000000000000, 0.0000000000000000000, -1.000000000000000000 ) ) ;
#2845 = DIRECTION ( 'NONE',  ( 0.0000000000000000000, -1.000000000000000000, 0.0000000000000000000 ) ) ;
#2846 = AXIS2_PLACEMENT_3D ( 'NONE', #2516, #2795, #1486 ) ;
#2847 =( NAMED_UNIT ( * ) PLANE_ANGLE_UNIT ( ) SI_UNIT ( $, .RADIAN. ) );
#2848 = ORIENTED_EDGE ( 'NONE', *, *, #1651, .T. ) ;
#2849 = VECTOR ( 'NONE', #2252, 1000.000000000000000 ) ;
#2850 = CARTESIAN_POINT ( 'NONE',  ( -0.9000000000000000222, 0.9300000000000000488, -1.149999999999999911 ) ) ;
#2851 = EDGE_LOOP ( 'NONE', ( #536, #425, #1078, #2433 ) ) ;
#2852 = EDGE_CURVE ( 'NONE', #1298, #32, #1756, .T. ) ;
#2853 = FACE_OUTER_BOUND ( 'NONE', #1281, .T. ) ;
#2854 = SURFACE_STYLE_FILL_AREA ( #567 ) ;
#2855 = COLOUR_RGB ( '',1.000000000000000000, 1.000000000000000000, 1.000000000000000000 ) ;
#2856 = COLOUR_RGB ( '',1.000000000000000000, 1.000000000000000000, 1.000000000000000000 ) ;
#2857 = CARTESIAN_POINT ( 'NONE',  ( -1.249999999999991784, 0.0000000000000000000, 1.250000000000011546 ) ) ;
#2858 = FACE_OUTER_BOUND ( 'NONE', #2801, .T. ) ;
#2859 = EDGE_LOOP ( 'NONE', ( #2448, #3202, #2173, #1105 ) ) ;
#2860 = CARTESIAN_POINT ( 'NONE',  ( 0.8500000000000005329, 0.6800000000000000488, 1.149999999999999467 ) ) ;
#2861 = VECTOR ( 'NONE', #3093, 1000.000000000000000 ) ;
#2862 = EDGE_CURVE ( 'NONE', #1839, #1266, #1573, .T. ) ;
#2863 = EDGE_CURVE ( 'NONE', #3117, #1231, #69, .T. ) ;
#2864 = DIRECTION ( 'NONE',  ( 0.0000000000000000000, -0.0000000000000000000, -1.000000000000000000 ) ) ;
#2865 = CARTESIAN_POINT ( 'NONE',  ( 1.150000000000007683, -0.0001000000000000000048, -0.7999999999999883871 ) ) ;
#2866 = AXIS2_PLACEMENT_3D ( 'NONE', #2682, #668, #1693 ) ;
#2867 = AXIS2_PLACEMENT_3D ( 'NONE', #2124, #2313, #2610 ) ;
#2868 = CARTESIAN_POINT ( 'NONE',  ( 0.8999999999999998002, 0.1300000000000000044, -1.150000000000000355 ) ) ;
#2869 = VECTOR ( 'NONE', #1859, 1000.000000000000000 ) ;
#2870 = PLANE ( 'NONE',  #1733 ) ;
#2871 = ORIENTED_EDGE ( 'NONE', *, *, #2842, .T. ) ;
#2872 = PRESENTATION_LAYER_ASSIGNMENT (  '', '', ( #965 ) ) ;
#2873 = MECHANICAL_DESIGN_GEOMETRIC_PRESENTATION_REPRESENTATION (  '', ( #2438 ), #381 ) ;
#2874 = DIRECTION ( 'NONE',  ( 1.000000000000000000, 0.0000000000000000000, 0.0000000000000000000 ) ) ;
#2875 = ORIENTED_EDGE ( 'NONE', *, *, #149, .F. ) ;
#2876 = SURFACE_STYLE_FILL_AREA ( #797 ) ;
#2877 = CARTESIAN_POINT ( 'NONE',  ( -0.9749999999999919842, 0.0000000000000000000, -0.4999999999999906741 ) ) ;
#2878 = CARTESIAN_POINT ( 'NONE',  ( -1.249999999999991784, 0.1300000000000000044, 1.250000000000011546 ) ) ;
#2879 = VECTOR ( 'NONE', #1308, 1000.000000000000000 ) ;
#2880 = CIRCLE ( 'NONE', #2827, 0.2500000000000000000 ) ;
#2881 = SURFACE_STYLE_USAGE ( .BOTH. , #803 ) ;
#2882 =( NAMED_UNIT ( * ) PLANE_ANGLE_UNIT ( ) SI_UNIT ( $, .RADIAN. ) );
#2883 = CARTESIAN_POINT ( 'NONE',  ( 1.150000000000007905, 0.0000000000000000000, 1.150000000000011458 ) ) ;
#2884 = DIRECTION ( 'NONE',  ( 0.0000000000000000000, 0.0000000000000000000, 1.000000000000000000 ) ) ;
#2885 =( NAMED_UNIT ( * ) PLANE_ANGLE_UNIT ( ) SI_UNIT ( $, .RADIAN. ) );
#2886 = ADVANCED_FACE ( 'NONE', ( #2919 ), #1305, .F. ) ;
#2887 = FILL_AREA_STYLE ('',( #1561 ) ) ;
#2888 = DIRECTION ( 'NONE',  ( 0.0000000000000000000, 1.000000000000000000, 0.0000000000000000000 ) ) ;
#2889 = EDGE_CURVE ( 'NONE', #864, #1467, #574, .T. ) ;
#2890 = SURFACE_STYLE_FILL_AREA ( #1623 ) ;
#2891 =( NAMED_UNIT ( * ) PLANE_ANGLE_UNIT ( ) SI_UNIT ( $, .RADIAN. ) );
#2892 = DIRECTION ( 'NONE',  ( 0.0000000000000000000, 0.0000000000000000000, 1.000000000000000000 ) ) ;
#2893 = SURFACE_SIDE_STYLE ('',( #2854 ) ) ;
#2894 = VERTEX_POINT ( 'NONE', #840 ) ;
#2895 = SURFACE_STYLE_USAGE ( .BOTH. , #286 ) ;
#2896 = ORIENTED_EDGE ( 'NONE', *, *, #1145, .F. ) ;
#2897 = CARTESIAN_POINT ( 'NONE',  ( -0.7999999999999921618, 0.0000000000000000000, -0.7999999999999883871 ) ) ;
#2898 = ORIENTED_EDGE ( 'NONE', *, *, #1625, .F. ) ;
#2899 = DIRECTION ( 'NONE',  ( 9.427844978134821433E-17, 0.0000000000000000000, 1.000000000000000000 ) ) ;
#2900 = CARTESIAN_POINT ( 'NONE',  ( 1.250000000000007994, 0.1300000000000000044, -1.249999999999990674 ) ) ;
#2901 = CARTESIAN_POINT ( 'NONE',  ( -0.4999999999999920064, -0.0001000000000000000048, 1.150000000000011458 ) ) ;
#2902 = FILL_AREA_STYLE_COLOUR ( '', #1346 ) ;
#2903 = CIRCLE ( 'NONE', #1645, 0.1500000000000000500 ) ;
#2904 = UNCERTAINTY_MEASURE_WITH_UNIT (LENGTH_MEASURE( 1.000000000000000082E-05 ), #977, 'distance_accuracy_value', 'NONE');
#2905 = PRESENTATION_STYLE_ASSIGNMENT (( #1086 ) ) ;
#2906 = MECHANICAL_DESIGN_GEOMETRIC_PRESENTATION_REPRESENTATION (  '', ( #88 ), #1761 ) ;
#2907 = VERTEX_POINT ( 'NONE', #1038 ) ;
#2908 = EDGE_CURVE ( 'NONE', #3063, #2367, #1291, .T. ) ;
#2909 = DIRECTION ( 'NONE',  ( 0.0000000000000000000, 0.0000000000000000000, 1.000000000000000000 ) ) ;
#2910 = CARTESIAN_POINT ( 'NONE',  ( -1.149999999999999911, 0.2300000000000000655, 1.149999999999999911 ) ) ;
#2911 = CARTESIAN_POINT ( 'NONE',  ( 0.1500000000000079881, -0.0001000000000000000048, 1.150000000000011458 ) ) ;
#2912 = ORIENTED_EDGE ( 'NONE', *, *, #1490, .F. ) ;
#2913 = CARTESIAN_POINT ( 'NONE',  ( 0.8000000000000003775, 0.2300000000000000655, 1.149999999999999467 ) ) ;
#2914 = MECHANICAL_DESIGN_GEOMETRIC_PRESENTATION_REPRESENTATION (  '', ( #1769 ), #2532 ) ;
#2915 = VERTEX_POINT ( 'NONE', #3118 ) ;
#2916 = DIRECTION ( 'NONE',  ( -0.0000000000000000000, -0.0000000000000000000, 1.000000000000000000 ) ) ;
#2917 = VERTEX_POINT ( 'NONE', #1341 ) ;
#2918 =( GEOMETRIC_REPRESENTATION_CONTEXT ( 3 ) GLOBAL_UNCERTAINTY_ASSIGNED_CONTEXT ( ( #87 ) ) GLOBAL_UNIT_ASSIGNED_CONTEXT ( ( #1748, #701, #2731 ) ) REPRESENTATION_CONTEXT ( 'NONE', 'WORKASPACE' ) );
#2919 = FACE_OUTER_BOUND ( 'NONE', #2573, .T. ) ;
#2920 = DIRECTION ( 'NONE',  ( 0.0000000000000000000, -1.000000000000000000, -0.0000000000000000000 ) ) ;
#2921 = CARTESIAN_POINT ( 'NONE',  ( 1.250000000000007994, 0.1300000000000000044, -1.249999999999990674 ) ) ;
#2922 = EDGE_CURVE ( 'NONE', #2182, #2267, #2333, .T. ) ;
#2923 =( LENGTH_UNIT ( ) NAMED_UNIT ( * ) SI_UNIT ( .MILLI., .METRE. ) );
#2924 = ADVANCED_FACE ( 'NONE', ( #2130, #48 ), #2660, .F. ) ;
#2925 = CIRCLE ( 'NONE', #51, 0.2999999999999999334 ) ;
#2926 = LINE ( 'NONE', #1046, #2412 ) ;
#2927 = EDGE_LOOP ( 'NONE', ( #89, #1279, #2560, #178 ) ) ;
#2928 = VECTOR ( 'NONE', #2916, 1000.000000000000000 ) ;
#2929 = CARTESIAN_POINT ( 'NONE',  ( 0.1500000000000077660, 0.0000000000000000000, -1.149999999999988587 ) ) ;
#2930 = VECTOR ( 'NONE', #193, 1000.000000000000000 ) ;
#2931 = ORIENTED_EDGE ( 'NONE', *, *, #2576, .T. ) ;
#2932 = VECTOR ( 'NONE', #728, 1000.000000000000000 ) ;
#2933 =( GEOMETRIC_REPRESENTATION_CONTEXT ( 3 ) GLOBAL_UNCERTAINTY_ASSIGNED_CONTEXT ( ( #693 ) ) GLOBAL_UNIT_ASSIGNED_CONTEXT ( ( #2607, #1049, #2100 ) ) REPRESENTATION_CONTEXT ( 'NONE', 'WORKASPACE' ) );
#2934 = ADVANCED_FACE ( 'NONE', ( #1079 ), #1809, .F. ) ;
#2935 = EDGE_CURVE ( 'NONE', #1449, #2298, #3240, .T. ) ;
#2936 = DIRECTION ( 'NONE',  ( 0.0000000000000000000, 0.0000000000000000000, 1.000000000000000000 ) ) ;
#2937 = ORIENTED_EDGE ( 'NONE', *, *, #2407, .F. ) ;
#2938 = SURFACE_STYLE_FILL_AREA ( #128 ) ;
#2939 = ADVANCED_FACE ( 'NONE', ( #82 ), #3289, .F. ) ;
#2940 = AXIS2_PLACEMENT_3D ( 'NONE', #2205, #1871, #860 ) ;
#2941 =( LENGTH_UNIT ( ) NAMED_UNIT ( * ) SI_UNIT ( .MILLI., .METRE. ) );
#2942 = SURFACE_STYLE_FILL_AREA ( #901 ) ;
#2943 = LINE ( 'NONE', #1557, #1477 ) ;
#2944 = SURFACE_STYLE_FILL_AREA ( #2134 ) ;
#2945 = FACE_OUTER_BOUND ( 'NONE', #210, .T. ) ;
#2946 = UNCERTAINTY_MEASURE_WITH_UNIT (LENGTH_MEASURE( 1.000000000000000082E-05 ), #975, 'distance_accuracy_value', 'NONE');
#2947 = FILL_AREA_STYLE ('',( #2378 ) ) ;
#2948 = ADVANCED_FACE ( 'NONE', ( #3181 ), #1916, .F. ) ;
#2949 = EDGE_LOOP ( 'NONE', ( #3264, #718, #2405, #1146 ) ) ;
#2950 = ORIENTED_EDGE ( 'NONE', *, *, #171, .T. ) ;
#2951 = SURFACE_SIDE_STYLE ('',( #2151 ) ) ;
#2952 = FACE_OUTER_BOUND ( 'NONE', #2835, .T. ) ;
#2953 = VERTEX_POINT ( 'NONE', #1931 ) ;
#2954 = CARTESIAN_POINT ( 'NONE',  ( -1.149999999999992140, -0.0001000000000000000048, -0.7999999999999883871 ) ) ;
#2955 = ORIENTED_EDGE ( 'NONE', *, *, #1760, .T. ) ;
#2956 =( NAMED_UNIT ( * ) SI_UNIT ( $, .STERADIAN. ) SOLID_ANGLE_UNIT ( ) );
#2957 = DIRECTION ( 'NONE',  ( 1.000000000000000000, -0.0000000000000000000, -0.0000000000000000000 ) ) ;
#2958 = DIRECTION ( 'NONE',  ( 0.0000000000000000000, 0.0000000000000000000, 1.000000000000000000 ) ) ;
#2959 = DIRECTION ( 'NONE',  ( 1.971276677246371765E-16, 0.0000000000000000000, 1.000000000000000000 ) ) ;
#2960 = VECTOR ( 'NONE', #1297, 1000.000000000000000 ) ;
#2961 = ORIENTED_EDGE ( 'NONE', *, *, #278, .T. ) ;
#2962 = EDGE_CURVE ( 'NONE', #1865, #2894, #387, .T. ) ;
#2963 = LINE ( 'NONE', #636, #1019 ) ;
#2964 = CARTESIAN_POINT ( 'NONE',  ( 0.8000000000000004885, 0.2800000000000000822, 1.099999999999999645 ) ) ;
#2965 = ORIENTED_EDGE ( 'NONE', *, *, #642, .T. ) ;
#2966 = SURFACE_SIDE_STYLE ('',( #2938 ) ) ;
#2967 = COLOUR_RGB ( '',0.7921568627450980005, 0.8196078431372548767, 0.9333333333333333481 ) ;
#2968 = EDGE_CURVE ( 'NONE', #2007, #1177, #130, .T. ) ;
#2969 = MECHANICAL_DESIGN_GEOMETRIC_PRESENTATION_REPRESENTATION (  '', ( #3275 ), #2312 ) ;
#2970 = SURFACE_STYLE_USAGE ( .BOTH. , #2454 ) ;
#2971 = PRESENTATION_STYLE_ASSIGNMENT (( #920 ) ) ;
#2972 = AXIS2_PLACEMENT_3D ( 'NONE', #3195, #91, #1608 ) ;
#2973 = DIRECTION ( 'NONE',  ( -0.0000000000000000000, 1.000000000000000000, -0.0000000000000000000 ) ) ;
#2974 = VECTOR ( 'NONE', #596, 1000.000000000000000 ) ;
#2975 = CARTESIAN_POINT ( 'NONE',  ( -0.8000000000000003775, 0.6800000000000000488, -0.8000000000000001554 ) ) ;
#2976 = UNCERTAINTY_MEASURE_WITH_UNIT (LENGTH_MEASURE( 1.000000000000000082E-05 ), #1060, 'distance_accuracy_value', 'NONE');
#2977 = FILL_AREA_STYLE ('',( #2482 ) ) ;
#2978 = FILL_AREA_STYLE_COLOUR ( '', #2013 ) ;
#2979 = ORIENTED_EDGE ( 'NONE', *, *, #1914, .F. ) ;
#2980 = AXIS2_PLACEMENT_3D ( 'NONE', #491, #1423, #471 ) ;
#2981 = ORIENTED_EDGE ( 'NONE', *, *, #1907, .T. ) ;
#2982 = MECHANICAL_DESIGN_GEOMETRIC_PRESENTATION_REPRESENTATION (  '', ( #2120 ), #2381 ) ;
#2983 = DIRECTION ( 'NONE',  ( -1.000000000000000000, 0.0000000000000000000, 0.0000000000000000000 ) ) ;
#2984 =( NAMED_UNIT ( * ) PLANE_ANGLE_UNIT ( ) SI_UNIT ( $, .RADIAN. ) );
#2985 = MECHANICAL_DESIGN_GEOMETRIC_PRESENTATION_REPRESENTATION (  '', ( #2706 ), #760 ) ;
#2986 = MECHANICAL_DESIGN_GEOMETRIC_PRESENTATION_REPRESENTATION (  '', ( #2125 ), #2550 ) ;
#2987 = SURFACE_STYLE_FILL_AREA ( #3003 ) ;
#2988 = LINE ( 'NONE', #2176, #2387 ) ;
#2989 = EDGE_CURVE ( 'NONE', #1627, #1242, #3271, .T. ) ;
#2990 =( NAMED_UNIT ( * ) SI_UNIT ( $, .STERADIAN. ) SOLID_ANGLE_UNIT ( ) );
#2991 = EDGE_CURVE ( 'NONE', #379, #1177, #168, .T. ) ;
#2992 = CARTESIAN_POINT ( 'NONE',  ( 0.8000000000000077049, -0.0001000000000000000048, -1.149999999999988587 ) ) ;
#2993 = SURFACE_SIDE_STYLE ('',( #443 ) ) ;
#2994 = DIRECTION ( 'NONE',  ( 0.0000000000000000000, 1.000000000000000000, 0.0000000000000000000 ) ) ;
#2995 = ORIENTED_EDGE ( 'NONE', *, *, #2187, .T. ) ;
#2996 = VERTEX_POINT ( 'NONE', #2769 ) ;
#2997 = LINE ( 'NONE', #914, #2693 ) ;
#2998 = FILL_AREA_STYLE ('',( #1663 ) ) ;
#2999 = PLANE ( 'NONE',  #2866 ) ;
#3000 = VERTEX_POINT ( 'NONE', #706 ) ;
#3001 = DIRECTION ( 'NONE',  ( -0.0000000000000000000, -1.000000000000000000, -0.0000000000000000000 ) ) ;
#3002 = SURFACE_SIDE_STYLE ('',( #853 ) ) ;
#3003 = FILL_AREA_STYLE ('',( #1969 ) ) ;
#3004 = SURFACE_SIDE_STYLE ('',( #3242 ) ) ;
#3005 = EDGE_CURVE ( 'NONE', #2414, #2243, #2783, .T. ) ;
#3006 = DIRECTION ( 'NONE',  ( -0.0000000000000000000, -1.000000000000000000, -0.0000000000000000000 ) ) ;
#3007 = FILL_AREA_STYLE ('',( #2480 ) ) ;
#3008 = UNCERTAINTY_MEASURE_WITH_UNIT (LENGTH_MEASURE( 1.000000000000000082E-05 ), #3214, 'distance_accuracy_value', 'NONE');
#3009 = CARTESIAN_POINT ( 'NONE',  ( 1.149999999999999689, 0.2800000000000000822, -1.100000000000000311 ) ) ;
#3010 = LINE ( 'NONE', #676, #549 ) ;
#3011 = VERTEX_POINT ( 'NONE', #1474 ) ;
#3012 = EDGE_CURVE ( 'NONE', #2907, #1839, #1239, .T. ) ;
#3013 = EDGE_CURVE ( 'NONE', #2050, #21, #2925, .T. ) ;
#3014 = ORIENTED_EDGE ( 'NONE', *, *, #722, .T. ) ;
#3015 = CARTESIAN_POINT ( 'NONE',  ( -0.7999999999999921618, -0.0001000000000000000048, -1.149999999999988587 ) ) ;
#3016 = FILL_AREA_STYLE ('',( #1417 ) ) ;
#3017 = SURFACE_STYLE_USAGE ( .BOTH. , #1470 ) ;
#3018 = AXIS2_PLACEMENT_3D ( 'NONE', #3009, #694, #2227 ) ;
#3019 = DIRECTION ( 'NONE',  ( 0.0000000000000000000, 0.0000000000000000000, -1.000000000000000000 ) ) ;
#3020 = CARTESIAN_POINT ( 'NONE',  ( -0.8000000000000003775, 0.6800000000000000488, -0.8000000000000001554 ) ) ;
#3021 = LINE ( 'NONE', #3068, #3279 ) ;
#3022 = VECTOR ( 'NONE', #1869, 1000.000000000000000 ) ;
#3023 = ORIENTED_EDGE ( 'NONE', *, *, #68, .T. ) ;
#3024 = CARTESIAN_POINT ( 'NONE',  ( -0.7999999999999921618, -0.0001000000000000000048, -0.7999999999999883871 ) ) ;
#3025 = FILL_AREA_STYLE_COLOUR ( '', #2967 ) ;
#3026 = PLANE ( 'NONE',  #1380 ) ;
#3027 = CARTESIAN_POINT ( 'NONE',  ( -1.150000000000000133, 0.1300000000000000044, -1.149999999999999911 ) ) ;
#3028 = AXIS2_PLACEMENT_3D ( 'NONE', #798, #1567, #565 ) ;
#3029 =( LENGTH_UNIT ( ) NAMED_UNIT ( * ) SI_UNIT ( .MILLI., .METRE. ) );
#3030 = VERTEX_POINT ( 'NONE', #1441 ) ;
#3031 = COLOUR_RGB ( '',1.000000000000000000, 1.000000000000000000, 1.000000000000000000 ) ;
#3032 = EDGE_LOOP ( 'NONE', ( #1856, #1162, #1805, #1015 ) ) ;
#3033 = CARTESIAN_POINT ( 'NONE',  ( -0.8500000000000000888, 0.6800000000000000488, 0.8000000000000001554 ) ) ;
#3034 = DIRECTION ( 'NONE',  ( 0.0000000000000000000, -1.000000000000000000, 0.0000000000000000000 ) ) ;
#3035 = VERTEX_POINT ( 'NONE', #1453 ) ;
#3036 = STYLED_ITEM ( 'NONE', ( #638 ), #2165 ) ;
#3037 = STYLED_ITEM ( 'NONE', ( #337 ), #2948 ) ;
#3038 = DIRECTION ( 'NONE',  ( 0.0000000000000000000, 0.0000000000000000000, -1.000000000000000000 ) ) ;
#3039 = CARTESIAN_POINT ( 'NONE',  ( -1.249999999999992006, 0.1300000000000000044, -1.249999999999990674 ) ) ;
#3040 = LINE ( 'NONE', #556, #2479 ) ;
#3041 = CIRCLE ( 'NONE', #542, 0.3499999999999999778 ) ;
#3042 = FACE_OUTER_BOUND ( 'NONE', #506, .T. ) ;
#3043 = ORIENTED_EDGE ( 'NONE', *, *, #2476, .T. ) ;
#3044 = AXIS2_PLACEMENT_3D ( 'NONE', #761, #513, #2577 ) ;
#3045 = FILL_AREA_STYLE ('',( #1503 ) ) ;
#3046 = PLANE ( 'NONE',  #2111 ) ;
#3047 = VECTOR ( 'NONE', #459, 1000.000000000000000 ) ;
#3048 = UNCERTAINTY_MEASURE_WITH_UNIT (LENGTH_MEASURE( 1.000000000000000082E-05 ), #1000, 'distance_accuracy_value', 'NONE');
#3049 = DIRECTION ( 'NONE',  ( 0.0000000000000000000, 0.0000000000000000000, -1.000000000000000000 ) ) ;
#3050 = FACE_OUTER_BOUND ( 'NONE', #264, .T. ) ;
#3051 = ORIENTED_EDGE ( 'NONE', *, *, #406, .T. ) ;
#3052 = ORIENTED_EDGE ( 'NONE', *, *, #2449, .T. ) ;
#3053 = DIRECTION ( 'NONE',  ( 1.000000000000000000, 0.0000000000000000000, -0.0000000000000000000 ) ) ;
#3054 = EDGE_LOOP ( 'NONE', ( #2431, #2018, #3014, #3290 ) ) ;
#3055 = CARTESIAN_POINT ( 'NONE',  ( -0.1499999999999919453, -0.0001000000000000000048, 0.8000000000000113687 ) ) ;
#3056 = PRESENTATION_STYLE_ASSIGNMENT (( #1442 ) ) ;
#3057 = ORIENTED_EDGE ( 'NONE', *, *, #2863, .T. ) ;
#3058 = DIRECTION ( 'NONE',  ( 0.0000000000000000000, 0.0000000000000000000, 1.000000000000000000 ) ) ;
#3059 = FACE_OUTER_BOUND ( 'NONE', #2507, .T. ) ;
#3060 = LINE ( 'NONE', #154, #1498 ) ;
#3061 = DIRECTION ( 'NONE',  ( 1.000000000000000000, 0.0000000000000000000, -8.673617379884028076E-17 ) ) ;
#3062 = ORIENTED_EDGE ( 'NONE', *, *, #63, .F. ) ;
#3063 = VERTEX_POINT ( 'NONE', #2522 ) ;
#3064 = FACE_OUTER_BOUND ( 'NONE', #270, .T. ) ;
#3065 = DIRECTION ( 'NONE',  ( -0.0000000000000000000, 1.000000000000000000, -0.0000000000000000000 ) ) ;
#3066 = VERTEX_POINT ( 'NONE', #197 ) ;
#3067 = PLANE ( 'NONE',  #2544 ) ;
#3068 = CARTESIAN_POINT ( 'NONE',  ( 0.5000000000000077716, -0.0001000000000000000048, -0.7999999999999883871 ) ) ;
#3069 = CARTESIAN_POINT ( 'NONE',  ( 0.9000000000000000222, 0.9300000000000000488, 0.8999999999999993561 ) ) ;
#3070 = VECTOR ( 'NONE', #2340, 1000.000000000000000 ) ;
#3071 = VERTEX_POINT ( 'NONE', #1715 ) ;
#3072 = CIRCLE ( 'NONE', #1588, 0.04999999999999991257 ) ;
#3073 =( NAMED_UNIT ( * ) SI_UNIT ( $, .STERADIAN. ) SOLID_ANGLE_UNIT ( ) );
#3074 = EDGE_LOOP ( 'NONE', ( #2782, #2679, #2279, #301 ) ) ;
#3075 = AXIS2_PLACEMENT_3D ( 'NONE', #2270, #2831, #2528 ) ;
#3076 = ADVANCED_FACE ( 'NONE', ( #1201 ), #1752, .F. ) ;
#3077 = ADVANCED_FACE ( 'NONE', ( #740 ), #999, .F. ) ;
#3078 = DIRECTION ( 'NONE',  ( 0.0000000000000000000, 0.0000000000000000000, -1.000000000000000000 ) ) ;
#3079 = COLOUR_RGB ( '',1.000000000000000000, 1.000000000000000000, 1.000000000000000000 ) ;
#3080 =( NAMED_UNIT ( * ) PLANE_ANGLE_UNIT ( ) SI_UNIT ( $, .RADIAN. ) );
#3081 = ORIENTED_EDGE ( 'NONE', *, *, #1948, .T. ) ;
#3082 = AXIS2_PLACEMENT_3D ( 'NONE', #879, #1964, #397 ) ;
#3083 = ORIENTED_EDGE ( 'NONE', *, *, #1845, .F. ) ;
#3084 = VECTOR ( 'NONE', #421, 1000.000000000000000 ) ;
#3085 = LINE ( 'NONE', #1767, #807 ) ;
#3086 = CARTESIAN_POINT ( 'NONE',  ( -0.1499999999999919453, -0.0001000000000000000048, 1.150000000000011458 ) ) ;
#3087 = ORIENTED_EDGE ( 'NONE', *, *, #1796, .F. ) ;
#3088 = DIRECTION ( 'NONE',  ( -0.0000000000000000000, -0.0000000000000000000, 1.000000000000000000 ) ) ;
#3089 = PRODUCT ( '85B885A7-C1F0-4556-8251-D7604152B027', '85B885A7-C1F0-4556-8251-D7604152B027', '', ( #1601 ) ) ;
#3090 = CIRCLE ( 'NONE', #1668, 0.2999999999999999334 ) ;
#3091 =( LENGTH_UNIT ( ) NAMED_UNIT ( * ) SI_UNIT ( .MILLI., .METRE. ) );
#3092 = EDGE_CURVE ( 'NONE', #2996, #2232, #949, .T. ) ;
#3093 = DIRECTION ( 'NONE',  ( -1.000000000000000000, 0.0000000000000000000, 0.0000000000000000000 ) ) ;
#3094 = AXIS2_PLACEMENT_3D ( 'NONE', #1709, #2781, #2294 ) ;
#3095 = VERTEX_POINT ( 'NONE', #3293 ) ;
#3096 = COLOUR_RGB ( '',1.000000000000000000, 1.000000000000000000, 1.000000000000000000 ) ;
#3097 = CARTESIAN_POINT ( 'NONE',  ( -0.7999999999999919398, -0.0001000000000000000048, 1.150000000000011458 ) ) ;
#3098 = ORIENTED_EDGE ( 'NONE', *, *, #1625, .T. ) ;
#3099 = ADVANCED_FACE ( 'NONE', ( #219, #2233, #2296, #2284, #2023, #968, #3313, #985, #2038, #3323 ), #3067, .T. ) ;
#3100 = SURFACE_SIDE_STYLE ('',( #2876 ) ) ;
#3101 = DIRECTION ( 'NONE',  ( 1.000000000000000000, 0.0000000000000000000, 0.0000000000000000000 ) ) ;
#3102 = DIRECTION ( 'NONE',  ( -0.0000000000000000000, 0.0000000000000000000, 1.000000000000000000 ) ) ;
#3103 = DIRECTION ( 'NONE',  ( 0.0000000000000000000, 1.000000000000000000, -0.0000000000000000000 ) ) ;
#3104 = CARTESIAN_POINT ( 'NONE',  ( -0.1499999999999919453, 0.0000000000000000000, 0.8000000000000113687 ) ) ;
#3105 = DIRECTION ( 'NONE',  ( -1.000000000000000000, 0.0000000000000000000, 0.0000000000000000000 ) ) ;
#3106 =( NAMED_UNIT ( * ) SI_UNIT ( $, .STERADIAN. ) SOLID_ANGLE_UNIT ( ) );
#3107 = UNCERTAINTY_MEASURE_WITH_UNIT (LENGTH_MEASURE( 1.000000000000000082E-05 ), #1437, 'distance_accuracy_value', 'NONE');
#3108 = ORIENTED_EDGE ( 'NONE', *, *, #314, .T. ) ;
#3109 = ADVANCED_FACE ( 'NONE', ( #2103 ), #2076, .F. ) ;
#3110 = DIRECTION ( 'NONE',  ( -0.0000000000000000000, 1.000000000000000000, -0.0000000000000000000 ) ) ;
#3111 = VERTEX_POINT ( 'NONE', #1513 ) ;
#3112 = SURFACE_STYLE_USAGE ( .BOTH. , #3100 ) ;
#3113 = CARTESIAN_POINT ( 'NONE',  ( -0.8499999999999999778, 0.9300000000000000488, 0.8000000000000001554 ) ) ;
#3114 = DIRECTION ( 'NONE',  ( 1.000000000000000000, -0.0000000000000000000, -0.0000000000000000000 ) ) ;
#3115 = ORIENTED_EDGE ( 'NONE', *, *, #899, .T. ) ;
#3116 = ADVANCED_FACE ( 'NONE', ( #569 ), #1302, .T. ) ;
#3117 = VERTEX_POINT ( 'NONE', #2385 ) ;
#3118 = CARTESIAN_POINT ( 'NONE',  ( 0.8000000000000079270, -0.0001000000000000000048, 1.150000000000011458 ) ) ;
#3119 = DIRECTION ( 'NONE',  ( 0.0000000000000000000, 0.0000000000000000000, 1.000000000000000000 ) ) ;
#3120 = STYLED_ITEM ( 'NONE', ( #2905 ), #246 ) ;
#3121 = LINE ( 'NONE', #577, #2974 ) ;
#3122 = AXIS2_PLACEMENT_3D ( 'NONE', #750, #241, #1261 ) ;
#3123 =( LENGTH_UNIT ( ) NAMED_UNIT ( * ) SI_UNIT ( .MILLI., .METRE. ) );
#3124 = STYLED_ITEM ( 'NONE', ( #148 ), #903 ) ;
#3125 = FACE_OUTER_BOUND ( 'NONE', #2083, .T. ) ;
#3126 = VERTEX_POINT ( 'NONE', #3341 ) ;
#3127 = VERTEX_POINT ( 'NONE', #269 ) ;
#3128 = FACE_OUTER_BOUND ( 'NONE', #1456, .T. ) ;
#3129 = ADVANCED_FACE ( 'NONE', ( #3150 ), #511, .F. ) ;
#3130 = PLANE ( 'NONE',  #1937 ) ;
#3131 = EDGE_CURVE ( 'NONE', #934, #1242, #835, .T. ) ;
#3132 = DIRECTION ( 'NONE',  ( -1.000000000000000000, 0.0000000000000000000, 0.0000000000000000000 ) ) ;
#3133 = MECHANICAL_DESIGN_GEOMETRIC_PRESENTATION_REPRESENTATION (  '', ( #1659 ), #155 ) ;
#3134 = EDGE_LOOP ( 'NONE', ( #2995, #1661, #186, #641 ) ) ;
#3135 = PRESENTATION_STYLE_ASSIGNMENT (( #3166 ) ) ;
#3136 = LINE ( 'NONE', #1810, #1702 ) ;
#3137 = FILL_AREA_STYLE ('',( #35 ) ) ;
#3138 = COLOUR_RGB ( '',1.000000000000000000, 1.000000000000000000, 0.0000000000000000000 ) ;
#3139 =( GEOMETRIC_REPRESENTATION_CONTEXT ( 3 ) GLOBAL_UNCERTAINTY_ASSIGNED_CONTEXT ( ( #19 ) ) GLOBAL_UNIT_ASSIGNED_CONTEXT ( ( #1945, #2212, #2183 ) ) REPRESENTATION_CONTEXT ( 'NONE', 'WORKASPACE' ) );
#3140 = DIRECTION ( 'NONE',  ( -1.000000000000000000, 0.0000000000000000000, -0.0000000000000000000 ) ) ;
#3141 = VECTOR ( 'NONE', #544, 1000.000000000000000 ) ;
#3142 = AXIS2_PLACEMENT_3D ( 'NONE', #2911, #3101, #584 ) ;
#3143 = VECTOR ( 'NONE', #495, 1000.000000000000000 ) ;
#3144 =( GEOMETRIC_REPRESENTATION_CONTEXT ( 3 ) GLOBAL_UNCERTAINTY_ASSIGNED_CONTEXT ( ( #1599 ) ) GLOBAL_UNIT_ASSIGNED_CONTEXT ( ( #3029, #3080, #2798 ) ) REPRESENTATION_CONTEXT ( 'NONE', 'WORKASPACE' ) );
#3145 = CARTESIAN_POINT ( 'NONE',  ( 1.100000000000000311, 0.6800000000000000488, 0.7999999999999997113 ) ) ;
#3146 = ORIENTED_EDGE ( 'NONE', *, *, #2058, .T. ) ;
#3147 = FACE_OUTER_BOUND ( 'NONE', #951, .T. ) ;
#3148 = MECHANICAL_DESIGN_GEOMETRIC_PRESENTATION_REPRESENTATION (  '', ( #2609 ), #765 ) ;
#3149 = EDGE_CURVE ( 'NONE', #124, #200, #808, .T. ) ;
#3150 = FACE_OUTER_BOUND ( 'NONE', #2851, .T. ) ;
#3151 = FILL_AREA_STYLE_COLOUR ( '', #1003 ) ;
#3152 = ORIENTED_EDGE ( 'NONE', *, *, #1646, .F. ) ;
#3153 = CARTESIAN_POINT ( 'NONE',  ( -0.9749999999999919842, -0.0001000000000000000048, -0.4999999999999906741 ) ) ;
#3154 = ORIENTED_EDGE ( 'NONE', *, *, #1484, .T. ) ;
#3155 =( NAMED_UNIT ( * ) PLANE_ANGLE_UNIT ( ) SI_UNIT ( $, .RADIAN. ) );
#3156 = SURFACE_SIDE_STYLE ('',( #1097 ) ) ;
#3157 = DIRECTION ( 'NONE',  ( 1.000000000000000000, -0.0000000000000000000, -0.0000000000000000000 ) ) ;
#3158 = ORIENTED_EDGE ( 'NONE', *, *, #2754, .F. ) ;
#3159 = SURFACE_STYLE_USAGE ( .BOTH. , #1956 ) ;
#3160 = CARTESIAN_POINT ( 'NONE',  ( -1.149999999999999911, 0.2800000000000000822, 0.8000000000000001554 ) ) ;
#3161 = ORIENTED_EDGE ( 'NONE', *, *, #810, .F. ) ;
#3162 =( NAMED_UNIT ( * ) SI_UNIT ( $, .STERADIAN. ) SOLID_ANGLE_UNIT ( ) );
#3163 = EDGE_LOOP ( 'NONE', ( #2240, #1640, #781, #880 ) ) ;
#3164 = EDGE_LOOP ( 'NONE', ( #792, #700, #2127, #409, #1296, #2504, #959, #590 ) ) ;
#3165 = EDGE_CURVE ( 'NONE', #733, #3127, #1613, .T. ) ;
#3166 = SURFACE_STYLE_USAGE ( .BOTH. , #2644 ) ;
#3167 = ADVANCED_FACE ( 'NONE', ( #850 ), #1910, .T. ) ;
#3168 = ADVANCED_FACE ( 'NONE', ( #142 ), #878, .T. ) ;
#3169 = CARTESIAN_POINT ( 'NONE',  ( -0.8499999999999999778, 0.9300000000000000488, 0.8000000000000001554 ) ) ;
#3170 = EDGE_CURVE ( 'NONE', #2048, #1231, #2963, .T. ) ;
#3171 = PRESENTATION_LAYER_ASSIGNMENT (  '', '', ( #2734 ) ) ;
#3172 = SURFACE_STYLE_USAGE ( .BOTH. , #1891 ) ;
#3173 = CIRCLE ( 'NONE', #3122, 0.1500000000000000500 ) ;
#3174 = ORIENTED_EDGE ( 'NONE', *, *, #727, .F. ) ;
#3175 =( NAMED_UNIT ( * ) PLANE_ANGLE_UNIT ( ) SI_UNIT ( $, .RADIAN. ) );
#3176 = DIRECTION ( 'NONE',  ( 1.000000000000000000, 0.0000000000000000000, -1.885568995626964287E-16 ) ) ;
#3177 = DIRECTION ( 'NONE',  ( 0.0000000000000000000, 1.000000000000000000, -0.0000000000000000000 ) ) ;
#3178 = ORIENTED_EDGE ( 'NONE', *, *, #1112, .F. ) ;
#3179 = ORIENTED_EDGE ( 'NONE', *, *, #2335, .F. ) ;
#3180 = CARTESIAN_POINT ( 'NONE',  ( -0.8000000000000003775, 0.2800000000000000822, -1.100000000000000089 ) ) ;
#3181 = FACE_OUTER_BOUND ( 'NONE', #1414, .T. ) ;
#3182 = DIRECTION ( 'NONE',  ( -1.000000000000000000, 0.0000000000000000000, -0.0000000000000000000 ) ) ;
#3183 = DIRECTION ( 'NONE',  ( 0.0000000000000000000, 0.0000000000000000000, 1.000000000000000000 ) ) ;
#3184 = AXIS2_PLACEMENT_3D ( 'NONE', #1803, #2342, #1510 ) ;
#3185 = EDGE_CURVE ( 'NONE', #1877, #1746, #1662, .T. ) ;
#3186 = DIRECTION ( 'NONE',  ( -0.0000000000000000000, 1.000000000000000000, -0.0000000000000000000 ) ) ;
#3187 = SURFACE_SIDE_STYLE ('',( #391 ) ) ;
#3188 = STYLED_ITEM ( 'NONE', ( #611 ), #2939 ) ;
#3189 = CARTESIAN_POINT ( 'NONE',  ( -0.9000000000000002442, 0.9300000000000000488, -0.9000000000000000222 ) ) ;
#3190 = MECHANICAL_DESIGN_GEOMETRIC_PRESENTATION_REPRESENTATION (  '', ( #3036 ), #957 ) ;
#3191 = ORIENTED_EDGE ( 'NONE', *, *, #1269, .F. ) ;
#3192 = AXIS2_PLACEMENT_3D ( 'NONE', #2006, #1221, #1500 ) ;
#3193 = EDGE_LOOP ( 'NONE', ( #735, #2810, #3062, #2016 ) ) ;
#3194 = DIRECTION ( 'NONE',  ( 0.0000000000000000000, 1.000000000000000000, 0.0000000000000000000 ) ) ;
#3195 = CARTESIAN_POINT ( 'NONE',  ( -1.150000000000000133, 0.2300000000000000655, -1.149999999999999911 ) ) ;
#3196 = ORIENTED_EDGE ( 'NONE', *, *, #485, .T. ) ;
#3197 = SURFACE_STYLE_USAGE ( .BOTH. , #2966 ) ;
#3198 = DIRECTION ( 'NONE',  ( -0.0000000000000000000, 1.000000000000000000, -0.0000000000000000000 ) ) ;
#3199 = ADVANCED_FACE ( 'NONE', ( #412 ), #447, .T. ) ;
#3200 = UNCERTAINTY_MEASURE_WITH_UNIT (LENGTH_MEASURE( 1.000000000000000082E-05 ), #329, 'distance_accuracy_value', 'NONE');
#3201 = SURFACE_SIDE_STYLE ('',( #1626 ) ) ;
#3202 = ORIENTED_EDGE ( 'NONE', *, *, #3131, .F. ) ;
#3203 = ORIENTED_EDGE ( 'NONE', *, *, #1276, .F. ) ;
#3204 = ORIENTED_EDGE ( 'NONE', *, *, #2295, .T. ) ;
#3205 = EDGE_CURVE ( 'NONE', #3035, #161, #2997, .T. ) ;
#3206 = DIRECTION ( 'NONE',  ( 0.0000000000000000000, 1.000000000000000000, 0.0000000000000000000 ) ) ;
#3207 =( NAMED_UNIT ( * ) PLANE_ANGLE_UNIT ( ) SI_UNIT ( $, .RADIAN. ) );
#3208 = DIRECTION ( 'NONE',  ( -0.0000000000000000000, 1.000000000000000000, -0.0000000000000000000 ) ) ;
#3209 = VECTOR ( 'NONE', #1508, 1000.000000000000000 ) ;
#3210 = ORIENTED_EDGE ( 'NONE', *, *, #3315, .T. ) ;
#3211 = AXIS2_PLACEMENT_3D ( 'NONE', #1307, #1886, #1295 ) ;
#3212 = VERTEX_POINT ( 'NONE', #3265 ) ;
#3213 = EDGE_CURVE ( 'NONE', #533, #1815, #679, .T. ) ;
#3214 =( LENGTH_UNIT ( ) NAMED_UNIT ( * ) SI_UNIT ( .MILLI., .METRE. ) );
#3215 = SURFACE_SIDE_STYLE ('',( #1136 ) ) ;
#3216 = PRESENTATION_LAYER_ASSIGNMENT (  '', '', ( #3124 ) ) ;
#3217 =( GEOMETRIC_REPRESENTATION_CONTEXT ( 3 ) GLOBAL_UNCERTAINTY_ASSIGNED_CONTEXT ( ( #601 ) ) GLOBAL_UNIT_ASSIGNED_CONTEXT ( ( #1126, #1683, #871 ) ) REPRESENTATION_CONTEXT ( 'NONE', 'WORKASPACE' ) );
#3218 = EDGE_CURVE ( 'NONE', #980, #830, #2802, .T. ) ;
#3219 = FILL_AREA_STYLE ('',( #1968 ) ) ;
#3220 = FACE_OUTER_BOUND ( 'NONE', #395, .T. ) ;
#3221 = EDGE_CURVE ( 'NONE', #1746, #127, #1124, .T. ) ;
#3222 = LINE ( 'NONE', #1672, #2582 ) ;
#3223 = VECTOR ( 'NONE', #771, 1000.000000000000000 ) ;
#3224 = DIRECTION ( 'NONE',  ( -0.0000000000000000000, -1.000000000000000000, 0.0000000000000000000 ) ) ;
#3225 = LINE ( 'NONE', #909, #1621 ) ;
#3226 = PRESENTATION_LAYER_ASSIGNMENT (  '', '', ( #1422 ) ) ;
#3227 = CIRCLE ( 'NONE', #2648, 0.2500000000000000000 ) ;
#3228 = DIRECTION ( 'NONE',  ( 0.0000000000000000000, 1.000000000000000000, 0.0000000000000000000 ) ) ;
#3229 = DIRECTION ( 'NONE',  ( -1.000000000000000000, 0.0000000000000000000, -0.0000000000000000000 ) ) ;
#3230 = VERTEX_POINT ( 'NONE', #2486 ) ;
#3231 = VECTOR ( 'NONE', #453, 1000.000000000000000 ) ;
#3232 = VECTOR ( 'NONE', #31, 1000.000000000000000 ) ;
#3233 = PRESENTATION_LAYER_ASSIGNMENT (  '', '', ( #162 ) ) ;
#3234 = CARTESIAN_POINT ( 'NONE',  ( -1.149999999999992140, -0.0001000000000000000048, -1.149999999999988587 ) ) ;
#3235 = EDGE_LOOP ( 'NONE', ( #1694, #2465, #1747, #1317 ) ) ;
#3236 = STYLED_ITEM ( 'NONE', ( #3135 ), #2924 ) ;
#3237 = EDGE_CURVE ( 'NONE', #564, #2534, #2019, .T. ) ;
#3238 = COLOUR_RGB ( '',1.000000000000000000, 1.000000000000000000, 1.000000000000000000 ) ;
#3239 = AXIS2_PLACEMENT_3D ( 'NONE', #344, #664, #863 ) ;
#3240 = LINE ( 'NONE', #2408, #1017 ) ;
#3241 = PLANE ( 'NONE',  #3273 ) ;
#3242 = SURFACE_STYLE_FILL_AREA ( #1684 ) ;
#3243 = ADVANCED_FACE ( 'NONE', ( #1493 ), #1197, .T. ) ;
#3244 = CARTESIAN_POINT ( 'NONE',  ( 0.8000000000000077049, -0.0001000000000000000048, -1.149999999999988587 ) ) ;
#3245 = AXIS2_PLACEMENT_3D ( 'NONE', #1457, #2527, #3298 ) ;
#3246 = APPLICATION_CONTEXT ( 'automotive_design' ) ;
#3247 = CARTESIAN_POINT ( 'NONE',  ( 0.8000000000000003775, 0.6800000000000000488, 0.8499999999999998668 ) ) ;
#3248 = LINE ( 'NONE', #3027, #2553 ) ;
#3249 = DIRECTION ( 'NONE',  ( -0.0000000000000000000, -0.0000000000000000000, 1.000000000000000000 ) ) ;
#3250 = ORIENTED_EDGE ( 'NONE', *, *, #722, .F. ) ;
#3251 = PRESENTATION_STYLE_ASSIGNMENT (( #1999 ) ) ;
#3252 =( NAMED_UNIT ( * ) PLANE_ANGLE_UNIT ( ) SI_UNIT ( $, .RADIAN. ) );
#3253 = CARTESIAN_POINT ( 'NONE',  ( -0.1499999999999919453, 0.0000000000000000000, 0.8000000000000113687 ) ) ;
#3254 =( LENGTH_UNIT ( ) NAMED_UNIT ( * ) SI_UNIT ( .MILLI., .METRE. ) );
#3255 = CARTESIAN_POINT ( 'NONE',  ( 1.149999999999999689, 0.2300000000000000655, -1.150000000000000355 ) ) ;
#3256 =( NAMED_UNIT ( * ) SI_UNIT ( $, .STERADIAN. ) SOLID_ANGLE_UNIT ( ) );
#3257 = ORIENTED_EDGE ( 'NONE', *, *, #3213, .F. ) ;
#3258 = DIRECTION ( 'NONE',  ( 0.0000000000000000000, 1.000000000000000000, -0.0000000000000000000 ) ) ;
#3259 = CARTESIAN_POINT ( 'NONE',  ( -0.9749999999999919842, -0.0001000000000000000048, -0.4999999999999906741 ) ) ;
#3260 = CARTESIAN_POINT ( 'NONE',  ( -0.8000000000000003775, 0.2300000000000000655, -0.8000000000000001554 ) ) ;
#3261 = DIRECTION ( 'NONE',  ( -1.971276677246372012E-16, 0.0000000000000000000, -1.000000000000000000 ) ) ;
#3262 = UNCERTAINTY_MEASURE_WITH_UNIT (LENGTH_MEASURE( 1.000000000000000082E-05 ), #2420, 'distance_accuracy_value', 'NONE');
#3263 = ORIENTED_EDGE ( 'NONE', *, *, #1248, .T. ) ;
#3264 = ORIENTED_EDGE ( 'NONE', *, *, #1975, .T. ) ;
#3265 = CARTESIAN_POINT ( 'NONE',  ( 0.8000000000000077049, -0.0001000000000000000048, -0.7999999999999883871 ) ) ;
#3266 = CARTESIAN_POINT ( 'NONE',  ( 0.8000000000000077049, 0.0000000000000000000, -0.7999999999999883871 ) ) ;
#3267 = CARTESIAN_POINT ( 'NONE',  ( 0.9000000000000000222, 0.9300000000000000488, 1.149999999999999467 ) ) ;
#3268 = ORIENTED_EDGE ( 'NONE', *, *, #2793, .F. ) ;
#3269 = STYLED_ITEM ( 'NONE', ( #2351 ), #451 ) ;
#3270 = CARTESIAN_POINT ( 'NONE',  ( 0.6250000000000082157, 0.4300000000000000488, -0.1619999999999907903 ) ) ;
#3271 = LINE ( 'NONE', #2004, #1074 ) ;
#3272 = DIRECTION ( 'NONE',  ( 0.0000000000000000000, 0.0000000000000000000, 1.000000000000000000 ) ) ;
#3273 = AXIS2_PLACEMENT_3D ( 'NONE', #1169, #113, #2670 ) ;
#3274 = ORIENTED_EDGE ( 'NONE', *, *, #1490, .T. ) ;
#3275 = STYLED_ITEM ( 'NONE', ( #1825 ), #998 ) ;
#3276 =( LENGTH_UNIT ( ) NAMED_UNIT ( * ) SI_UNIT ( .MILLI., .METRE. ) );
#3277 =( NAMED_UNIT ( * ) PLANE_ANGLE_UNIT ( ) SI_UNIT ( $, .RADIAN. ) );
#3278 = DIRECTION ( 'NONE',  ( 1.000000000000000000, -0.0000000000000000000, -0.0000000000000000000 ) ) ;
#3279 = VECTOR ( 'NONE', #685, 1000.000000000000000 ) ;
#3280 = LINE ( 'NONE', #1974, #438 ) ;
#3281 = ADVANCED_FACE ( 'NONE', ( #2605 ), #2072, .F. ) ;
#3282 = AXIS2_PLACEMENT_3D ( 'NONE', #3033, #2231, #1732 ) ;
#3283 = EDGE_LOOP ( 'NONE', ( #946, #1563 ) ) ;
#3284 =( GEOMETRIC_REPRESENTATION_CONTEXT ( 3 ) GLOBAL_UNCERTAINTY_ASSIGNED_CONTEXT ( ( #2426 ) ) GLOBAL_UNIT_ASSIGNED_CONTEXT ( ( #2651, #2738, #3073 ) ) REPRESENTATION_CONTEXT ( 'NONE', 'WORKASPACE' ) );
#3285 = VERTEX_POINT ( 'NONE', #2326 ) ;
#3286 = DIRECTION ( 'NONE',  ( -1.000000000000000000, 0.0000000000000000000, 0.0000000000000000000 ) ) ;
#3287 = DIRECTION ( 'NONE',  ( 0.0000000000000000000, 0.0000000000000000000, 1.000000000000000000 ) ) ;
#3288 = SURFACE_STYLE_FILL_AREA ( #2572 ) ;
#3289 = TOROIDAL_SURFACE ( 'NONE', #2113, 0.3499999999999999778, 0.05000000000000000278 ) ;
#3290 = ORIENTED_EDGE ( 'NONE', *, *, #2818, .T. ) ;
#3291 = COLOUR_RGB ( '',0.0000000000000000000, 0.2117647058823529382, 0.4549019607843137192 ) ;
#3292 = EDGE_CURVE ( 'NONE', #2469, #2778, #692, .T. ) ;
#3293 = CARTESIAN_POINT ( 'NONE',  ( 0.5000000000000079936, -0.0001000000000000000048, 0.8000000000000113687 ) ) ;
#3294 = CARTESIAN_POINT ( 'NONE',  ( 1.149999999999999689, 0.9300000000000000488, -1.150000000000000355 ) ) ;
#3295 = DIRECTION ( 'NONE',  ( 1.000000000000000000, -0.0000000000000000000, -0.0000000000000000000 ) ) ;
#3296 = ORIENTED_EDGE ( 'NONE', *, *, #1479, .T. ) ;
#3297 = AXIS2_PLACEMENT_3D ( 'NONE', #1971, #388, #150 ) ;
#3298 = DIRECTION ( 'NONE',  ( 0.0000000000000000000, 0.0000000000000000000, 1.000000000000000000 ) ) ;
#3299 = LINE ( 'NONE', #2300, #2315 ) ;
#3300 = AXIS2_PLACEMENT_3D ( 'NONE', #2821, #1012, #2095 ) ;
#3301 =( NAMED_UNIT ( * ) PLANE_ANGLE_UNIT ( ) SI_UNIT ( $, .RADIAN. ) );
#3302 =( GEOMETRIC_REPRESENTATION_CONTEXT ( 3 ) GLOBAL_UNCERTAINTY_ASSIGNED_CONTEXT ( ( #1992 ) ) GLOBAL_UNIT_ASSIGNED_CONTEXT ( ( #1205, #1244, #475 ) ) REPRESENTATION_CONTEXT ( 'NONE', 'WORKASPACE' ) );
#3303 = UNCERTAINTY_MEASURE_WITH_UNIT (LENGTH_MEASURE( 1.000000000000000082E-05 ), #2034, 'distance_accuracy_value', 'NONE');
#3304 = DIRECTION ( 'NONE',  ( -0.0000000000000000000, 1.000000000000000000, -0.0000000000000000000 ) ) ;
#3305 = ORIENTED_EDGE ( 'NONE', *, *, #2116, .F. ) ;
#3306 = ADVANCED_FACE ( 'NONE', ( #1544 ), #247, .F. ) ;
#3307 = LINE ( 'NONE', #2238, #1025 ) ;
#3308 = EDGE_LOOP ( 'NONE', ( #1768, #1335, #3158, #995 ) ) ;
#3309 = ORIENTED_EDGE ( 'NONE', *, *, #2862, .T. ) ;
#3310 = FACE_OUTER_BOUND ( 'NONE', #3163, .T. ) ;
#3311 = LINE ( 'NONE', #2036, #859 ) ;
#3312 = ORIENTED_EDGE ( 'NONE', *, *, #1885, .T. ) ;
#3313 = FACE_BOUND ( 'NONE', #2771, .T. ) ;
#3314 = PLANE ( 'NONE',  #2257 ) ;
#3315 = EDGE_CURVE ( 'NONE', #1604, #2569, #1299, .T. ) ;
#3316 = ORIENTED_EDGE ( 'NONE', *, *, #2045, .T. ) ;
#3317 =( NAMED_UNIT ( * ) PLANE_ANGLE_UNIT ( ) SI_UNIT ( $, .RADIAN. ) );
#3318 = ADVANCED_FACE ( 'NONE', ( #3147 ), #1714, .T. ) ;
#3319 = CARTESIAN_POINT ( 'NONE',  ( -0.7999999999999999334, 0.6800000000000000488, 0.8500000000000000888 ) ) ;
#3320 = ORIENTED_EDGE ( 'NONE', *, *, #1559, .T. ) ;
#3321 = ORIENTED_EDGE ( 'NONE', *, *, #1257, .F. ) ;
#3322 = CARTESIAN_POINT ( 'NONE',  ( 1.099999999999999867, 0.2300000000000000655, -1.100000000000000311 ) ) ;
#3323 = FACE_BOUND ( 'NONE', #3283, .T. ) ;
#3324 = LINE ( 'NONE', #3255, #581 ) ;
#3325 = ORIENTED_EDGE ( 'NONE', *, *, #1388, .F. ) ;
#3326 = CIRCLE ( 'NONE', #2472, 0.2500000000000000000 ) ;
#3327 = DIRECTION ( 'NONE',  ( -0.0000000000000000000, 1.000000000000000000, -0.0000000000000000000 ) ) ;
#3328 =( NAMED_UNIT ( * ) PLANE_ANGLE_UNIT ( ) SI_UNIT ( $, .RADIAN. ) );
#3329 = CARTESIAN_POINT ( 'NONE',  ( 0.6250000000000082157, 0.9300000000000000488, -0.01199999999999075070 ) ) ;
#3330 = UNCERTAINTY_MEASURE_WITH_UNIT (LENGTH_MEASURE( 1.000000000000000082E-05 ), #1386, 'distance_accuracy_value', 'NONE');
#3331 = CARTESIAN_POINT ( 'NONE',  ( -1.100000000000000311, 0.2300000000000000655, -1.100000000000000089 ) ) ;
#3332 = VECTOR ( 'NONE', #2246, 1000.000000000000000 ) ;
#3333 = LINE ( 'NONE', #6, #112 ) ;
#3334 = ORIENTED_EDGE ( 'NONE', *, *, #2989, .F. ) ;
#3335 = PRESENTATION_LAYER_ASSIGNMENT (  '', '', ( #748 ) ) ;
#3336 = DIRECTION ( 'NONE',  ( -1.000000000000000000, 0.0000000000000000000, 4.336808689942017736E-16 ) ) ;
#3337 = ORIENTED_EDGE ( 'NONE', *, *, #2470, .T. ) ;
#3338 = DIRECTION ( 'NONE',  ( 1.000000000000000000, 0.0000000000000000000, -0.0000000000000000000 ) ) ;
#3339 = CARTESIAN_POINT ( 'NONE',  ( 1.150000000000007683, -0.0001000000000000000048, -0.7999999999999883871 ) ) ;
#3340 = ORIENTED_EDGE ( 'NONE', *, *, #7, .T. ) ;
#3341 = CARTESIAN_POINT ( 'NONE',  ( -0.7999999999999919398, 0.0000000000000000000, 1.150000000000011458 ) ) ;
#3342 = DIRECTION ( 'NONE',  ( -0.0000000000000000000, 1.000000000000000000, -0.0000000000000000000 ) ) ;
#3343 = DIRECTION ( 'NONE',  ( -1.000000000000000000, 0.0000000000000000000, 0.0000000000000000000 ) ) ;
#3344 = ADVANCED_FACE ( 'NONE', ( #2308 ), #520, .F. ) ;
#3345 =( GEOMETRIC_REPRESENTATION_CONTEXT ( 3 ) GLOBAL_UNCERTAINTY_ASSIGNED_CONTEXT ( ( #1294 ) ) GLOBAL_UNIT_ASSIGNED_CONTEXT ( ( #1314, #1861, #539 ) ) REPRESENTATION_CONTEXT ( 'NONE', 'WORKASPACE' ) );
ENDSEC;
END-ISO-10303-21;
