ISO-10303-21;
HEADER;
FILE_DESCRIPTION (( 'STEP AP214' ),
    '1' );
FILE_NAME ('52B93EC8-8935-4BE6-B4B8-DB77C68B42AA.STEP',
    '2025-10-31T19:00:12',
    ( '' ),
    ( '' ),
    'SwSTEP 2.0',
    'SolidWorks 2022',
    '' );
FILE_SCHEMA (( 'AUTOMOTIVE_DESIGN' ));
ENDSEC;

DATA;
#1 = DIRECTION ( 'NONE',  ( 0.0000000000000000000, 0.0000000000000000000, 1.000000000000000000 ) ) ;
#2 = AXIS2_PLACEMENT_3D ( 'NONE', #2264, #764, #132 ) ;
#3 = LINE ( 'NONE', #2838, #2747 ) ;
#4 = CIRCLE ( 'NONE', #3976, 0.5000000000000000000 ) ;
#5 = ORIENTED_EDGE ( 'NONE', *, *, #899, .F. ) ;
#6 = EDGE_LOOP ( 'NONE', ( #247, #3549, #1095, #1702, #2083, #1864, #1851, #21 ) ) ;
#7 = CARTESIAN_POINT ( 'NONE',  ( 2.299999999999999822, 4.599999999999999645, -2.100000000000000089 ) ) ;
#8 = VECTOR ( 'NONE', #3495, 1000.000000000000114 ) ;
#9 = VECTOR ( 'NONE', #902, 1000.000000000000000 ) ;
#10 = CARTESIAN_POINT ( 'NONE',  ( -2.399999999999999911, 4.599999999999999645, 0.0000000000000000000 ) ) ;
#11 = VECTOR ( 'NONE', #3303, 1000.000000000000000 ) ;
#12 = CARTESIAN_POINT ( 'NONE',  ( 4.000000000000000000, 0.0000000000000000000, -3.000000000000000000 ) ) ;
#13 = CARTESIAN_POINT ( 'NONE',  ( 1.800000000000000044, 5.100000000000000533, -6.100000000000000533 ) ) ;
#14 = AXIS2_PLACEMENT_3D ( 'NONE', #642, #1575, #1357 ) ;
#15 = CARTESIAN_POINT ( 'NONE',  ( -4.000000000000000000, 0.0000000000000000000, -3.000000000000000000 ) ) ;
#16 = ORIENTED_EDGE ( 'NONE', *, *, #3859, .T. ) ;
#17 = ORIENTED_EDGE ( 'NONE', *, *, #1025, .F. ) ;
#18 = DIRECTION ( 'NONE',  ( 0.0000000000000000000, 0.0000000000000000000, 1.000000000000000000 ) ) ;
#19 = DIRECTION ( 'NONE',  ( 1.000000000000000000, 0.0000000000000000000, 0.0000000000000000000 ) ) ;
#20 = EDGE_CURVE ( 'NONE', #1176, #641, #2943, .T. ) ;
#21 = ORIENTED_EDGE ( 'NONE', *, *, #2789, .F. ) ;
#22 = EDGE_LOOP ( 'NONE', ( #3077, #609, #3374, #2494, #763, #463 ) ) ;
#23 = CARTESIAN_POINT ( 'NONE',  ( 2.299999999999999822, 5.599999999999999645, -6.100000000000000533 ) ) ;
#24 = ADVANCED_FACE ( 'NONE', ( #94 ), #1692, .T. ) ;
#25 = ADVANCED_FACE ( 'NONE', ( #3814 ), #3264, .T. ) ;
#26 = CARTESIAN_POINT ( 'NONE',  ( 0.0000000000000000000, 0.0000000000000000000, -5.000000000000000000 ) ) ;
#27 = CARTESIAN_POINT ( 'NONE',  ( 0.0000000000000000000, 0.0000000000000000000, 0.0000000000000000000 ) ) ;
#28 = ORIENTED_EDGE ( 'NONE', *, *, #3017, .T. ) ;
#29 = VERTEX_POINT ( 'NONE', #1968 ) ;
#30 = CARTESIAN_POINT ( 'NONE',  ( -1.250000000000000000, 0.0000000000000000000, -7.208795825703999682 ) ) ;
#31 = PLANE ( 'NONE',  #662 ) ;
#32 = DIRECTION ( 'NONE',  ( 0.0000000000000000000, 1.000000000000000000, 0.0000000000000000000 ) ) ;
#33 = CARTESIAN_POINT ( 'NONE',  ( 1.800000000000000044, 0.2000000000000000111, -6.100000000000000533 ) ) ;
#34 = CARTESIAN_POINT ( 'NONE',  ( -3.100000000000000089, 4.799999999999999822, -0.8000000000000000444 ) ) ;
#35 = ORIENTED_EDGE ( 'NONE', *, *, #2418, .T. ) ;
#36 = ORIENTED_EDGE ( 'NONE', *, *, #2030, .F. ) ;
#37 = ORIENTED_EDGE ( 'NONE', *, *, #3504, .F. ) ;
#38 = VERTEX_POINT ( 'NONE', #3831 ) ;
#39 = DIRECTION ( 'NONE',  ( -0.0000000000000000000, 1.000000000000000000, 0.0000000000000000000 ) ) ;
#40 = FILL_AREA_STYLE ('',( #637 ) ) ;
#41 = CARTESIAN_POINT ( 'NONE',  ( -1.250000000000000000, 3.000000000000000000, -6.100000000000000533 ) ) ;
#42 = DIRECTION ( 'NONE',  ( 0.0000000000000000000, -1.000000000000000000, 0.0000000000000000000 ) ) ;
#43 = EDGE_LOOP ( 'NONE', ( #2014, #1895, #942, #3412, #1026, #2646 ) ) ;
#44 = ADVANCED_FACE ( 'NONE', ( #3547 ), #2617, .T. ) ;
#45 = EDGE_CURVE ( 'NONE', #144, #1519, #852, .T. ) ;
#46 = UNCERTAINTY_MEASURE_WITH_UNIT (LENGTH_MEASURE( 1.000000000000000082E-05 ), #62, 'distance_accuracy_value', 'NONE');
#47 = CARTESIAN_POINT ( 'NONE',  ( -4.000000000000000000, 4.799999999999999822, -2.600000000000000089 ) ) ;
#48 = CARTESIAN_POINT ( 'NONE',  ( -0.7500000000000000000, 3.000000000000000000, -6.179846321567000089 ) ) ;
#49 = ORIENTED_EDGE ( 'NONE', *, *, #2442, .F. ) ;
#50 = EDGE_CURVE ( 'NONE', #3982, #925, #2632, .T. ) ;
#51 = ADVANCED_FACE ( 'NONE', ( #487 ), #2960, .T. ) ;
#52 = FACE_OUTER_BOUND ( 'NONE', #3332, .T. ) ;
#53 = LINE ( 'NONE', #33, #3392 ) ;
#54 = CARTESIAN_POINT ( 'NONE',  ( 3.799999999999999822, 3.449571404000999930, -5.599999999999999645 ) ) ;
#55 = ORIENTED_EDGE ( 'NONE', *, *, #579, .T. ) ;
#56 = EDGE_LOOP ( 'NONE', ( #863, #157, #2195, #3934 ) ) ;
#57 = CARTESIAN_POINT ( 'NONE',  ( 4.000000000000000000, 2.700000000000000178, -1.000000000000000000 ) ) ;
#58 = CARTESIAN_POINT ( 'NONE',  ( -3.100000000000000089, 2.700000000000000178, -1.000000000000000000 ) ) ;
#59 = ORIENTED_EDGE ( 'NONE', *, *, #372, .T. ) ;
#60 = ORIENTED_EDGE ( 'NONE', *, *, #2162, .T. ) ;
#61 = CARTESIAN_POINT ( 'NONE',  ( 1.300000000000000044, 4.400000000000000355, -5.000000000000000000 ) ) ;
#62 =( LENGTH_UNIT ( ) NAMED_UNIT ( * ) SI_UNIT ( .MILLI., .METRE. ) );
#63 = VECTOR ( 'NONE', #2897, 1000.000000000000000 ) ;
#64 = EDGE_CURVE ( 'NONE', #3466, #3435, #1113, .T. ) ;
#65 = CARTESIAN_POINT ( 'NONE',  ( -2.399999999999999911, 0.5000000000000000000, -5.000000000000000000 ) ) ;
#66 = LINE ( 'NONE', #1297, #3646 ) ;
#67 = VERTEX_POINT ( 'NONE', #1416 ) ;
#68 = VECTOR ( 'NONE', #818, 1000.000000000000000 ) ;
#69 = CARTESIAN_POINT ( 'NONE',  ( 4.000000000000000000, 3.500000000000000000, -6.100000000000000533 ) ) ;
#70 = ADVANCED_FACE ( 'NONE', ( #1951 ), #3591, .T. ) ;
#71 = AXIS2_PLACEMENT_3D ( 'NONE', #2844, #383, #1613 ) ;
#72 = AXIS2_PLACEMENT_3D ( 'NONE', #287, #3409, #2783 ) ;
#73 = CARTESIAN_POINT ( 'NONE',  ( 1.300000000000000044, 4.599999999999999645, 0.0000000000000000000 ) ) ;
#74 = DIRECTION ( 'NONE',  ( 0.0000000000000000000, 0.0000000000000000000, -1.000000000000000000 ) ) ;
#75 = VECTOR ( 'NONE', #3600, 1000.000000000000000 ) ;
#76 = AXIS2_PLACEMENT_3D ( 'NONE', #521, #1812, #1752 ) ;
#77 = DIRECTION ( 'NONE',  ( -1.000000000000000000, 0.0000000000000000000, 0.0000000000000000000 ) ) ;
#78 = EDGE_CURVE ( 'NONE', #3373, #105, #154, .T. ) ;
#79 = EDGE_CURVE ( 'NONE', #3996, #2982, #421, .T. ) ;
#80 = VECTOR ( 'NONE', #3184, 1000.000000000000000 ) ;
#81 = DIRECTION ( 'NONE',  ( 0.0000000000000000000, -1.000000000000000000, 0.0000000000000000000 ) ) ;
#82 = ORIENTED_EDGE ( 'NONE', *, *, #671, .T. ) ;
#83 = VERTEX_POINT ( 'NONE', #129 ) ;
#84 = LINE ( 'NONE', #1877, #1114 ) ;
#85 = DIRECTION ( 'NONE',  ( 0.0000000000000000000, 1.000000000000000000, 0.0000000000000000000 ) ) ;
#86 = VECTOR ( 'NONE', #2132, 1000.000000000000000 ) ;
#87 = EDGE_LOOP ( 'NONE', ( #1436, #16, #2569, #1867 ) ) ;
#88 = ORIENTED_EDGE ( 'NONE', *, *, #2025, .T. ) ;
#89 = LINE ( 'NONE', #3482, #1440 ) ;
#90 = CARTESIAN_POINT ( 'NONE',  ( 2.299999999999999822, 4.599999999999999645, -5.000000000000000000 ) ) ;
#91 = DIRECTION ( 'NONE',  ( 0.0000000000000000000, 0.0000000000000000000, -1.000000000000000000 ) ) ;
#92 = ORIENTED_EDGE ( 'NONE', *, *, #3681, .F. ) ;
#93 = LINE ( 'NONE', #953, #3918 ) ;
#94 = FACE_OUTER_BOUND ( 'NONE', #87, .T. ) ;
#95 = CARTESIAN_POINT ( 'NONE',  ( 1.250000000000000000, 3.500000000000000000, -0.8499999999999999778 ) ) ;
#96 = DIRECTION ( 'NONE',  ( 0.0000000000000000000, 1.000000000000000000, 0.0000000000000000000 ) ) ;
#97 = CARTESIAN_POINT ( 'NONE',  ( -0.5000000000000000000, 5.100000000000000533, -5.000000000000000000 ) ) ;
#98 = CARTESIAN_POINT ( 'NONE',  ( 1.800000000000000044, 0.0000000000000000000, -6.100000000000000533 ) ) ;
#99 = ORIENTED_EDGE ( 'NONE', *, *, #3353, .T. ) ;
#100 = EDGE_CURVE ( 'NONE', #572, #374, #2884, .T. ) ;
#101 = CARTESIAN_POINT ( 'NONE',  ( -3.250000000000000000, 0.0000000000000000000, -7.599999999999999645 ) ) ;
#102 = EDGE_CURVE ( 'NONE', #3710, #1863, #1092, .T. ) ;
#103 = DIRECTION ( 'NONE',  ( 0.0000000000000000000, 0.0000000000000000000, -1.000000000000000000 ) ) ;
#104 = ORIENTED_EDGE ( 'NONE', *, *, #119, .T. ) ;
#105 = VERTEX_POINT ( 'NONE', #2432 ) ;
#106 = CARTESIAN_POINT ( 'NONE',  ( 1.175000000000000044, 3.250000000000000000, -0.7750000000000000222 ) ) ;
#107 = CARTESIAN_POINT ( 'NONE',  ( 1.250000000000000000, 3.500000000000000000, -6.100000000000000533 ) ) ;
#108 = FACE_OUTER_BOUND ( 'NONE', #326, .T. ) ;
#109 = ORIENTED_EDGE ( 'NONE', *, *, #3623, .T. ) ;
#110 = PLANE ( 'NONE',  #1637 ) ;
#111 = DIRECTION ( 'NONE',  ( 0.0000000000000000000, -0.7071067811864976127, -0.7071067811865975328 ) ) ;
#112 = CARTESIAN_POINT ( 'NONE',  ( 2.399999999999999911, 4.599999999999999645, 0.0000000000000000000 ) ) ;
#113 = CARTESIAN_POINT ( 'NONE',  ( -4.000000000000000000, 5.599999999999999645, -0.8000000000000000444 ) ) ;
#114 = EDGE_CURVE ( 'NONE', #1754, #29, #256, .T. ) ;
#115 = CARTESIAN_POINT ( 'NONE',  ( -14.42880000000000074, 3.000000000000000000, -6.179846321567000089 ) ) ;
#116 = ORIENTED_EDGE ( 'NONE', *, *, #1098, .F. ) ;
#117 = CARTESIAN_POINT ( 'NONE',  ( -1.250000000000000000, 3.500000000000000000, -6.100000000000000533 ) ) ;
#118 = CARTESIAN_POINT ( 'NONE',  ( 3.100000000000000089, 3.500000000000000000, 0.0000000000000000000 ) ) ;
#119 = EDGE_CURVE ( 'NONE', #2107, #3871, #1433, .T. ) ;
#120 = ORIENTED_EDGE ( 'NONE', *, *, #2628, .T. ) ;
#121 = ORIENTED_EDGE ( 'NONE', *, *, #604, .T. ) ;
#122 = LINE ( 'NONE', #1648, #858 ) ;
#123 = ADVANCED_FACE ( 'NONE', ( #1793 ), #845, .F. ) ;
#124 = EDGE_CURVE ( 'NONE', #3278, #3168, #565, .T. ) ;
#125 = PLANE ( 'NONE',  #3381 ) ;
#126 = DIRECTION ( 'NONE',  ( 0.0000000000000000000, 1.000000000000000000, 0.0000000000000000000 ) ) ;
#127 = ORIENTED_EDGE ( 'NONE', *, *, #306, .T. ) ;
#128 = CARTESIAN_POINT ( 'NONE',  ( -1.300000000000000044, 4.599999999999999645, 0.0000000000000000000 ) ) ;
#129 = CARTESIAN_POINT ( 'NONE',  ( -1.250000000000000000, 0.6029116798757000462, -6.515561479977000303 ) ) ;
#130 = CARTESIAN_POINT ( 'NONE',  ( -2.299999999999999822, 4.599999999999999645, -5.000000000000000000 ) ) ;
#131 = AXIS2_PLACEMENT_3D ( 'NONE', #26, #1, #315 ) ;
#132 = DIRECTION ( 'NONE',  ( 1.000000000000000000, 0.0000000000000000000, 0.0000000000000000000 ) ) ;
#133 = PLANE ( 'NONE',  #3452 ) ;
#134 = AXIS2_PLACEMENT_3D ( 'NONE', #2200, #3470, #1554 ) ;
#135 = AXIS2_PLACEMENT_3D ( 'NONE', #500, #3372, #2444 ) ;
#136 = DIRECTION ( 'NONE',  ( 0.0000000000000000000, 0.0000000000000000000, -1.000000000000000000 ) ) ;
#137 = VECTOR ( 'NONE', #2425, 1000.000000000000000 ) ;
#138 = VECTOR ( 'NONE', #685, 1000.000000000000000 ) ;
#139 = ORIENTED_EDGE ( 'NONE', *, *, #327, .T. ) ;
#140 = LINE ( 'NONE', #1425, #3246 ) ;
#141 = CARTESIAN_POINT ( 'NONE',  ( -1.300000000000000044, 4.599999999999999645, 0.0000000000000000000 ) ) ;
#142 = VECTOR ( 'NONE', #465, 1000.000000000000000 ) ;
#143 = AXIS2_PLACEMENT_3D ( 'NONE', #149, #168, #3501 ) ;
#144 = VERTEX_POINT ( 'NONE', #1217 ) ;
#145 = EDGE_LOOP ( 'NONE', ( #874, #1027, #1269, #363 ) ) ;
#146 = VECTOR ( 'NONE', #397, 1000.000000000000000 ) ;
#147 = CARTESIAN_POINT ( 'NONE',  ( -0.7500000000000000000, 3.000000000000000000, -0.8499999999999999778 ) ) ;
#148 = LINE ( 'NONE', #2589, #63 ) ;
#149 = CARTESIAN_POINT ( 'NONE',  ( 1.250000000000000000, 0.6774046824885000539, -7.211960327625999589 ) ) ;
#150 = ORIENTED_EDGE ( 'NONE', *, *, #50, .T. ) ;
#151 = EDGE_CURVE ( 'NONE', #2352, #3938, #3667, .T. ) ;
#152 = EDGE_CURVE ( 'NONE', #357, #2730, #278, .T. ) ;
#153 = PLANE ( 'NONE',  #802 ) ;
#154 = LINE ( 'NONE', #1398, #3764 ) ;
#155 = DIRECTION ( 'NONE',  ( 0.0000000000000000000, 0.0000000000000000000, 1.000000000000000000 ) ) ;
#156 = EDGE_LOOP ( 'NONE', ( #636, #3856, #2540, #2715, #945, #3297 ) ) ;
#157 = ORIENTED_EDGE ( 'NONE', *, *, #1178, .T. ) ;
#158 = PLANE ( 'NONE',  #720 ) ;
#159 = CARTESIAN_POINT ( 'NONE',  ( -1.250000000000000000, 3.515142986605999997, -6.612579688943000633 ) ) ;
#160 = LINE ( 'NONE', #3288, #267 ) ;
#161 = ORIENTED_EDGE ( 'NONE', *, *, #2742, .T. ) ;
#162 = CARTESIAN_POINT ( 'NONE',  ( 3.100000000000000089, 2.700000000000000178, -1.000000000000000000 ) ) ;
#163 = ORIENTED_EDGE ( 'NONE', *, *, #3230, .T. ) ;
#164 = EDGE_LOOP ( 'NONE', ( #706, #4009, #3782, #890 ) ) ;
#165 = FACE_OUTER_BOUND ( 'NONE', #1220, .T. ) ;
#166 = CARTESIAN_POINT ( 'NONE',  ( 2.399999999999999911, 4.599999999999999645, 0.0000000000000000000 ) ) ;
#167 = EDGE_CURVE ( 'NONE', #2412, #1094, #1731, .T. ) ;
#168 = DIRECTION ( 'NONE',  ( -1.000000000000000000, 0.0000000000000000000, 0.0000000000000000000 ) ) ;
#169 = VERTEX_POINT ( 'NONE', #3384 ) ;
#170 = CARTESIAN_POINT ( 'NONE',  ( 0.7500000000000000000, 0.6029116798757000462, -6.515561479977000303 ) ) ;
#171 = DIRECTION ( 'NONE',  ( -0.7071067811865475727, 0.0000000000000000000, 0.7071067811865475727 ) ) ;
#172 = EDGE_CURVE ( 'NONE', #3289, #3244, #2679, .T. ) ;
#173 = LINE ( 'NONE', #1139, #469 ) ;
#174 = VERTEX_POINT ( 'NONE', #906 ) ;
#175 = ORIENTED_EDGE ( 'NONE', *, *, #1839, .F. ) ;
#176 = PLANE ( 'NONE',  #2998 ) ;
#177 = CARTESIAN_POINT ( 'NONE',  ( -3.100000000000000089, 2.700000000000000178, -5.599999999999999645 ) ) ;
#178 = EDGE_CURVE ( 'NONE', #1041, #1721, #2760, .T. ) ;
#179 = ORIENTED_EDGE ( 'NONE', *, *, #555, .F. ) ;
#180 = FACE_OUTER_BOUND ( 'NONE', #3311, .T. ) ;
#181 = DIRECTION ( 'NONE',  ( 0.0000000000000000000, 1.000000000000000000, 0.0000000000000000000 ) ) ;
#182 = ORIENTED_EDGE ( 'NONE', *, *, #306, .F. ) ;
#183 = CARTESIAN_POINT ( 'NONE',  ( 0.7500000000000000000, 3.500000000000000000, -0.8499999999999999778 ) ) ;
#184 = DIRECTION ( 'NONE',  ( 0.5773502691896257311, 0.5773502691896257311, -0.5773502691896257311 ) ) ;
#185 = LINE ( 'NONE', #3683, #3979 ) ;
#186 = ORIENTED_EDGE ( 'NONE', *, *, #1221, .F. ) ;
#187 = CARTESIAN_POINT ( 'NONE',  ( -1.250000000000000000, 0.4774046824884999873, -8.599999999999999645 ) ) ;
#188 = EDGE_CURVE ( 'NONE', #1785, #3541, #3686, .T. ) ;
#189 = DIRECTION ( 'NONE',  ( -1.000000000000000000, 0.0000000000000000000, 0.0000000000000000000 ) ) ;
#190 = LINE ( 'NONE', #461, #467 ) ;
#191 = ORIENTED_EDGE ( 'NONE', *, *, #2338, .F. ) ;
#192 = ORIENTED_EDGE ( 'NONE', *, *, #2408, .T. ) ;
#193 = LINE ( 'NONE', #1756, #1873 ) ;
#194 = LINE ( 'NONE', #2620, #1257 ) ;
#195 = EDGE_CURVE ( 'NONE', #2412, #2400, #2115, .T. ) ;
#196 = AXIS2_PLACEMENT_3D ( 'NONE', #1108, #776, #3500 ) ;
#197 = CYLINDRICAL_SURFACE ( 'NONE', #1881, 0.5000000000000000000 ) ;
#198 = EDGE_LOOP ( 'NONE', ( #545, #946, #2297, #470 ) ) ;
#199 = DIRECTION ( 'NONE',  ( 0.0000000000000000000, 1.000000000000000000, 0.0000000000000000000 ) ) ;
#200 = VECTOR ( 'NONE', #707, 1000.000000000000000 ) ;
#201 = CARTESIAN_POINT ( 'NONE',  ( -3.250000000000000000, 2.399999999999999911, -5.599999999999999645 ) ) ;
#202 = EDGE_CURVE ( 'NONE', #312, #2668, #888, .T. ) ;
#203 = EDGE_CURVE ( 'NONE', #2542, #3739, #2371, .T. ) ;
#204 = AXIS2_PLACEMENT_3D ( 'NONE', #3640, #2064, #2955 ) ;
#205 = AXIS2_PLACEMENT_3D ( 'NONE', #996, #1594, #2843 ) ;
#206 = ORIENTED_EDGE ( 'NONE', *, *, #1333, .F. ) ;
#207 = VERTEX_POINT ( 'NONE', #1751 ) ;
#208 = DIRECTION ( 'NONE',  ( 0.0000000000000000000, 0.0000000000000000000, -1.000000000000000000 ) ) ;
#209 = VECTOR ( 'NONE', #1453, 1000.000000000000000 ) ;
#210 = VECTOR ( 'NONE', #232, 1000.000000000000000 ) ;
#211 = CARTESIAN_POINT ( 'NONE',  ( 0.7500000000000000000, 0.0000000000000000000, -8.449999999999999289 ) ) ;
#212 = VECTOR ( 'NONE', #3347, 1000.000000000000000 ) ;
#213 = DIRECTION ( 'NONE',  ( 0.0000000000000000000, 0.0000000000000000000, -1.000000000000000000 ) ) ;
#214 = EDGE_LOOP ( 'NONE', ( #1573, #2981, #513, #3224 ) ) ;
#215 = CARTESIAN_POINT ( 'NONE',  ( 0.8249999999999999556, 0.2387023412442000059, -8.525000000000000355 ) ) ;
#216 = VECTOR ( 'NONE', #564, 1000.000000000000000 ) ;
#217 = CARTESIAN_POINT ( 'NONE',  ( -3.250000000000000000, 0.5000000000000000000, -6.100000000000000533 ) ) ;
#218 = DIRECTION ( 'NONE',  ( 1.000000000000000000, 0.0000000000000000000, 0.0000000000000000000 ) ) ;
#219 = ORIENTED_EDGE ( 'NONE', *, *, #319, .T. ) ;
#220 = ORIENTED_EDGE ( 'NONE', *, *, #2717, .T. ) ;
#221 = CARTESIAN_POINT ( 'NONE',  ( -0.7500000000000000000, 0.4774046824884999873, -8.449999999999999289 ) ) ;
#222 = DIRECTION ( 'NONE',  ( 0.0000000000000000000, -1.000000000000000000, 0.0000000000000000000 ) ) ;
#223 = DIRECTION ( 'NONE',  ( 1.000000000000000000, 0.0000000000000000000, 0.0000000000000000000 ) ) ;
#224 = VERTEX_POINT ( 'NONE', #520 ) ;
#225 = DIRECTION ( 'NONE',  ( 0.7071067811864976127, 0.0000000000000000000, -0.7071067811865975328 ) ) ;
#226 = CARTESIAN_POINT ( 'NONE',  ( -0.7500000000000000000, 0.6029116798757000462, -6.515561479977000303 ) ) ;
#227 = EDGE_CURVE ( 'NONE', #786, #105, #3002, .T. ) ;
#228 = ORIENTED_EDGE ( 'NONE', *, *, #2525, .T. ) ;
#229 = ADVANCED_FACE ( 'NONE', ( #1455 ), #3953, .F. ) ;
#230 = ORIENTED_EDGE ( 'NONE', *, *, #1899, .F. ) ;
#231 = LINE ( 'NONE', #3253, #2867 ) ;
#232 = DIRECTION ( 'NONE',  ( 1.000000000000000000, 0.0000000000000000000, 0.0000000000000000000 ) ) ;
#233 = EDGE_CURVE ( 'NONE', #1791, #3884, #1174, .T. ) ;
#234 = ORIENTED_EDGE ( 'NONE', *, *, #1377, .T. ) ;
#235 = DIRECTION ( 'NONE',  ( -0.7071067811865475727, 0.0000000000000000000, -0.7071067811865475727 ) ) ;
#236 = CARTESIAN_POINT ( 'NONE',  ( 2.299999999999999822, 4.400000000000000355, -6.100000000000000533 ) ) ;
#237 = DIRECTION ( 'NONE',  ( 1.000000000000000000, 0.0000000000000000000, 0.0000000000000000000 ) ) ;
#238 = VERTEX_POINT ( 'NONE', #2096 ) ;
#239 = ORIENTED_EDGE ( 'NONE', *, *, #738, .T. ) ;
#240 = DIRECTION ( 'NONE',  ( -0.0000000000000000000, 1.000000000000000000, 0.0000000000000000000 ) ) ;
#241 = LINE ( 'NONE', #286, #3258 ) ;
#242 = CARTESIAN_POINT ( 'NONE',  ( 4.000000000000000000, 3.449571404000999930, -2.600000000000000089 ) ) ;
#243 = ORIENTED_EDGE ( 'NONE', *, *, #3659, .T. ) ;
#244 = LINE ( 'NONE', #2708, #2550 ) ;
#245 = LINE ( 'NONE', #1857, #660 ) ;
#246 = PRODUCT_DEFINITION ( 'UNKNOWN', '', #2091, #2449 ) ;
#247 = ORIENTED_EDGE ( 'NONE', *, *, #3355, .T. ) ;
#248 = ORIENTED_EDGE ( 'NONE', *, *, #2054, .F. ) ;
#249 = DIRECTION ( 'NONE',  ( 0.0000000000000000000, 0.0000000000000000000, -1.000000000000000000 ) ) ;
#250 = ADVANCED_FACE ( 'NONE', ( #3343, #1276, #297 ), #3402, .T. ) ;
#251 = CARTESIAN_POINT ( 'NONE',  ( -4.000000000000000000, 1.100000000000000089, -0.8000000000000000444 ) ) ;
#252 = EDGE_LOOP ( 'NONE', ( #1233, #1141, #2131, #3053 ) ) ;
#253 = CARTESIAN_POINT ( 'NONE',  ( 3.100000000000000089, 5.599999999999999645, -0.8000000000000000444 ) ) ;
#254 = EDGE_CURVE ( 'NONE', #1706, #568, #1182, .T. ) ;
#255 = EDGE_CURVE ( 'NONE', #3665, #3200, #1887, .T. ) ;
#256 = LINE ( 'NONE', #1157, #1749 ) ;
#257 = CARTESIAN_POINT ( 'NONE',  ( 1.250000000000000000, 3.000000000000000000, -0.8499999999999999778 ) ) ;
#258 = ORIENTED_EDGE ( 'NONE', *, *, #1377, .F. ) ;
#259 = ORIENTED_EDGE ( 'NONE', *, *, #3107, .F. ) ;
#260 = DIRECTION ( 'NONE',  ( -1.000000000000000000, 0.0000000000000000000, 0.0000000000000000000 ) ) ;
#261 = LINE ( 'NONE', #1205, #2931 ) ;
#262 = CARTESIAN_POINT ( 'NONE',  ( -0.9000000000000000222, 3.149999999999999911, -0.6999999999999999556 ) ) ;
#263 = DIRECTION ( 'NONE',  ( 0.0000000000000000000, 1.000000000000000000, 0.0000000000000000000 ) ) ;
#264 = VECTOR ( 'NONE', #1516, 1000.000000000000000 ) ;
#265 = VECTOR ( 'NONE', #1525, 1000.000000000000000 ) ;
#266 = VERTEX_POINT ( 'NONE', #2193 ) ;
#267 = VECTOR ( 'NONE', #1406, 1000.000000000000000 ) ;
#268 = ORIENTED_EDGE ( 'NONE', *, *, #3484, .T. ) ;
#269 = DIRECTION ( 'NONE',  ( 1.000000000000000000, 0.0000000000000000000, 0.0000000000000000000 ) ) ;
#270 = VECTOR ( 'NONE', #1816, 1000.000000000000000 ) ;
#271 = VECTOR ( 'NONE', #3648, 1000.000000000000000 ) ;
#272 = LINE ( 'NONE', #580, #1762 ) ;
#273 = VERTEX_POINT ( 'NONE', #3098 ) ;
#274 = VECTOR ( 'NONE', #2521, 1000.000000000000000 ) ;
#275 = CIRCLE ( 'NONE', #794, 0.7000000000000005107 ) ;
#276 = DIRECTION ( 'NONE',  ( 0.0000000000000000000, 0.0000000000000000000, 1.000000000000000000 ) ) ;
#277 = VECTOR ( 'NONE', #525, 1000.000000000000000 ) ;
#278 = LINE ( 'NONE', #2070, #264 ) ;
#279 = LINE ( 'NONE', #4015, #727 ) ;
#280 = ORIENTED_EDGE ( 'NONE', *, *, #2461, .F. ) ;
#281 = ORIENTED_EDGE ( 'NONE', *, *, #449, .T. ) ;
#282 = ADVANCED_FACE ( 'NONE', ( #1532 ), #622, .F. ) ;
#283 = ADVANCED_FACE ( 'NONE', ( #3115 ), #1906, .T. ) ;
#284 = PLANE ( 'NONE',  #2275 ) ;
#285 = VECTOR ( 'NONE', #484, 1000.000000000000000 ) ;
#286 = CARTESIAN_POINT ( 'NONE',  ( 2.399999999999999911, 3.500000000000000000, 0.0000000000000000000 ) ) ;
#287 = CARTESIAN_POINT ( 'NONE',  ( 4.000000000000000000, 3.500000000000000000, -6.100000000000000533 ) ) ;
#288 = FACE_OUTER_BOUND ( 'NONE', #43, .T. ) ;
#289 = LINE ( 'NONE', #631, #2608 ) ;
#290 = CARTESIAN_POINT ( 'NONE',  ( -0.7500000000000000000, 0.6496651624528999580, -7.013893371703999513 ) ) ;
#291 = ORIENTED_EDGE ( 'NONE', *, *, #1789, .T. ) ;
#292 = ORIENTED_EDGE ( 'NONE', *, *, #4029, .F. ) ;
#293 = DIRECTION ( 'NONE',  ( 0.0000000000000000000, 0.0000000000000000000, -1.000000000000000000 ) ) ;
#294 = ORIENTED_EDGE ( 'NONE', *, *, #966, .T. ) ;
#295 = ORIENTED_EDGE ( 'NONE', *, *, #3137, .T. ) ;
#296 = CARTESIAN_POINT ( 'NONE',  ( 1.300000000000000044, 4.400000000000000355, -5.000000000000000000 ) ) ;
#297 = FACE_BOUND ( 'NONE', #145, .T. ) ;
#298 = FACE_OUTER_BOUND ( 'NONE', #2643, .T. ) ;
#299 = ORIENTED_EDGE ( 'NONE', *, *, #3382, .T. ) ;
#300 = ORIENTED_EDGE ( 'NONE', *, *, #3173, .F. ) ;
#301 = PLANE ( 'NONE',  #2749 ) ;
#302 = EDGE_CURVE ( 'NONE', #2495, #3167, #2777, .T. ) ;
#303 = PLANE ( 'NONE',  #72 ) ;
#304 = CYLINDRICAL_SURFACE ( 'NONE', #2993, 0.1999999999999999833 ) ;
#305 = CARTESIAN_POINT ( 'NONE',  ( -4.000000000000000000, 2.700000000000000178, -0.8000000000000000444 ) ) ;
#306 = EDGE_CURVE ( 'NONE', #772, #984, #2469, .T. ) ;
#307 = EDGE_CURVE ( 'NONE', #332, #312, #967, .T. ) ;
#308 = CARTESIAN_POINT ( 'NONE',  ( -3.100000000000000089, 5.599999999999999645, -0.8000000000000000444 ) ) ;
#309 = ORIENTED_EDGE ( 'NONE', *, *, #2743, .F. ) ;
#310 = ORIENTED_EDGE ( 'NONE', *, *, #804, .F. ) ;
#311 = DIRECTION ( 'NONE',  ( -0.0000000000000000000, 1.000000000000000000, 0.0000000000000000000 ) ) ;
#312 = VERTEX_POINT ( 'NONE', #1604 ) ;
#313 = ORIENTED_EDGE ( 'NONE', *, *, #880, .T. ) ;
#314 = CYLINDRICAL_SURFACE ( 'NONE', #936, 0.7000000000000005107 ) ;
#315 = DIRECTION ( 'NONE',  ( 1.000000000000000000, 0.0000000000000000000, 0.0000000000000000000 ) ) ;
#316 = DIRECTION ( 'NONE',  ( 0.0000000000000000000, 0.0000000000000000000, -1.000000000000000000 ) ) ;
#317 = ORIENTED_EDGE ( 'NONE', *, *, #3304, .T. ) ;
#318 = ORIENTED_EDGE ( 'NONE', *, *, #611, .T. ) ;
#319 = EDGE_CURVE ( 'NONE', #3285, #3155, #3765, .T. ) ;
#320 = CARTESIAN_POINT ( 'NONE',  ( -3.100000000000000089, 3.500000000000000000, 0.0000000000000000000 ) ) ;
#321 = FACE_OUTER_BOUND ( 'NONE', #2997, .T. ) ;
#322 = CARTESIAN_POINT ( 'NONE',  ( -4.000000000000000000, 2.700000000000000178, -0.8000000000000000444 ) ) ;
#323 = FACE_OUTER_BOUND ( 'NONE', #1622, .T. ) ;
#324 = LINE ( 'NONE', #15, #3186 ) ;
#325 = ORIENTED_EDGE ( 'NONE', *, *, #3106, .F. ) ;
#326 = EDGE_LOOP ( 'NONE', ( #1985, #3307, #3416, #2178 ) ) ;
#327 = EDGE_CURVE ( 'NONE', #3266, #446, #1296, .T. ) ;
#328 = CARTESIAN_POINT ( 'NONE',  ( 0.9000000000000000222, 3.149999999999999911, -0.6999999999999999556 ) ) ;
#329 = EDGE_CURVE ( 'NONE', #924, #2502, #947, .T. ) ;
#330 = CARTESIAN_POINT ( 'NONE',  ( 0.9000000000000000222, 3.149999999999999911, -0.6999999999999999556 ) ) ;
#331 = AXIS2_PLACEMENT_3D ( 'NONE', #2277, #3543, #3560 ) ;
#332 = VERTEX_POINT ( 'NONE', #2526 ) ;
#333 = EDGE_LOOP ( 'NONE', ( #3588, #431, #1592, #700 ) ) ;
#334 = VECTOR ( 'NONE', #787, 1000.000000000000000 ) ;
#335 = VECTOR ( 'NONE', #2889, 1000.000000000000000 ) ;
#336 = DIRECTION ( 'NONE',  ( 0.0000000000000000000, -0.1386976001775988288, 0.9903347796098928013 ) ) ;
#337 = DIRECTION ( 'NONE',  ( 0.0000000000000000000, -1.000000000000000000, 0.0000000000000000000 ) ) ;
#338 = AXIS2_PLACEMENT_3D ( 'NONE', #2428, #2731, #1788 ) ;
#339 = CARTESIAN_POINT ( 'NONE',  ( 1.300000000000000044, 5.100000000000000533, -6.100000000000000533 ) ) ;
#340 = VECTOR ( 'NONE', #1435, 1000.000000000000000 ) ;
#341 = ORIENTED_EDGE ( 'NONE', *, *, #3777, .T. ) ;
#342 = EDGE_LOOP ( 'NONE', ( #310, #3041, #1550, #3063, #450, #2294, #1777, #3293 ) ) ;
#343 = CARTESIAN_POINT ( 'NONE',  ( 4.000000000000000000, 4.799999999999999822, -5.599999999999999645 ) ) ;
#344 = VECTOR ( 'NONE', #797, 1000.000000000000000 ) ;
#345 = VECTOR ( 'NONE', #1031, 1000.000000000000000 ) ;
#346 = LINE ( 'NONE', #402, #3905 ) ;
#347 = VECTOR ( 'NONE', #364, 1000.000000000000000 ) ;
#348 = DIRECTION ( 'NONE',  ( 1.000000000000000000, 0.0000000000000000000, 0.0000000000000000000 ) ) ;
#349 = CARTESIAN_POINT ( 'NONE',  ( 3.250000000000000000, 2.399999999999999911, -5.599999999999999645 ) ) ;
#350 = CARTESIAN_POINT ( 'NONE',  ( 3.250000000000000000, 5.599999999999999645, -6.100000000000000533 ) ) ;
#351 = ORIENTED_EDGE ( 'NONE', *, *, #2640, .T. ) ;
#352 = ORIENTED_EDGE ( 'NONE', *, *, #2104, .F. ) ;
#353 = DIRECTION ( 'NONE',  ( 1.000000000000000000, 0.0000000000000000000, 0.0000000000000000000 ) ) ;
#354 = CARTESIAN_POINT ( 'NONE',  ( -1.250000000000000000, 0.0000000000000000000, -7.208795825703999682 ) ) ;
#355 = EDGE_CURVE ( 'NONE', #2668, #427, #988, .T. ) ;
#356 = EDGE_CURVE ( 'NONE', #3431, #2681, #2243, .T. ) ;
#357 = VERTEX_POINT ( 'NONE', #681 ) ;
#358 = ORIENTED_EDGE ( 'NONE', *, *, #2330, .T. ) ;
#359 = CARTESIAN_POINT ( 'NONE',  ( 4.000000000000000000, 4.799999999999999822, -5.599999999999999645 ) ) ;
#360 = EDGE_CURVE ( 'NONE', #3213, #1176, #3159, .T. ) ;
#361 = DIRECTION ( 'NONE',  ( 0.0000000000000000000, -1.000000000000000000, 0.0000000000000000000 ) ) ;
#362 = DIRECTION ( 'NONE',  ( 0.0000000000000000000, -1.000000000000000000, 0.0000000000000000000 ) ) ;
#363 = ORIENTED_EDGE ( 'NONE', *, *, #1809, .F. ) ;
#364 = DIRECTION ( 'NONE',  ( -1.000000000000000000, 0.0000000000000000000, 0.0000000000000000000 ) ) ;
#365 = PLANE ( 'NONE',  #205 ) ;
#366 = FACE_OUTER_BOUND ( 'NONE', #156, .T. ) ;
#367 = DIRECTION ( 'NONE',  ( 0.0000000000000000000, -0.5565912251293776425, -0.8307864997151666042 ) ) ;
#368 = CARTESIAN_POINT ( 'NONE',  ( -3.100000000000000089, 3.500000000000000000, -1.000000000000000000 ) ) ;
#369 = EDGE_LOOP ( 'NONE', ( #1919, #1014, #1131, #3172 ) ) ;
#370 = DIRECTION ( 'NONE',  ( 0.0000000000000000000, 0.0000000000000000000, -1.000000000000000000 ) ) ;
#371 = CARTESIAN_POINT ( 'NONE',  ( 1.250000000000000000, 3.000000000000000000, -6.179846321567000089 ) ) ;
#372 = EDGE_CURVE ( 'NONE', #2107, #2351, #2175, .T. ) ;
#373 = ORIENTED_EDGE ( 'NONE', *, *, #3778, .F. ) ;
#374 = VERTEX_POINT ( 'NONE', #2554 ) ;
#375 = PLANE ( 'NONE',  #3121 ) ;
#376 = EDGE_CURVE ( 'NONE', #3266, #3710, #1865, .T. ) ;
#377 = DIRECTION ( 'NONE',  ( 0.0000000000000000000, 1.000000000000000000, 0.0000000000000000000 ) ) ;
#378 = DIRECTION ( 'NONE',  ( -1.000000000000000000, 0.0000000000000000000, 0.0000000000000000000 ) ) ;
#379 = EDGE_CURVE ( 'NONE', #2591, #2528, #1571, .T. ) ;
#380 = ADVANCED_FACE ( 'NONE', ( #3233 ), #1709, .F. ) ;
#381 = CARTESIAN_POINT ( 'NONE',  ( 1.250000000000000000, 3.000000000000000000, -0.8499999999999999778 ) ) ;
#382 = VERTEX_POINT ( 'NONE', #1354 ) ;
#383 = DIRECTION ( 'NONE',  ( 0.0000000000000000000, -1.000000000000000000, 0.0000000000000000000 ) ) ;
#384 = CARTESIAN_POINT ( 'NONE',  ( -1.100000000000000089, 0.1499999999999999944, -8.599999999999999645 ) ) ;
#385 = CARTESIAN_POINT ( 'NONE',  ( -3.250000000000000000, 3.500000000000000000, -6.100000000000000533 ) ) ;
#386 = ORIENTED_EDGE ( 'NONE', *, *, #4029, .T. ) ;
#387 = ORIENTED_EDGE ( 'NONE', *, *, #2231, .F. ) ;
#388 = DIRECTION ( 'NONE',  ( 0.0000000000000000000, 1.000000000000000000, 0.0000000000000000000 ) ) ;
#389 = LINE ( 'NONE', #1618, #1318 ) ;
#390 = ORIENTED_EDGE ( 'NONE', *, *, #100, .T. ) ;
#391 = VERTEX_POINT ( 'NONE', #1981 ) ;
#392 = CARTESIAN_POINT ( 'NONE',  ( -0.7500000000000000000, 3.069348800088999685, -6.675013711372000280 ) ) ;
#393 = VECTOR ( 'NONE', #2700, 1000.000000000000114 ) ;
#394 = LINE ( 'NONE', #3810, #1620 ) ;
#395 = PLANE ( 'NONE',  #3911 ) ;
#396 = VERTEX_POINT ( 'NONE', #107 ) ;
#397 = DIRECTION ( 'NONE',  ( 0.0000000000000000000, 1.112359846096000095E-14, -1.000000000000000000 ) ) ;
#398 = VECTOR ( 'NONE', #3923, 1000.000000000000114 ) ;
#399 = AXIS2_PLACEMENT_3D ( 'NONE', #444, #1674, #136 ) ;
#400 = EDGE_CURVE ( 'NONE', #3729, #1100, #1371, .T. ) ;
#401 = ADVANCED_FACE ( 'NONE', ( #1627 ), #1649, .F. ) ;
#402 = CARTESIAN_POINT ( 'NONE',  ( 2.299999999999999822, 4.400000000000000355, -6.100000000000000533 ) ) ;
#403 = EDGE_LOOP ( 'NONE', ( #1463, #771, #2522, #2059 ) ) ;
#404 = DIRECTION ( 'NONE',  ( 1.000000000000000000, 0.0000000000000000000, 0.0000000000000000000 ) ) ;
#405 = VECTOR ( 'NONE', #1348, 1000.000000000000114 ) ;
#406 = VECTOR ( 'NONE', #2065, 1000.000000000000000 ) ;
#407 = DIRECTION ( 'NONE',  ( -1.000000000000000000, 0.0000000000000000000, 0.0000000000000000000 ) ) ;
#408 = AXIS2_PLACEMENT_3D ( 'NONE', #2166, #1465, #2709 ) ;
#409 = CARTESIAN_POINT ( 'NONE',  ( 3.100000000000000089, 4.799999999999999822, -2.600000000000000089 ) ) ;
#410 = EDGE_LOOP ( 'NONE', ( #1542, #3946, #567, #3926 ) ) ;
#411 = PLANE ( 'NONE',  #595 ) ;
#412 = DIRECTION ( 'NONE',  ( 0.0000000000000000000, 1.000000000000000000, 0.0000000000000000000 ) ) ;
#413 = COLOUR_RGB ( '',0.7921568627450980005, 0.8196078431372548767, 0.9333333333333333481 ) ;
#414 = VERTEX_POINT ( 'NONE', #1337 ) ;
#415 = ORIENTED_EDGE ( 'NONE', *, *, #3504, .T. ) ;
#416 = CARTESIAN_POINT ( 'NONE',  ( 1.800000000000000044, 0.0000000000000000000, 0.0000000000000000000 ) ) ;
#417 = LINE ( 'NONE', #90, #3511 ) ;
#418 = DIRECTION ( 'NONE',  ( 0.0000000000000000000, 0.0000000000000000000, 1.000000000000000000 ) ) ;
#419 = ORIENTED_EDGE ( 'NONE', *, *, #151, .T. ) ;
#420 = CARTESIAN_POINT ( 'NONE',  ( -1.000000000000000000, 0.07499999999999999722, -8.525000000000000355 ) ) ;
#421 = LINE ( 'NONE', #438, #1370 ) ;
#422 = DIRECTION ( 'NONE',  ( 0.0000000000000000000, 0.0000000000000000000, 1.000000000000000000 ) ) ;
#423 = DIRECTION ( 'NONE',  ( 0.0000000000000000000, 0.0000000000000000000, 1.000000000000000000 ) ) ;
#424 = CARTESIAN_POINT ( 'NONE',  ( 0.7500000000000000000, 3.000000000000000000, -6.179846321567000089 ) ) ;
#425 = EDGE_CURVE ( 'NONE', #813, #3938, #148, .T. ) ;
#426 = LINE ( 'NONE', #34, #3574 ) ;
#427 = VERTEX_POINT ( 'NONE', #2609 ) ;
#428 = LINE ( 'NONE', #2039, #3313 ) ;
#429 = CARTESIAN_POINT ( 'NONE',  ( 3.799999999999999822, 0.0000000000000000000, 0.0000000000000000000 ) ) ;
#430 = EDGE_CURVE ( 'NONE', #2098, #2668, #698, .T. ) ;
#431 = ORIENTED_EDGE ( 'NONE', *, *, #1423, .F. ) ;
#432 = EDGE_LOOP ( 'NONE', ( #3033, #387, #3566, #2471, #3789, #104, #1450, #2909 ) ) ;
#433 = PLANE ( 'NONE',  #2207 ) ;
#434 = CARTESIAN_POINT ( 'NONE',  ( 0.7500000000000000000, 3.500000000000000000, -5.000000000000000000 ) ) ;
#435 = DIRECTION ( 'NONE',  ( 0.0000000000000000000, 0.0000000000000000000, 1.000000000000000000 ) ) ;
#436 = ORIENTED_EDGE ( 'NONE', *, *, #1918, .F. ) ;
#437 = DIRECTION ( 'NONE',  ( 1.000000000000000000, 0.0000000000000000000, 0.0000000000000000000 ) ) ;
#438 = CARTESIAN_POINT ( 'NONE',  ( 0.7500000000000000000, 0.0000000000000000000, -7.208795825703999682 ) ) ;
#439 = LINE ( 'NONE', #130, #2214 ) ;
#440 = EDGE_LOOP ( 'NONE', ( #2196, #980, #2053, #1734, #686, #2108, #1705, #3474, #2977, #1008, #1215 ) ) ;
#441 = EDGE_CURVE ( 'NONE', #427, #2352, #2318, .T. ) ;
#442 = CARTESIAN_POINT ( 'NONE',  ( -0.7500000000000000000, 3.500000000000000000, -5.000000000000000000 ) ) ;
#443 = CARTESIAN_POINT ( 'NONE',  ( -1.800000000000000044, 5.599999999999999645, -2.100000000000000089 ) ) ;
#444 = CARTESIAN_POINT ( 'NONE',  ( -1.250000000000000000, 3.000000000000000000, 0.0000000000000000000 ) ) ;
#445 = EDGE_CURVE ( 'NONE', #2625, #3992, #713, .T. ) ;
#446 = VERTEX_POINT ( 'NONE', #2956 ) ;
#447 = CARTESIAN_POINT ( 'NONE',  ( 1.250000000000000000, 3.500000000000000000, -6.100000000000000533 ) ) ;
#448 = CARTESIAN_POINT ( 'NONE',  ( -0.8000000000000000444, 5.100000000000000533, -5.599999999999999645 ) ) ;
#449 = EDGE_CURVE ( 'NONE', #2334, #2810, #757, .T. ) ;
#450 = ORIENTED_EDGE ( 'NONE', *, *, #360, .T. ) ;
#451 = EDGE_CURVE ( 'NONE', #3532, #3723, #417, .T. ) ;
#452 = ORIENTED_EDGE ( 'NONE', *, *, #1713, .T. ) ;
#453 = LINE ( 'NONE', #1771, #3576 ) ;
#454 = CARTESIAN_POINT ( 'NONE',  ( 2.299999999999999822, 5.599999999999999645, -6.100000000000000533 ) ) ;
#455 = LINE ( 'NONE', #3216, #474 ) ;
#456 = ORIENTED_EDGE ( 'NONE', *, *, #2365, .T. ) ;
#457 = AXIS2_PLACEMENT_3D ( 'NONE', #3363, #583, #3058 ) ;
#458 = CARTESIAN_POINT ( 'NONE',  ( -4.000000000000000000, 0.0000000000000000000, 0.0000000000000000000 ) ) ;
#459 = VERTEX_POINT ( 'NONE', #2300 ) ;
#460 = VECTOR ( 'NONE', #1916, 1000.000000000000000 ) ;
#461 = CARTESIAN_POINT ( 'NONE',  ( 3.100000000000000089, 3.449571404000999930, -5.599999999999999645 ) ) ;
#462 = VECTOR ( 'NONE', #2949, 1000.000000000000000 ) ;
#463 = ORIENTED_EDGE ( 'NONE', *, *, #2204, .F. ) ;
#464 = LINE ( 'NONE', #1096, #3904 ) ;
#465 = DIRECTION ( 'NONE',  ( 0.0000000000000000000, 0.0000000000000000000, -1.000000000000000000 ) ) ;
#466 = VECTOR ( 'NONE', #668, 1000.000000000000114 ) ;
#467 = VECTOR ( 'NONE', #3855, 1000.000000000000000 ) ;
#468 = VECTOR ( 'NONE', #2974, 1000.000000000000000 ) ;
#469 = VECTOR ( 'NONE', #2305, 1000.000000000000000 ) ;
#470 = ORIENTED_EDGE ( 'NONE', *, *, #102, .T. ) ;
#471 = DIRECTION ( 'NONE',  ( 1.000000000000000000, 0.0000000000000000000, 0.0000000000000000000 ) ) ;
#472 = CARTESIAN_POINT ( 'NONE',  ( 2.399999999999999911, 4.599999999999999645, -5.000000000000000000 ) ) ;
#473 = VECTOR ( 'NONE', #3690, 1000.000000000000000 ) ;
#474 = VECTOR ( 'NONE', #2629, 1000.000000000000000 ) ;
#475 = ORIENTED_EDGE ( 'NONE', *, *, #3698, .F. ) ;
#476 = ORIENTED_EDGE ( 'NONE', *, *, #1738, .T. ) ;
#477 = AXIS2_PLACEMENT_3D ( 'NONE', #2959, #2283, #1091 ) ;
#478 = CARTESIAN_POINT ( 'NONE',  ( 1.300000000000000044, 4.400000000000000355, -6.100000000000000533 ) ) ;
#479 = ADVANCED_FACE ( 'NONE', ( #1944 ), #1030, .F. ) ;
#480 = EDGE_CURVE ( 'NONE', #2191, #396, #3176, .T. ) ;
#481 = DIRECTION ( 'NONE',  ( 0.0000000000000000000, 0.0000000000000000000, 1.000000000000000000 ) ) ;
#482 = CARTESIAN_POINT ( 'NONE',  ( -0.7500000000000000000, 3.500000000000000000, -6.100000000000000533 ) ) ;
#483 = VERTEX_POINT ( 'NONE', #2003 ) ;
#484 = DIRECTION ( 'NONE',  ( 0.0000000000000000000, 0.0000000000000000000, 1.000000000000000000 ) ) ;
#485 = EDGE_CURVE ( 'NONE', #2160, #38, #1965, .T. ) ;
#486 = ADVANCED_FACE ( 'NONE', ( #2571 ), #125, .T. ) ;
#487 = FACE_OUTER_BOUND ( 'NONE', #1211, .T. ) ;
#488 = CARTESIAN_POINT ( 'NONE',  ( 1.100000000000000089, 3.350000000000000089, -0.6999999999999999556 ) ) ;
#489 = ORIENTED_EDGE ( 'NONE', *, *, #1839, .T. ) ;
#490 = EDGE_LOOP ( 'NONE', ( #959, #351, #2547, #3229 ) ) ;
#491 = LINE ( 'NONE', #1955, #2479 ) ;
#492 = LINE ( 'NONE', #1971, #606 ) ;
#493 = FACE_OUTER_BOUND ( 'NONE', #873, .T. ) ;
#494 = ORIENTED_EDGE ( 'NONE', *, *, #903, .T. ) ;
#495 = FACE_OUTER_BOUND ( 'NONE', #1076, .T. ) ;
#496 = VERTEX_POINT ( 'NONE', #3887 ) ;
#497 = ORIENTED_EDGE ( 'NONE', *, *, #1588, .F. ) ;
#498 = EDGE_CURVE ( 'NONE', #2412, #3101, #3257, .T. ) ;
#499 = PLANE ( 'NONE',  #3317 ) ;
#500 = CARTESIAN_POINT ( 'NONE',  ( 4.000000000000000000, 0.0000000000000000000, -5.599999999999999645 ) ) ;
#501 = LINE ( 'NONE', #3526, #1320 ) ;
#502 = ORIENTED_EDGE ( 'NONE', *, *, #2110, .T. ) ;
#503 = PLANE ( 'NONE',  #2289 ) ;
#504 = CARTESIAN_POINT ( 'NONE',  ( 0.7500000000000000000, 3.500000000000000000, -6.100000000000000533 ) ) ;
#505 = FACE_OUTER_BOUND ( 'NONE', #1660, .T. ) ;
#506 = ORIENTED_EDGE ( 'NONE', *, *, #3472, .F. ) ;
#507 = VERTEX_POINT ( 'NONE', #2649 ) ;
#508 = EDGE_CURVE ( 'NONE', #576, #1769, #394, .T. ) ;
#509 = EDGE_CURVE ( 'NONE', #3618, #1106, #4008, .T. ) ;
#510 = DIRECTION ( 'NONE',  ( 1.000000000000000000, 0.0000000000000000000, 0.0000000000000000000 ) ) ;
#511 = DIRECTION ( 'NONE',  ( -0.0000000000000000000, 1.000000000000000000, 0.0000000000000000000 ) ) ;
#512 = DIRECTION ( 'NONE',  ( 0.0000000000000000000, 0.1386976001775987177, -0.9903347796098929123 ) ) ;
#513 = ORIENTED_EDGE ( 'NONE', *, *, #1713, .F. ) ;
#514 = ORIENTED_EDGE ( 'NONE', *, *, #3036, .T. ) ;
#515 = CARTESIAN_POINT ( 'NONE',  ( 0.5000000000000000000, 5.100000000000000533, 0.0000000000000000000 ) ) ;
#516 = DIRECTION ( 'NONE',  ( 0.0000000000000000000, -1.000000000000000000, 0.0000000000000000000 ) ) ;
#517 = VERTEX_POINT ( 'NONE', #1244 ) ;
#518 = CARTESIAN_POINT ( 'NONE',  ( 0.7500000000000000000, 0.0000000000000000000, -7.208795825703999682 ) ) ;
#519 = ADVANCED_FACE ( 'NONE', ( #1557 ), #3991, .T. ) ;
#520 = CARTESIAN_POINT ( 'NONE',  ( 3.250000000000000000, 3.500000000000000000, -6.100000000000000533 ) ) ;
#521 = CARTESIAN_POINT ( 'NONE',  ( 14.42880000000000074, 0.6774046824885000539, -7.211960327625999589 ) ) ;
#522 = ORIENTED_EDGE ( 'NONE', *, *, #2854, .F. ) ;
#523 = ORIENTED_EDGE ( 'NONE', *, *, #1677, .F. ) ;
#524 = DIRECTION ( 'NONE',  ( 0.0000000000000000000, 0.0000000000000000000, -1.000000000000000000 ) ) ;
#525 = DIRECTION ( 'NONE',  ( 1.000000000000000000, 0.0000000000000000000, 0.0000000000000000000 ) ) ;
#526 = ADVANCED_FACE ( 'NONE', ( #2483 ), #616, .F. ) ;
#527 = EDGE_CURVE ( 'NONE', #1531, #3430, #3678, .T. ) ;
#528 = VECTOR ( 'NONE', #871, 1000.000000000000000 ) ;
#529 = PLANE ( 'NONE',  #2735 ) ;
#530 = VERTEX_POINT ( 'NONE', #1210 ) ;
#531 = DIRECTION ( 'NONE',  ( 0.0000000000000000000, 0.0000000000000000000, -1.000000000000000000 ) ) ;
#532 = AXIS2_PLACEMENT_3D ( 'NONE', #57, #370, #1347 ) ;
#533 = VECTOR ( 'NONE', #2518, 1000.000000000000000 ) ;
#534 = LINE ( 'NONE', #3227, #3842 ) ;
#535 = ADVANCED_FACE ( 'NONE', ( #3075 ), #594, .T. ) ;
#536 = VECTOR ( 'NONE', #2918, 1000.000000000000000 ) ;
#537 = VECTOR ( 'NONE', #2680, 1000.000000000000000 ) ;
#538 = EDGE_LOOP ( 'NONE', ( #1166, #1933, #2462, #3021 ) ) ;
#539 = ORIENTED_EDGE ( 'NONE', *, *, #3908, .F. ) ;
#540 = DIRECTION ( 'NONE',  ( -1.000000000000000000, 0.0000000000000000000, 0.0000000000000000000 ) ) ;
#541 = VECTOR ( 'NONE', #2626, 1000.000000000000000 ) ;
#542 = VECTOR ( 'NONE', #1966, 1000.000000000000000 ) ;
#543 = VECTOR ( 'NONE', #1299, 1000.000000000000000 ) ;
#544 = CARTESIAN_POINT ( 'NONE',  ( -3.100000000000000089, 2.700000000000000178, 0.0000000000000000000 ) ) ;
#545 = ORIENTED_EDGE ( 'NONE', *, *, #1369, .T. ) ;
#546 = DIRECTION ( 'NONE',  ( 1.000000000000000000, 0.0000000000000000000, 0.0000000000000000000 ) ) ;
#547 = DIRECTION ( 'NONE',  ( 1.000000000000000000, 0.0000000000000000000, 0.0000000000000000000 ) ) ;
#548 = CARTESIAN_POINT ( 'NONE',  ( -0.7500000000000000000, 0.0000000000000000000, -8.449999999999999289 ) ) ;
#549 = VERTEX_POINT ( 'NONE', #2460 ) ;
#550 = EDGE_LOOP ( 'NONE', ( #2970, #2273, #3828, #2573 ) ) ;
#551 = LINE ( 'NONE', #221, #2344 ) ;
#552 = CARTESIAN_POINT ( 'NONE',  ( -3.100000000000000089, 5.599999999999999645, 0.0000000000000000000 ) ) ;
#553 = PLANE ( 'NONE',  #1122 ) ;
#554 = ORIENTED_EDGE ( 'NONE', *, *, #3066, .F. ) ;
#555 = EDGE_CURVE ( 'NONE', #2501, #1769, #1507, .T. ) ;
#556 = CARTESIAN_POINT ( 'NONE',  ( 4.000000000000000000, 1.100000000000000089, -0.8000000000000000444 ) ) ;
#557 = CARTESIAN_POINT ( 'NONE',  ( -0.5000000000000000000, 5.100000000000000533, -5.000000000000000000 ) ) ;
#558 = ORIENTED_EDGE ( 'NONE', *, *, #3417, .T. ) ;
#559 = EDGE_LOOP ( 'NONE', ( #843, #3139, #1352, #1247, #2787, #3942, #3251, #3212 ) ) ;
#560 = EDGE_CURVE ( 'NONE', #2834, #3167, #823, .T. ) ;
#561 = EDGE_CURVE ( 'NONE', #1160, #1849, #2975, .T. ) ;
#562 = LINE ( 'NONE', #3682, #1880 ) ;
#563 = DIRECTION ( 'NONE',  ( 0.0000000000000000000, -1.000000000000000000, 0.0000000000000000000 ) ) ;
#564 = DIRECTION ( 'NONE',  ( 0.0000000000000000000, 0.0000000000000000000, 1.000000000000000000 ) ) ;
#565 = LINE ( 'NONE', #3039, #393 ) ;
#566 = DIRECTION ( 'NONE',  ( 1.000000000000000000, 0.0000000000000000000, 0.0000000000000000000 ) ) ;
#567 = ORIENTED_EDGE ( 'NONE', *, *, #254, .F. ) ;
#568 = VERTEX_POINT ( 'NONE', #290 ) ;
#569 = CARTESIAN_POINT ( 'NONE',  ( -4.000000000000000000, 0.0000000000000000000, -3.000000000000000000 ) ) ;
#570 = CARTESIAN_POINT ( 'NONE',  ( 1.100000000000000089, 0.3274046824884999651, -8.599999999999999645 ) ) ;
#571 = PLANE ( 'NONE',  #3577 ) ;
#572 = VERTEX_POINT ( 'NONE', #1746 ) ;
#573 = DIRECTION ( 'NONE',  ( -1.000000000000000000, 0.0000000000000000000, 0.0000000000000000000 ) ) ;
#574 = CARTESIAN_POINT ( 'NONE',  ( 4.000000000000000000, 2.700000000000000178, -5.599999999999999645 ) ) ;
#575 = ORIENTED_EDGE ( 'NONE', *, *, #1584, .F. ) ;
#576 = VERTEX_POINT ( 'NONE', #308 ) ;
#577 = DIRECTION ( 'NONE',  ( 1.000000000000000000, 0.0000000000000000000, 0.0000000000000000000 ) ) ;
#578 = EDGE_CURVE ( 'NONE', #1849, #3625, #2167, .T. ) ;
#579 = EDGE_CURVE ( 'NONE', #3404, #507, #1541, .T. ) ;
#580 = CARTESIAN_POINT ( 'NONE',  ( 1.250000000000000000, 0.6029116798757000462, -6.515561479977000303 ) ) ;
#581 = ORIENTED_EDGE ( 'NONE', *, *, #1905, .T. ) ;
#582 = PLANE ( 'NONE',  #2879 ) ;
#583 = DIRECTION ( 'NONE',  ( -1.000000000000000000, 0.0000000000000000000, 0.0000000000000000000 ) ) ;
#584 = DIRECTION ( 'NONE',  ( -0.7071067811865475727, 0.0000000000000000000, 0.7071067811865475727 ) ) ;
#585 = ORIENTED_EDGE ( 'NONE', *, *, #3407, .F. ) ;
#586 = EDGE_LOOP ( 'NONE', ( #390, #632, #1428, #1992 ) ) ;
#587 = UNCERTAINTY_MEASURE_WITH_UNIT (LENGTH_MEASURE( 1.000000000000000082E-05 ), #1750, 'distance_accuracy_value', 'NONE');
#588 = FACE_OUTER_BOUND ( 'NONE', #1289, .T. ) ;
#589 = DIRECTION ( 'NONE',  ( 1.000000000000000000, 0.0000000000000000000, 0.0000000000000000000 ) ) ;
#590 = LINE ( 'NONE', #3070, #790 ) ;
#591 = DIRECTION ( 'NONE',  ( 0.0000000000000000000, 0.0000000000000000000, 1.000000000000000000 ) ) ;
#592 = DIRECTION ( 'NONE',  ( -1.000000000000000000, 0.0000000000000000000, 0.0000000000000000000 ) ) ;
#593 = VECTOR ( 'NONE', #2407, 1000.000000000000000 ) ;
#594 = PLANE ( 'NONE',  #135 ) ;
#595 = AXIS2_PLACEMENT_3D ( 'NONE', #1644, #2891, #353 ) ;
#596 = ORIENTED_EDGE ( 'NONE', *, *, #1231, .F. ) ;
#597 = ORIENTED_EDGE ( 'NONE', *, *, #2836, .T. ) ;
#598 = CARTESIAN_POINT ( 'NONE',  ( 3.100000000000000089, 3.500000000000000000, 0.0000000000000000000 ) ) ;
#599 = VECTOR ( 'NONE', #1587, 1000.000000000000000 ) ;
#600 = VECTOR ( 'NONE', #3364, 1000.000000000000000 ) ;
#601 = ORIENTED_EDGE ( 'NONE', *, *, #3988, .T. ) ;
#602 = VECTOR ( 'NONE', #249, 1000.000000000000000 ) ;
#603 = VECTOR ( 'NONE', #91, 1000.000000000000000 ) ;
#604 = EDGE_CURVE ( 'NONE', #3133, #1646, #2808, .T. ) ;
#605 = EDGE_CURVE ( 'NONE', #2681, #3649, #1860, .T. ) ;
#606 = VECTOR ( 'NONE', #2984, 1000.000000000000000 ) ;
#607 = CARTESIAN_POINT ( 'NONE',  ( -1.250000000000000000, 0.4774046824884999873, -8.449999999999999289 ) ) ;
#608 = LINE ( 'NONE', #3082, #2007 ) ;
#609 = ORIENTED_EDGE ( 'NONE', *, *, #2806, .F. ) ;
#610 = ORIENTED_EDGE ( 'NONE', *, *, #329, .T. ) ;
#611 = EDGE_CURVE ( 'NONE', #3567, #2591, #324, .T. ) ;
#612 = DIRECTION ( 'NONE',  ( 0.0000000000000000000, 0.0000000000000000000, -1.000000000000000000 ) ) ;
#613 = LINE ( 'NONE', #4019, #3514 ) ;
#614 = FACE_OUTER_BOUND ( 'NONE', #1306, .T. ) ;
#615 = CARTESIAN_POINT ( 'NONE',  ( 0.8000000000000000444, 5.100000000000000533, -5.599999999999999645 ) ) ;
#616 = PLANE ( 'NONE',  #784 ) ;
#617 = ORIENTED_EDGE ( 'NONE', *, *, #1461, .F. ) ;
#618 = CARTESIAN_POINT ( 'NONE',  ( -3.799999999999999822, 3.449571404000999930, -2.600000000000000089 ) ) ;
#619 = EDGE_CURVE ( 'NONE', #1755, #459, #3584, .T. ) ;
#620 = ORIENTED_EDGE ( 'NONE', *, *, #425, .F. ) ;
#621 = ORIENTED_EDGE ( 'NONE', *, *, #2633, .F. ) ;
#622 = PLANE ( 'NONE',  #2405 ) ;
#623 = CARTESIAN_POINT ( 'NONE',  ( -4.000000000000000000, 1.100000000000000089, -0.8000000000000000444 ) ) ;
#624 = ORIENTED_EDGE ( 'NONE', *, *, #203, .F. ) ;
#625 = ORIENTED_EDGE ( 'NONE', *, *, #1589, .F. ) ;
#626 = FACE_OUTER_BOUND ( 'NONE', #369, .T. ) ;
#627 = ADVANCED_FACE ( 'NONE', ( #3295 ), #2367, .T. ) ;
#628 = ADVANCED_FACE ( 'NONE', ( #730 ), #2561, .T. ) ;
#629 = DIRECTION ( 'NONE',  ( -1.000000000000000000, 0.0000000000000000000, 0.0000000000000000000 ) ) ;
#630 = LINE ( 'NONE', #1577, #2269 ) ;
#631 = CARTESIAN_POINT ( 'NONE',  ( 3.100000000000000089, 2.700000000000000178, -5.599999999999999645 ) ) ;
#632 = ORIENTED_EDGE ( 'NONE', *, *, #1682, .T. ) ;
#633 = EDGE_LOOP ( 'NONE', ( #2851, #3078, #992, #1199 ) ) ;
#634 = CARTESIAN_POINT ( 'NONE',  ( -1.300000000000000044, 4.599999999999999645, 0.0000000000000000000 ) ) ;
#635 = ORIENTED_EDGE ( 'NONE', *, *, #1810, .T. ) ;
#636 = ORIENTED_EDGE ( 'NONE', *, *, #2841, .F. ) ;
#637 = FILL_AREA_STYLE_COLOUR ( '', #3654 ) ;
#638 = CARTESIAN_POINT ( 'NONE',  ( -3.250000000000000000, 2.399999999999999911, -6.100000000000000533 ) ) ;
#639 = CARTESIAN_POINT ( 'NONE',  ( -1.250000000000000000, 0.4774046824884999873, -7.211960327625999589 ) ) ;
#640 = ORIENTED_EDGE ( 'NONE', *, *, #498, .T. ) ;
#641 = VERTEX_POINT ( 'NONE', #368 ) ;
#642 = CARTESIAN_POINT ( 'NONE',  ( -1.175000000000000044, 0.2387023412442000059, -8.525000000000000355 ) ) ;
#643 = CARTESIAN_POINT ( 'NONE',  ( 0.8000000000000000444, 5.100000000000000533, -6.100000000000000533 ) ) ;
#644 = CARTESIAN_POINT ( 'NONE',  ( 4.769347017913000641, 5.599999999999999645, -0.8000000000000000444 ) ) ;
#645 = CARTESIAN_POINT ( 'NONE',  ( 0.9000000000000000222, 3.350000000000000089, -0.6999999999999999556 ) ) ;
#646 = ADVANCED_FACE ( 'NONE', ( #3756 ), #1597, .T. ) ;
#647 = DIRECTION ( 'NONE',  ( 0.0000000000000000000, -0.5565912251293776425, -0.8307864997151666042 ) ) ;
#648 = ORIENTED_EDGE ( 'NONE', *, *, #2789, .T. ) ;
#649 = VERTEX_POINT ( 'NONE', #3130 ) ;
#650 = PLANE ( 'NONE',  #532 ) ;
#651 = DIRECTION ( 'NONE',  ( 0.0000000000000000000, -1.000000000000000000, 0.0000000000000000000 ) ) ;
#652 = ADVANCED_FACE ( 'NONE', ( #670 ), #3166, .F. ) ;
#653 = VECTOR ( 'NONE', #1774, 1000.000000000000000 ) ;
#654 = EDGE_LOOP ( 'NONE', ( #268, #1787, #883, #1293, #2013, #2033 ) ) ;
#655 = ORIENTED_EDGE ( 'NONE', *, *, #3951, .T. ) ;
#656 = DIRECTION ( 'NONE',  ( 1.000000000000000000, 0.0000000000000000000, 0.0000000000000000000 ) ) ;
#657 = AXIS2_PLACEMENT_3D ( 'NONE', #1227, #806, #3276 ) ;
#658 = DIRECTION ( 'NONE',  ( 0.0000000000000000000, 0.0000000000000000000, 1.000000000000000000 ) ) ;
#659 = DIRECTION ( 'NONE',  ( -1.000000000000000000, 0.0000000000000000000, 0.0000000000000000000 ) ) ;
#660 = VECTOR ( 'NONE', #2481, 1000.000000000000000 ) ;
#661 = LINE ( 'NONE', #1888, #1568 ) ;
#662 = AXIS2_PLACEMENT_3D ( 'NONE', #2198, #2576, #3123 ) ;
#663 = EDGE_LOOP ( 'NONE', ( #2172, #3316, #2702, #934 ) ) ;
#664 = LINE ( 'NONE', #1928, #3197 ) ;
#665 = VECTOR ( 'NONE', #1243, 1000.000000000000000 ) ;
#666 = LINE ( 'NONE', #2826, #3318 ) ;
#667 = VECTOR ( 'NONE', #3853, 1000.000000000000000 ) ;
#668 = DIRECTION ( 'NONE',  ( 0.5773502691896257311, 0.5773502691896257311, 0.5773502691896257311 ) ) ;
#669 = CARTESIAN_POINT ( 'NONE',  ( -3.100000000000000089, 1.100000000000000089, -0.8000000000000000444 ) ) ;
#670 = FACE_OUTER_BOUND ( 'NONE', #6, .T. ) ;
#671 = EDGE_CURVE ( 'NONE', #1769, #3806, #426, .T. ) ;
#672 = ORIENTED_EDGE ( 'NONE', *, *, #3609, .T. ) ;
#673 = ORIENTED_EDGE ( 'NONE', *, *, #4006, .F. ) ;
#674 = DIRECTION ( 'NONE',  ( -1.000000000000000000, 0.0000000000000000000, 0.0000000000000000000 ) ) ;
#675 = DIRECTION ( 'NONE',  ( 0.5773502691896257311, 0.5773502691896257311, -0.5773502691896257311 ) ) ;
#676 = EDGE_CURVE ( 'NONE', #496, #2126, #1579, .T. ) ;
#677 = VERTEX_POINT ( 'NONE', #54 ) ;
#678 = EDGE_CURVE ( 'NONE', #3171, #3079, #689, .T. ) ;
#679 = ORIENTED_EDGE ( 'NONE', *, *, #1224, .T. ) ;
#680 = DIRECTION ( 'NONE',  ( 0.0000000000000000000, 0.0000000000000000000, -1.000000000000000000 ) ) ;
#681 = CARTESIAN_POINT ( 'NONE',  ( 4.000000000000000000, 2.700000000000000178, -5.599999999999999645 ) ) ;
#682 = FACE_OUTER_BOUND ( 'NONE', #1996, .T. ) ;
#683 = VERTEX_POINT ( 'NONE', #1958 ) ;
#684 = FACE_OUTER_BOUND ( 'NONE', #1545, .T. ) ;
#685 = DIRECTION ( 'NONE',  ( 0.0000000000000000000, 0.0000000000000000000, 1.000000000000000000 ) ) ;
#686 = ORIENTED_EDGE ( 'NONE', *, *, #1203, .F. ) ;
#687 = FACE_OUTER_BOUND ( 'NONE', #2173, .T. ) ;
#688 = DIRECTION ( 'NONE',  ( 1.000000000000000000, 0.0000000000000000000, 0.0000000000000000000 ) ) ;
#689 = LINE ( 'NONE', #1267, #1375 ) ;
#690 = EDGE_LOOP ( 'NONE', ( #2666, #2819, #3993, #5 ) ) ;
#691 = VERTEX_POINT ( 'NONE', #98 ) ;
#692 = DIRECTION ( 'NONE',  ( -0.0000000000000000000, 1.000000000000000000, 0.0000000000000000000 ) ) ;
#693 = LINE ( 'NONE', #981, #2545 ) ;
#694 = ORIENTED_EDGE ( 'NONE', *, *, #355, .F. ) ;
#695 = EDGE_LOOP ( 'NONE', ( #762, #1171, #99, #2605, #1686, #4001 ) ) ;
#696 = DIRECTION ( 'NONE',  ( 1.000000000000000000, 0.0000000000000000000, 0.0000000000000000000 ) ) ;
#697 = ADVANCED_FACE ( 'NONE', ( #3780 ), #3737, .T. ) ;
#698 = LINE ( 'NONE', #3826, #1938 ) ;
#699 = LINE ( 'NONE', #990, #995 ) ;
#700 = ORIENTED_EDGE ( 'NONE', *, *, #3987, .T. ) ;
#701 = DIRECTION ( 'NONE',  ( 0.0000000000000000000, -1.000000000000000000, 0.0000000000000000000 ) ) ;
#702 = DIRECTION ( 'NONE',  ( 0.0000000000000000000, 1.000000000000000000, 0.0000000000000000000 ) ) ;
#703 = PLANE ( 'NONE',  #2077 ) ;
#704 = LINE ( 'NONE', #1578, #2016 ) ;
#705 = DIRECTION ( 'NONE',  ( 0.0000000000000000000, 0.0000000000000000000, -1.000000000000000000 ) ) ;
#706 = ORIENTED_EDGE ( 'NONE', *, *, #3830, .T. ) ;
#707 = DIRECTION ( 'NONE',  ( 0.0000000000000000000, 0.0000000000000000000, 1.000000000000000000 ) ) ;
#708 = LINE ( 'NONE', #354, #274 ) ;
#709 = ORIENTED_EDGE ( 'NONE', *, *, #2181, .T. ) ;
#710 = ORIENTED_EDGE ( 'NONE', *, *, #3659, .F. ) ;
#711 = FACE_OUTER_BOUND ( 'NONE', #2177, .T. ) ;
#712 = VECTOR ( 'NONE', #1197, 1000.000000000000000 ) ;
#713 = LINE ( 'NONE', #454, #3122 ) ;
#714 = DIRECTION ( 'NONE',  ( 0.0000000000000000000, 0.0000000000000000000, -1.000000000000000000 ) ) ;
#715 = ORIENTED_EDGE ( 'NONE', *, *, #3479, .T. ) ;
#716 = EDGE_CURVE ( 'NONE', #2062, #641, #1642, .T. ) ;
#717 = VECTOR ( 'NONE', #531, 1000.000000000000000 ) ;
#718 = VECTOR ( 'NONE', #2786, 1000.000000000000000 ) ;
#719 = DIRECTION ( 'NONE',  ( 1.000000000000000000, 0.0000000000000000000, 0.0000000000000000000 ) ) ;
#720 = AXIS2_PLACEMENT_3D ( 'NONE', #3896, #725, #2595 ) ;
#721 = AXIS2_PLACEMENT_3D ( 'NONE', #3565, #3832, #155 ) ;
#722 = DIRECTION ( 'NONE',  ( -1.000000000000000000, 0.0000000000000000000, 0.0000000000000000000 ) ) ;
#723 = LINE ( 'NONE', #2286, #3771 ) ;
#724 = EDGE_CURVE ( 'NONE', #1457, #3292, #958, .T. ) ;
#725 = DIRECTION ( 'NONE',  ( 0.0000000000000000000, -1.000000000000000000, 0.0000000000000000000 ) ) ;
#726 = VECTOR ( 'NONE', #3014, 1000.000000000000000 ) ;
#727 = VECTOR ( 'NONE', #237, 1000.000000000000000 ) ;
#728 = DIRECTION ( 'NONE',  ( 1.000000000000000000, 0.0000000000000000000, 0.0000000000000000000 ) ) ;
#729 = VECTOR ( 'NONE', #3711, 1000.000000000000000 ) ;
#730 = FACE_OUTER_BOUND ( 'NONE', #3966, .T. ) ;
#731 = ORIENTED_EDGE ( 'NONE', *, *, #102, .F. ) ;
#732 = CARTESIAN_POINT ( 'NONE',  ( -3.100000000000000089, 3.500000000000000000, 0.0000000000000000000 ) ) ;
#733 = CARTESIAN_POINT ( 'NONE',  ( -1.800000000000000044, 0.0000000000000000000, 0.0000000000000000000 ) ) ;
#734 = VECTOR ( 'NONE', #1547, 1000.000000000000000 ) ;
#735 = ORIENTED_EDGE ( 'NONE', *, *, #1640, .T. ) ;
#736 = ORIENTED_EDGE ( 'NONE', *, *, #2257, .F. ) ;
#737 = DIRECTION ( 'NONE',  ( 0.0000000000000000000, -1.000000000000000000, 0.0000000000000000000 ) ) ;
#738 = EDGE_CURVE ( 'NONE', #2505, #2126, #3429, .T. ) ;
#739 = DIRECTION ( 'NONE',  ( 0.0000000000000000000, 1.000000000000000000, 0.0000000000000000000 ) ) ;
#740 = DIRECTION ( 'NONE',  ( -1.000000000000000000, 0.0000000000000000000, 0.0000000000000000000 ) ) ;
#741 = ORIENTED_EDGE ( 'NONE', *, *, #3383, .F. ) ;
#742 = CARTESIAN_POINT ( 'NONE',  ( 3.100000000000000089, 0.0000000000000000000, 0.0000000000000000000 ) ) ;
#743 = EDGE_CURVE ( 'NONE', #2169, #2501, #2249, .T. ) ;
#744 = EDGE_LOOP ( 'NONE', ( #1711, #2916, #2250, #1484 ) ) ;
#745 = FACE_OUTER_BOUND ( 'NONE', #1585, .T. ) ;
#746 = DIRECTION ( 'NONE',  ( 1.000000000000000000, 0.0000000000000000000, 0.0000000000000000000 ) ) ;
#747 = DIRECTION ( 'NONE',  ( 1.000000000000000000, 0.0000000000000000000, 0.0000000000000000000 ) ) ;
#748 = EDGE_CURVE ( 'NONE', #2598, #691, #2538, .T. ) ;
#749 = EDGE_CURVE ( 'NONE', #2090, #2811, #1615, .T. ) ;
#750 = PLANE ( 'NONE',  #399 ) ;
#751 = VERTEX_POINT ( 'NONE', #3492 ) ;
#752 = LINE ( 'NONE', #117, #3380 ) ;
#753 = DIRECTION ( 'NONE',  ( 0.0000000000000000000, 0.0000000000000000000, -1.000000000000000000 ) ) ;
#754 = ORIENTED_EDGE ( 'NONE', *, *, #3358, .T. ) ;
#755 = EDGE_LOOP ( 'NONE', ( #3092, #2796, #2329, #3594 ) ) ;
#756 = DIRECTION ( 'NONE',  ( 1.000000000000000000, 0.0000000000000000000, 0.0000000000000000000 ) ) ;
#757 = LINE ( 'NONE', #1664, #2411 ) ;
#758 = LINE ( 'NONE', #1395, #3713 ) ;
#759 = FACE_OUTER_BOUND ( 'NONE', #2740, .T. ) ;
#760 = DIRECTION ( 'NONE',  ( 0.0000000000000000000, -1.000000000000000000, 0.0000000000000000000 ) ) ;
#761 = CARTESIAN_POINT ( 'NONE',  ( 1.250000000000000000, 3.500000000000000000, -6.100000000000000533 ) ) ;
#762 = ORIENTED_EDGE ( 'NONE', *, *, #3604, .T. ) ;
#763 = ORIENTED_EDGE ( 'NONE', *, *, #3746, .F. ) ;
#764 = DIRECTION ( 'NONE',  ( -0.0000000000000000000, 1.000000000000000000, 0.0000000000000000000 ) ) ;
#765 = CARTESIAN_POINT ( 'NONE',  ( -1.800000000000000044, 5.599999999999999645, -6.100000000000000533 ) ) ;
#766 = CARTESIAN_POINT ( 'NONE',  ( 4.000000000000000000, 0.0000000000000000000, -7.599999999999999645 ) ) ;
#767 = VERTEX_POINT ( 'NONE', #409 ) ;
#768 = EDGE_CURVE ( 'NONE', #2445, #3289, #1872, .T. ) ;
#769 = EDGE_CURVE ( 'NONE', #2022, #3029, #1345, .T. ) ;
#770 = LINE ( 'NONE', #1102, #3582 ) ;
#771 = ORIENTED_EDGE ( 'NONE', *, *, #2256, .F. ) ;
#772 = VERTEX_POINT ( 'NONE', #1060 ) ;
#773 = ADVANCED_FACE ( 'NONE', ( #1081 ), #3571, .T. ) ;
#774 = EDGE_CURVE ( 'NONE', #2511, #3968, #1973, .T. ) ;
#775 = CARTESIAN_POINT ( 'NONE',  ( -3.799999999999999822, 4.799999999999999822, -2.600000000000000089 ) ) ;
#776 = DIRECTION ( 'NONE',  ( -1.000000000000000000, 0.0000000000000000000, 0.0000000000000000000 ) ) ;
#777 = CARTESIAN_POINT ( 'NONE',  ( 4.000000000000000000, 5.599999999999999645, -0.8000000000000000444 ) ) ;
#778 = ORIENTED_EDGE ( 'NONE', *, *, #1838, .F. ) ;
#779 = VECTOR ( 'NONE', #3998, 1000.000000000000000 ) ;
#780 = DIRECTION ( 'NONE',  ( 1.000000000000000000, 0.0000000000000000000, 0.0000000000000000000 ) ) ;
#781 = DIRECTION ( 'NONE',  ( -1.000000000000000000, 0.0000000000000000000, 0.0000000000000000000 ) ) ;
#782 = VECTOR ( 'NONE', #1285, 1000.000000000000000 ) ;
#783 = CARTESIAN_POINT ( 'NONE',  ( 1.800000000000000044, 0.2000000000000000111, 0.0000000000000000000 ) ) ;
#784 = AXIS2_PLACEMENT_3D ( 'NONE', #3719, #516, #1727 ) ;
#785 = EDGE_LOOP ( 'NONE', ( #3261, #812, #1566, #610, #2038, #1744, #2187, #1795, #1313, #1177, #1485, #908, #2325, #2957, #2237, #3502, #1288, #1902, #648, #352 ) ) ;
#786 = VERTEX_POINT ( 'NONE', #1739 ) ;
#787 = DIRECTION ( 'NONE',  ( 0.0000000000000000000, -1.000000000000000000, 0.0000000000000000000 ) ) ;
#788 = CARTESIAN_POINT ( 'NONE',  ( 0.7500000000000000000, 3.500000000000000000, -6.100000000000000533 ) ) ;
#789 = VECTOR ( 'NONE', #1133, 1000.000000000000000 ) ;
#790 = VECTOR ( 'NONE', #1524, 1000.000000000000000 ) ;
#791 = EDGE_CURVE ( 'NONE', #3431, #2895, #2357, .T. ) ;
#792 = LINE ( 'NONE', #2969, #462 ) ;
#793 = AXIS2_PLACEMENT_3D ( 'NONE', #371, #1040, #1936 ) ;
#794 = AXIS2_PLACEMENT_3D ( 'NONE', #1260, #2509, #933 ) ;
#795 = ORIENTED_EDGE ( 'NONE', *, *, #2694, .T. ) ;
#796 = CARTESIAN_POINT ( 'NONE',  ( -1.300000000000000044, 5.100000000000000533, -6.100000000000000533 ) ) ;
#797 = DIRECTION ( 'NONE',  ( 0.0000000000000000000, 1.000000000000000000, 0.0000000000000000000 ) ) ;
#798 = VECTOR ( 'NONE', #701, 1000.000000000000000 ) ;
#799 = AXIS2_PLACEMENT_3D ( 'NONE', #3225, #1062, #1993 ) ;
#800 = EDGE_CURVE ( 'NONE', #3679, #459, #792, .T. ) ;
#801 = VERTEX_POINT ( 'NONE', #3881 ) ;
#802 = AXIS2_PLACEMENT_3D ( 'NONE', #458, #1984, #2029 ) ;
#803 = DIRECTION ( 'NONE',  ( -1.000000000000000000, 0.0000000000000000000, 0.0000000000000000000 ) ) ;
#804 = EDGE_CURVE ( 'NONE', #3742, #2254, #1991, .T. ) ;
#805 = EDGE_CURVE ( 'NONE', #1848, #3882, #3306, .T. ) ;
#806 = DIRECTION ( 'NONE',  ( -1.000000000000000000, 0.0000000000000000000, 0.0000000000000000000 ) ) ;
#807 = DIRECTION ( 'NONE',  ( -1.000000000000000000, 0.0000000000000000000, 0.0000000000000000000 ) ) ;
#808 = EDGE_LOOP ( 'NONE', ( #358, #514, #1481, #92 ) ) ;
#809 = CARTESIAN_POINT ( 'NONE',  ( -0.5000000000000000000, 4.400000000000000355, 0.0000000000000000000 ) ) ;
#810 = DIRECTION ( 'NONE',  ( 0.0000000000000000000, 0.0000000000000000000, -1.000000000000000000 ) ) ;
#811 = CARTESIAN_POINT ( 'NONE',  ( 4.000000000000000000, 2.700000000000000178, -1.000000000000000000 ) ) ;
#812 = ORIENTED_EDGE ( 'NONE', *, *, #3725, .T. ) ;
#813 = VERTEX_POINT ( 'NONE', #3270 ) ;
#814 = CARTESIAN_POINT ( 'NONE',  ( 1.250000000000000000, 3.000000000000000000, -6.179846321567000089 ) ) ;
#815 = FACE_OUTER_BOUND ( 'NONE', #559, .T. ) ;
#816 = DIRECTION ( 'NONE',  ( 0.0000000000000000000, 0.0000000000000000000, 1.000000000000000000 ) ) ;
#817 = ORIENTED_EDGE ( 'NONE', *, *, #1074, .T. ) ;
#818 = DIRECTION ( 'NONE',  ( 0.0000000000000000000, 0.0000000000000000000, 1.000000000000000000 ) ) ;
#819 = PLANE ( 'NONE',  #1567 ) ;
#820 = ORIENTED_EDGE ( 'NONE', *, *, #3173, .T. ) ;
#821 = ORIENTED_EDGE ( 'NONE', *, *, #3179, .T. ) ;
#822 = CARTESIAN_POINT ( 'NONE',  ( 2.299999999999999822, 5.599999999999999645, -2.100000000000000089 ) ) ;
#823 = LINE ( 'NONE', #3091, #919 ) ;
#824 = DIRECTION ( 'NONE',  ( -1.000000000000000000, 0.0000000000000000000, 0.0000000000000000000 ) ) ;
#825 = ORIENTED_EDGE ( 'NONE', *, *, #124, .F. ) ;
#826 = ADVANCED_FACE ( 'NONE', ( #493 ), #529, .F. ) ;
#827 = ADVANCED_FACE ( 'NONE', ( #1720 ), #3223, .T. ) ;
#828 = PLANE ( 'NONE',  #1700 ) ;
#829 = DIRECTION ( 'NONE',  ( 1.000000000000000000, 0.0000000000000000000, 0.0000000000000000000 ) ) ;
#830 = DIRECTION ( 'NONE',  ( 0.0000000000000000000, 1.000000000000000000, 0.0000000000000000000 ) ) ;
#831 = ORIENTED_EDGE ( 'NONE', *, *, #2893, .F. ) ;
#832 = EDGE_LOOP ( 'NONE', ( #3955, #963, #2435, #3220 ) ) ;
#833 = LINE ( 'NONE', #964, #1563 ) ;
#834 = FACE_OUTER_BOUND ( 'NONE', #1901, .T. ) ;
#835 = ORIENTED_EDGE ( 'NONE', *, *, #1025, .T. ) ;
#836 = CARTESIAN_POINT ( 'NONE',  ( 14.42880000000000074, 0.6774046824885000539, -7.211960327625999589 ) ) ;
#837 = LINE ( 'NONE', #2061, #2347 ) ;
#838 = ORIENTED_EDGE ( 'NONE', *, *, #2965, .T. ) ;
#839 = ORIENTED_EDGE ( 'NONE', *, *, #2303, .T. ) ;
#840 = DIRECTION ( 'NONE',  ( -1.000000000000000000, 0.0000000000000000000, 0.0000000000000000000 ) ) ;
#841 = EDGE_CURVE ( 'NONE', #3466, #1307, #160, .T. ) ;
#842 = CARTESIAN_POINT ( 'NONE',  ( 3.100000000000000089, 3.449571404000999930, -2.600000000000000089 ) ) ;
#843 = ORIENTED_EDGE ( 'NONE', *, *, #3530, .T. ) ;
#844 = CARTESIAN_POINT ( 'NONE',  ( 0.5000000000000000000, 5.100000000000000533, -5.000000000000000000 ) ) ;
#845 = PLANE ( 'NONE',  #457 ) ;
#846 = ADVANCED_FACE ( 'NONE', ( #2642 ), #197, .T. ) ;
#847 = LINE ( 'NONE', #3060, #3322 ) ;
#848 = ORIENTED_EDGE ( 'NONE', *, *, #3320, .T. ) ;
#849 = ORIENTED_EDGE ( 'NONE', *, *, #3248, .T. ) ;
#850 = CARTESIAN_POINT ( 'NONE',  ( 4.000000000000000000, 3.449571404000999930, -5.599999999999999645 ) ) ;
#851 = DIRECTION ( 'NONE',  ( 0.0000000000000000000, 0.0000000000000000000, 1.000000000000000000 ) ) ;
#852 = CIRCLE ( 'NONE', #3508, 0.2000000000000003719 ) ;
#853 = EDGE_CURVE ( 'NONE', #3084, #3133, #1442, .T. ) ;
#854 = EDGE_CURVE ( 'NONE', #925, #2191, #3925, .T. ) ;
#855 = DIRECTION ( 'NONE',  ( 0.0000000000000000000, -1.000000000000000000, 0.0000000000000000000 ) ) ;
#856 = ORIENTED_EDGE ( 'NONE', *, *, #1854, .F. ) ;
#857 = CARTESIAN_POINT ( 'NONE',  ( 1.300000000000000044, 5.100000000000000533, -6.100000000000000533 ) ) ;
#858 = VECTOR ( 'NONE', #2240, 1000.000000000000000 ) ;
#859 = AXIS2_PLACEMENT_3D ( 'NONE', #766, #3862, #2377 ) ;
#860 = LINE ( 'NONE', #2085, #1768 ) ;
#861 = VECTOR ( 'NONE', #293, 1000.000000000000000 ) ;
#862 = VECTOR ( 'NONE', #1144, 1000.000000000000000 ) ;
#863 = ORIENTED_EDGE ( 'NONE', *, *, #2910, .T. ) ;
#864 = ORIENTED_EDGE ( 'NONE', *, *, #3407, .T. ) ;
#865 = DIRECTION ( 'NONE',  ( 0.0000000000000000000, 0.0000000000000000000, -1.000000000000000000 ) ) ;
#866 = AXIS2_PLACEMENT_3D ( 'NONE', #1344, #2578, #728 ) ;
#867 = VECTOR ( 'NONE', #18, 1000.000000000000000 ) ;
#868 = VECTOR ( 'NONE', #367, 1000.000000000000227 ) ;
#869 = PLANE ( 'NONE',  #2678 ) ;
#870 = CARTESIAN_POINT ( 'NONE',  ( 2.299999999999999822, 5.599999999999999645, -2.100000000000000089 ) ) ;
#871 = DIRECTION ( 'NONE',  ( 0.0000000000000000000, 0.0000000000000000000, 1.000000000000000000 ) ) ;
#872 = CARTESIAN_POINT ( 'NONE',  ( -4.000000000000000000, 4.799999999999999822, -5.599999999999999645 ) ) ;
#873 = EDGE_LOOP ( 'NONE', ( #3095, #878, #3354, #3545 ) ) ;
#874 = ORIENTED_EDGE ( 'NONE', *, *, #3699, .F. ) ;
#875 = CARTESIAN_POINT ( 'NONE',  ( 1.250000000000000000, 0.4774046824884999873, -7.211960327625999589 ) ) ;
#876 = DIRECTION ( 'NONE',  ( 0.0000000000000000000, -1.000000000000000000, 0.0000000000000000000 ) ) ;
#877 = ADVANCED_FACE ( 'NONE', ( #3536 ), #750, .T. ) ;
#878 = ORIENTED_EDGE ( 'NONE', *, *, #3242, .T. ) ;
#879 = CARTESIAN_POINT ( 'NONE',  ( 0.8000000000000000444, 4.400000000000000355, -6.100000000000000533 ) ) ;
#880 = EDGE_CURVE ( 'NONE', #1033, #3238, #2164, .T. ) ;
#881 = ADVANCED_FACE ( 'NONE', ( #1501 ), #303, .F. ) ;
#882 = ORIENTED_EDGE ( 'NONE', *, *, #791, .F. ) ;
#883 = ORIENTED_EDGE ( 'NONE', *, *, #1859, .T. ) ;
#884 = DIRECTION ( 'NONE',  ( 0.0000000000000000000, 0.0000000000000000000, -1.000000000000000000 ) ) ;
#885 = DIRECTION ( 'NONE',  ( 0.0000000000000000000, 0.0000000000000000000, -1.000000000000000000 ) ) ;
#886 = ORIENTED_EDGE ( 'NONE', *, *, #2806, .T. ) ;
#887 = FACE_OUTER_BOUND ( 'NONE', #1130, .T. ) ;
#888 = LINE ( 'NONE', #1138, #2667 ) ;
#889 = DIRECTION ( 'NONE',  ( 0.0000000000000000000, -1.000000000000000000, 0.0000000000000000000 ) ) ;
#890 = ORIENTED_EDGE ( 'NONE', *, *, #2393, .T. ) ;
#891 = ORIENTED_EDGE ( 'NONE', *, *, #2393, .F. ) ;
#892 = DIRECTION ( 'NONE',  ( 0.0000000000000000000, 1.000000000000000000, 0.0000000000000000000 ) ) ;
#893 = FACE_OUTER_BOUND ( 'NONE', #1002, .T. ) ;
#894 = DIRECTION ( 'NONE',  ( 0.0000000000000000000, 0.9903347796098926903, 0.1386976001775989675 ) ) ;
#895 = DIRECTION ( 'NONE',  ( -1.000000000000000000, 0.0000000000000000000, 0.0000000000000000000 ) ) ;
#896 = CARTESIAN_POINT ( 'NONE',  ( -3.250000000000000000, 2.495064510581000317, -7.599999999999999645 ) ) ;
#897 = DIRECTION ( 'NONE',  ( 0.0000000000000000000, 0.0000000000000000000, 1.000000000000000000 ) ) ;
#898 = ORIENTED_EDGE ( 'NONE', *, *, #2442, .T. ) ;
#899 = EDGE_CURVE ( 'NONE', #3200, #3541, #2395, .T. ) ;
#900 = ORIENTED_EDGE ( 'NONE', *, *, #3671, .T. ) ;
#901 = CARTESIAN_POINT ( 'NONE',  ( 0.7500000000000000000, 3.500000000000000000, -6.179846321567000089 ) ) ;
#902 = DIRECTION ( 'NONE',  ( -1.000000000000000000, 0.0000000000000000000, 0.0000000000000000000 ) ) ;
#903 = EDGE_CURVE ( 'NONE', #4023, #3266, #1223, .T. ) ;
#904 = ORIENTED_EDGE ( 'NONE', *, *, #3182, .F. ) ;
#905 = LINE ( 'NONE', #3935, #2153 ) ;
#906 = CARTESIAN_POINT ( 'NONE',  ( 4.000000000000000000, 5.599999999999999645, -6.100000000000000533 ) ) ;
#907 = CARTESIAN_POINT ( 'NONE',  ( -4.000000000000000000, 0.0000000000000000000, -7.599999999999999645 ) ) ;
#908 = ORIENTED_EDGE ( 'NONE', *, *, #2908, .F. ) ;
#909 = ORIENTED_EDGE ( 'NONE', *, *, #2641, .F. ) ;
#910 = CARTESIAN_POINT ( 'NONE',  ( -1.800000000000000044, 5.599999999999999645, -2.100000000000000089 ) ) ;
#911 = FACE_BOUND ( 'NONE', #2693, .T. ) ;
#912 = DIRECTION ( 'NONE',  ( 0.0000000000000000000, -1.000000000000000000, 0.0000000000000000000 ) ) ;
#913 = DIRECTION ( 'NONE',  ( -1.000000000000000000, 0.0000000000000000000, 0.0000000000000000000 ) ) ;
#914 = VECTOR ( 'NONE', #3464, 1000.000000000000000 ) ;
#915 = EDGE_CURVE ( 'NONE', #414, #801, #1820, .T. ) ;
#916 = DIRECTION ( 'NONE',  ( -1.000000000000000000, 0.0000000000000000000, 0.0000000000000000000 ) ) ;
#917 = AXIS2_PLACEMENT_3D ( 'NONE', #2397, #573, #1842 ) ;
#918 = ORIENTED_EDGE ( 'NONE', *, *, #2402, .F. ) ;
#919 = VECTOR ( 'NONE', #897, 1000.000000000000000 ) ;
#920 = ORIENTED_EDGE ( 'NONE', *, *, #3382, .F. ) ;
#921 = CARTESIAN_POINT ( 'NONE',  ( 1.250000000000000000, 3.069348800088999685, -6.675013711372000280 ) ) ;
#922 = VECTOR ( 'NONE', #1964, 1000.000000000000000 ) ;
#923 = VECTOR ( 'NONE', #3772, 1000.000000000000000 ) ;
#924 = VERTEX_POINT ( 'NONE', #3655 ) ;
#925 = VERTEX_POINT ( 'NONE', #3348 ) ;
#926 = VECTOR ( 'NONE', #2832, 1000.000000000000000 ) ;
#927 = CIRCLE ( 'NONE', #1947, 0.7000000000000005107 ) ;
#928 = CARTESIAN_POINT ( 'NONE',  ( 0.0000000000000000000, 0.0000000000000000000, 0.0000000000000000000 ) ) ;
#929 = ADVANCED_FACE ( 'NONE', ( #3961 ), #571, .F. ) ;
#930 = EDGE_CURVE ( 'NONE', #174, #3688, #613, .T. ) ;
#931 = VECTOR ( 'NONE', #592, 1000.000000000000000 ) ;
#932 = DIRECTION ( 'NONE',  ( -1.000000000000000000, 0.0000000000000000000, 0.0000000000000000000 ) ) ;
#933 = DIRECTION ( 'NONE',  ( 0.0000000000000000000, -0.1386976001775988288, 0.9903347796098928013 ) ) ;
#934 = ORIENTED_EDGE ( 'NONE', *, *, #1995, .T. ) ;
#935 = ORIENTED_EDGE ( 'NONE', *, *, #1351, .T. ) ;
#936 = AXIS2_PLACEMENT_3D ( 'NONE', #2192, #2241, #336 ) ;
#937 = DIRECTION ( 'NONE',  ( -1.000000000000000000, 0.0000000000000000000, 0.0000000000000000000 ) ) ;
#938 = DIRECTION ( 'NONE',  ( 1.000000000000000000, 0.0000000000000000000, 0.0000000000000000000 ) ) ;
#939 = CARTESIAN_POINT ( 'NONE',  ( 4.000000000000000000, 0.0000000000000000000, 0.0000000000000000000 ) ) ;
#940 = PLANE ( 'NONE',  #408 ) ;
#941 = DIRECTION ( 'NONE',  ( 0.0000000000000000000, 0.0000000000000000000, 1.000000000000000000 ) ) ;
#942 = ORIENTED_EDGE ( 'NONE', *, *, #2491, .T. ) ;
#943 = ORIENTED_EDGE ( 'NONE', *, *, #1658, .F. ) ;
#944 = CARTESIAN_POINT ( 'NONE',  ( 2.399999999999999911, 2.700000000000000178, -1.000000000000000000 ) ) ;
#945 = ORIENTED_EDGE ( 'NONE', *, *, #2516, .T. ) ;
#946 = ORIENTED_EDGE ( 'NONE', *, *, #3035, .F. ) ;
#947 = LINE ( 'NONE', #2853, #1309 ) ;
#948 = CARTESIAN_POINT ( 'NONE',  ( -3.250000000000000000, 5.599999999999999645, -9.583278659560001245 ) ) ;
#949 = ORIENTED_EDGE ( 'NONE', *, *, #1203, .T. ) ;
#950 = ORIENTED_EDGE ( 'NONE', *, *, #3036, .F. ) ;
#951 = ADVANCED_FACE ( 'NONE', ( #3691, #1841, #2748, #911 ), #1780, .F. ) ;
#952 = EDGE_CURVE ( 'NONE', #3292, #1467, #2080, .T. ) ;
#953 = CARTESIAN_POINT ( 'NONE',  ( 3.799999999999999822, 3.449571404000999930, -5.599999999999999645 ) ) ;
#954 = DIRECTION ( 'NONE',  ( -1.000000000000000000, 0.0000000000000000000, 0.0000000000000000000 ) ) ;
#955 = EDGE_CURVE ( 'NONE', #3442, #3629, #261, .T. ) ;
#956 = DIRECTION ( 'NONE',  ( 0.0000000000000000000, 0.0000000000000000000, -1.000000000000000000 ) ) ;
#957 = DIRECTION ( 'NONE',  ( 0.0000000000000000000, 0.0000000000000000000, 1.000000000000000000 ) ) ;
#958 = LINE ( 'NONE', #2866, #3703 ) ;
#959 = ORIENTED_EDGE ( 'NONE', *, *, #2227, .F. ) ;
#960 = DIRECTION ( 'NONE',  ( 0.0000000000000000000, 0.0000000000000000000, 1.000000000000000000 ) ) ;
#961 = DIRECTION ( 'NONE',  ( -1.000000000000000000, 0.0000000000000000000, 0.0000000000000000000 ) ) ;
#962 = ORIENTED_EDGE ( 'NONE', *, *, #1098, .T. ) ;
#963 = ORIENTED_EDGE ( 'NONE', *, *, #3932, .F. ) ;
#964 = CARTESIAN_POINT ( 'NONE',  ( 0.7500000000000000000, 3.000000000000000000, -0.8499999999999999778 ) ) ;
#965 =( LENGTH_UNIT ( ) NAMED_UNIT ( * ) SI_UNIT ( .MILLI., .METRE. ) );
#966 = EDGE_CURVE ( 'NONE', #83, #3168, #2439, .T. ) ;
#967 = LINE ( 'NONE', #1850, #2473 ) ;
#968 = DIRECTION ( 'NONE',  ( 0.0000000000000000000, 1.000000000000000000, 0.0000000000000000000 ) ) ;
#969 = ORIENTED_EDGE ( 'NONE', *, *, #3671, .F. ) ;
#970 = ORIENTED_EDGE ( 'NONE', *, *, #167, .F. ) ;
#971 = PLANE ( 'NONE',  #2354 ) ;
#972 = EDGE_CURVE ( 'NONE', #568, #2637, #2767, .T. ) ;
#973 = LINE ( 'NONE', #95, #1564 ) ;
#974 = LINE ( 'NONE', #1326, #3072 ) ;
#975 = DIRECTION ( 'NONE',  ( 0.0000000000000000000, 0.0000000000000000000, -1.000000000000000000 ) ) ;
#976 = EDGE_CURVE ( 'NONE', #3710, #3701, #590, .T. ) ;
#977 = EDGE_CURVE ( 'NONE', #1791, #507, #4003, .T. ) ;
#978 = DIRECTION ( 'NONE',  ( 0.0000000000000000000, 0.0000000000000000000, 1.000000000000000000 ) ) ;
#979 = ORIENTED_EDGE ( 'NONE', *, *, #2634, .T. ) ;
#980 = ORIENTED_EDGE ( 'NONE', *, *, #1588, .T. ) ;
#981 = CARTESIAN_POINT ( 'NONE',  ( 4.000000000000000000, 2.700000000000000178, -0.8000000000000000444 ) ) ;
#982 = AXIS2_PLACEMENT_3D ( 'NONE', #2037, #2328, #3617 ) ;
#983 = ORIENTED_EDGE ( 'NONE', *, *, #3012, .F. ) ;
#984 = VERTEX_POINT ( 'NONE', #3674 ) ;
#985 = FACE_OUTER_BOUND ( 'NONE', #3656, .T. ) ;
#986 = VECTOR ( 'NONE', #680, 1000.000000000000000 ) ;
#987 =( NAMED_UNIT ( * ) PLANE_ANGLE_UNIT ( ) SI_UNIT ( $, .RADIAN. ) );
#988 = LINE ( 'NONE', #2794, #2860 ) ;
#989 = CIRCLE ( 'NONE', #338, 0.2000000000000003719 ) ;
#990 = CARTESIAN_POINT ( 'NONE',  ( 4.000000000000000000, 1.100000000000000089, -3.000000000000000000 ) ) ;
#991 = VECTOR ( 'NONE', #435, 1000.000000000000000 ) ;
#992 = ORIENTED_EDGE ( 'NONE', *, *, #3732, .F. ) ;
#993 = CARTESIAN_POINT ( 'NONE',  ( 3.799999999999999822, 4.799999999999999822, -2.600000000000000089 ) ) ;
#994 = VECTOR ( 'NONE', #2415, 1000.000000000000000 ) ;
#995 = VECTOR ( 'NONE', #1572, 1000.000000000000000 ) ;
#996 = CARTESIAN_POINT ( 'NONE',  ( 0.0000000000000000000, 0.0000000000000000000, -0.6999999999999999556 ) ) ;
#997 = EDGE_LOOP ( 'NONE', ( #1845, #3338, #127, #3118 ) ) ;
#998 = VECTOR ( 'NONE', #2387, 1000.000000000000000 ) ;
#999 = LINE ( 'NONE', #1892, #2535 ) ;
#1000 = DIRECTION ( 'NONE',  ( 0.0000000000000000000, 1.112359846096000095E-14, -1.000000000000000000 ) ) ;
#1001 = CARTESIAN_POINT ( 'NONE',  ( 1.800000000000000044, 0.0000000000000000000, 0.0000000000000000000 ) ) ;
#1002 = EDGE_LOOP ( 'NONE', ( #3562, #900, #2239, #554 ) ) ;
#1003 = ORIENTED_EDGE ( 'NONE', *, *, #1006, .F. ) ;
#1004 = ADVANCED_FACE ( 'NONE', ( #3331 ), #553, .F. ) ;
#1005 = CARTESIAN_POINT ( 'NONE',  ( -2.399999999999999911, 4.599999999999999645, 0.0000000000000000000 ) ) ;
#1006 = EDGE_CURVE ( 'NONE', #427, #813, #1324, .T. ) ;
#1007 = FACE_OUTER_BOUND ( 'NONE', #2404, .T. ) ;
#1008 = ORIENTED_EDGE ( 'NONE', *, *, #2181, .F. ) ;
#1009 = EDGE_LOOP ( 'NONE', ( #1410, #2233, #2532, #1272 ) ) ;
#1010 = LINE ( 'NONE', #1941, #2737 ) ;
#1011 = SURFACE_STYLE_USAGE ( .BOTH. , #1295 ) ;
#1012 = DIRECTION ( 'NONE',  ( 1.000000000000000000, 0.0000000000000000000, 0.0000000000000000000 ) ) ;
#1013 = CARTESIAN_POINT ( 'NONE',  ( 2.399999999999999911, 0.5000000000000000000, 0.0000000000000000000 ) ) ;
#1014 = ORIENTED_EDGE ( 'NONE', *, *, #1858, .F. ) ;
#1015 = DIRECTION ( 'NONE',  ( 0.0000000000000000000, 0.0000000000000000000, -1.000000000000000000 ) ) ;
#1016 = PLANE ( 'NONE',  #2675 ) ;
#1017 = ORIENTED_EDGE ( 'NONE', *, *, #3852, .T. ) ;
#1018 = CARTESIAN_POINT ( 'NONE',  ( 0.8000000000000000444, 4.400000000000000355, -5.599999999999999645 ) ) ;
#1019 = CARTESIAN_POINT ( 'NONE',  ( 3.250000000000000000, 0.5000000000000000000, -6.100000000000000533 ) ) ;
#1020 = EDGE_CURVE ( 'NONE', #691, #3100, #3468, .T. ) ;
#1021 = DIRECTION ( 'NONE',  ( -1.000000000000000000, 0.0000000000000000000, 0.0000000000000000000 ) ) ;
#1022 = EDGE_LOOP ( 'NONE', ( #1239, #3048, #497, #1017 ) ) ;
#1023 = DIRECTION ( 'NONE',  ( 1.000000000000000000, 0.0000000000000000000, 0.0000000000000000000 ) ) ;
#1024 = CARTESIAN_POINT ( 'NONE',  ( -14.42880000000000074, 3.000000000000000000, -6.179846321567000089 ) ) ;
#1025 = EDGE_CURVE ( 'NONE', #3244, #1670, #3489, .T. ) ;
#1026 = ORIENTED_EDGE ( 'NONE', *, *, #1074, .F. ) ;
#1027 = ORIENTED_EDGE ( 'NONE', *, *, #3859, .F. ) ;
#1028 = CARTESIAN_POINT ( 'NONE',  ( -3.250000000000000000, 2.399999999999999911, -6.100000000000000533 ) ) ;
#1029 = ADVANCED_FACE ( 'NONE', ( #1636 ), #3147, .T. ) ;
#1030 = PLANE ( 'NONE',  #1874 ) ;
#1031 = DIRECTION ( 'NONE',  ( 0.0000000000000000000, 0.0000000000000000000, -1.000000000000000000 ) ) ;
#1032 = ORIENTED_EDGE ( 'NONE', *, *, #255, .T. ) ;
#1033 = VERTEX_POINT ( 'NONE', #381 ) ;
#1034 = CARTESIAN_POINT ( 'NONE',  ( -0.5000000000000000000, 5.100000000000000533, 0.0000000000000000000 ) ) ;
#1035 = CARTESIAN_POINT ( 'NONE',  ( -2.299999999999999822, 4.400000000000000355, -6.100000000000000533 ) ) ;
#1036 = CARTESIAN_POINT ( 'NONE',  ( 3.250000000000000000, 0.0000000000000000000, -7.599999999999999645 ) ) ;
#1037 = DIRECTION ( 'NONE',  ( 0.0000000000000000000, -1.000000000000000000, 0.0000000000000000000 ) ) ;
#1038 = ORIENTED_EDGE ( 'NONE', *, *, #2888, .F. ) ;
#1039 = DIRECTION ( 'NONE',  ( 0.0000000000000000000, 0.0000000000000000000, -1.000000000000000000 ) ) ;
#1040 = DIRECTION ( 'NONE',  ( 1.000000000000000000, 0.0000000000000000000, 0.0000000000000000000 ) ) ;
#1041 = VERTEX_POINT ( 'NONE', #3103 ) ;
#1042 = VERTEX_POINT ( 'NONE', #3797 ) ;
#1043 = LINE ( 'NONE', #359, #1050 ) ;
#1044 = CARTESIAN_POINT ( 'NONE',  ( 0.5000000000000000000, 4.100000000000000533, 0.0000000000000000000 ) ) ;
#1045 = EDGE_LOOP ( 'NONE', ( #710, #3049, #1534, #1729, #835, #1321, #754, #4013, #2606, #2548, #280 ) ) ;
#1046 = VECTOR ( 'NONE', #1329, 1000.000000000000000 ) ;
#1047 = ADVANCED_FACE ( 'NONE', ( #1610 ), #1016, .F. ) ;
#1048 = EDGE_CURVE ( 'NONE', #2946, #3420, #2859, .T. ) ;
#1049 = FACE_OUTER_BOUND ( 'NONE', #2427, .T. ) ;
#1050 = VECTOR ( 'NONE', #1663, 1000.000000000000000 ) ;
#1051 = VECTOR ( 'NONE', #894, 1000.000000000000114 ) ;
#1052 = DIRECTION ( 'NONE',  ( 0.0000000000000000000, -0.1386976001775986622, 0.9903347796098928013 ) ) ;
#1053 = LINE ( 'NONE', #761, #2276 ) ;
#1054 = ORIENTED_EDGE ( 'NONE', *, *, #605, .F. ) ;
#1055 = LINE ( 'NONE', #1718, #3770 ) ;
#1056 = AXIS2_PLACEMENT_3D ( 'NONE', #3050, #311, #269 ) ;
#1057 = VECTOR ( 'NONE', #213, 1000.000000000000000 ) ;
#1058 = DIRECTION ( 'NONE',  ( 0.0000000000000000000, 1.000000000000000000, 0.0000000000000000000 ) ) ;
#1059 = AXIS2_PLACEMENT_3D ( 'NONE', #3733, #2825, #3120 ) ;
#1060 = CARTESIAN_POINT ( 'NONE',  ( -1.250000000000000000, 3.000000000000000000, -6.100000000000000533 ) ) ;
#1061 = VERTEX_POINT ( 'NONE', #3181 ) ;
#1062 = DIRECTION ( 'NONE',  ( 0.7071067811865475727, 0.0000000000000000000, 0.7071067811865475727 ) ) ;
#1063 = LINE ( 'NONE', #2972, #726 ) ;
#1064 = VECTOR ( 'NONE', #1773, 1000.000000000000000 ) ;
#1065 = EDGE_LOOP ( 'NONE', ( #1330, #191, #2042, #1195 ) ) ;
#1066 = ORIENTED_EDGE ( 'NONE', *, *, #400, .T. ) ;
#1067 = DIRECTION ( 'NONE',  ( 0.0000000000000000000, 0.0000000000000000000, -1.000000000000000000 ) ) ;
#1068 = CARTESIAN_POINT ( 'NONE',  ( 1.250000000000000000, 3.000000000000000000, -6.100000000000000533 ) ) ;
#1069 = DIRECTION ( 'NONE',  ( 0.0000000000000000000, 0.0000000000000000000, 1.000000000000000000 ) ) ;
#1070 = ORIENTED_EDGE ( 'NONE', *, *, #203, .T. ) ;
#1071 = CARTESIAN_POINT ( 'NONE',  ( 0.7500000000000000000, 3.000000000000000000, -5.000000000000000000 ) ) ;
#1072 = DIRECTION ( 'NONE',  ( -1.000000000000000000, 0.0000000000000000000, 0.0000000000000000000 ) ) ;
#1073 = EDGE_CURVE ( 'NONE', #3289, #2135, #1504, .T. ) ;
#1074 = EDGE_CURVE ( 'NONE', #2775, #2528, #666, .T. ) ;
#1075 = LINE ( 'NONE', #1359, #537 ) ;
#1076 = EDGE_LOOP ( 'NONE', ( #2839, #3113, #3916, #1725 ) ) ;
#1077 = VERTEX_POINT ( 'NONE', #1929 ) ;
#1078 = LINE ( 'NONE', #1970, #1758 ) ;
#1079 = LINE ( 'NONE', #788, #142 ) ;
#1080 = EDGE_CURVE ( 'NONE', #3665, #1785, #346, .T. ) ;
#1081 = FACE_OUTER_BOUND ( 'NONE', #1238, .T. ) ;
#1082 = ORIENTED_EDGE ( 'NONE', *, *, #188, .F. ) ;
#1083 = PLANE ( 'NONE',  #799 ) ;
#1084 = DIRECTION ( 'NONE',  ( 0.0000000000000000000, 0.0000000000000000000, 1.000000000000000000 ) ) ;
#1085 = ORIENTED_EDGE ( 'NONE', *, *, #2048, .F. ) ;
#1086 = ORIENTED_EDGE ( 'NONE', *, *, #1006, .T. ) ;
#1087 = CARTESIAN_POINT ( 'NONE',  ( -3.100000000000000089, 0.0000000000000000000, -3.000000000000000000 ) ) ;
#1088 = DIRECTION ( 'NONE',  ( -1.000000000000000000, 0.0000000000000000000, 0.0000000000000000000 ) ) ;
#1089 = CARTESIAN_POINT ( 'NONE',  ( 3.100000000000000089, 1.100000000000000089, -0.8000000000000000444 ) ) ;
#1090 = VERTEX_POINT ( 'NONE', #2515 ) ;
#1091 = DIRECTION ( 'NONE',  ( 0.0000000000000000000, 0.0000000000000000000, 1.000000000000000000 ) ) ;
#1092 = LINE ( 'NONE', #3023, #712 ) ;
#1093 = DIRECTION ( 'NONE',  ( 0.0000000000000000000, 1.000000000000000000, 0.0000000000000000000 ) ) ;
#1094 = VERTEX_POINT ( 'NONE', #73 ) ;
#1095 = ORIENTED_EDGE ( 'NONE', *, *, #1953, .T. ) ;
#1096 = CARTESIAN_POINT ( 'NONE',  ( 4.000000000000000000, 0.0000000000000000000, -3.000000000000000000 ) ) ;
#1097 = CARTESIAN_POINT ( 'NONE',  ( 1.300000000000000044, 4.400000000000000355, -5.000000000000000000 ) ) ;
#1098 = EDGE_CURVE ( 'NONE', #3029, #3237, #973, .T. ) ;
#1099 = DIRECTION ( 'NONE',  ( 1.000000000000000000, 0.0000000000000000000, 0.0000000000000000000 ) ) ;
#1100 = VERTEX_POINT ( 'NONE', #10 ) ;
#1101 = CARTESIAN_POINT ( 'NONE',  ( 3.100000000000000089, 3.500000000000000000, -1.000000000000000000 ) ) ;
#1102 = CARTESIAN_POINT ( 'NONE',  ( 1.100000000000000089, 0.1499999999999999944, -8.599999999999999645 ) ) ;
#1103 = EDGE_CURVE ( 'NONE', #105, #3155, #1855, .T. ) ;
#1104 = ADVANCED_FACE ( 'NONE', ( #1341 ), #31, .T. ) ;
#1105 = ORIENTED_EDGE ( 'NONE', *, *, #579, .F. ) ;
#1106 = VERTEX_POINT ( 'NONE', #3815 ) ;
#1107 = CARTESIAN_POINT ( 'NONE',  ( -0.7500000000000000000, 3.500000000000000000, -6.100000000000000533 ) ) ;
#1108 = CARTESIAN_POINT ( 'NONE',  ( -0.8000000000000000444, 4.400000000000000355, -6.100000000000000533 ) ) ;
#1109 = CARTESIAN_POINT ( 'NONE',  ( -3.250000000000000000, 0.0000000000000000000, -6.100000000000000533 ) ) ;
#1110 = ORIENTED_EDGE ( 'NONE', *, *, #3056, .T. ) ;
#1111 = VECTOR ( 'NONE', #337, 1000.000000000000000 ) ;
#1112 = CARTESIAN_POINT ( 'NONE',  ( -4.000000000000000000, 1.100000000000000089, -0.8000000000000000444 ) ) ;
#1113 = LINE ( 'NONE', #2285, #3638 ) ;
#1114 = VECTOR ( 'NONE', #1039, 1000.000000000000000 ) ;
#1115 = FACE_OUTER_BOUND ( 'NONE', #832, .T. ) ;
#1116 = VECTOR ( 'NONE', #2995, 1000.000000000000000 ) ;
#1117 = ORIENTED_EDGE ( 'NONE', *, *, #3631, .T. ) ;
#1118 = EDGE_LOOP ( 'NONE', ( #2472, #37, #2023, #2776 ) ) ;
#1119 = CARTESIAN_POINT ( 'NONE',  ( 4.000000000000000000, 0.0000000000000000000, -3.000000000000000000 ) ) ;
#1120 = DIRECTION ( 'NONE',  ( 0.0000000000000000000, -0.7071067811865475727, 0.7071067811865475727 ) ) ;
#1121 = VECTOR ( 'NONE', #3603, 1000.000000000000000 ) ;
#1122 = AXIS2_PLACEMENT_3D ( 'NONE', #242, #1480, #2725 ) ;
#1123 = VECTOR ( 'NONE', #807, 1000.000000000000000 ) ;
#1124 = ORIENTED_EDGE ( 'NONE', *, *, #3805, .T. ) ;
#1125 = DIRECTION ( 'NONE',  ( 1.000000000000000000, 0.0000000000000000000, 0.0000000000000000000 ) ) ;
#1126 = CARTESIAN_POINT ( 'NONE',  ( 0.5000000000000000000, 4.400000000000000355, 0.0000000000000000000 ) ) ;
#1127 = VECTOR ( 'NONE', #2398, 1000.000000000000000 ) ;
#1128 = AXIS2_PLACEMENT_3D ( 'NONE', #3134, #692, #1023 ) ;
#1129 = ADVANCED_FACE ( 'NONE', ( #321 ), #1576, .T. ) ;
#1130 = EDGE_LOOP ( 'NONE', ( #585, #1616, #3845, #3345, #3441, #1190, #3885, #1262, #2281, #2373, #1110, #1574 ) ) ;
#1131 = ORIENTED_EDGE ( 'NONE', *, *, #2888, .T. ) ;
#1132 = STYLED_ITEM ( 'NONE', ( #1569 ), #2272 ) ;
#1133 = DIRECTION ( 'NONE',  ( 0.0000000000000000000, 0.0000000000000000000, -1.000000000000000000 ) ) ;
#1134 = CARTESIAN_POINT ( 'NONE',  ( -1.300000000000000044, 4.400000000000000355, -6.100000000000000533 ) ) ;
#1135 = LINE ( 'NONE', #1194, #2484 ) ;
#1136 = ORIENTED_EDGE ( 'NONE', *, *, #307, .F. ) ;
#1137 = FACE_OUTER_BOUND ( 'NONE', #1988, .T. ) ;
#1138 = CARTESIAN_POINT ( 'NONE',  ( -1.250000000000000000, 3.000000000000000000, -0.8499999999999999778 ) ) ;
#1139 = CARTESIAN_POINT ( 'NONE',  ( 1.250000000000000000, 3.000000000000000000, -6.100000000000000533 ) ) ;
#1140 = ORIENTED_EDGE ( 'NONE', *, *, #3472, .T. ) ;
#1141 = ORIENTED_EDGE ( 'NONE', *, *, #2129, .F. ) ;
#1142 = CARTESIAN_POINT ( 'NONE',  ( -3.100000000000000089, 2.700000000000000178, 0.0000000000000000000 ) ) ;
#1143 = CARTESIAN_POINT ( 'NONE',  ( -1.250000000000000000, 0.0000000000000000000, -8.599999999999999645 ) ) ;
#1144 = DIRECTION ( 'NONE',  ( 1.000000000000000000, 0.0000000000000000000, 0.0000000000000000000 ) ) ;
#1145 = VERTEX_POINT ( 'NONE', #3424 ) ;
#1146 = LINE ( 'NONE', #1101, #1818 ) ;
#1147 = CARTESIAN_POINT ( 'NONE',  ( 1.175000000000000044, 0.2387023412442000059, -8.525000000000000355 ) ) ;
#1148 = ADVANCED_FACE ( 'NONE', ( #1891 ), #365, .T. ) ;
#1149 = ORIENTED_EDGE ( 'NONE', *, *, #3479, .F. ) ;
#1150 = EDGE_LOOP ( 'NONE', ( #230, #2987, #1606, #109 ) ) ;
#1151 = DIRECTION ( 'NONE',  ( 0.0000000000000000000, -1.000000000000000000, 0.0000000000000000000 ) ) ;
#1152 = EDGE_CURVE ( 'NONE', #2637, #3244, #4, .T. ) ;
#1153 = LINE ( 'NONE', #3020, #210 ) ;
#1154 = ORIENTED_EDGE ( 'NONE', *, *, #2588, .T. ) ;
#1155 = PLANE ( 'NONE',  #3590 ) ;
#1156 = ADVANCED_FACE ( 'NONE', ( #505 ), #1986, .T. ) ;
#1157 = CARTESIAN_POINT ( 'NONE',  ( 1.300000000000000044, 4.400000000000000355, 0.0000000000000000000 ) ) ;
#1158 = LINE ( 'NONE', #3981, #1316 ) ;
#1159 = ORIENTED_EDGE ( 'NONE', *, *, #2788, .F. ) ;
#1160 = VERTEX_POINT ( 'NONE', #783 ) ;
#1161 = PLANE ( 'NONE',  #2803 ) ;
#1162 = CARTESIAN_POINT ( 'NONE',  ( 1.250000000000000000, 3.000000000000000000, -0.8499999999999999778 ) ) ;
#1163 = ORIENTED_EDGE ( 'NONE', *, *, #2788, .T. ) ;
#1164 = CARTESIAN_POINT ( 'NONE',  ( -4.000000000000000000, 4.799999999999999822, -5.599999999999999645 ) ) ;
#1165 = CARTESIAN_POINT ( 'NONE',  ( 0.5000000000000000000, 5.100000000000000533, 0.0000000000000000000 ) ) ;
#1166 = ORIENTED_EDGE ( 'NONE', *, *, #2048, .T. ) ;
#1167 = ORIENTED_EDGE ( 'NONE', *, *, #1565, .F. ) ;
#1168 = EDGE_CURVE ( 'NONE', #3709, #767, #3265, .T. ) ;
#1169 = PLANE ( 'NONE',  #1255 ) ;
#1170 = CARTESIAN_POINT ( 'NONE',  ( -3.100000000000000089, 1.100000000000000089, -3.000000000000000000 ) ) ;
#1171 = ORIENTED_EDGE ( 'NONE', *, *, #3807, .F. ) ;
#1172 = ADVANCED_FACE ( 'NONE', ( #745 ), #3203, .F. ) ;
#1173 = FILL_AREA_STYLE ('',( #3626 ) ) ;
#1174 = LINE ( 'NONE', #3647, #528 ) ;
#1175 = LINE ( 'NONE', #3040, #271 ) ;
#1176 = VERTEX_POINT ( 'NONE', #1381 ) ;
#1177 = ORIENTED_EDGE ( 'NONE', *, *, #2419, .T. ) ;
#1178 = EDGE_CURVE ( 'NONE', #2022, #3431, #1399, .T. ) ;
#1179 = ADVANCED_FACE ( 'NONE', ( #2900 ), #1969, .F. ) ;
#1180 = LINE ( 'NONE', #2507, #398 ) ;
#1181 = CARTESIAN_POINT ( 'NONE',  ( -0.8000000000000000444, 4.400000000000000355, -6.100000000000000533 ) ) ;
#1182 = CIRCLE ( 'NONE', #3965, 0.1999999999999999833 ) ;
#1183 = ORIENTED_EDGE ( 'NONE', *, *, #1275, .T. ) ;
#1184 = CARTESIAN_POINT ( 'NONE',  ( -3.100000000000000089, 5.599999999999999645, 0.3530541257750999806 ) ) ;
#1185 = AXIS2_PLACEMENT_3D ( 'NONE', #3448, #3799, #3735 ) ;
#1186 = VECTOR ( 'NONE', #2185, 1000.000000000000000 ) ;
#1187 = LINE ( 'NONE', #557, #137 ) ;
#1188 = VECTOR ( 'NONE', #2463, 1000.000000000000000 ) ;
#1189 = VECTOR ( 'NONE', #2917, 1000.000000000000000 ) ;
#1190 = ORIENTED_EDGE ( 'NONE', *, *, #2815, .F. ) ;
#1191 = EDGE_LOOP ( 'NONE', ( #291, #1602, #1082, #795, #60, #1679, #522 ) ) ;
#1192 = DIRECTION ( 'NONE',  ( -0.5773502691896257311, -0.5773502691896257311, -0.5773502691896257311 ) ) ;
#1193 = VECTOR ( 'NONE', #2914, 1000.000000000000000 ) ;
#1194 = CARTESIAN_POINT ( 'NONE',  ( -0.5000000000000000000, 5.100000000000000533, 0.0000000000000000000 ) ) ;
#1195 = ORIENTED_EDGE ( 'NONE', *, *, #671, .F. ) ;
#1196 = DIRECTION ( 'NONE',  ( 0.0000000000000000000, -1.000000000000000000, 0.0000000000000000000 ) ) ;
#1197 = DIRECTION ( 'NONE',  ( 1.000000000000000000, 0.0000000000000000000, 0.0000000000000000000 ) ) ;
#1198 = DIRECTION ( 'NONE',  ( 0.0000000000000000000, -1.000000000000000000, 0.0000000000000000000 ) ) ;
#1199 = ORIENTED_EDGE ( 'NONE', *, *, #1806, .T. ) ;
#1200 = EDGE_LOOP ( 'NONE', ( #2465, #3434, #3109, #476 ) ) ;
#1201 = CARTESIAN_POINT ( 'NONE',  ( -0.8000000000000000444, 4.400000000000000355, -5.599999999999999645 ) ) ;
#1202 = CARTESIAN_POINT ( 'NONE',  ( -1.100000000000000089, 0.3274046824884999651, -8.599999999999999645 ) ) ;
#1203 = EDGE_CURVE ( 'NONE', #396, #2758, #1053, .T. ) ;
#1204 = ADVANCED_FACE ( 'NONE', ( #1115 ), #3219, .T. ) ;
#1205 = CARTESIAN_POINT ( 'NONE',  ( -4.000000000000000000, 2.700000000000000178, -5.599999999999999645 ) ) ;
#1206 = LINE ( 'NONE', #857, #1937 ) ;
#1207 = DIRECTION ( 'NONE',  ( -1.000000000000000000, 0.0000000000000000000, 0.0000000000000000000 ) ) ;
#1208 = EDGE_CURVE ( 'NONE', #2625, #174, #723, .T. ) ;
#1209 = EDGE_CURVE ( 'NONE', #549, #2810, #439, .T. ) ;
#1210 = CARTESIAN_POINT ( 'NONE',  ( 3.250000000000000000, 0.0000000000000000000, -7.599999999999999645 ) ) ;
#1211 = EDGE_LOOP ( 'NONE', ( #1136, #3521, #1424, #838 ) ) ;
#1212 = ORIENTED_EDGE ( 'NONE', *, *, #509, .F. ) ;
#1213 = LINE ( 'NONE', #2127, #3910 ) ;
#1214 = CARTESIAN_POINT ( 'NONE',  ( 0.5000000000000000000, 5.100000000000000533, 0.0000000000000000000 ) ) ;
#1215 = ORIENTED_EDGE ( 'NONE', *, *, #2238, .T. ) ;
#1216 = DIRECTION ( 'NONE',  ( -1.000000000000000000, 0.0000000000000000000, 0.0000000000000000000 ) ) ;
#1217 = CARTESIAN_POINT ( 'NONE',  ( -1.250000000000000000, 0.6496651624528999580, -7.013893371703999513 ) ) ;
#1218 = LINE ( 'NONE', #907, #1759 ) ;
#1219 = ORIENTED_EDGE ( 'NONE', *, *, #1152, .F. ) ;
#1220 = EDGE_LOOP ( 'NONE', ( #3622, #1358, #3899, #234 ) ) ;
#1221 = EDGE_CURVE ( 'NONE', #2191, #2399, #173, .T. ) ;
#1222 = FACE_OUTER_BOUND ( 'NONE', #2580, .T. ) ;
#1223 = LINE ( 'NONE', #2141, #2804 ) ;
#1224 = EDGE_CURVE ( 'NONE', #3795, #3729, #3531, .T. ) ;
#1225 = DIRECTION ( 'NONE',  ( 0.0000000000000000000, 1.000000000000000000, 0.0000000000000000000 ) ) ;
#1226 = FACE_OUTER_BOUND ( 'NONE', #633, .T. ) ;
#1227 = CARTESIAN_POINT ( 'NONE',  ( -1.300000000000000044, 4.599999999999999645, 0.0000000000000000000 ) ) ;
#1228 = ORIENTED_EDGE ( 'NONE', *, *, #425, .T. ) ;
#1229 = ORIENTED_EDGE ( 'NONE', *, *, #976, .T. ) ;
#1230 = ADVANCED_FACE ( 'NONE', ( #3892 ), #2618, .T. ) ;
#1231 = EDGE_CURVE ( 'NONE', #2396, #1721, #190, .T. ) ;
#1232 = PLANE ( 'NONE',  #3774 ) ;
#1233 = ORIENTED_EDGE ( 'NONE', *, *, #966, .F. ) ;
#1234 = ORIENTED_EDGE ( 'NONE', *, *, #3900, .F. ) ;
#1235 = PRODUCT_CONTEXT ( 'NONE', #2968, 'mechanical' ) ;
#1236 = DIRECTION ( 'NONE',  ( 1.000000000000000000, 0.0000000000000000000, 0.0000000000000000000 ) ) ;
#1237 = DIRECTION ( 'NONE',  ( 0.0000000000000000000, 1.000000000000000000, 0.0000000000000000000 ) ) ;
#1238 = EDGE_LOOP ( 'NONE', ( #1528, #3366, #2911, #2266 ) ) ;
#1239 = ORIENTED_EDGE ( 'NONE', *, *, #2840, .F. ) ;
#1240 = PRODUCT_DEFINITION_SHAPE ( 'NONE', 'NONE',  #246 ) ;
#1241 = DIRECTION ( 'NONE',  ( 0.0000000000000000000, -1.000000000000000000, 0.0000000000000000000 ) ) ;
#1242 = CARTESIAN_POINT ( 'NONE',  ( 0.7500000000000000000, 3.500000000000000000, -0.8499999999999999778 ) ) ;
#1243 = DIRECTION ( 'NONE',  ( 0.0000000000000000000, 1.000000000000000000, 0.0000000000000000000 ) ) ;
#1244 = CARTESIAN_POINT ( 'NONE',  ( 4.000000000000000000, 2.700000000000000178, -0.8000000000000000444 ) ) ;
#1245 = VECTOR ( 'NONE', #2862, 1000.000000000000000 ) ;
#1246 = AXIS2_PLACEMENT_3D ( 'NONE', #3605, #978, #3512 ) ;
#1247 = ORIENTED_EDGE ( 'NONE', *, *, #2385, .F. ) ;
#1248 = CARTESIAN_POINT ( 'NONE',  ( -3.250000000000000000, 0.5000000000000000000, -6.100000000000000533 ) ) ;
#1249 = VECTOR ( 'NONE', #423, 1000.000000000000000 ) ;
#1250 = VECTOR ( 'NONE', #422, 1000.000000000000000 ) ;
#1251 = EDGE_CURVE ( 'NONE', #2830, #273, #1075, .T. ) ;
#1252 = EDGE_CURVE ( 'NONE', #391, #1254, #1693, .T. ) ;
#1253 = ORIENTED_EDGE ( 'NONE', *, *, #3972, .T. ) ;
#1254 = VERTEX_POINT ( 'NONE', #3920 ) ;
#1255 = AXIS2_PLACEMENT_3D ( 'NONE', #2486, #3034, #884 ) ;
#1256 = VECTOR ( 'NONE', #1069, 1000.000000000000000 ) ;
#1257 = VECTOR ( 'NONE', #1058, 1000.000000000000000 ) ;
#1258 = EDGE_CURVE ( 'NONE', #2695, #1514, #2372, .T. ) ;
#1259 = DIRECTION ( 'NONE',  ( -1.000000000000000000, 0.0000000000000000000, 0.0000000000000000000 ) ) ;
#1260 = CARTESIAN_POINT ( 'NONE',  ( -0.7500000000000000000, 0.6999999999999999556, -7.208795825703999682 ) ) ;
#1261 = EDGE_LOOP ( 'NONE', ( #2047, #1346, #3387, #2850 ) ) ;
#1262 = ORIENTED_EDGE ( 'NONE', *, *, #2566, .F. ) ;
#1263 = STYLED_ITEM ( 'NONE', ( #3644 ), #4011 ) ;
#1264 = DIRECTION ( 'NONE',  ( 0.0000000000000000000, 0.7071067811865975328, -0.7071067811864976127 ) ) ;
#1265 = CARTESIAN_POINT ( 'NONE',  ( -3.100000000000000089, 5.599999999999999645, -0.8000000000000000444 ) ) ;
#1266 = LINE ( 'NONE', #1870, #1950 ) ;
#1267 = CARTESIAN_POINT ( 'NONE',  ( 3.100000000000000089, 5.599999999999999645, 0.0000000000000000000 ) ) ;
#1268 = ORIENTED_EDGE ( 'NONE', *, *, #1301, .T. ) ;
#1269 = ORIENTED_EDGE ( 'NONE', *, *, #485, .F. ) ;
#1270 = CARTESIAN_POINT ( 'NONE',  ( 2.399999999999999911, 0.5000000000000000000, 0.0000000000000000000 ) ) ;
#1271 = LINE ( 'NONE', #2151, #1628 ) ;
#1272 = ORIENTED_EDGE ( 'NONE', *, *, #3556, .T. ) ;
#1273 = ORIENTED_EDGE ( 'NONE', *, *, #2402, .T. ) ;
#1274 = FACE_OUTER_BOUND ( 'NONE', #1292, .T. ) ;
#1275 = EDGE_CURVE ( 'NONE', #1666, #3404, #2778, .T. ) ;
#1276 = FACE_BOUND ( 'NONE', #3481, .T. ) ;
#1277 = DIRECTION ( 'NONE',  ( 1.000000000000000000, 0.0000000000000000000, 0.0000000000000000000 ) ) ;
#1278 = ORIENTED_EDGE ( 'NONE', *, *, #3805, .F. ) ;
#1279 = ORIENTED_EDGE ( 'NONE', *, *, #3207, .T. ) ;
#1280 = UNCERTAINTY_MEASURE_WITH_UNIT (LENGTH_MEASURE( 1.000000000000000082E-05 ), #965, 'distance_accuracy_value', 'NONE');
#1281 = EDGE_CURVE ( 'NONE', #3688, #224, #1175, .T. ) ;
#1282 = EDGE_CURVE ( 'NONE', #3679, #3567, #1218, .T. ) ;
#1283 = PLANE ( 'NONE',  #1059 ) ;
#1284 = DIRECTION ( 'NONE',  ( 0.0000000000000000000, 1.000000000000000000, 0.0000000000000000000 ) ) ;
#1285 = DIRECTION ( 'NONE',  ( 0.0000000000000000000, 1.000000000000000000, 0.0000000000000000000 ) ) ;
#1286 = PLANE ( 'NONE',  #2935 ) ;
#1287 = CARTESIAN_POINT ( 'NONE',  ( -4.000000000000000000, 4.799999999999999822, -5.599999999999999645 ) ) ;
#1288 = ORIENTED_EDGE ( 'NONE', *, *, #930, .T. ) ;
#1289 = EDGE_LOOP ( 'NONE', ( #3721, #3405, #3748, #2950, #2612, #3893 ) ) ;
#1290 = PLANE ( 'NONE',  #3901 ) ;
#1291 = CARTESIAN_POINT ( 'NONE',  ( 4.769347017913000641, 5.599999999999999645, -0.8000000000000000444 ) ) ;
#1292 = EDGE_LOOP ( 'NONE', ( #3839, #2656, #2426, #2186 ) ) ;
#1293 = ORIENTED_EDGE ( 'NONE', *, *, #3255, .T. ) ;
#1294 = DIRECTION ( 'NONE',  ( 1.000000000000000000, 0.0000000000000000000, 0.0000000000000000000 ) ) ;
#1295 = SURFACE_SIDE_STYLE ('',( #3175 ) ) ;
#1296 = LINE ( 'NONE', #4014, #1815 ) ;
#1297 = CARTESIAN_POINT ( 'NONE',  ( -0.7500000000000000000, 3.000000000000000000, -0.8499999999999999778 ) ) ;
#1298 = ORIENTED_EDGE ( 'NONE', *, *, #1878, .F. ) ;
#1299 = DIRECTION ( 'NONE',  ( 0.0000000000000000000, 1.000000000000000000, 0.0000000000000000000 ) ) ;
#1300 = EDGE_CURVE ( 'NONE', #3430, #1493, #608, .T. ) ;
#1301 = EDGE_CURVE ( 'NONE', #772, #3455, #2072, .T. ) ;
#1302 = DIRECTION ( 'NONE',  ( 0.0000000000000000000, 0.0000000000000000000, 1.000000000000000000 ) ) ;
#1303 = DIRECTION ( 'NONE',  ( 0.0000000000000000000, -0.9903347796098926903, -0.1386976001775989675 ) ) ;
#1304 = DIRECTION ( 'NONE',  ( 0.0000000000000000000, 1.000000000000000000, 0.0000000000000000000 ) ) ;
#1305 = CARTESIAN_POINT ( 'NONE',  ( -14.42880000000000074, 0.6999999999999999556, -7.208795825703999682 ) ) ;
#1306 = EDGE_LOOP ( 'NONE', ( #163, #3388, #3602, #1983, #3083, #2430 ) ) ;
#1307 = VERTEX_POINT ( 'NONE', #2410 ) ;
#1308 = LINE ( 'NONE', #2234, #3131 ) ;
#1309 = VECTOR ( 'NONE', #3081, 1000.000000000000000 ) ;
#1310 = CARTESIAN_POINT ( 'NONE',  ( -1.250000000000000000, 3.500000000000000000, -0.8499999999999999778 ) ) ;
#1311 = CIRCLE ( 'NONE', #134, 0.5000000000000000000 ) ;
#1312 = AXIS2_PLACEMENT_3D ( 'NONE', #1656, #1037, #3801 ) ;
#1313 = ORIENTED_EDGE ( 'NONE', *, *, #64, .F. ) ;
#1314 = ORIENTED_EDGE ( 'NONE', *, *, #2713, .T. ) ;
#1315 = DIRECTION ( 'NONE',  ( -1.000000000000000000, 0.0000000000000000000, 0.0000000000000000000 ) ) ;
#1316 = VECTOR ( 'NONE', #3627, 1000.000000000000000 ) ;
#1317 = DIRECTION ( 'NONE',  ( 1.000000000000000000, 0.0000000000000000000, 0.0000000000000000000 ) ) ;
#1318 = VECTOR ( 'NONE', #85, 1000.000000000000000 ) ;
#1319 = FACE_OUTER_BOUND ( 'NONE', #2510, .T. ) ;
#1320 = VECTOR ( 'NONE', #2590, 1000.000000000000114 ) ;
#1321 = ORIENTED_EDGE ( 'NONE', *, *, #2365, .F. ) ;
#1322 = VECTOR ( 'NONE', #2441, 1000.000000000000000 ) ;
#1323 = AXIS2_PLACEMENT_3D ( 'NONE', #939, #3125, #96 ) ;
#1324 = LINE ( 'NONE', #3734, #2480 ) ;
#1325 = VECTOR ( 'NONE', #3546, 1000.000000000000000 ) ;
#1326 = CARTESIAN_POINT ( 'NONE',  ( 4.000000000000000000, 4.799999999999999822, -0.8000000000000000444 ) ) ;
#1327 = CARTESIAN_POINT ( 'NONE',  ( 3.250000000000000000, 0.5000000000000000000, -5.599999999999999645 ) ) ;
#1328 = EDGE_CURVE ( 'NONE', #3435, #382, #1158, .T. ) ;
#1329 = DIRECTION ( 'NONE',  ( 1.000000000000000000, 0.0000000000000000000, 0.0000000000000000000 ) ) ;
#1330 = ORIENTED_EDGE ( 'NONE', *, *, #508, .F. ) ;
#1331 = ORIENTED_EDGE ( 'NONE', *, *, #1328, .T. ) ;
#1332 = LINE ( 'NONE', #3111, #2139 ) ;
#1333 = EDGE_CURVE ( 'NONE', #2090, #3806, #2134, .T. ) ;
#1334 = ORIENTED_EDGE ( 'NONE', *, *, #1351, .F. ) ;
#1335 = EDGE_LOOP ( 'NONE', ( #1407, #1363, #3661, #35 ) ) ;
#1336 = DIRECTION ( 'NONE',  ( 1.000000000000000000, 0.0000000000000000000, 0.0000000000000000000 ) ) ;
#1337 = CARTESIAN_POINT ( 'NONE',  ( -2.399999999999999911, 2.700000000000000178, 0.0000000000000000000 ) ) ;
#1338 = LINE ( 'NONE', #3827, #3390 ) ;
#1339 = ORIENTED_EDGE ( 'NONE', *, *, #2770, .F. ) ;
#1340 = DIRECTION ( 'NONE',  ( 0.0000000000000000000, 0.0000000000000000000, -1.000000000000000000 ) ) ;
#1341 = FACE_OUTER_BOUND ( 'NONE', #440, .T. ) ;
#1342 = EDGE_CURVE ( 'NONE', #683, #3866, #279, .T. ) ;
#1343 = LINE ( 'NONE', #3595, #3513 ) ;
#1344 = CARTESIAN_POINT ( 'NONE',  ( 4.000000000000000000, 5.599999999999999645, -6.100000000000000533 ) ) ;
#1345 = LINE ( 'NONE', #3818, #2604 ) ;
#1346 = ORIENTED_EDGE ( 'NONE', *, *, #3066, .T. ) ;
#1347 = DIRECTION ( 'NONE',  ( 0.0000000000000000000, -1.000000000000000000, 0.0000000000000000000 ) ) ;
#1348 = DIRECTION ( 'NONE',  ( -0.5773502691896257311, 0.5773502691896257311, -0.5773502691896257311 ) ) ;
#1349 = ADVANCED_FACE ( 'NONE', ( #2720 ), #2452, .F. ) ;
#1350 = ORIENTED_EDGE ( 'NONE', *, *, #1957, .F. ) ;
#1351 = EDGE_CURVE ( 'NONE', #1033, #3029, #2097, .T. ) ;
#1352 = ORIENTED_EDGE ( 'NONE', *, *, #2692, .F. ) ;
#1353 = CARTESIAN_POINT ( 'NONE',  ( 4.000000000000000000, 4.799999999999999822, -0.8000000000000000444 ) ) ;
#1354 = CARTESIAN_POINT ( 'NONE',  ( -1.800000000000000044, 5.100000000000000533, -2.100000000000000089 ) ) ;
#1355 = DIRECTION ( 'NONE',  ( -1.000000000000000000, 0.0000000000000000000, 0.0000000000000000000 ) ) ;
#1356 = VERTEX_POINT ( 'NONE', #3324 ) ;
#1357 = DIRECTION ( 'NONE',  ( -0.7071067811865475727, 0.0000000000000000000, 0.7071067811865475727 ) ) ;
#1358 = ORIENTED_EDGE ( 'NONE', *, *, #1640, .F. ) ;
#1359 = CARTESIAN_POINT ( 'NONE',  ( 2.399999999999999911, 2.700000000000000178, -1.000000000000000000 ) ) ;
#1360 = DIRECTION ( 'NONE',  ( -0.0000000000000000000, 1.000000000000000000, 0.0000000000000000000 ) ) ;
#1361 = CARTESIAN_POINT ( 'NONE',  ( 1.800000000000000044, 0.0000000000000000000, -6.100000000000000533 ) ) ;
#1362 = DIRECTION ( 'NONE',  ( 0.0000000000000000000, 1.000000000000000000, 0.0000000000000000000 ) ) ;
#1363 = ORIENTED_EDGE ( 'NONE', *, *, #3158, .F. ) ;
#1364 = LINE ( 'NONE', #58, #2677 ) ;
#1365 = ADVANCED_FACE ( 'NONE', ( #298 ), #3612, .T. ) ;
#1366 = ORIENTED_EDGE ( 'NONE', *, *, #2985, .T. ) ;
#1367 = ORIENTED_EDGE ( 'NONE', *, *, #2613, .T. ) ;
#1368 = CARTESIAN_POINT ( 'NONE',  ( -2.399999999999999911, 4.599999999999999645, -5.000000000000000000 ) ) ;
#1369 = EDGE_CURVE ( 'NONE', #1863, #1962, #3003, .T. ) ;
#1370 = VECTOR ( 'NONE', #1668, 1000.000000000000000 ) ;
#1371 = LINE ( 'NONE', #3485, #1935 ) ;
#1372 = CARTESIAN_POINT ( 'NONE',  ( -3.100000000000000089, 3.500000000000000000, 0.0000000000000000000 ) ) ;
#1373 = ORIENTED_EDGE ( 'NONE', *, *, #749, .T. ) ;
#1374 = VECTOR ( 'NONE', #756, 1000.000000000000000 ) ;
#1375 = VECTOR ( 'NONE', #2579, 1000.000000000000000 ) ;
#1376 = CARTESIAN_POINT ( 'NONE',  ( 1.300000000000000044, 4.599999999999999645, -2.100000000000000089 ) ) ;
#1377 = EDGE_CURVE ( 'NONE', #2834, #1457, #2738, .T. ) ;
#1378 = AXIS2_PLACEMENT_3D ( 'NONE', #2645, #2691, #3883 ) ;
#1379 = VECTOR ( 'NONE', #1241, 1000.000000000000000 ) ;
#1380 = DIRECTION ( 'NONE',  ( 1.000000000000000000, 0.0000000000000000000, 0.0000000000000000000 ) ) ;
#1381 = CARTESIAN_POINT ( 'NONE',  ( -3.100000000000000089, 2.700000000000000178, -1.000000000000000000 ) ) ;
#1382 = ORIENTED_EDGE ( 'NONE', *, *, #1641, .T. ) ;
#1383 = LINE ( 'NONE', #1420, #2603 ) ;
#1384 = AXIS2_PLACEMENT_3D ( 'NONE', #1439, #511, #2659 ) ;
#1385 = VECTOR ( 'NONE', #674, 1000.000000000000000 ) ;
#1386 = CARTESIAN_POINT ( 'NONE',  ( -4.000000000000000000, 2.700000000000000178, -5.599999999999999645 ) ) ;
#1387 = CARTESIAN_POINT ( 'NONE',  ( 1.250000000000000000, 0.6496651624528999580, -7.013893371703999513 ) ) ;
#1388 = EDGE_LOOP ( 'NONE', ( #3907, #1032, #4016, #3469, #1875, #2063 ) ) ;
#1389 = DIRECTION ( 'NONE',  ( 0.0000000000000000000, 1.000000000000000000, 0.0000000000000000000 ) ) ;
#1390 = PLANE ( 'NONE',  #3321 ) ;
#1391 = ORIENTED_EDGE ( 'NONE', *, *, #20, .T. ) ;
#1392 = ORIENTED_EDGE ( 'NONE', *, *, #769, .F. ) ;
#1393 = DIRECTION ( 'NONE',  ( -0.0000000000000000000, 1.000000000000000000, 0.0000000000000000000 ) ) ;
#1394 = CARTESIAN_POINT ( 'NONE',  ( -1.250000000000000000, 0.0000000000000000000, -6.599999999999999645 ) ) ;
#1395 = CARTESIAN_POINT ( 'NONE',  ( -0.9000000000000000222, 3.149999999999999911, -0.6999999999999999556 ) ) ;
#1396 = ORIENTED_EDGE ( 'NONE', *, *, #2054, .T. ) ;
#1397 = FACE_OUTER_BOUND ( 'NONE', #2224, .T. ) ;
#1398 = CARTESIAN_POINT ( 'NONE',  ( 3.250000000000000000, 0.5000000000000000000, -5.599999999999999645 ) ) ;
#1399 = LINE ( 'NONE', #488, #3450 ) ;
#1400 = ORIENTED_EDGE ( 'NONE', *, *, #3788, .F. ) ;
#1401 = ORIENTED_EDGE ( 'NONE', *, *, #1611, .F. ) ;
#1402 = ADVANCED_FACE ( 'NONE', ( #2051 ), #3299, .F. ) ;
#1403 = EDGE_CURVE ( 'NONE', #3076, #3670, #847, .T. ) ;
#1404 = LINE ( 'NONE', #1736, #536 ) ;
#1405 = PLANE ( 'NONE',  #1384 ) ;
#1406 = DIRECTION ( 'NONE',  ( 0.0000000000000000000, 0.0000000000000000000, 1.000000000000000000 ) ) ;
#1407 = ORIENTED_EDGE ( 'NONE', *, *, #1168, .T. ) ;
#1408 = PLANE ( 'NONE',  #1378 ) ;
#1409 = ORIENTED_EDGE ( 'NONE', *, *, #2718, .T. ) ;
#1410 = ORIENTED_EDGE ( 'NONE', *, *, #78, .T. ) ;
#1411 = LINE ( 'NONE', #1429, #3000 ) ;
#1412 = DIRECTION ( 'NONE',  ( 0.0000000000000000000, 0.0000000000000000000, -1.000000000000000000 ) ) ;
#1413 = FACE_OUTER_BOUND ( 'NONE', #1191, .T. ) ;
#1414 = ORIENTED_EDGE ( 'NONE', *, *, #3182, .T. ) ;
#1415 = LINE ( 'NONE', #3890, #667 ) ;
#1416 = CARTESIAN_POINT ( 'NONE',  ( 3.100000000000000089, 2.700000000000000178, -0.8000000000000000444 ) ) ;
#1417 = CARTESIAN_POINT ( 'NONE',  ( -1.800000000000000044, 5.599999999999999645, -6.100000000000000533 ) ) ;
#1418 = ORIENTED_EDGE ( 'NONE', *, *, #1073, .F. ) ;
#1419 = ORIENTED_EDGE ( 'NONE', *, *, #1178, .F. ) ;
#1420 = CARTESIAN_POINT ( 'NONE',  ( -4.000000000000000000, 5.599999999999999645, -0.8000000000000000444 ) ) ;
#1421 = DIRECTION ( 'NONE',  ( 0.0000000000000000000, 1.000000000000000000, 0.0000000000000000000 ) ) ;
#1422 = ADVANCED_FACE ( 'NONE', ( #1775 ), #1518, .T. ) ;
#1423 = EDGE_CURVE ( 'NONE', #3114, #29, #2701, .T. ) ;
#1424 = ORIENTED_EDGE ( 'NONE', *, *, #2942, .T. ) ;
#1425 = CARTESIAN_POINT ( 'NONE',  ( 3.250000000000000000, 0.0000000000000000000, -7.599999999999999645 ) ) ;
#1426 = FACE_OUTER_BOUND ( 'NONE', #3808, .T. ) ;
#1427 = ORIENTED_EDGE ( 'NONE', *, *, #2055, .F. ) ;
#1428 = ORIENTED_EDGE ( 'NONE', *, *, #2256, .T. ) ;
#1429 = CARTESIAN_POINT ( 'NONE',  ( 3.250000000000000000, 3.500000000000000000, -6.100000000000000533 ) ) ;
#1430 = LINE ( 'NONE', #3606, #2082 ) ;
#1431 = ORIENTED_EDGE ( 'NONE', *, *, #2366, .F. ) ;
#1432 = VECTOR ( 'NONE', #932, 1000.000000000000000 ) ;
#1433 = LINE ( 'NONE', #1811, #2923 ) ;
#1434 = VECTOR ( 'NONE', #2440, 1000.000000000000000 ) ;
#1435 = DIRECTION ( 'NONE',  ( 1.000000000000000000, 0.0000000000000000000, 0.0000000000000000000 ) ) ;
#1436 = ORIENTED_EDGE ( 'NONE', *, *, #2781, .T. ) ;
#1437 = ORIENTED_EDGE ( 'NONE', *, *, #379, .F. ) ;
#1438 = DIRECTION ( 'NONE',  ( 0.0000000000000000000, -1.000000000000000000, 0.0000000000000000000 ) ) ;
#1439 = CARTESIAN_POINT ( 'NONE',  ( 0.0000000000000000000, 0.0000000000000000000, 0.0000000000000000000 ) ) ;
#1440 = VECTOR ( 'NONE', #3463, 1000.000000000000227 ) ;
#1441 = VECTOR ( 'NONE', #855, 1000.000000000000000 ) ;
#1442 = LINE ( 'NONE', #2687, #2144 ) ;
#1443 = AXIS2_PLACEMENT_3D ( 'NONE', #1291, #3477, #651 ) ;
#1444 = AXIS2_PLACEMENT_3D ( 'NONE', #27, #3144, #1277 ) ;
#1445 = ORIENTED_EDGE ( 'NONE', *, *, #2124, .T. ) ;
#1446 = ADVANCED_FACE ( 'NONE', ( #1319 ), #3707, .F. ) ;
#1447 = CARTESIAN_POINT ( 'NONE',  ( -3.799999999999999822, 4.799999999999999822, -2.600000000000000089 ) ) ;
#1448 = VECTOR ( 'NONE', #1421, 1000.000000000000000 ) ;
#1449 = ORIENTED_EDGE ( 'NONE', *, *, #3530, .F. ) ;
#1450 = ORIENTED_EDGE ( 'NONE', *, *, #1786, .F. ) ;
#1451 = ADVANCED_FACE ( 'NONE', ( #682 ), #3486, .F. ) ;
#1452 = AXIS2_PLACEMENT_3D ( 'NONE', #3563, #2592, #1667 ) ;
#1453 = DIRECTION ( 'NONE',  ( 0.0000000000000000000, 1.000000000000000000, 0.0000000000000000000 ) ) ;
#1454 = ORIENTED_EDGE ( 'NONE', *, *, #1020, .F. ) ;
#1455 = FACE_OUTER_BOUND ( 'NONE', #690, .T. ) ;
#1456 = DIRECTION ( 'NONE',  ( 0.0000000000000000000, 0.0000000000000000000, -1.000000000000000000 ) ) ;
#1457 = VERTEX_POINT ( 'NONE', #3116 ) ;
#1458 = ORIENTED_EDGE ( 'NONE', *, *, #3732, .T. ) ;
#1459 = FACE_OUTER_BOUND ( 'NONE', #214, .T. ) ;
#1460 = CARTESIAN_POINT ( 'NONE',  ( 3.100000000000000089, 4.799999999999999822, -0.8000000000000000444 ) ) ;
#1461 = EDGE_CURVE ( 'NONE', #2818, #1356, #699, .T. ) ;
#1462 = CARTESIAN_POINT ( 'NONE',  ( -0.7500000000000000000, 0.6496651624528999580, -7.013893371703999513 ) ) ;
#1463 = ORIENTED_EDGE ( 'NONE', *, *, #430, .F. ) ;
#1464 = CARTESIAN_POINT ( 'NONE',  ( -3.250000000000000000, 2.399999999999999911, -6.100000000000000533 ) ) ;
#1465 = DIRECTION ( 'NONE',  ( -0.0000000000000000000, 1.000000000000000000, 0.0000000000000000000 ) ) ;
#1466 = ORIENTED_EDGE ( 'NONE', *, *, #3786, .F. ) ;
#1467 = VERTEX_POINT ( 'NONE', #1549 ) ;
#1468 = LINE ( 'NONE', #3559, #209 ) ;
#1469 = EDGE_CURVE ( 'NONE', #677, #1041, #3, .T. ) ;
#1470 = EDGE_CURVE ( 'NONE', #3168, #1962, #275, .T. ) ;
#1471 = CARTESIAN_POINT ( 'NONE',  ( -3.100000000000000089, 4.799999999999999822, -0.8000000000000000444 ) ) ;
#1472 = EDGE_LOOP ( 'NONE', ( #597, #2755, #2320, #1617 ) ) ;
#1473 = LINE ( 'NONE', #3319, #1064 ) ;
#1474 = DIRECTION ( 'NONE',  ( 0.0000000000000000000, -1.000000000000000000, 0.0000000000000000000 ) ) ;
#1475 = DIRECTION ( 'NONE',  ( 0.0000000000000000000, 0.0000000000000000000, 1.000000000000000000 ) ) ;
#1476 = ORIENTED_EDGE ( 'NONE', *, *, #2516, .F. ) ;
#1477 = ORIENTED_EDGE ( 'NONE', *, *, #485, .T. ) ;
#1478 = CARTESIAN_POINT ( 'NONE',  ( -2.299999999999999822, 4.599999999999999645, -5.000000000000000000 ) ) ;
#1479 = LINE ( 'NONE', #2437, #3522 ) ;
#1480 = DIRECTION ( 'NONE',  ( 0.0000000000000000000, 0.0000000000000000000, -1.000000000000000000 ) ) ;
#1481 = ORIENTED_EDGE ( 'NONE', *, *, #3630, .T. ) ;
#1482 = PLANE ( 'NONE',  #1619 ) ;
#1483 = LINE ( 'NONE', #4021, #1127 ) ;
#1484 = ORIENTED_EDGE ( 'NONE', *, *, #2815, .T. ) ;
#1485 = ORIENTED_EDGE ( 'NONE', *, *, #2386, .T. ) ;
#1486 = CARTESIAN_POINT ( 'NONE',  ( 0.9000000000000000222, 3.149999999999999911, -0.6999999999999999556 ) ) ;
#1487 = DIRECTION ( 'NONE',  ( 0.0000000000000000000, -1.000000000000000000, 0.0000000000000000000 ) ) ;
#1488 = ORIENTED_EDGE ( 'NONE', *, *, #2893, .T. ) ;
#1489 = ADVANCED_FACE ( 'NONE', ( #2881 ), #395, .F. ) ;
#1490 = EDGE_CURVE ( 'NONE', #2668, #3739, #66, .T. ) ;
#1491 = CARTESIAN_POINT ( 'NONE',  ( -0.7500000000000000000, 3.500000000000000000, -5.000000000000000000 ) ) ;
#1492 = DIRECTION ( 'NONE',  ( 1.000000000000000000, 0.0000000000000000000, 0.0000000000000000000 ) ) ;
#1493 = VERTEX_POINT ( 'NONE', #3099 ) ;
#1494 = EDGE_LOOP ( 'NONE', ( #1234, #452, #3639, #317, #3325, #2797, #3235, #672, #1979, #3730, #2962, #318 ) ) ;
#1495 = AXIS2_PLACEMENT_3D ( 'NONE', #2304, #781, #2654 ) ;
#1496 = ADVANCED_FACE ( 'NONE', ( #3794 ), #3160, .F. ) ;
#1497 = DIRECTION ( 'NONE',  ( -0.0000000000000000000, 1.000000000000000000, 0.0000000000000000000 ) ) ;
#1498 = ADVANCED_FACE ( 'NONE', ( #1591 ), #3440, .F. ) ;
#1499 = LINE ( 'NONE', #2076, #212 ) ;
#1500 = VECTOR ( 'NONE', #2543, 1000.000000000000114 ) ;
#1501 = FACE_OUTER_BOUND ( 'NONE', #3949, .T. ) ;
#1502 = LINE ( 'NONE', #2122, #3702 ) ;
#1503 = VECTOR ( 'NONE', #1315, 1000.000000000000000 ) ;
#1504 = CIRCLE ( 'NONE', #3188, 0.5000000000000000000 ) ;
#1505 = DIRECTION ( 'NONE',  ( 0.0000000000000000000, 0.0000000000000000000, 1.000000000000000000 ) ) ;
#1506 = AXIS2_PLACEMENT_3D ( 'NONE', #1024, #3741, #3517 ) ;
#1507 = LINE ( 'NONE', #3694, #2476 ) ;
#1508 = VECTOR ( 'NONE', #3668, 1000.000000000000000 ) ;
#1509 = VERTEX_POINT ( 'NONE', #339 ) ;
#1510 = ORIENTED_EDGE ( 'NONE', *, *, #2069, .T. ) ;
#1511 = LINE ( 'NONE', #2756, #3518 ) ;
#1512 = VECTOR ( 'NONE', #2248, 1000.000000000000000 ) ;
#1513 = PRESENTATION_LAYER_ASSIGNMENT (  '', '', ( #1263 ) ) ;
#1514 = VERTEX_POINT ( 'NONE', #3465 ) ;
#1515 = CARTESIAN_POINT ( 'NONE',  ( 0.7500000000000000000, 0.6496651624528999580, -7.013893371703999513 ) ) ;
#1516 = DIRECTION ( 'NONE',  ( -1.000000000000000000, 0.0000000000000000000, 0.0000000000000000000 ) ) ;
#1517 = ADVANCED_FACE ( 'NONE', ( #3177 ), #2470, .F. ) ;
#1518 = PLANE ( 'NONE',  #2280 ) ;
#1519 = VERTEX_POINT ( 'NONE', #639 ) ;
#1520 = ORIENTED_EDGE ( 'NONE', *, *, #1899, .T. ) ;
#1521 = CARTESIAN_POINT ( 'NONE',  ( -1.800000000000000044, 5.100000000000000533, -6.100000000000000533 ) ) ;
#1522 = LINE ( 'NONE', #2455, #3645 ) ;
#1523 = EDGE_CURVE ( 'NONE', #1493, #169, #661, .T. ) ;
#1524 = DIRECTION ( 'NONE',  ( 0.0000000000000000000, 0.0000000000000000000, 1.000000000000000000 ) ) ;
#1525 = DIRECTION ( 'NONE',  ( 0.0000000000000000000, -1.000000000000000000, 0.0000000000000000000 ) ) ;
#1526 = DIRECTION ( 'NONE',  ( 1.000000000000000000, 0.0000000000000000000, 0.0000000000000000000 ) ) ;
#1527 = ORIENTED_EDGE ( 'NONE', *, *, #1252, .F. ) ;
#1528 = ORIENTED_EDGE ( 'NONE', *, *, #1854, .T. ) ;
#1529 = CARTESIAN_POINT ( 'NONE',  ( -2.399999999999999911, 4.400000000000000355, 0.0000000000000000000 ) ) ;
#1530 = ORIENTED_EDGE ( 'NONE', *, *, #841, .F. ) ;
#1531 = VERTEX_POINT ( 'NONE', #2855 ) ;
#1532 = FACE_OUTER_BOUND ( 'NONE', #3767, .T. ) ;
#1533 = CARTESIAN_POINT ( 'NONE',  ( 0.8249999999999999556, 3.250000000000000000, -0.7750000000000000222 ) ) ;
#1534 = ORIENTED_EDGE ( 'NONE', *, *, #972, .T. ) ;
#1535 = VERTEX_POINT ( 'NONE', #1013 ) ;
#1536 = DIRECTION ( 'NONE',  ( 0.0000000000000000000, 0.0000000000000000000, -1.000000000000000000 ) ) ;
#1537 = DIRECTION ( 'NONE',  ( 0.0000000000000000000, 0.0000000000000000000, -1.000000000000000000 ) ) ;
#1538 = DIRECTION ( 'NONE',  ( -1.000000000000000000, 0.0000000000000000000, 0.0000000000000000000 ) ) ;
#1539 = CARTESIAN_POINT ( 'NONE',  ( 1.250000000000000000, 3.000000000000000000, -5.000000000000000000 ) ) ;
#1540 = EDGE_CURVE ( 'NONE', #801, #2107, #2244, .T. ) ;
#1541 = LINE ( 'NONE', #1134, #1116 ) ;
#1542 = ORIENTED_EDGE ( 'NONE', *, *, #45, .F. ) ;
#1543 = ORIENTED_EDGE ( 'NONE', *, *, #2110, .F. ) ;
#1544 = DIRECTION ( 'NONE',  ( -1.000000000000000000, 0.0000000000000000000, 0.0000000000000000000 ) ) ;
#1545 = EDGE_LOOP ( 'NONE', ( #3962, #82, #206, #1373, #3572, #88 ) ) ;
#1546 = VERTEX_POINT ( 'NONE', #1629 ) ;
#1547 = DIRECTION ( 'NONE',  ( 1.000000000000000000, 0.0000000000000000000, 0.0000000000000000000 ) ) ;
#1548 = DIRECTION ( 'NONE',  ( 0.0000000000000000000, 0.0000000000000000000, 1.000000000000000000 ) ) ;
#1549 = CARTESIAN_POINT ( 'NONE',  ( 0.8000000000000000444, 4.400000000000000355, -5.599999999999999645 ) ) ;
#1550 = ORIENTED_EDGE ( 'NONE', *, *, #2566, .T. ) ;
#1551 = VERTEX_POINT ( 'NONE', #623 ) ;
#1552 = FACE_OUTER_BOUND ( 'NONE', #1150, .T. ) ;
#1553 = CARTESIAN_POINT ( 'NONE',  ( -3.250000000000000000, 0.5000000000000000000, -5.599999999999999645 ) ) ;
#1554 = DIRECTION ( 'NONE',  ( 0.0000000000000000000, 1.000000000000000000, 0.0000000000000000000 ) ) ;
#1555 = LINE ( 'NONE', #1614, #2813 ) ;
#1556 = VECTOR ( 'NONE', #1317, 1000.000000000000000 ) ;
#1557 = FACE_OUTER_BOUND ( 'NONE', #3974, .T. ) ;
#1558 = ADVANCED_FACE ( 'NONE', ( #2493 ), #3419, .F. ) ;
#1559 = VECTOR ( 'NONE', #199, 1000.000000000000000 ) ;
#1560 = VECTOR ( 'NONE', #2045, 1000.000000000000000 ) ;
#1561 = ORIENTED_EDGE ( 'NONE', *, *, #2781, .F. ) ;
#1562 = CARTESIAN_POINT ( 'NONE',  ( 1.250000000000000000, 0.6029116798757000462, -6.515561479977000303 ) ) ;
#1563 = VECTOR ( 'NONE', #3632, 1000.000000000000000 ) ;
#1564 = VECTOR ( 'NONE', #3507, 1000.000000000000000 ) ;
#1565 = EDGE_CURVE ( 'NONE', #1145, #3079, #3544, .T. ) ;
#1566 = ORIENTED_EDGE ( 'NONE', *, *, #3609, .F. ) ;
#1567 = AXIS2_PLACEMENT_3D ( 'NONE', #1147, #3620, #1742 ) ;
#1568 = VECTOR ( 'NONE', #1605, 1000.000000000000114 ) ;
#1569 = PRESENTATION_STYLE_ASSIGNMENT (( #1011 ) ) ;
#1570 = VECTOR ( 'NONE', #937, 1000.000000000000000 ) ;
#1571 = LINE ( 'NONE', #1835, #3377 ) ;
#1572 = DIRECTION ( 'NONE',  ( -1.000000000000000000, 0.0000000000000000000, 0.0000000000000000000 ) ) ;
#1573 = ORIENTED_EDGE ( 'NONE', *, *, #2491, .F. ) ;
#1574 = ORIENTED_EDGE ( 'NONE', *, *, #561, .F. ) ;
#1575 = DIRECTION ( 'NONE',  ( -0.7071067811865475727, 0.0000000000000000000, -0.7071067811865475727 ) ) ;
#1576 = PLANE ( 'NONE',  #1943 ) ;
#1577 = CARTESIAN_POINT ( 'NONE',  ( -2.399999999999999911, 2.700000000000000178, -1.000000000000000000 ) ) ;
#1578 = CARTESIAN_POINT ( 'NONE',  ( 1.300000000000000044, 5.100000000000000533, -2.100000000000000089 ) ) ;
#1579 = LINE ( 'NONE', #2846, #1753 ) ;
#1580 = EDGE_LOOP ( 'NONE', ( #1268, #456, #3700, #1510 ) ) ;
#1581 = ORIENTED_EDGE ( 'NONE', *, *, #2965, .F. ) ;
#1582 = CARTESIAN_POINT ( 'NONE',  ( -0.9000000000000000222, 0.3274046824884999651, -8.599999999999999645 ) ) ;
#1583 = LINE ( 'NONE', #1310, #926 ) ;
#1584 = EDGE_CURVE ( 'NONE', #3100, #1160, #2342, .T. ) ;
#1585 = EDGE_LOOP ( 'NONE', ( #3110, #1331, #3579, #1530 ) ) ;
#1586 = EDGE_LOOP ( 'NONE', ( #2991, #386, #3117, #2374 ) ) ;
#1587 = DIRECTION ( 'NONE',  ( 1.000000000000000000, 0.0000000000000000000, 0.0000000000000000000 ) ) ;
#1588 = EDGE_CURVE ( 'NONE', #1042, #2511, #2546, .T. ) ;
#1589 = EDGE_CURVE ( 'NONE', #3029, #2681, #2976, .T. ) ;
#1590 = DIRECTION ( 'NONE',  ( 0.0000000000000000000, 0.0000000000000000000, 1.000000000000000000 ) ) ;
#1591 = FACE_OUTER_BOUND ( 'NONE', #2870, .T. ) ;
#1592 = ORIENTED_EDGE ( 'NONE', *, *, #2634, .F. ) ;
#1593 = DIRECTION ( 'NONE',  ( -1.000000000000000000, 0.0000000000000000000, 0.0000000000000000000 ) ) ;
#1594 = DIRECTION ( 'NONE',  ( 0.0000000000000000000, 0.0000000000000000000, 1.000000000000000000 ) ) ;
#1595 = PLANE ( 'NONE',  #71 ) ;
#1596 = CARTESIAN_POINT ( 'NONE',  ( -0.7500000000000000000, 3.000000000000000000, -6.100000000000000533 ) ) ;
#1597 = PLANE ( 'NONE',  #2994 ) ;
#1598 = ORIENTED_EDGE ( 'NONE', *, *, #2985, .F. ) ;
#1599 = LINE ( 'NONE', #1005, #2001 ) ;
#1600 = CARTESIAN_POINT ( 'NONE',  ( -0.9000000000000000222, 3.350000000000000089, -0.6999999999999999556 ) ) ;
#1601 = ORIENTED_EDGE ( 'NONE', *, *, #743, .F. ) ;
#1602 = ORIENTED_EDGE ( 'NONE', *, *, #3987, .F. ) ;
#1603 = PLANE ( 'NONE',  #3445 ) ;
#1604 = CARTESIAN_POINT ( 'NONE',  ( -1.250000000000000000, 3.000000000000000000, -0.8499999999999999778 ) ) ;
#1605 = DIRECTION ( 'NONE',  ( 0.5773502691896257311, -0.5773502691896257311, 0.5773502691896257311 ) ) ;
#1606 = ORIENTED_EDGE ( 'NONE', *, *, #903, .F. ) ;
#1607 = EDGE_CURVE ( 'NONE', #2511, #2833, #501, .T. ) ;
#1608 = ADVANCED_FACE ( 'NONE', ( #108 ), #2004, .T. ) ;
#1609 = LINE ( 'NONE', #3750, #347 ) ;
#1610 = FACE_OUTER_BOUND ( 'NONE', #164, .T. ) ;
#1611 = EDGE_CURVE ( 'NONE', #3739, #2352, #1338, .T. ) ;
#1612 = EDGE_CURVE ( 'NONE', #3650, #2495, #1946, .T. ) ;
#1613 = DIRECTION ( 'NONE',  ( 0.0000000000000000000, 0.0000000000000000000, -1.000000000000000000 ) ) ;
#1614 = CARTESIAN_POINT ( 'NONE',  ( -2.399999999999999911, 2.700000000000000178, 0.0000000000000000000 ) ) ;
#1615 = LINE ( 'NONE', #1287, #1046 ) ;
#1616 = ORIENTED_EDGE ( 'NONE', *, *, #1766, .T. ) ;
#1617 = ORIENTED_EDGE ( 'NONE', *, *, #3242, .F. ) ;
#1618 = CARTESIAN_POINT ( 'NONE',  ( -1.800000000000000044, 0.0000000000000000000, 0.0000000000000000000 ) ) ;
#1619 = AXIS2_PLACEMENT_3D ( 'NONE', #1184, #2458, #1225 ) ;
#1620 = VECTOR ( 'NONE', #3198, 1000.000000000000000 ) ;
#1621 = ORIENTED_EDGE ( 'NONE', *, *, #2743, .T. ) ;
#1622 = EDGE_LOOP ( 'NONE', ( #1212, #2689, #2453, #3273 ) ) ;
#1623 = FACE_OUTER_BOUND ( 'NONE', #2488, .T. ) ;
#1624 = VECTOR ( 'NONE', #3744, 1000.000000000000000 ) ;
#1625 = AXIS2_PLACEMENT_3D ( 'NONE', #3163, #954, #1302 ) ;
#1626 = ADVANCED_FACE ( 'NONE', ( #1413 ), #3561, .F. ) ;
#1627 = FACE_OUTER_BOUND ( 'NONE', #663, .T. ) ;
#1628 = VECTOR ( 'NONE', #865, 1000.000000000000000 ) ;
#1629 = CARTESIAN_POINT ( 'NONE',  ( -0.9000000000000000222, 0.1499999999999999944, -8.599999999999999645 ) ) ;
#1630 = AXIS2_PLACEMENT_3D ( 'NONE', #2650, #740, #418 ) ;
#1631 = ORIENTED_EDGE ( 'NONE', *, *, #1708, .F. ) ;
#1632 = DIRECTION ( 'NONE',  ( -1.000000000000000000, 0.0000000000000000000, 0.0000000000000000000 ) ) ;
#1633 = AXIS2_PLACEMENT_3D ( 'NONE', #13, #2499, #957 ) ;
#1634 = VECTOR ( 'NONE', #2503, 1000.000000000000000 ) ;
#1635 = EDGE_CURVE ( 'NONE', #2098, #572, #758, .T. ) ;
#1636 = FACE_OUTER_BOUND ( 'NONE', #3540, .T. ) ;
#1637 = AXIS2_PLACEMENT_3D ( 'NONE', #420, #2939, #3527 ) ;
#1638 = DIRECTION ( 'NONE',  ( 0.0000000000000000000, -1.000000000000000000, 0.0000000000000000000 ) ) ;
#1639 = DIRECTION ( 'NONE',  ( 0.0000000000000000000, 0.0000000000000000000, 1.000000000000000000 ) ) ;
#1640 = EDGE_CURVE ( 'NONE', #3167, #3292, #3888, .T. ) ;
#1641 = EDGE_CURVE ( 'NONE', #3795, #3621, #2279, .T. ) ;
#1642 = LINE ( 'NONE', #2500, #1186 ) ;
#1643 = ORIENTED_EDGE ( 'NONE', *, *, #2932, .T. ) ;
#1644 = CARTESIAN_POINT ( 'NONE',  ( -1.250000000000000000, 0.4774046824884999873, -7.038018663140000797 ) ) ;
#1645 = LINE ( 'NONE', #2252, #3975 ) ;
#1646 = VERTEX_POINT ( 'NONE', #3259 ) ;
#1647 = VERTEX_POINT ( 'NONE', #1089 ) ;
#1648 = CARTESIAN_POINT ( 'NONE',  ( -3.100000000000000089, 2.700000000000000178, 0.0000000000000000000 ) ) ;
#1649 = PLANE ( 'NONE',  #196 ) ;
#1650 = DIRECTION ( 'NONE',  ( 1.000000000000000000, 0.0000000000000000000, 0.0000000000000000000 ) ) ;
#1651 = FACE_OUTER_BOUND ( 'NONE', #2657, .T. ) ;
#1652 = ORIENTED_EDGE ( 'NONE', *, *, #1251, .F. ) ;
#1653 = DIRECTION ( 'NONE',  ( 1.000000000000000000, 0.0000000000000000000, 0.0000000000000000000 ) ) ;
#1654 = DIRECTION ( 'NONE',  ( 0.0000000000000000000, -1.000000000000000000, 0.0000000000000000000 ) ) ;
#1655 = DIRECTION ( 'NONE',  ( -1.000000000000000000, 0.0000000000000000000, 0.0000000000000000000 ) ) ;
#1656 = CARTESIAN_POINT ( 'NONE',  ( -1.250000000000000000, 3.000000000000000000, 0.0000000000000000000 ) ) ;
#1657 = DIRECTION ( 'NONE',  ( -1.000000000000000000, 0.0000000000000000000, 0.0000000000000000000 ) ) ;
#1658 = EDGE_CURVE ( 'NONE', #1356, #1647, #3811, .T. ) ;
#1659 = CARTESIAN_POINT ( 'NONE',  ( 4.000000000000000000, 4.799999999999999822, -0.8000000000000000444 ) ) ;
#1660 = EDGE_LOOP ( 'NONE', ( #635, #161, #373, #1466, #3415, #3760, #3218, #1808, #1827, #1621, #736 ) ) ;
#1661 = ORIENTED_EDGE ( 'NONE', *, *, #356, .T. ) ;
#1662 = EDGE_CURVE ( 'NONE', #984, #3278, #455, .T. ) ;
#1663 = DIRECTION ( 'NONE',  ( 0.0000000000000000000, -1.000000000000000000, 0.0000000000000000000 ) ) ;
#1664 = CARTESIAN_POINT ( 'NONE',  ( -2.299999999999999822, 4.400000000000000355, -6.100000000000000533 ) ) ;
#1665 = CARTESIAN_POINT ( 'NONE',  ( 0.0000000000000000000, 0.2000000000000000111, 0.0000000000000000000 ) ) ;
#1666 = VERTEX_POINT ( 'NONE', #2319 ) ;
#1667 = DIRECTION ( 'NONE',  ( 1.000000000000000000, 0.0000000000000000000, 0.0000000000000000000 ) ) ;
#1668 = DIRECTION ( 'NONE',  ( 1.000000000000000000, 0.0000000000000000000, 0.0000000000000000000 ) ) ;
#1669 = DIRECTION ( 'NONE',  ( 0.0000000000000000000, 0.0000000000000000000, -1.000000000000000000 ) ) ;
#1670 = VERTEX_POINT ( 'NONE', #482 ) ;
#1671 = CARTESIAN_POINT ( 'NONE',  ( -1.800000000000000044, 5.599999999999999645, -6.100000000000000533 ) ) ;
#1672 = DIRECTION ( 'NONE',  ( -1.000000000000000000, 0.0000000000000000000, 0.0000000000000000000 ) ) ;
#1673 = EDGE_CURVE ( 'NONE', #2651, #1763, #1710, .T. ) ;
#1674 = DIRECTION ( 'NONE',  ( 0.0000000000000000000, -1.000000000000000000, 0.0000000000000000000 ) ) ;
#1675 = ORIENTED_EDGE ( 'NONE', *, *, #1922, .T. ) ;
#1676 = CARTESIAN_POINT ( 'NONE',  ( 3.100000000000000089, 5.599999999999999645, 0.0000000000000000000 ) ) ;
#1677 = EDGE_CURVE ( 'NONE', #1519, #3266, #2027, .T. ) ;
#1678 = VERTEX_POINT ( 'NONE', #2259 ) ;
#1679 = ORIENTED_EDGE ( 'NONE', *, *, #3353, .F. ) ;
#1680 = CARTESIAN_POINT ( 'NONE',  ( 1.800000000000000044, 5.100000000000000533, -6.100000000000000533 ) ) ;
#1681 = VECTOR ( 'NONE', #2621, 1000.000000000000000 ) ;
#1682 = EDGE_CURVE ( 'NONE', #374, #332, #3973, .T. ) ;
#1683 = ADVANCED_FACE ( 'NONE', ( #3315 ), #869, .T. ) ;
#1684 = DIRECTION ( 'NONE',  ( 0.0000000000000000000, 0.0000000000000000000, 1.000000000000000000 ) ) ;
#1685 = DIRECTION ( 'NONE',  ( 1.000000000000000000, 0.0000000000000000000, 0.0000000000000000000 ) ) ;
#1686 = ORIENTED_EDGE ( 'NONE', *, *, #509, .T. ) ;
#1687 = VECTOR ( 'NONE', #2015, 1000.000000000000000 ) ;
#1688 = VECTOR ( 'NONE', #2230, 1000.000000000000000 ) ;
#1689 = CARTESIAN_POINT ( 'NONE',  ( -1.100000000000000089, 0.1499999999999999944, -8.599999999999999645 ) ) ;
#1690 = AXIS2_PLACEMENT_3D ( 'NONE', #429, #2544, #3804 ) ;
#1691 = AXIS2_PLACEMENT_3D ( 'NONE', #3045, #2121, #223 ) ;
#1692 = PLANE ( 'NONE',  #2531 ) ;
#1693 = LINE ( 'NONE', #2635, #2739 ) ;
#1694 = VERTEX_POINT ( 'NONE', #2672 ) ;
#1695 = ORIENTED_EDGE ( 'NONE', *, *, #3932, .T. ) ;
#1696 = CARTESIAN_POINT ( 'NONE',  ( 1.800000000000000044, 5.599999999999999645, -6.100000000000000533 ) ) ;
#1697 = AXIS2_PLACEMENT_3D ( 'NONE', #3596, #2685, #3569 ) ;
#1698 = VECTOR ( 'NONE', #2733, 1000.000000000000000 ) ;
#1699 = CARTESIAN_POINT ( 'NONE',  ( -3.100000000000000089, 3.449571404000999930, -5.599999999999999645 ) ) ;
#1700 = AXIS2_PLACEMENT_3D ( 'NONE', #215, #235, #2370 ) ;
#1701 = DIRECTION ( 'NONE',  ( 1.000000000000000000, 0.0000000000000000000, 0.0000000000000000000 ) ) ;
#1702 = ORIENTED_EDGE ( 'NONE', *, *, #2124, .F. ) ;
#1703 = DIRECTION ( 'NONE',  ( 0.0000000000000000000, -1.000000000000000000, 0.0000000000000000000 ) ) ;
#1704 = LINE ( 'NONE', #1126, #344 ) ;
#1705 = ORIENTED_EDGE ( 'NONE', *, *, #1221, .T. ) ;
#1706 = VERTEX_POINT ( 'NONE', #3914 ) ;
#1707 = CARTESIAN_POINT ( 'NONE',  ( 2.399999999999999911, 2.700000000000000178, 0.0000000000000000000 ) ) ;
#1708 = EDGE_CURVE ( 'NONE', #2898, #2982, #927, .T. ) ;
#1709 = PLANE ( 'NONE',  #331 ) ;
#1710 = LINE ( 'NONE', #1109, #2750 ) ;
#1711 = ORIENTED_EDGE ( 'NONE', *, *, #1876, .T. ) ;
#1712 = EDGE_CURVE ( 'NONE', #3141, #3373, #2996, .T. ) ;
#1713 = EDGE_CURVE ( 'NONE', #1551, #2254, #1747, .T. ) ;
#1714 = DIRECTION ( 'NONE',  ( 0.0000000000000000000, -0.1386976001775989953, 0.9903347796098928013 ) ) ;
#1715 = DIRECTION ( 'NONE',  ( 0.0000000000000000000, -1.000000000000000000, 0.0000000000000000000 ) ) ;
#1716 = ORIENTED_EDGE ( 'NONE', *, *, #619, .F. ) ;
#1717 = ORIENTED_EDGE ( 'NONE', *, *, #3725, .F. ) ;
#1718 = CARTESIAN_POINT ( 'NONE',  ( -4.000000000000000000, 5.599999999999999645, -6.100000000000000533 ) ) ;
#1719 = CARTESIAN_POINT ( 'NONE',  ( -1.000000000000000000, 0.4024046824884999762, -8.525000000000000355 ) ) ;
#1720 = FACE_OUTER_BOUND ( 'NONE', #1987, .T. ) ;
#1721 = VERTEX_POINT ( 'NONE', #842 ) ;
#1722 = FACE_OUTER_BOUND ( 'NONE', #3945, .T. ) ;
#1723 = FACE_OUTER_BOUND ( 'NONE', #1882, .T. ) ;
#1724 = EDGE_LOOP ( 'NONE', ( #2034, #1598, #1085, #506, #2711, #1414, #2874, #2149, #886, #2791 ) ) ;
#1725 = ORIENTED_EDGE ( 'NONE', *, *, #1767, .T. ) ;
#1726 = DIRECTION ( 'NONE',  ( 1.000000000000000000, 0.0000000000000000000, 0.0000000000000000000 ) ) ;
#1727 = DIRECTION ( 'NONE',  ( 0.0000000000000000000, 0.0000000000000000000, -1.000000000000000000 ) ) ;
#1728 = CARTESIAN_POINT ( 'NONE',  ( -0.8000000000000000444, 5.100000000000000533, -5.599999999999999645 ) ) ;
#1729 = ORIENTED_EDGE ( 'NONE', *, *, #1152, .T. ) ;
#1730 = DIRECTION ( 'NONE',  ( 0.0000000000000000000, 0.0000000000000000000, -1.000000000000000000 ) ) ;
#1731 = LINE ( 'NONE', #3298, #3241 ) ;
#1732 = EDGE_CURVE ( 'NONE', #2520, #3742, #3933, .T. ) ;
#1733 = DIRECTION ( 'NONE',  ( 0.0000000000000000000, 0.0000000000000000000, -1.000000000000000000 ) ) ;
#1734 = ORIENTED_EDGE ( 'NONE', *, *, #2940, .T. ) ;
#1735 = ORIENTED_EDGE ( 'NONE', *, *, #1878, .T. ) ;
#1736 = CARTESIAN_POINT ( 'NONE',  ( 4.000000000000000000, 1.100000000000000089, -0.8000000000000000444 ) ) ;
#1737 = DIRECTION ( 'NONE',  ( 0.0000000000000000000, 0.7071067811865475727, -0.7071067811865475727 ) ) ;
#1738 = EDGE_CURVE ( 'NONE', #2528, #207, #1832, .T. ) ;
#1739 = CARTESIAN_POINT ( 'NONE',  ( -3.250000000000000000, 0.5000000000000000000, -6.100000000000000533 ) ) ;
#1740 = ORIENTED_EDGE ( 'NONE', *, *, #3248, .F. ) ;
#1741 = DIRECTION ( 'NONE',  ( 1.000000000000000000, 0.0000000000000000000, 0.0000000000000000000 ) ) ;
#1742 = DIRECTION ( 'NONE',  ( 0.0000000000000000000, -1.000000000000000000, 0.0000000000000000000 ) ) ;
#1743 = ORIENTED_EDGE ( 'NONE', *, *, #2078, .T. ) ;
#1744 = ORIENTED_EDGE ( 'NONE', *, *, #3951, .F. ) ;
#1745 = CARTESIAN_POINT ( 'NONE',  ( -0.8000000000000000444, 5.100000000000000533, -6.100000000000000533 ) ) ;
#1746 = CARTESIAN_POINT ( 'NONE',  ( -0.9000000000000000222, 3.350000000000000089, -0.6999999999999999556 ) ) ;
#1747 = LINE ( 'NONE', #251, #3192 ) ;
#1748 = ORIENTED_EDGE ( 'NONE', *, *, #1423, .T. ) ;
#1749 = VECTOR ( 'NONE', #2133, 1000.000000000000000 ) ;
#1750 =( LENGTH_UNIT ( ) NAMED_UNIT ( * ) SI_UNIT ( .MILLI., .METRE. ) );
#1751 = CARTESIAN_POINT ( 'NONE',  ( -3.100000000000000089, 1.100000000000000089, -0.8000000000000000444 ) ) ;
#1752 = DIRECTION ( 'NONE',  ( 0.0000000000000000000, -1.000000000000000000, 0.0000000000000000000 ) ) ;
#1753 = VECTOR ( 'NONE', #2829, 1000.000000000000000 ) ;
#1754 = VERTEX_POINT ( 'NONE', #1772 ) ;
#1755 = VERTEX_POINT ( 'NONE', #1807 ) ;
#1756 = CARTESIAN_POINT ( 'NONE',  ( -3.100000000000000089, 2.700000000000000178, -0.8000000000000000444 ) ) ;
#1757 = CARTESIAN_POINT ( 'NONE',  ( 4.000000000000000000, -0.9000000000000000222, -3.000000000000000000 ) ) ;
#1758 = VECTOR ( 'NONE', #2947, 1000.000000000000114 ) ;
#1759 = VECTOR ( 'NONE', #1475, 1000.000000000000000 ) ;
#1760 = DIRECTION ( 'NONE',  ( 0.0000000000000000000, 1.000000000000000000, 0.0000000000000000000 ) ) ;
#1761 = VECTOR ( 'NONE', #961, 1000.000000000000000 ) ;
#1762 = VECTOR ( 'NONE', #3052, 1000.000000000000114 ) ;
#1763 = VERTEX_POINT ( 'NONE', #2697 ) ;
#1764 = DIRECTION ( 'NONE',  ( 1.000000000000000000, 0.0000000000000000000, 0.0000000000000000000 ) ) ;
#1765 = DIRECTION ( 'NONE',  ( 0.0000000000000000000, 1.000000000000000000, 0.0000000000000000000 ) ) ;
#1766 = EDGE_CURVE ( 'NONE', #2598, #3882, #1153, .T. ) ;
#1767 = EDGE_CURVE ( 'NONE', #2946, #3884, #1135, .T. ) ;
#1768 = VECTOR ( 'NONE', #2201, 1000.000000000000114 ) ;
#1769 = VERTEX_POINT ( 'NONE', #1471 ) ;
#1770 = ORIENTED_EDGE ( 'NONE', *, *, #356, .F. ) ;
#1771 = CARTESIAN_POINT ( 'NONE',  ( 0.7500000000000000000, 0.4774046824884999873, -7.211960327625999589 ) ) ;
#1772 = CARTESIAN_POINT ( 'NONE',  ( 1.300000000000000044, 4.400000000000000355, 0.0000000000000000000 ) ) ;
#1773 = DIRECTION ( 'NONE',  ( 1.000000000000000000, 0.0000000000000000000, 0.0000000000000000000 ) ) ;
#1774 = DIRECTION ( 'NONE',  ( 1.000000000000000000, 0.0000000000000000000, 0.0000000000000000000 ) ) ;
#1775 = FACE_OUTER_BOUND ( 'NONE', #3757, .T. ) ;
#1776 = EDGE_LOOP ( 'NONE', ( #962, #3267, #2066, #625 ) ) ;
#1777 = ORIENTED_EDGE ( 'NONE', *, *, #955, .F. ) ;
#1778 = CARTESIAN_POINT ( 'NONE',  ( -3.100000000000000089, 5.599999999999999645, -0.8000000000000000444 ) ) ;
#1779 = LINE ( 'NONE', #910, #2549 ) ;
#1780 = PLANE ( 'NONE',  #1691 ) ;
#1781 = ORIENTED_EDGE ( 'NONE', *, *, #1677, .T. ) ;
#1782 = DIRECTION ( 'NONE',  ( 0.0000000000000000000, 0.0000000000000000000, 1.000000000000000000 ) ) ;
#1783 = PLANE ( 'NONE',  #2930 ) ;
#1784 = EDGE_CURVE ( 'NONE', #3101, #2351, #3378, .T. ) ;
#1785 = VERTEX_POINT ( 'NONE', #2429 ) ;
#1786 = EDGE_CURVE ( 'NONE', #1100, #3871, #2368, .T. ) ;
#1787 = ORIENTED_EDGE ( 'NONE', *, *, #1972, .T. ) ;
#1788 = DIRECTION ( 'NONE',  ( 0.0000000000000000000, -0.1386976001775986622, 0.9903347796098928013 ) ) ;
#1789 = EDGE_CURVE ( 'NONE', #1094, #1754, #185, .T. ) ;
#1790 = DIRECTION ( 'NONE',  ( 1.000000000000000000, 0.0000000000000000000, 0.0000000000000000000 ) ) ;
#1791 = VERTEX_POINT ( 'NONE', #2112 ) ;
#1792 = DIRECTION ( 'NONE',  ( 1.000000000000000000, 0.0000000000000000000, 0.0000000000000000000 ) ) ;
#1793 = FACE_OUTER_BOUND ( 'NONE', #1724, .T. ) ;
#1794 = DIRECTION ( 'NONE',  ( 0.0000000000000000000, 0.0000000000000000000, 1.000000000000000000 ) ) ;
#1795 = ORIENTED_EDGE ( 'NONE', *, *, #3132, .F. ) ;
#1796 = VERTEX_POINT ( 'NONE', #3359 ) ;
#1797 = DIRECTION ( 'NONE',  ( 0.0000000000000000000, 0.0000000000000000000, -1.000000000000000000 ) ) ;
#1798 = LINE ( 'NONE', #1817, #11 ) ;
#1799 = DIRECTION ( 'NONE',  ( 0.0000000000000000000, -1.000000000000000000, 0.0000000000000000000 ) ) ;
#1800 = CARTESIAN_POINT ( 'NONE',  ( 3.250000000000000000, 0.5000000000000000000, -6.100000000000000533 ) ) ;
#1801 = LINE ( 'NONE', #2752, #1322 ) ;
#1802 = EDGE_CURVE ( 'NONE', #2898, #2399, #272, .T. ) ;
#1803 = EDGE_LOOP ( 'NONE', ( #2390, #3397, #2938, #2990 ) ) ;
#1804 = ORIENTED_EDGE ( 'NONE', *, *, #3279, .F. ) ;
#1805 = LINE ( 'NONE', #1248, #1188 ) ;
#1806 = EDGE_CURVE ( 'NONE', #2707, #2946, #3995, .T. ) ;
#1807 = CARTESIAN_POINT ( 'NONE',  ( -4.000000000000000000, 3.500000000000000000, -6.100000000000000533 ) ) ;
#1808 = ORIENTED_EDGE ( 'NONE', *, *, #2227, .T. ) ;
#1809 = EDGE_CURVE ( 'NONE', #3237, #2160, #1430, .T. ) ;
#1810 = EDGE_CURVE ( 'NONE', #1531, #3996, #3296, .T. ) ;
#1811 = CARTESIAN_POINT ( 'NONE',  ( -2.399999999999999911, 0.5000000000000000000, -5.000000000000000000 ) ) ;
#1812 = DIRECTION ( 'NONE',  ( -1.000000000000000000, 0.0000000000000000000, 0.0000000000000000000 ) ) ;
#1813 = ORIENTED_EDGE ( 'NONE', *, *, #2664, .T. ) ;
#1814 = ORIENTED_EDGE ( 'NONE', *, *, #329, .F. ) ;
#1815 = VECTOR ( 'NONE', #1236, 1000.000000000000000 ) ;
#1816 = DIRECTION ( 'NONE',  ( 0.0000000000000000000, -1.000000000000000000, 0.0000000000000000000 ) ) ;
#1817 = CARTESIAN_POINT ( 'NONE',  ( -2.299999999999999822, 5.599999999999999645, -6.100000000000000533 ) ) ;
#1818 = VECTOR ( 'NONE', #3927, 1000.000000000000000 ) ;
#1819 = VECTOR ( 'NONE', #1412, 1000.000000000000000 ) ;
#1820 = LINE ( 'NONE', #3010, #1441 ) ;
#1821 = VECTOR ( 'NONE', #1886, 1000.000000000000000 ) ;
#1822 = CARTESIAN_POINT ( 'NONE',  ( 1.250000000000000000, 3.500000000000000000, -5.000000000000000000 ) ) ;
#1823 = AXIS2_PLACEMENT_3D ( 'NONE', #2623, #3272, #3247 ) ;
#1824 = DIRECTION ( 'NONE',  ( 0.0000000000000000000, 1.000000000000000000, 0.0000000000000000000 ) ) ;
#1825 = AXIS2_PLACEMENT_3D ( 'NONE', #1533, #584, #830 ) ;
#1826 = ORIENTED_EDGE ( 'NONE', *, *, #3895, .F. ) ;
#1827 = ORIENTED_EDGE ( 'NONE', *, *, #2840, .T. ) ;
#1828 = CARTESIAN_POINT ( 'NONE',  ( 1.100000000000000089, 3.149999999999999911, -0.6999999999999999556 ) ) ;
#1829 = VECTOR ( 'NONE', #1593, 1000.000000000000000 ) ;
#1830 = VECTOR ( 'NONE', #32, 1000.000000000000000 ) ;
#1831 = VECTOR ( 'NONE', #437, 1000.000000000000000 ) ;
#1832 = LINE ( 'NONE', #1170, #1698 ) ;
#1833 = ORIENTED_EDGE ( 'NONE', *, *, #2640, .F. ) ;
#1834 = LINE ( 'NONE', #844, #998 ) ;
#1835 = CARTESIAN_POINT ( 'NONE',  ( -4.000000000000000000, 1.100000000000000089, -3.000000000000000000 ) ) ;
#1836 = ORIENTED_EDGE ( 'NONE', *, *, #1342, .F. ) ;
#1837 = ORIENTED_EDGE ( 'NONE', *, *, #977, .T. ) ;
#1838 = EDGE_CURVE ( 'NONE', #677, #1077, #2267, .T. ) ;
#1839 = EDGE_CURVE ( 'NONE', #3076, #2380, #1308, .T. ) ;
#1840 = CARTESIAN_POINT ( 'NONE',  ( 1.800000000000000044, 5.100000000000000533, -2.100000000000000089 ) ) ;
#1841 = FACE_BOUND ( 'NONE', #2973, .T. ) ;
#1842 = DIRECTION ( 'NONE',  ( 0.0000000000000000000, 0.0000000000000000000, 1.000000000000000000 ) ) ;
#1843 = CARTESIAN_POINT ( 'NONE',  ( -4.000000000000000000, 2.700000000000000178, -5.599999999999999645 ) ) ;
#1844 = CARTESIAN_POINT ( 'NONE',  ( 1.800000000000000044, 5.100000000000000533, -2.100000000000000089 ) ) ;
#1845 = ORIENTED_EDGE ( 'NONE', *, *, #3358, .F. ) ;
#1846 = ORIENTED_EDGE ( 'NONE', *, *, #611, .F. ) ;
#1847 = CARTESIAN_POINT ( 'NONE',  ( 2.399999999999999911, 4.400000000000000355, 0.0000000000000000000 ) ) ;
#1848 = VERTEX_POINT ( 'NONE', #3758 ) ;
#1849 = VERTEX_POINT ( 'NONE', #3190 ) ;
#1850 = CARTESIAN_POINT ( 'NONE',  ( -1.100000000000000089, 3.149999999999999911, -0.6999999999999999556 ) ) ;
#1851 = ORIENTED_EDGE ( 'NONE', *, *, #3137, .F. ) ;
#1852 = ORIENTED_EDGE ( 'NONE', *, *, #233, .T. ) ;
#1853 = LINE ( 'NONE', #2883, #3009 ) ;
#1854 = EDGE_CURVE ( 'NONE', #496, #3679, #2812, .T. ) ;
#1855 = LINE ( 'NONE', #1553, #923 ) ;
#1856 = DIRECTION ( 'NONE',  ( 1.000000000000000000, 0.0000000000000000000, 0.0000000000000000000 ) ) ;
#1857 = CARTESIAN_POINT ( 'NONE',  ( 3.100000000000000089, 2.700000000000000178, -0.8000000000000000444 ) ) ;
#1858 = EDGE_CURVE ( 'NONE', #2895, #2928, #3516, .T. ) ;
#1859 = EDGE_CURVE ( 'NONE', #1061, #2754, #3820, .T. ) ;
#1860 = LINE ( 'NONE', #3108, #1560 ) ;
#1861 = EDGE_LOOP ( 'NONE', ( #2363, #3614, #3301, #2358, #3720, #1814, #192, #2647, #3613, #1117, #4012, #1167, #1813, #3695, #3341, #220 ) ) ;
#1862 = CARTESIAN_POINT ( 'NONE',  ( -1.250000000000000000, 0.0000000000000000000, -8.449999999999999289 ) ) ;
#1863 = VERTEX_POINT ( 'NONE', #3740 ) ;
#1864 = ORIENTED_EDGE ( 'NONE', *, *, #3556, .F. ) ;
#1865 = LINE ( 'NONE', #607, #1111 ) ;
#1866 = CARTESIAN_POINT ( 'NONE',  ( 2.299999999999999822, 5.599999999999999645, -6.100000000000000533 ) ) ;
#1867 = ORIENTED_EDGE ( 'NONE', *, *, #2529, .F. ) ;
#1868 = ORIENTED_EDGE ( 'NONE', *, *, #2588, .F. ) ;
#1869 = LINE ( 'NONE', #3425, #3587 ) ;
#1870 = CARTESIAN_POINT ( 'NONE',  ( 1.800000000000000044, 0.0000000000000000000, 0.0000000000000000000 ) ) ;
#1871 = VECTOR ( 'NONE', #1072, 1000.000000000000000 ) ;
#1872 = LINE ( 'NONE', #2206, #335 ) ;
#1873 = VECTOR ( 'NONE', #1438, 1000.000000000000000 ) ;
#1874 = AXIS2_PLACEMENT_3D ( 'NONE', #1044, #1923, #3215 ) ;
#1875 = ORIENTED_EDGE ( 'NONE', *, *, #3604, .F. ) ;
#1876 = EDGE_CURVE ( 'NONE', #1535, #2351, #3169, .T. ) ;
#1877 = CARTESIAN_POINT ( 'NONE',  ( -3.100000000000000089, 0.0000000000000000000, 0.0000000000000000000 ) ) ;
#1878 = EDGE_CURVE ( 'NONE', #496, #2651, #1897, .T. ) ;
#1879 = CARTESIAN_POINT ( 'NONE',  ( -1.100000000000000089, 3.350000000000000089, -0.6999999999999999556 ) ) ;
#1880 = VECTOR ( 'NONE', #3398, 1000.000000000000000 ) ;
#1881 = AXIS2_PLACEMENT_3D ( 'NONE', #115, #1099, #512 ) ;
#1882 = EDGE_LOOP ( 'NONE', ( #186, #3326, #2673, #415 ) ) ;
#1883 = ORIENTED_EDGE ( 'NONE', *, *, #1073, .T. ) ;
#1884 = VECTOR ( 'NONE', #1632, 1000.000000000000000 ) ;
#1885 = AXIS2_PLACEMENT_3D ( 'NONE', #1866, #1685, #1982 ) ;
#1886 = DIRECTION ( 'NONE',  ( 0.0000000000000000000, 0.0000000000000000000, -1.000000000000000000 ) ) ;
#1887 = LINE ( 'NONE', #3745, #3443 ) ;
#1888 = CARTESIAN_POINT ( 'NONE',  ( 1.100000000000000089, 0.1499999999999999944, -8.599999999999999645 ) ) ;
#1889 = ORIENTED_EDGE ( 'NONE', *, *, #2665, .F. ) ;
#1890 = DIRECTION ( 'NONE',  ( 0.0000000000000000000, -0.9903347796098926903, -0.1386976001775989675 ) ) ;
#1891 = FACE_OUTER_BOUND ( 'NONE', #56, .T. ) ;
#1892 = CARTESIAN_POINT ( 'NONE',  ( -1.100000000000000089, 3.149999999999999911, -0.6999999999999999556 ) ) ;
#1893 = LINE ( 'NONE', #3451, #868 ) ;
#1894 = DIRECTION ( 'NONE',  ( 0.0000000000000000000, -0.1386976001775988288, 0.9903347796098928013 ) ) ;
#1895 = ORIENTED_EDGE ( 'NONE', *, *, #1732, .T. ) ;
#1896 = ORIENTED_EDGE ( 'NONE', *, *, #977, .F. ) ;
#1897 = LINE ( 'NONE', #101, #2877 ) ;
#1898 = CARTESIAN_POINT ( 'NONE',  ( -0.5000000000000000000, 4.400000000000000355, 0.0000000000000000000 ) ) ;
#1899 = EDGE_CURVE ( 'NONE', #3710, #3361, #2188, .T. ) ;
#1900 = EDGE_CURVE ( 'NONE', #1077, #3709, #3432, .T. ) ;
#1901 = EDGE_LOOP ( 'NONE', ( #709, #2260, #2011, #1695 ) ) ;
#1902 = ORIENTED_EDGE ( 'NONE', *, *, #1281, .T. ) ;
#1903 = CARTESIAN_POINT ( 'NONE',  ( -4.000000000000000000, 1.100000000000000089, -3.000000000000000000 ) ) ;
#1904 = ADVANCED_FACE ( 'NONE', ( #3152 ), #650, .F. ) ;
#1905 = EDGE_CURVE ( 'NONE', #683, #2775, #84, .T. ) ;
#1906 = PLANE ( 'NONE',  #3051 ) ;
#1907 = DIRECTION ( 'NONE',  ( 0.0000000000000000000, 0.0000000000000000000, 1.000000000000000000 ) ) ;
#1908 = ORIENTED_EDGE ( 'NONE', *, *, #3458, .F. ) ;
#1909 = DIRECTION ( 'NONE',  ( 0.0000000000000000000, 1.000000000000000000, 0.0000000000000000000 ) ) ;
#1910 = CARTESIAN_POINT ( 'NONE',  ( -0.7500000000000000000, 3.500000000000000000, -6.179846321567000089 ) ) ;
#1911 = CARTESIAN_POINT ( 'NONE',  ( -0.9000000000000000222, 0.3274046824884999651, -8.599999999999999645 ) ) ;
#1912 = FACE_OUTER_BOUND ( 'NONE', #1472, .T. ) ;
#1913 = DIRECTION ( 'NONE',  ( 1.000000000000000000, 0.0000000000000000000, 0.0000000000000000000 ) ) ;
#1914 = ORIENTED_EDGE ( 'NONE', *, *, #1403, .F. ) ;
#1915 = ORIENTED_EDGE ( 'NONE', *, *, #3355, .F. ) ;
#1916 = DIRECTION ( 'NONE',  ( 1.000000000000000000, 0.0000000000000000000, 0.0000000000000000000 ) ) ;
#1917 = PLANE ( 'NONE',  #1690 ) ;
#1918 = EDGE_CURVE ( 'NONE', #3670, #649, #1332, .T. ) ;
#1919 = ORIENTED_EDGE ( 'NONE', *, *, #3017, .F. ) ;
#1920 = ORIENTED_EDGE ( 'NONE', *, *, #1612, .T. ) ;
#1921 = DIRECTION ( 'NONE',  ( 1.000000000000000000, 0.0000000000000000000, 0.0000000000000000000 ) ) ;
#1922 = EDGE_CURVE ( 'NONE', #1100, #3851, #1599, .T. ) ;
#1923 = DIRECTION ( 'NONE',  ( 1.000000000000000000, 0.0000000000000000000, 0.0000000000000000000 ) ) ;
#1924 = CARTESIAN_POINT ( 'NONE',  ( 1.800000000000000044, 0.0000000000000000000, -6.476118157582999579 ) ) ;
#1925 = ORIENTED_EDGE ( 'NONE', *, *, #2204, .T. ) ;
#1926 = ADVANCED_FACE ( 'NONE', ( #3803 ), #3476, .F. ) ;
#1927 = ADVANCED_FACE ( 'NONE', ( #1934 ), #411, .T. ) ;
#1928 = CARTESIAN_POINT ( 'NONE',  ( -3.799999999999999822, 3.449571404000999930, -5.599999999999999645 ) ) ;
#1929 = CARTESIAN_POINT ( 'NONE',  ( 3.799999999999999822, 4.799999999999999822, -5.599999999999999645 ) ) ;
#1930 = CARTESIAN_POINT ( 'NONE',  ( -1.000000000000000000, 3.425000000000000266, -0.7750000000000000222 ) ) ;
#1931 = DIRECTION ( 'NONE',  ( 0.0000000000000000000, 1.000000000000000000, 0.0000000000000000000 ) ) ;
#1932 = DIRECTION ( 'NONE',  ( 1.000000000000000000, 0.0000000000000000000, 0.0000000000000000000 ) ) ;
#1933 = ORIENTED_EDGE ( 'NONE', *, *, #3660, .F. ) ;
#1934 = FACE_OUTER_BOUND ( 'NONE', #3151, .T. ) ;
#1935 = VECTOR ( 'NONE', #2258, 1000.000000000000000 ) ;
#1936 = DIRECTION ( 'NONE',  ( 0.0000000000000000000, 0.1386976001775987177, -0.9903347796098929123 ) ) ;
#1937 = VECTOR ( 'NONE', #591, 1000.000000000000000 ) ;
#1938 = VECTOR ( 'NONE', #3525, 1000.000000000000114 ) ;
#1939 = ORIENTED_EDGE ( 'NONE', *, *, #3230, .F. ) ;
#1940 = ORIENTED_EDGE ( 'NONE', *, *, #3336, .F. ) ;
#1941 = CARTESIAN_POINT ( 'NONE',  ( -3.799999999999999822, 3.449571404000999930, -5.599999999999999645 ) ) ;
#1942 = VECTOR ( 'NONE', #840, 1000.000000000000000 ) ;
#1943 = AXIS2_PLACEMENT_3D ( 'NONE', #2801, #1264, #2497 ) ;
#1944 = FACE_OUTER_BOUND ( 'NONE', #4017, .T. ) ;
#1945 = VECTOR ( 'NONE', #753, 1000.000000000000000 ) ;
#1946 = LINE ( 'NONE', #3199, #1193 ) ;
#1947 = AXIS2_PLACEMENT_3D ( 'NONE', #2046, #1790, #3664 ) ;
#1948 = VERTEX_POINT ( 'NONE', #1582 ) ;
#1949 = CARTESIAN_POINT ( 'NONE',  ( 4.000000000000000000, 0.0000000000000000000, -3.000000000000000000 ) ) ;
#1950 = VECTOR ( 'NONE', #2828, 1000.000000000000000 ) ;
#1951 = FACE_OUTER_BOUND ( 'NONE', #755, .T. ) ;
#1952 = ADVANCED_FACE ( 'NONE', ( #2831 ), #1290, .T. ) ;
#1953 = EDGE_CURVE ( 'NONE', #530, #2031, #140, .T. ) ;
#1954 = CARTESIAN_POINT ( 'NONE',  ( -3.799999999999999822, 3.449571404000999930, -5.599999999999999645 ) ) ;
#1955 = CARTESIAN_POINT ( 'NONE',  ( -0.9000000000000000222, 0.3274046824884999651, -8.599999999999999645 ) ) ;
#1956 = PLANE ( 'NONE',  #1633 ) ;
#1957 = EDGE_CURVE ( 'NONE', #1666, #1061, #3864, .T. ) ;
#1958 = CARTESIAN_POINT ( 'NONE',  ( -3.100000000000000089, 0.0000000000000000000, 0.0000000000000000000 ) ) ;
#1959 = ORIENTED_EDGE ( 'NONE', *, *, #480, .T. ) ;
#1960 = DIRECTION ( 'NONE',  ( 0.0000000000000000000, 0.0000000000000000000, -1.000000000000000000 ) ) ;
#1961 = LINE ( 'NONE', #1898, #2807 ) ;
#1962 = VERTEX_POINT ( 'NONE', #2020 ) ;
#1963 = ORIENTED_EDGE ( 'NONE', *, *, #1859, .F. ) ;
#1964 = DIRECTION ( 'NONE',  ( 1.000000000000000000, 0.0000000000000000000, 0.0000000000000000000 ) ) ;
#1965 = LINE ( 'NONE', #434, #2140 ) ;
#1966 = DIRECTION ( 'NONE',  ( 0.0000000000000000000, 1.000000000000000000, 0.0000000000000000000 ) ) ;
#1967 = CARTESIAN_POINT ( 'NONE',  ( 1.800000000000000044, 5.100000000000000533, -6.100000000000000533 ) ) ;
#1968 = CARTESIAN_POINT ( 'NONE',  ( 0.5000000000000000000, 4.400000000000000355, 0.0000000000000000000 ) ) ;
#1969 = PLANE ( 'NONE',  #3838 ) ;
#1970 = CARTESIAN_POINT ( 'NONE',  ( -0.9000000000000000222, 0.1499999999999999944, -8.599999999999999645 ) ) ;
#1971 = CARTESIAN_POINT ( 'NONE',  ( -4.000000000000000000, 4.799999999999999822, -0.8000000000000000444 ) ) ;
#1972 = EDGE_CURVE ( 'NONE', #382, #1061, #2599, .T. ) ;
#1973 = LINE ( 'NONE', #1387, #3446 ) ;
#1974 = ORIENTED_EDGE ( 'NONE', *, *, #2162, .F. ) ;
#1975 = CARTESIAN_POINT ( 'NONE',  ( 3.100000000000000089, 3.500000000000000000, -1.000000000000000000 ) ) ;
#1976 = FACE_OUTER_BOUND ( 'NONE', #1261, .T. ) ;
#1977 = EDGE_CURVE ( 'NONE', #3882, #2312, #2644, .T. ) ;
#1978 = ORIENTED_EDGE ( 'NONE', *, *, #2718, .F. ) ;
#1979 = ORIENTED_EDGE ( 'NONE', *, *, #619, .T. ) ;
#1980 = LINE ( 'NONE', #3232, #789 ) ;
#1981 = CARTESIAN_POINT ( 'NONE',  ( -2.299999999999999822, 4.599999999999999645, -2.100000000000000089 ) ) ;
#1982 = DIRECTION ( 'NONE',  ( 0.0000000000000000000, 1.000000000000000000, 0.0000000000000000000 ) ) ;
#1983 = ORIENTED_EDGE ( 'NONE', *, *, #3406, .T. ) ;
#1984 = DIRECTION ( 'NONE',  ( 0.0000000000000000000, 0.0000000000000000000, 1.000000000000000000 ) ) ;
#1985 = ORIENTED_EDGE ( 'NONE', *, *, #578, .T. ) ;
#1986 = PLANE ( 'NONE',  #721 ) ;
#1987 = EDGE_LOOP ( 'NONE', ( #1770, #1419, #3906, #3005 ) ) ;
#1988 = EDGE_LOOP ( 'NONE', ( #175, #969, #3462, #3684 ) ) ;
#1989 = FACE_OUTER_BOUND ( 'NONE', #2019, .T. ) ;
#1990 = LINE ( 'NONE', #443, #3913 ) ;
#1991 = LINE ( 'NONE', #2597, #3967 ) ;
#1992 = ORIENTED_EDGE ( 'NONE', *, *, #1635, .T. ) ;
#1993 = DIRECTION ( 'NONE',  ( 0.0000000000000000000, -1.000000000000000000, 0.0000000000000000000 ) ) ;
#1994 = DIRECTION ( 'NONE',  ( 0.0000000000000000000, -1.000000000000000000, 0.0000000000000000000 ) ) ;
#1995 = EDGE_CURVE ( 'NONE', #3650, #2834, #428, .T. ) ;
#1996 = EDGE_LOOP ( 'NONE', ( #3189, #2287, #2875, #3761 ) ) ;
#1997 = ADVANCED_FACE ( 'NONE', ( #1722 ), #1083, .T. ) ;
#1998 = VECTOR ( 'NONE', #3611, 1000.000000000000000 ) ;
#1999 = ORIENTED_EDGE ( 'NONE', *, *, #2202, .F. ) ;
#2000 = DIRECTION ( 'NONE',  ( -1.000000000000000000, 0.0000000000000000000, 0.0000000000000000000 ) ) ;
#2001 = VECTOR ( 'NONE', #2565, 1000.000000000000000 ) ;
#2002 = VECTOR ( 'NONE', #916, 1000.000000000000000 ) ;
#2003 = CARTESIAN_POINT ( 'NONE',  ( 1.300000000000000044, 4.599999999999999645, -2.100000000000000089 ) ) ;
#2004 = PLANE ( 'NONE',  #3583 ) ;
#2005 = ORIENTED_EDGE ( 'NONE', *, *, #768, .T. ) ;
#2006 = VECTOR ( 'NONE', #803, 1000.000000000000000 ) ;
#2007 = VECTOR ( 'NONE', #1492, 1000.000000000000000 ) ;
#2008 = LINE ( 'NONE', #3589, #3138 ) ;
#2009 = VECTOR ( 'NONE', #208, 1000.000000000000000 ) ;
#2010 = AXIS2_PLACEMENT_3D ( 'NONE', #3954, #3999, #1198 ) ;
#2011 = ORIENTED_EDGE ( 'NONE', *, *, #1810, .F. ) ;
#2012 = DIRECTION ( 'NONE',  ( 1.000000000000000000, 0.0000000000000000000, 0.0000000000000000000 ) ) ;
#2013 = ORIENTED_EDGE ( 'NONE', *, *, #1252, .T. ) ;
#2014 = ORIENTED_EDGE ( 'NONE', *, *, #2466, .T. ) ;
#2015 = DIRECTION ( 'NONE',  ( -1.000000000000000000, 0.0000000000000000000, 0.0000000000000000000 ) ) ;
#2016 = VECTOR ( 'NONE', #2805, 1000.000000000000000 ) ;
#2017 = AXIS2_PLACEMENT_3D ( 'NONE', #2751, #225, #912 ) ;
#2018 = DIRECTION ( 'NONE',  ( 0.0000000000000000000, -1.000000000000000000, 0.0000000000000000000 ) ) ;
#2019 = EDGE_LOOP ( 'NONE', ( #3669, #741, #1974, #3096 ) ) ;
#2020 = CARTESIAN_POINT ( 'NONE',  ( -0.7500000000000000000, 0.0000000000000000000, -7.208795825703999682 ) ) ;
#2021 = CARTESIAN_POINT ( 'NONE',  ( -1.250000000000000000, 0.0000000000000000000, -8.599999999999999645 ) ) ;
#2022 = VERTEX_POINT ( 'NONE', #3245 ) ;
#2023 = ORIENTED_EDGE ( 'NONE', *, *, #3778, .T. ) ;
#2024 = CARTESIAN_POINT ( 'NONE',  ( -3.799999999999999822, 3.449571404000999930, -5.599999999999999645 ) ) ;
#2025 = EDGE_CURVE ( 'NONE', #2682, #2501, #3290, .T. ) ;
#2026 = ADVANCED_FACE ( 'NONE', ( #180 ), #2951, .T. ) ;
#2027 = LINE ( 'NONE', #3277, #345 ) ;
#2028 = EDGE_LOOP ( 'NONE', ( #1140, #228, #1652, #475 ) ) ;
#2029 = DIRECTION ( 'NONE',  ( 1.000000000000000000, 0.0000000000000000000, 0.0000000000000000000 ) ) ;
#2030 = EDGE_CURVE ( 'NONE', #2502, #2334, #3538, .T. ) ;
#2031 = VERTEX_POINT ( 'NONE', #2331 ) ;
#2032 = CARTESIAN_POINT ( 'NONE',  ( 1.000000000000000000, 0.07499999999999999722, -8.525000000000000355 ) ) ;
#2033 = ORIENTED_EDGE ( 'NONE', *, *, #3653, .F. ) ;
#2034 = ORIENTED_EDGE ( 'NONE', *, *, #678, .F. ) ;
#2035 = DIRECTION ( 'NONE',  ( 0.0000000000000000000, -1.000000000000000000, 1.001302115865000038E-14 ) ) ;
#2036 = PLANE ( 'NONE',  #3978 ) ;
#2037 = CARTESIAN_POINT ( 'NONE',  ( 1.000000000000000000, 3.425000000000000266, -0.7750000000000000222 ) ) ;
#2038 = ORIENTED_EDGE ( 'NONE', *, *, #2030, .T. ) ;
#2039 = CARTESIAN_POINT ( 'NONE',  ( -0.8000000000000000444, 4.400000000000000355, -6.100000000000000533 ) ) ;
#2040 = PLANE ( 'NONE',  #1823 ) ;
#2041 = EDGE_LOOP ( 'NONE', ( #2485, #3025, #2868, #694 ) ) ;
#2042 = ORIENTED_EDGE ( 'NONE', *, *, #3456, .F. ) ;
#2043 = PRODUCT_RELATED_PRODUCT_CATEGORY ( 'part', '', ( #2242 ) ) ;
#2044 = LINE ( 'NONE', #3312, #3187 ) ;
#2045 = DIRECTION ( 'NONE',  ( 0.0000000000000000000, -1.000000000000000000, 0.0000000000000000000 ) ) ;
#2046 = CARTESIAN_POINT ( 'NONE',  ( 1.250000000000000000, 0.6999999999999999556, -7.208795825703999682 ) ) ;
#2047 = ORIENTED_EDGE ( 'NONE', *, *, #1523, .F. ) ;
#2048 = EDGE_CURVE ( 'NONE', #2074, #2921, #1146, .T. ) ;
#2049 = SURFACE_STYLE_USAGE ( .BOTH. , #2406 ) ;
#2050 = CARTESIAN_POINT ( 'NONE',  ( -1.250000000000000000, 3.000000000000000000, -5.000000000000000000 ) ) ;
#2051 = FACE_OUTER_BOUND ( 'NONE', #410, .T. ) ;
#2052 = ORIENTED_EDGE ( 'NONE', *, *, #3957, .T. ) ;
#2053 = ORIENTED_EDGE ( 'NONE', *, *, #1607, .T. ) ;
#2054 = EDGE_CURVE ( 'NONE', #3795, #641, #2379, .T. ) ;
#2055 = EDGE_CURVE ( 'NONE', #396, #3982, #3210, .T. ) ;
#2056 = LINE ( 'NONE', #2436, #2071 ) ;
#2057 = DIRECTION ( 'NONE',  ( 0.0000000000000000000, -1.000000000000000000, 0.0000000000000000000 ) ) ;
#2058 = CARTESIAN_POINT ( 'NONE',  ( 0.9000000000000000222, 3.350000000000000089, -0.6999999999999999556 ) ) ;
#2059 = ORIENTED_EDGE ( 'NONE', *, *, #202, .T. ) ;
#2060 = DIRECTION ( 'NONE',  ( 0.0000000000000000000, -1.000000000000000000, 0.0000000000000000000 ) ) ;
#2061 = CARTESIAN_POINT ( 'NONE',  ( -3.250000000000000000, 2.399999999999999911, -5.599999999999999645 ) ) ;
#2062 = VERTEX_POINT ( 'NONE', #2906 ) ;
#2063 = ORIENTED_EDGE ( 'NONE', *, *, #445, .F. ) ;
#2064 = DIRECTION ( 'NONE',  ( -1.000000000000000000, 0.0000000000000000000, 0.0000000000000000000 ) ) ;
#2065 = DIRECTION ( 'NONE',  ( 0.0000000000000000000, -1.000000000000000000, 0.0000000000000000000 ) ) ;
#2066 = ORIENTED_EDGE ( 'NONE', *, *, #2078, .F. ) ;
#2067 = VECTOR ( 'NONE', #3793, 1000.000000000000000 ) ;
#2068 = LINE ( 'NONE', #3362, #86 ) ;
#2069 = EDGE_CURVE ( 'NONE', #2445, #772, #752, .T. ) ;
#2070 = CARTESIAN_POINT ( 'NONE',  ( 4.000000000000000000, 2.700000000000000178, -5.599999999999999645 ) ) ;
#2071 = VECTOR ( 'NONE', #260, 1000.000000000000000 ) ;
#2072 = LINE ( 'NONE', #2116, #2541 ) ;
#2073 = VECTOR ( 'NONE', #3912, 1000.000000000000227 ) ;
#2074 = VERTEX_POINT ( 'NONE', #1975 ) ;
#2075 = EDGE_LOOP ( 'NONE', ( #1908, #1427, #949, #1339 ) ) ;
#2076 = CARTESIAN_POINT ( 'NONE',  ( -3.799999999999999822, 4.799999999999999822, -5.599999999999999645 ) ) ;
#2077 = AXIS2_PLACEMENT_3D ( 'NONE', #1930, #3183, #404 ) ;
#2078 = EDGE_CURVE ( 'NONE', #2681, #2160, #3030, .T. ) ;
#2079 = ADVANCED_FACE ( 'NONE', ( #288 ), #1482, .F. ) ;
#2080 = LINE ( 'NONE', #3088, #1379 ) ;
#2081 = VECTOR ( 'NONE', #3964, 1000.000000000000000 ) ;
#2082 = VECTOR ( 'NONE', #824, 1000.000000000000000 ) ;
#2083 = ORIENTED_EDGE ( 'NONE', *, *, #1712, .T. ) ;
#2084 = PLANE ( 'NONE',  #917 ) ;
#2085 = CARTESIAN_POINT ( 'NONE',  ( -1.250000000000000000, 3.069348800088999685, -6.675013711372000280 ) ) ;
#2086 = SHAPE_DEFINITION_REPRESENTATION ( #1240, #2272 ) ;
#2087 = AXIS2_PLACEMENT_3D ( 'NONE', #159, #2948, #1655 ) ;
#2088 = ADVANCED_FACE ( 'NONE', ( #2727 ), #2424, .T. ) ;
#2089 = ORIENTED_EDGE ( 'NONE', *, *, #2330, .F. ) ;
#2090 = VERTEX_POINT ( 'NONE', #1164 ) ;
#2091 = PRODUCT_DEFINITION_FORMATION_WITH_SPECIFIED_SOURCE ( 'ANY', '', #2242, .NOT_KNOWN. ) ;
#2092 = PLANE ( 'NONE',  #1056 ) ;
#2093 = CARTESIAN_POINT ( 'NONE',  ( -1.100000000000000089, 3.350000000000000089, -0.6999999999999999556 ) ) ;
#2094 = EDGE_LOOP ( 'NONE', ( #3983, #1086, #2563, #3593 ) ) ;
#2095 = DIRECTION ( 'NONE',  ( -1.000000000000000000, 0.0000000000000000000, 0.0000000000000000000 ) ) ;
#2096 = CARTESIAN_POINT ( 'NONE',  ( 0.7500000000000000000, 3.069348800088999685, -6.675013711372000280 ) ) ;
#2097 = LINE ( 'NONE', #257, #3001 ) ;
#2098 = VERTEX_POINT ( 'NONE', #262 ) ;
#2099 = ORIENTED_EDGE ( 'NONE', *, *, #3681, .T. ) ;
#2100 = LINE ( 'NONE', #23, #270 ) ;
#2101 = CARTESIAN_POINT ( 'NONE',  ( 3.250000000000000000, 2.399999999999999911, -5.599999999999999645 ) ) ;
#2102 = CARTESIAN_POINT ( 'NONE',  ( 2.299999999999999822, 4.400000000000000355, -5.000000000000000000 ) ) ;
#2103 = ORIENTED_EDGE ( 'NONE', *, *, #2180, .F. ) ;
#2104 = EDGE_CURVE ( 'NONE', #3285, #3557, #2768, .T. ) ;
#2105 = CARTESIAN_POINT ( 'NONE',  ( -2.399999999999999911, 0.5000000000000000000, -5.000000000000000000 ) ) ;
#2106 = LINE ( 'NONE', #3411, #931 ) ;
#2107 = VERTEX_POINT ( 'NONE', #2105 ) ;
#2108 = ORIENTED_EDGE ( 'NONE', *, *, #480, .F. ) ;
#2109 = ADVANCED_FACE ( 'NONE', ( #614 ), #2084, .F. ) ;
#2110 = EDGE_CURVE ( 'NONE', #2624, #1145, #1502, .T. ) ;
#2111 = LINE ( 'NONE', #634, #602 ) ;
#2112 = CARTESIAN_POINT ( 'NONE',  ( -0.5000000000000000000, 4.400000000000000355, -5.000000000000000000 ) ) ;
#2113 = EDGE_LOOP ( 'NONE', ( #1743, #1477, #1561, #1054 ) ) ;
#2114 = CARTESIAN_POINT ( 'NONE',  ( -4.000000000000000000, 0.0000000000000000000, 0.0000000000000000000 ) ) ;
#2115 = LINE ( 'NONE', #2736, #1998 ) ;
#2116 = CARTESIAN_POINT ( 'NONE',  ( -1.250000000000000000, 3.000000000000000000, -6.100000000000000533 ) ) ;
#2117 = ORIENTED_EDGE ( 'NONE', *, *, #2443, .T. ) ;
#2118 = ORIENTED_EDGE ( 'NONE', *, *, #1876, .F. ) ;
#2119 = PLANE ( 'NONE',  #2409 ) ;
#2120 = CARTESIAN_POINT ( 'NONE',  ( 1.800000000000000044, 5.599999999999999645, -6.100000000000000533 ) ) ;
#2121 = DIRECTION ( 'NONE',  ( 0.0000000000000000000, 0.0000000000000000000, 1.000000000000000000 ) ) ;
#2122 = CARTESIAN_POINT ( 'NONE',  ( 4.000000000000000000, 4.799999999999999822, -0.8000000000000000444 ) ) ;
#2123 = LINE ( 'NONE', #4005, #3643 ) ;
#2124 = EDGE_CURVE ( 'NONE', #3141, #2031, #4020, .T. ) ;
#2125 = CARTESIAN_POINT ( 'NONE',  ( 1.800000000000000044, 0.2000000000000000111, 0.0000000000000000000 ) ) ;
#2126 = VERTEX_POINT ( 'NONE', #4004 ) ;
#2127 = CARTESIAN_POINT ( 'NONE',  ( 1.100000000000000089, 3.149999999999999911, -0.6999999999999999556 ) ) ;
#2128 = EDGE_CURVE ( 'NONE', #3532, #3200, #3089, .T. ) ;
#2129 = EDGE_CURVE ( 'NONE', #3701, #83, #3781, .T. ) ;
#2130 = CARTESIAN_POINT ( 'NONE',  ( 3.250000000000000000, 0.5000000000000000000, -6.100000000000000533 ) ) ;
#2131 = ORIENTED_EDGE ( 'NONE', *, *, #3035, .T. ) ;
#2132 = DIRECTION ( 'NONE',  ( 0.0000000000000000000, 1.000000000000000000, 0.0000000000000000000 ) ) ;
#2133 = DIRECTION ( 'NONE',  ( -1.000000000000000000, 0.0000000000000000000, 0.0000000000000000000 ) ) ;
#2134 = LINE ( 'NONE', #872, #600 ) ;
#2135 = VERTEX_POINT ( 'NONE', #2784 ) ;
#2136 = ORIENTED_EDGE ( 'NONE', *, *, #3751, .T. ) ;
#2137 = AXIS2_PLACEMENT_3D ( 'NONE', #3528, #810, #3202 ) ;
#2138 = LINE ( 'NONE', #3085, #994 ) ;
#2139 = VECTOR ( 'NONE', #3784, 1000.000000000000114 ) ;
#2140 = VECTOR ( 'NONE', #2913, 1000.000000000000000 ) ;
#2141 = CARTESIAN_POINT ( 'NONE',  ( -1.100000000000000089, 0.3274046824884999651, -8.599999999999999645 ) ) ;
#2142 = DIRECTION ( 'NONE',  ( 0.0000000000000000000, -1.000000000000000000, 0.0000000000000000000 ) ) ;
#2143 = VECTOR ( 'NONE', #1336, 1000.000000000000000 ) ;
#2144 = VECTOR ( 'NONE', #1362, 1000.000000000000000 ) ;
#2145 = DIRECTION ( 'NONE',  ( 0.0000000000000000000, 0.0000000000000000000, -1.000000000000000000 ) ) ;
#2146 = CIRCLE ( 'NONE', #793, 0.5000000000000000000 ) ;
#2147 = CARTESIAN_POINT ( 'NONE',  ( -1.800000000000000044, 0.2000000000000000111, 0.0000000000000000000 ) ) ;
#2148 = VECTOR ( 'NONE', #3234, 1000.000000000000000 ) ;
#2149 = ORIENTED_EDGE ( 'NONE', *, *, #3158, .T. ) ;
#2150 = ORIENTED_EDGE ( 'NONE', *, *, #3018, .F. ) ;
#2151 = CARTESIAN_POINT ( 'NONE',  ( -3.100000000000000089, 5.599999999999999645, 0.0000000000000000000 ) ) ;
#2152 = VECTOR ( 'NONE', #1505, 1000.000000000000000 ) ;
#2153 = VECTOR ( 'NONE', #1216, 1000.000000000000000 ) ;
#2154 = ORIENTED_EDGE ( 'NONE', *, *, #2438, .F. ) ;
#2155 = EDGE_LOOP ( 'NONE', ( #3461, #2729, #909, #2315, #2882, #1543, #1925, #1154, #2316, #2089, #3300, #2448 ) ) ;
#2156 = ADVANCED_FACE ( 'NONE', ( #3013 ), #3676, .T. ) ;
#2157 = DIRECTION ( 'NONE',  ( 1.000000000000000000, 0.0000000000000000000, 0.0000000000000000000 ) ) ;
#2158 = DIRECTION ( 'NONE',  ( -0.5773502691896257311, 0.5773502691896257311, -0.5773502691896257311 ) ) ;
#2159 = DIRECTION ( 'NONE',  ( 0.0000000000000000000, 0.0000000000000000000, -1.000000000000000000 ) ) ;
#2160 = VERTEX_POINT ( 'NONE', #3370 ) ;
#2161 = ORIENTED_EDGE ( 'NONE', *, *, #2933, .F. ) ;
#2162 = EDGE_CURVE ( 'NONE', #1509, #1678, #1206, .T. ) ;
#2163 = DIRECTION ( 'NONE',  ( -1.000000000000000000, 0.0000000000000000000, 0.0000000000000000000 ) ) ;
#2164 = LINE ( 'NONE', #1162, #3061 ) ;
#2165 = FACE_OUTER_BOUND ( 'NONE', #2155, .T. ) ;
#2166 = CARTESIAN_POINT ( 'NONE',  ( 0.0000000000000000000, 5.599999999999999645, 0.0000000000000000000 ) ) ;
#2167 = LINE ( 'NONE', #2147, #2865 ) ;
#2168 = ORIENTED_EDGE ( 'NONE', *, *, #2841, .T. ) ;
#2169 = VERTEX_POINT ( 'NONE', #3394 ) ;
#2170 = FACE_OUTER_BOUND ( 'NONE', #2927, .T. ) ;
#2171 = ADVANCED_FACE ( 'NONE', ( #3333 ), #304, .F. ) ;
#2172 = ORIENTED_EDGE ( 'NONE', *, *, #560, .T. ) ;
#2173 = EDGE_LOOP ( 'NONE', ( #313, #2954, #116, #1334 ) ) ;
#2174 = FACE_OUTER_BOUND ( 'NONE', #2253, .T. ) ;
#2175 = LINE ( 'NONE', #65, #1556 ) ;
#2176 = CARTESIAN_POINT ( 'NONE',  ( -2.399999999999999911, 0.5000000000000000000, 0.0000000000000000000 ) ) ;
#2177 = EDGE_LOOP ( 'NONE', ( #2118, #3413, #3863, #2905, #1940, #3558, #640, #3400 ) ) ;
#2178 = ORIENTED_EDGE ( 'NONE', *, *, #561, .T. ) ;
#2179 = CARTESIAN_POINT ( 'NONE',  ( -3.250000000000000000, 3.500000000000000000, -6.100000000000000533 ) ) ;
#2180 = EDGE_CURVE ( 'NONE', #2413, #2818, #3308, .T. ) ;
#2181 = EDGE_CURVE ( 'NONE', #169, #2982, #244, .T. ) ;
#2182 = DIRECTION ( 'NONE',  ( 0.0000000000000000000, 0.0000000000000000000, -1.000000000000000000 ) ) ;
#2183 = DIRECTION ( 'NONE',  ( 0.0000000000000000000, 0.0000000000000000000, -1.000000000000000000 ) ) ;
#2184 = CARTESIAN_POINT ( 'NONE',  ( 0.9000000000000000222, 0.1499999999999999944, -8.599999999999999645 ) ) ;
#2185 = DIRECTION ( 'NONE',  ( -1.000000000000000000, 0.0000000000000000000, 0.0000000000000000000 ) ) ;
#2186 = ORIENTED_EDGE ( 'NONE', *, *, #3132, .T. ) ;
#2187 = ORIENTED_EDGE ( 'NONE', *, *, #1275, .F. ) ;
#2188 = LINE ( 'NONE', #1862, #1500 ) ;
#2189 = DIRECTION ( 'NONE',  ( 0.0000000000000000000, -1.000000000000000000, 0.0000000000000000000 ) ) ;
#2190 = ORIENTED_EDGE ( 'NONE', *, *, #676, .T. ) ;
#2191 = VERTEX_POINT ( 'NONE', #3943 ) ;
#2192 = CARTESIAN_POINT ( 'NONE',  ( -14.42880000000000074, 0.6999999999999999556, -7.208795825703999682 ) ) ;
#2193 = CARTESIAN_POINT ( 'NONE',  ( 4.000000000000000000, 4.799999999999999822, -5.599999999999999645 ) ) ;
#2194 = DIRECTION ( 'NONE',  ( 0.0000000000000000000, 0.0000000000000000000, 1.000000000000000000 ) ) ;
#2195 = ORIENTED_EDGE ( 'NONE', *, *, #791, .T. ) ;
#2196 = ORIENTED_EDGE ( 'NONE', *, *, #2443, .F. ) ;
#2197 = CARTESIAN_POINT ( 'NONE',  ( 0.5000000000000000000, 5.100000000000000533, 0.0000000000000000000 ) ) ;
#2198 = CARTESIAN_POINT ( 'NONE',  ( 1.250000000000000000, 3.000000000000000000, 0.0000000000000000000 ) ) ;
#2199 = VECTOR ( 'NONE', #2158, 1000.000000000000114 ) ;
#2200 = CARTESIAN_POINT ( 'NONE',  ( 0.7500000000000000000, 3.000000000000000000, -6.179846321567000089 ) ) ;
#2201 = DIRECTION ( 'NONE',  ( 0.0000000000000000000, -0.9903347796098926903, -0.1386976001775989675 ) ) ;
#2202 = EDGE_CURVE ( 'NONE', #1467, #2495, #3963, .T. ) ;
#2203 = VECTOR ( 'NONE', #3619, 1000.000000000000000 ) ;
#2204 = EDGE_CURVE ( 'NONE', #2624, #266, #974, .T. ) ;
#2205 = VECTOR ( 'NONE', #816, 1000.000000000000000 ) ;
#2206 = CARTESIAN_POINT ( 'NONE',  ( -1.250000000000000000, 3.500000000000000000, -6.100000000000000533 ) ) ;
#2207 = AXIS2_PLACEMENT_3D ( 'NONE', #106, #3542, #2912 ) ;
#2208 = AXIS2_PLACEMENT_3D ( 'NONE', #2350, #1669, #2980 ) ;
#2209 = VERTEX_POINT ( 'NONE', #12 ) ;
#2210 = DIRECTION ( 'NONE',  ( -0.5773502691896257311, 0.5773502691896257311, 0.5773502691896257311 ) ) ;
#2211 = DIRECTION ( 'NONE',  ( -1.000000000000000000, 0.0000000000000000000, 0.0000000000000000000 ) ) ;
#2212 = ADVANCED_FACE ( 'NONE', ( #52 ), #2886, .F. ) ;
#2213 = ADVANCED_FACE ( 'NONE', ( #2165 ), #3164, .T. ) ;
#2214 = VECTOR ( 'NONE', #1715, 1000.000000000000000 ) ;
#2215 = ORIENTED_EDGE ( 'NONE', *, *, #441, .T. ) ;
#2216 = EDGE_LOOP ( 'NONE', ( #3520, #1314, #1939, #950, #1804, #3637, #259, #3274 ) ) ;
#2217 = VECTOR ( 'NONE', #913, 1000.000000000000000 ) ;
#2218 = VECTOR ( 'NONE', #388, 1000.000000000000000 ) ;
#2219 = DIRECTION ( 'NONE',  ( -0.0000000000000000000, 1.000000000000000000, 0.0000000000000000000 ) ) ;
#2220 =( NAMED_UNIT ( * ) SI_UNIT ( $, .STERADIAN. ) SOLID_ANGLE_UNIT ( ) );
#2221 = VECTOR ( 'NONE', #2346, 1000.000000000000000 ) ;
#2222 = CARTESIAN_POINT ( 'NONE',  ( 0.9000000000000000222, 3.350000000000000089, -0.6999999999999999556 ) ) ;
#2223 = DIRECTION ( 'NONE',  ( 0.0000000000000000000, -1.000000000000000000, 0.0000000000000000000 ) ) ;
#2224 = EDGE_LOOP ( 'NONE', ( #309, #3783, #2117, #3498 ) ) ;
#2225 = CARTESIAN_POINT ( 'NONE',  ( -2.399999999999999911, 3.500000000000000000, 0.0000000000000000000 ) ) ;
#2226 = DIRECTION ( 'NONE',  ( -1.000000000000000000, 0.0000000000000000000, 0.0000000000000000000 ) ) ;
#2227 = EDGE_CURVE ( 'NONE', #238, #3968, #1869, .T. ) ;
#2228 = CARTESIAN_POINT ( 'NONE',  ( 0.7500000000000000000, 0.0000000000000000000, -8.449999999999999289 ) ) ;
#2229 = LINE ( 'NONE', #669, #3136 ) ;
#2230 = DIRECTION ( 'NONE',  ( 0.0000000000000000000, 0.0000000000000000000, -1.000000000000000000 ) ) ;
#2231 = EDGE_CURVE ( 'NONE', #3213, #2062, #630, .T. ) ;
#2232 = ORIENTED_EDGE ( 'NONE', *, *, #227, .F. ) ;
#2233 = ORIENTED_EDGE ( 'NONE', *, *, #1103, .T. ) ;
#2234 = CARTESIAN_POINT ( 'NONE',  ( 0.9000000000000000222, 0.3274046824884999651, -8.599999999999999645 ) ) ;
#2235 = FACE_OUTER_BOUND ( 'NONE', #808, .T. ) ;
#2236 = ADVANCED_FACE ( 'NONE', ( #3716 ), #2827, .F. ) ;
#2237 = ORIENTED_EDGE ( 'NONE', *, *, #2512, .F. ) ;
#2238 = EDGE_CURVE ( 'NONE', #169, #649, #3773, .T. ) ;
#2239 = ORIENTED_EDGE ( 'NONE', *, *, #1403, .T. ) ;
#2240 = DIRECTION ( 'NONE',  ( 1.000000000000000000, 0.0000000000000000000, 0.0000000000000000000 ) ) ;
#2241 = DIRECTION ( 'NONE',  ( 1.000000000000000000, 0.0000000000000000000, 0.0000000000000000000 ) ) ;
#2242 = PRODUCT ( '52B93EC8-8935-4BE6-B4B8-DB77C68B42AA', '52B93EC8-8935-4BE6-B4B8-DB77C68B42AA', '', ( #1235 ) ) ;
#2243 = LINE ( 'NONE', #2222, #2199 ) ;
#2244 = LINE ( 'NONE', #2176, #603 ) ;
#2245 = ORIENTED_EDGE ( 'NONE', *, *, #2069, .F. ) ;
#2246 = DIRECTION ( 'NONE',  ( -1.000000000000000000, 0.0000000000000000000, 0.0000000000000000000 ) ) ;
#2247 = LINE ( 'NONE', #1911, #466 ) ;
#2248 = DIRECTION ( 'NONE',  ( 0.0000000000000000000, 0.0000000000000000000, 1.000000000000000000 ) ) ;
#2249 = LINE ( 'NONE', #3208, #533 ) ;
#2250 = ORIENTED_EDGE ( 'NONE', *, *, #1540, .F. ) ;
#2251 = CARTESIAN_POINT ( 'NONE',  ( 0.7500000000000000000, 0.0000000000000000000, -8.449999999999999289 ) ) ;
#2252 = CARTESIAN_POINT ( 'NONE',  ( -1.250000000000000000, 3.500000000000000000, -5.000000000000000000 ) ) ;
#2253 = EDGE_LOOP ( 'NONE', ( #1826, #3379, #3037, #1631 ) ) ;
#2254 = VERTEX_POINT ( 'NONE', #322 ) ;
#2255 = FACE_OUTER_BOUND ( 'NONE', #2792, .T. ) ;
#2256 = EDGE_CURVE ( 'NONE', #332, #2098, #999, .T. ) ;
#2257 = EDGE_CURVE ( 'NONE', #1531, #2380, #3148, .T. ) ;
#2258 = DIRECTION ( 'NONE',  ( 0.0000000000000000000, 1.000000000000000000, 0.0000000000000000000 ) ) ;
#2259 = CARTESIAN_POINT ( 'NONE',  ( 1.300000000000000044, 5.100000000000000533, -2.100000000000000089 ) ) ;
#2260 = ORIENTED_EDGE ( 'NONE', *, *, #79, .F. ) ;
#2261 = FACE_OUTER_BOUND ( 'NONE', #4028, .T. ) ;
#2262 = ORIENTED_EDGE ( 'NONE', *, *, #3830, .F. ) ;
#2263 = CARTESIAN_POINT ( 'NONE',  ( 1.800000000000000044, 0.0000000000000000000, -6.100000000000000533 ) ) ;
#2264 = CARTESIAN_POINT ( 'NONE',  ( 1.300000000000000044, 5.100000000000000533, -6.100000000000000533 ) ) ;
#2265 = DIRECTION ( 'NONE',  ( 0.5773502691896257311, 0.5773502691896257311, -0.5773502691896257311 ) ) ;
#2266 = ORIENTED_EDGE ( 'NONE', *, *, #676, .F. ) ;
#2267 = LINE ( 'NONE', #2848, #2218 ) ;
#2268 = CYLINDRICAL_SURFACE ( 'NONE', #1506, 0.5000000000000000000 ) ;
#2269 = VECTOR ( 'NONE', #2478, 1000.000000000000000 ) ;
#2270 = VECTOR ( 'NONE', #647, 1000.000000000000227 ) ;
#2271 = ORIENTED_EDGE ( 'NONE', *, *, #3280, .F. ) ;
#2272 = ADVANCED_BREP_SHAPE_REPRESENTATION ( '52B93EC8-8935-4BE6-B4B8-DB77C68B42AA', ( #4011, #3849 ), #3524 ) ;
#2273 = ORIENTED_EDGE ( 'NONE', *, *, #2231, .T. ) ;
#2274 = PLANE ( 'NONE',  #3706 ) ;
#2275 = AXIS2_PLACEMENT_3D ( 'NONE', #2392, #3367, #3984 ) ;
#2276 = VECTOR ( 'NONE', #2944, 1000.000000000000000 ) ;
#2277 = CARTESIAN_POINT ( 'NONE',  ( 4.000000000000000000, 3.500000000000000000, -6.100000000000000533 ) ) ;
#2278 = VECTOR ( 'NONE', #1192, 1000.000000000000114 ) ;
#2279 = LINE ( 'NONE', #1372, #542 ) ;
#2280 = AXIS2_PLACEMENT_3D ( 'NONE', #3024, #2761, #1456 ) ;
#2281 = ORIENTED_EDGE ( 'NONE', *, *, #2466, .F. ) ;
#2282 = ADVANCED_FACE ( 'NONE', ( #3754 ), #2559, .F. ) ;
#2283 = DIRECTION ( 'NONE',  ( -1.000000000000000000, 0.0000000000000000000, 0.0000000000000000000 ) ) ;
#2284 = AXIS2_PLACEMENT_3D ( 'NONE', #4002, #1536, #4018 ) ;
#2285 = CARTESIAN_POINT ( 'NONE',  ( -1.800000000000000044, 5.599999999999999645, -6.100000000000000533 ) ) ;
#2286 = CARTESIAN_POINT ( 'NONE',  ( 2.299999999999999822, 5.599999999999999645, -6.100000000000000533 ) ) ;
#2287 = ORIENTED_EDGE ( 'NONE', *, *, #78, .F. ) ;
#2288 = EDGE_CURVE ( 'NONE', #2856, #238, #1311, .T. ) ;
#2289 = AXIS2_PLACEMENT_3D ( 'NONE', #187, #1730, #3977 ) ;
#2290 = ADVANCED_FACE ( 'NONE', ( #687 ), #2802, .T. ) ;
#2291 = CARTESIAN_POINT ( 'NONE',  ( 4.000000000000000000, 1.100000000000000089, -0.8000000000000000444 ) ) ;
#2292 = FACE_OUTER_BOUND ( 'NONE', #403, .T. ) ;
#2293 = CARTESIAN_POINT ( 'NONE',  ( 0.7500000000000000000, 3.000000000000000000, -6.100000000000000533 ) ) ;
#2294 = ORIENTED_EDGE ( 'NONE', *, *, #2964, .T. ) ;
#2295 = DIRECTION ( 'NONE',  ( 0.0000000000000000000, -1.000000000000000000, 0.0000000000000000000 ) ) ;
#2296 = FACE_OUTER_BOUND ( 'NONE', #198, .T. ) ;
#2297 = ORIENTED_EDGE ( 'NONE', *, *, #976, .F. ) ;
#2298 = ORIENTED_EDGE ( 'NONE', *, *, #1258, .F. ) ;
#2299 = CARTESIAN_POINT ( 'NONE',  ( 4.000000000000000000, 3.500000000000000000, -1.000000000000000000 ) ) ;
#2300 = CARTESIAN_POINT ( 'NONE',  ( -4.000000000000000000, 2.495064510581000317, -7.599999999999999645 ) ) ;
#2301 = ORIENTED_EDGE ( 'NONE', *, *, #2564, .F. ) ;
#2302 = CARTESIAN_POINT ( 'NONE',  ( -1.300000000000000044, 4.400000000000000355, 0.0000000000000000000 ) ) ;
#2303 = EDGE_CURVE ( 'NONE', #1948, #446, #2247, .T. ) ;
#2304 = CARTESIAN_POINT ( 'NONE',  ( 0.7500000000000000000, 3.500000000000000000, 0.0000000000000000000 ) ) ;
#2305 = DIRECTION ( 'NONE',  ( 0.0000000000000000000, 0.0000000000000000000, -1.000000000000000000 ) ) ;
#2306 = ORIENTED_EDGE ( 'NONE', *, *, #716, .F. ) ;
#2307 = CARTESIAN_POINT ( 'NONE',  ( 3.100000000000000089, 2.700000000000000178, 0.0000000000000000000 ) ) ;
#2308 = PLANE ( 'NONE',  #1697 ) ;
#2309 = ADVANCED_FACE ( 'NONE', ( #366 ), #1595, .T. ) ;
#2310 = ADVANCED_FACE ( 'NONE', ( #3490 ), #703, .T. ) ;
#2311 = DIRECTION ( 'NONE',  ( -1.000000000000000000, 0.0000000000000000000, 0.0000000000000000000 ) ) ;
#2312 = VERTEX_POINT ( 'NONE', #2307 ) ;
#2313 = CARTESIAN_POINT ( 'NONE',  ( -1.800000000000000044, 5.100000000000000533, -2.100000000000000089 ) ) ;
#2314 = DIRECTION ( 'NONE',  ( 0.0000000000000000000, 0.0000000000000000000, -1.000000000000000000 ) ) ;
#2315 = ORIENTED_EDGE ( 'NONE', *, *, #930, .F. ) ;
#2316 = ORIENTED_EDGE ( 'NONE', *, *, #3279, .T. ) ;
#2317 = CARTESIAN_POINT ( 'NONE',  ( 0.7500000000000000000, 0.6029116798757000462, -6.515561479977000303 ) ) ;
#2318 = LINE ( 'NONE', #2880, #3057 ) ;
#2319 = CARTESIAN_POINT ( 'NONE',  ( -1.300000000000000044, 5.100000000000000533, -6.100000000000000533 ) ) ;
#2320 = ORIENTED_EDGE ( 'NONE', *, *, #2025, .F. ) ;
#2321 = LINE ( 'NONE', #170, #2553 ) ;
#2322 = CARTESIAN_POINT ( 'NONE',  ( 0.7500000000000000000, 3.000000000000000000, 0.0000000000000000000 ) ) ;
#2323 = DIRECTION ( 'NONE',  ( 0.0000000000000000000, 0.1386976001775987177, -0.9903347796098929123 ) ) ;
#2324 = ORIENTED_EDGE ( 'NONE', *, *, #3157, .F. ) ;
#2325 = ORIENTED_EDGE ( 'NONE', *, *, #2694, .F. ) ;
#2326 = DIRECTION ( 'NONE',  ( 0.0000000000000000000, 0.0000000000000000000, -1.000000000000000000 ) ) ;
#2327 = LINE ( 'NONE', #177, #1448 ) ;
#2328 = DIRECTION ( 'NONE',  ( -0.0000000000000000000, 0.7071067811865475727, 0.7071067811865475727 ) ) ;
#2329 = ORIENTED_EDGE ( 'NONE', *, *, #2692, .T. ) ;
#2330 = EDGE_CURVE ( 'NONE', #2413, #517, #1404, .T. ) ;
#2331 = CARTESIAN_POINT ( 'NONE',  ( 3.250000000000000000, 0.0000000000000000000, -6.100000000000000533 ) ) ;
#2332 = ADVANCED_FACE ( 'NONE', ( #2966 ), #176, .T. ) ;
#2333 = CARTESIAN_POINT ( 'NONE',  ( 4.000000000000000000, 2.495064510581000317, -7.599999999999999645 ) ) ;
#2334 = VERTEX_POINT ( 'NONE', #1035 ) ;
#2335 = AXIS2_PLACEMENT_3D ( 'NONE', #236, #1474, #2719 ) ;
#2336 = ORIENTED_EDGE ( 'NONE', *, *, #1995, .F. ) ;
#2337 = ADVANCED_FACE ( 'NONE', ( #1989 ), #3551, .F. ) ;
#2338 = EDGE_CURVE ( 'NONE', #3550, #576, #1383, .T. ) ;
#2339 = LINE ( 'NONE', #478, #2539 ) ;
#2340 = VECTOR ( 'NONE', #2871, 1000.000000000000000 ) ;
#2341 = DIRECTION ( 'NONE',  ( 0.0000000000000000000, 1.000000000000000000, 0.0000000000000000000 ) ) ;
#2342 = LINE ( 'NONE', #3870, #991 ) ;
#2343 = ORIENTED_EDGE ( 'NONE', *, *, #2438, .T. ) ;
#2344 = VECTOR ( 'NONE', #2744, 1000.000000000000000 ) ;
#2345 = VECTOR ( 'NONE', #889, 1000.000000000000000 ) ;
#2346 = DIRECTION ( 'NONE',  ( 0.0000000000000000000, 1.000000000000000000, 0.0000000000000000000 ) ) ;
#2347 = VECTOR ( 'NONE', #3309, 1000.000000000000000 ) ;
#2348 = VECTOR ( 'NONE', #1907, 1000.000000000000000 ) ;
#2349 = DIRECTION ( 'NONE',  ( 0.0000000000000000000, -1.000000000000000000, 0.0000000000000000000 ) ) ;
#2350 = CARTESIAN_POINT ( 'NONE',  ( 4.000000000000000000, 0.0000000000000000000, -5.599999999999999645 ) ) ;
#2351 = VERTEX_POINT ( 'NONE', #2983 ) ;
#2352 = VERTEX_POINT ( 'NONE', #442 ) ;
#2353 = LINE ( 'NONE', #2619, #334 ) ;
#2354 = AXIS2_PLACEMENT_3D ( 'NONE', #47, #3444, #3769 ) ;
#2355 = VECTOR ( 'NONE', #1657, 1000.000000000000000 ) ;
#2356 = FACE_OUTER_BOUND ( 'NONE', #586, .T. ) ;
#2357 = LINE ( 'NONE', #2058, #1681 ) ;
#2358 = ORIENTED_EDGE ( 'NONE', *, *, #3653, .T. ) ;
#2359 = DIRECTION ( 'NONE',  ( -0.0000000000000000000, 1.000000000000000000, 0.0000000000000000000 ) ) ;
#2360 = LINE ( 'NONE', #3841, #75 ) ;
#2361 = ADVANCED_FACE ( 'NONE', ( #3568 ), #158, .T. ) ;
#2362 = ORIENTED_EDGE ( 'NONE', *, *, #508, .T. ) ;
#2363 = ORIENTED_EDGE ( 'NONE', *, *, #3580, .F. ) ;
#2364 = DIRECTION ( 'NONE',  ( 0.0000000000000000000, 1.000000000000000000, 0.0000000000000000000 ) ) ;
#2365 = EDGE_CURVE ( 'NONE', #3455, #1670, #1343, .T. ) ;
#2366 = EDGE_CURVE ( 'NONE', #2209, #1848, #3816, .T. ) ;
#2367 = PLANE ( 'NONE',  #1246 ) ;
#2368 = LINE ( 'NONE', #3948, #3843 ) ;
#2369 = ORIENTED_EDGE ( 'NONE', *, *, #2641, .T. ) ;
#2370 = DIRECTION ( 'NONE',  ( -0.7071067811865475727, 0.0000000000000000000, 0.7071067811865475727 ) ) ;
#2371 = LINE ( 'NONE', #2050, #653 ) ;
#2372 = LINE ( 'NONE', #1954, #1250 ) ;
#2373 = ORIENTED_EDGE ( 'NONE', *, *, #1342, .T. ) ;
#2374 = ORIENTED_EDGE ( 'NONE', *, *, #2821, .T. ) ;
#2375 = DIRECTION ( 'NONE',  ( 0.0000000000000000000, -1.000000000000000000, 0.0000000000000000000 ) ) ;
#2376 = DIRECTION ( 'NONE',  ( 0.0000000000000000000, 0.0000000000000000000, -1.000000000000000000 ) ) ;
#2377 = DIRECTION ( 'NONE',  ( 0.0000000000000000000, -1.000000000000000000, 0.0000000000000000000 ) ) ;
#2378 = ORIENTED_EDGE ( 'NONE', *, *, #119, .F. ) ;
#2379 = LINE ( 'NONE', #732, #3185 ) ;
#2380 = VERTEX_POINT ( 'NONE', #2577 ) ;
#2381 = ORIENTED_EDGE ( 'NONE', *, *, #854, .T. ) ;
#2382 = CARTESIAN_POINT ( 'NONE',  ( 3.100000000000000089, 4.799999999999999822, -2.600000000000000089 ) ) ;
#2383 = DIRECTION ( 'NONE',  ( 0.0000000000000000000, 1.000000000000000000, 0.0000000000000000000 ) ) ;
#2384 = ORIENTED_EDGE ( 'NONE', *, *, #2564, .T. ) ;
#2385 = EDGE_CURVE ( 'NONE', #2209, #3084, #464, .T. ) ;
#2386 = EDGE_CURVE ( 'NONE', #1694, #3857, #2902, .T. ) ;
#2387 = DIRECTION ( 'NONE',  ( -1.000000000000000000, 0.0000000000000000000, 0.0000000000000000000 ) ) ;
#2388 = CARTESIAN_POINT ( 'NONE',  ( 3.799999999999999822, 3.449571404000999930, -2.600000000000000089 ) ) ;
#2389 = CARTESIAN_POINT ( 'NONE',  ( -1.300000000000000044, 5.100000000000000533, -6.100000000000000533 ) ) ;
#2390 = ORIENTED_EDGE ( 'NONE', *, *, #1838, .T. ) ;
#2391 = ORIENTED_EDGE ( 'NONE', *, *, #3018, .T. ) ;
#2392 = CARTESIAN_POINT ( 'NONE',  ( 2.399999999999999911, 4.599999999999999645, 0.0000000000000000000 ) ) ;
#2393 = EDGE_CURVE ( 'NONE', #1457, #2824, #2353, .T. ) ;
#2394 = CARTESIAN_POINT ( 'NONE',  ( 0.7500000000000000000, 3.000000000000000000, -0.8499999999999999778 ) ) ;
#2395 = LINE ( 'NONE', #2102, #3127 ) ;
#2396 = VERTEX_POINT ( 'NONE', #3268 ) ;
#2397 = CARTESIAN_POINT ( 'NONE',  ( 3.100000000000000089, 5.599999999999999645, -0.8000000000000000444 ) ) ;
#2398 = DIRECTION ( 'NONE',  ( 0.0000000000000000000, 1.000000000000000000, 0.0000000000000000000 ) ) ;
#2399 = VERTEX_POINT ( 'NONE', #814 ) ;
#2400 = VERTEX_POINT ( 'NONE', #3860 ) ;
#2401 = CARTESIAN_POINT ( 'NONE',  ( -1.300000000000000044, 4.599999999999999645, -2.100000000000000089 ) ) ;
#2402 = EDGE_CURVE ( 'NONE', #1948, #1546, #491, .T. ) ;
#2403 = CARTESIAN_POINT ( 'NONE',  ( -4.000000000000000000, 0.0000000000000000000, -7.599999999999999645 ) ) ;
#2404 = EDGE_LOOP ( 'NONE', ( #1833, #3749, #4024, #2741 ) ) ;
#2405 = AXIS2_PLACEMENT_3D ( 'NONE', #2508, #1259, #1548 ) ;
#2406 = SURFACE_SIDE_STYLE ('',( #2450 ) ) ;
#2407 = DIRECTION ( 'NONE',  ( 0.0000000000000000000, 0.0000000000000000000, 1.000000000000000000 ) ) ;
#2408 = EDGE_CURVE ( 'NONE', #924, #3550, #1055, .T. ) ;
#2409 = AXIS2_PLACEMENT_3D ( 'NONE', #1778, #1797, #2375 ) ;
#2410 = CARTESIAN_POINT ( 'NONE',  ( -1.800000000000000044, 5.599999999999999645, -2.100000000000000089 ) ) ;
#2411 = VECTOR ( 'NONE', #3850, 1000.000000000000000 ) ;
#2412 = VERTEX_POINT ( 'NONE', #112 ) ;
#2413 = VERTEX_POINT ( 'NONE', #2291 ) ;
#2414 = LINE ( 'NONE', #569, #2143 ) ;
#2415 = DIRECTION ( 'NONE',  ( 0.0000000000000000000, 0.0000000000000000000, -1.000000000000000000 ) ) ;
#2416 = VECTOR ( 'NONE', #2145, 1000.000000000000000 ) ;
#2417 = AXIS2_PLACEMENT_3D ( 'NONE', #1417, #2012, #3283 ) ;
#2418 = EDGE_CURVE ( 'NONE', #1041, #3709, #3286, .T. ) ;
#2419 = EDGE_CURVE ( 'NONE', #3466, #1694, #3533, .T. ) ;
#2420 = DIRECTION ( 'NONE',  ( -0.5773502691896257311, 0.5773502691896257311, 0.5773502691896257311 ) ) ;
#2421 = AXIS2_PLACEMENT_3D ( 'NONE', #2459, #2785, #1526 ) ;
#2422 = VECTOR ( 'NONE', #1355, 1000.000000000000000 ) ;
#2423 = ORIENTED_EDGE ( 'NONE', *, *, #768, .F. ) ;
#2424 = PLANE ( 'NONE',  #3573 ) ;
#2425 = DIRECTION ( 'NONE',  ( 0.0000000000000000000, -1.000000000000000000, 0.0000000000000000000 ) ) ;
#2426 = ORIENTED_EDGE ( 'NONE', *, *, #1328, .F. ) ;
#2427 = EDGE_LOOP ( 'NONE', ( #1229, #3421, #2894, #182, #2245, #2005, #1883, #848, #3601, #1781, #2703 ) ) ;
#2428 = CARTESIAN_POINT ( 'NONE',  ( 0.7500000000000000000, 0.6774046824885000539, -7.211960327625999589 ) ) ;
#2429 = CARTESIAN_POINT ( 'NONE',  ( 1.300000000000000044, 4.400000000000000355, -6.100000000000000533 ) ) ;
#2430 = ORIENTED_EDGE ( 'NONE', *, *, #3630, .F. ) ;
#2431 = CARTESIAN_POINT ( 'NONE',  ( 2.399999999999999911, 4.599999999999999645, -5.000000000000000000 ) ) ;
#2432 = CARTESIAN_POINT ( 'NONE',  ( -3.250000000000000000, 0.5000000000000000000, -5.599999999999999645 ) ) ;
#2433 = CARTESIAN_POINT ( 'NONE',  ( -0.8000000000000000444, 5.100000000000000533, -6.100000000000000533 ) ) ;
#2434 = ORIENTED_EDGE ( 'NONE', *, *, #578, .F. ) ;
#2435 = ORIENTED_EDGE ( 'NONE', *, *, #527, .T. ) ;
#2436 = CARTESIAN_POINT ( 'NONE',  ( 3.100000000000000089, 3.500000000000000000, -1.000000000000000000 ) ) ;
#2437 = CARTESIAN_POINT ( 'NONE',  ( 0.9000000000000000222, 0.1499999999999999944, -8.599999999999999645 ) ) ;
#2438 = EDGE_CURVE ( 'NONE', #1546, #1863, #1078, .T. ) ;
#2439 = LINE ( 'NONE', #3714, #3250 ) ;
#2440 = DIRECTION ( 'NONE',  ( 0.0000000000000000000, -1.000000000000000000, 0.0000000000000000000 ) ) ;
#2441 = DIRECTION ( 'NONE',  ( 0.0000000000000000000, 0.0000000000000000000, -1.000000000000000000 ) ) ;
#2442 = EDGE_CURVE ( 'NONE', #507, #3812, #2638, .T. ) ;
#2443 = EDGE_CURVE ( 'NONE', #1042, #649, #3327, .T. ) ;
#2444 = DIRECTION ( 'NONE',  ( 0.0000000000000000000, -1.000000000000000000, 0.0000000000000000000 ) ) ;
#2445 = VERTEX_POINT ( 'NONE', #3006 ) ;
#2446 = CARTESIAN_POINT ( 'NONE',  ( 0.8000000000000000444, 4.400000000000000355, -6.100000000000000533 ) ) ;
#2447 = DIRECTION ( 'NONE',  ( -1.000000000000000000, 0.0000000000000000000, 0.0000000000000000000 ) ) ;
#2448 = ORIENTED_EDGE ( 'NONE', *, *, #3858, .F. ) ;
#2449 = PRODUCT_DEFINITION_CONTEXT ( 'detailed design', #2816, 'design' ) ;
#2450 = SURFACE_STYLE_FILL_AREA ( #1173 ) ;
#2451 = CARTESIAN_POINT ( 'NONE',  ( -1.250000000000000000, 3.500000000000000000, -6.179846321567000089 ) ) ;
#2452 = PLANE ( 'NONE',  #2010 ) ;
#2453 = ORIENTED_EDGE ( 'NONE', *, *, #2386, .F. ) ;
#2454 = ORIENTED_EDGE ( 'NONE', *, *, #1209, .T. ) ;
#2455 = CARTESIAN_POINT ( 'NONE',  ( -4.000000000000000000, 5.599999999999999645, -6.100000000000000533 ) ) ;
#2456 = DIRECTION ( 'NONE',  ( -1.000000000000000000, 0.0000000000000000000, 0.0000000000000000000 ) ) ;
#2457 = ADVANCED_FACE ( 'NONE', ( #1274 ), #3436, .F. ) ;
#2458 = DIRECTION ( 'NONE',  ( 1.000000000000000000, 0.0000000000000000000, 0.0000000000000000000 ) ) ;
#2459 = CARTESIAN_POINT ( 'NONE',  ( 1.250000000000000000, 3.500000000000000000, 0.0000000000000000000 ) ) ;
#2460 = CARTESIAN_POINT ( 'NONE',  ( -2.299999999999999822, 4.599999999999999645, -5.000000000000000000 ) ) ;
#2461 = EDGE_CURVE ( 'NONE', #446, #1863, #551, .T. ) ;
#2462 = ORIENTED_EDGE ( 'NONE', *, *, #3336, .T. ) ;
#2463 = DIRECTION ( 'NONE',  ( 0.0000000000000000000, -1.000000000000000000, 0.0000000000000000000 ) ) ;
#2464 = ADVANCED_FACE ( 'NONE', ( #588 ), #284, .F. ) ;
#2465 = ORIENTED_EDGE ( 'NONE', *, *, #3360, .T. ) ;
#2466 = EDGE_CURVE ( 'NONE', #683, #2520, #2683, .T. ) ;
#2467 = ORIENTED_EDGE ( 'NONE', *, *, #955, .T. ) ;
#2468 = LINE ( 'NONE', #3097, #734 ) ;
#2469 = LINE ( 'NONE', #41, #3438 ) ;
#2470 = PLANE ( 'NONE',  #3775 ) ;
#2471 = ORIENTED_EDGE ( 'NONE', *, *, #915, .T. ) ;
#2472 = ORIENTED_EDGE ( 'NONE', *, *, #1802, .T. ) ;
#2473 = VECTOR ( 'NONE', #3418, 1000.000000000000114 ) ;
#2474 = DIRECTION ( 'NONE',  ( 0.0000000000000000000, 1.000000000000000000, 0.0000000000000000000 ) ) ;
#2475 = AXIS2_PLACEMENT_3D ( 'NONE', #3692, #895, #2142 ) ;
#2476 = VECTOR ( 'NONE', #941, 1000.000000000000000 ) ;
#2477 = DIRECTION ( 'NONE',  ( 1.000000000000000000, 0.0000000000000000000, 0.0000000000000000000 ) ) ;
#2478 = DIRECTION ( 'NONE',  ( 0.0000000000000000000, 1.000000000000000000, 0.0000000000000000000 ) ) ;
#2479 = VECTOR ( 'NONE', #2035, 1000.000000000000000 ) ;
#2480 = VECTOR ( 'NONE', #2226, 1000.000000000000000 ) ;
#2481 = DIRECTION ( 'NONE',  ( 0.0000000000000000000, 0.0000000000000000000, 1.000000000000000000 ) ) ;
#2482 = VECTOR ( 'NONE', #3909, 1000.000000000000000 ) ;
#2483 = FACE_OUTER_BOUND ( 'NONE', #2726, .T. ) ;
#2484 = VECTOR ( 'NONE', #3642, 1000.000000000000000 ) ;
#2485 = ORIENTED_EDGE ( 'NONE', *, *, #1490, .T. ) ;
#2486 = CARTESIAN_POINT ( 'NONE',  ( 4.000000000000000000, 2.700000000000000178, 1.194244791587000032 ) ) ;
#2487 = VECTOR ( 'NONE', #2782, 1000.000000000000000 ) ;
#2488 = EDGE_LOOP ( 'NONE', ( #28, #935, #1392, #3823 ) ) ;
#2489 = ORIENTED_EDGE ( 'NONE', *, *, #1673, .T. ) ;
#2490 = ADVANCED_FACE ( 'NONE', ( #1459 ), #2119, .F. ) ;
#2491 = EDGE_CURVE ( 'NONE', #3742, #207, #193, .T. ) ;
#2492 = DIRECTION ( 'NONE',  ( 0.0000000000000000000, 1.000000000000000000, 0.0000000000000000000 ) ) ;
#2493 = FACE_OUTER_BOUND ( 'NONE', #1388, .T. ) ;
#2494 = ORIENTED_EDGE ( 'NONE', *, *, #1900, .F. ) ;
#2495 = VERTEX_POINT ( 'NONE', #1201 ) ;
#2496 = LINE ( 'NONE', #2179, #798 ) ;
#2497 = DIRECTION ( 'NONE',  ( -1.000000000000000000, 0.0000000000000000000, 0.0000000000000000000 ) ) ;
#2498 = DIRECTION ( 'NONE',  ( 0.0000000000000000000, -1.000000000000000000, 0.0000000000000000000 ) ) ;
#2499 = DIRECTION ( 'NONE',  ( -1.000000000000000000, 0.0000000000000000000, 0.0000000000000000000 ) ) ;
#2500 = CARTESIAN_POINT ( 'NONE',  ( -2.399999999999999911, 3.500000000000000000, -1.000000000000000000 ) ) ;
#2501 = VERTEX_POINT ( 'NONE', #3672 ) ;
#2502 = VERTEX_POINT ( 'NONE', #2820 ) ;
#2503 = DIRECTION ( 'NONE',  ( 0.0000000000000000000, 0.0000000000000000000, -1.000000000000000000 ) ) ;
#2504 = LINE ( 'NONE', #2790, #861 ) ;
#2505 = VERTEX_POINT ( 'NONE', #3651 ) ;
#2506 = ORIENTED_EDGE ( 'NONE', *, *, #3376, .F. ) ;
#2507 = CARTESIAN_POINT ( 'NONE',  ( -1.250000000000000000, 0.6029116798757000462, -6.515561479977000303 ) ) ;
#2508 = CARTESIAN_POINT ( 'NONE',  ( -2.299999999999999822, 4.400000000000000355, -6.100000000000000533 ) ) ;
#2509 = DIRECTION ( 'NONE',  ( 1.000000000000000000, 0.0000000000000000000, 0.0000000000000000000 ) ) ;
#2510 = EDGE_LOOP ( 'NONE', ( #1836, #581, #2301, #2861, #856, #1735, #2489, #3145 ) ) ;
#2511 = VERTEX_POINT ( 'NONE', #3043 ) ;
#2512 = EDGE_CURVE ( 'NONE', #2625, #3665, #2100, .T. ) ;
#2513 = EDGE_CURVE ( 'NONE', #83, #984, #1180, .T. ) ;
#2514 = CARTESIAN_POINT ( 'NONE',  ( -3.100000000000000089, 2.700000000000000178, -0.8000000000000000444 ) ) ;
#2515 = CARTESIAN_POINT ( 'NONE',  ( 0.7500000000000000000, 3.000000000000000000, -6.179846321567000089 ) ) ;
#2516 = EDGE_CURVE ( 'NONE', #549, #391, #3615, .T. ) ;
#2517 = FACE_OUTER_BOUND ( 'NONE', #2562, .T. ) ;
#2518 = DIRECTION ( 'NONE',  ( 0.0000000000000000000, 1.000000000000000000, 0.0000000000000000000 ) ) ;
#2519 = VERTEX_POINT ( 'NONE', #2704 ) ;
#2520 = VERTEX_POINT ( 'NONE', #1142 ) ;
#2521 = DIRECTION ( 'NONE',  ( 1.000000000000000000, 0.0000000000000000000, 0.0000000000000000000 ) ) ;
#2522 = ORIENTED_EDGE ( 'NONE', *, *, #307, .T. ) ;
#2523 = ORIENTED_EDGE ( 'NONE', *, *, #3746, .T. ) ;
#2524 = DIRECTION ( 'NONE',  ( 0.0000000000000000000, 1.000000000000000000, 0.0000000000000000000 ) ) ;
#2525 = EDGE_CURVE ( 'NONE', #2074, #273, #2056, .T. ) ;
#2526 = CARTESIAN_POINT ( 'NONE',  ( -1.100000000000000089, 3.149999999999999911, -0.6999999999999999556 ) ) ;
#2527 = CARTESIAN_POINT ( 'NONE',  ( -2.399999999999999911, 0.5000000000000000000, 0.0000000000000000000 ) ) ;
#2528 = VERTEX_POINT ( 'NONE', #3939 ) ;
#2529 = EDGE_CURVE ( 'NONE', #3649, #1033, #833, .T. ) ;
#2530 = DIRECTION ( 'NONE',  ( 1.000000000000000000, 0.0000000000000000000, 0.0000000000000000000 ) ) ;
#2531 = AXIS2_PLACEMENT_3D ( 'NONE', #2322, #3564, #1340 ) ;
#2532 = ORIENTED_EDGE ( 'NONE', *, *, #3157, .T. ) ;
#2533 = CARTESIAN_POINT ( 'NONE',  ( 4.000000000000000000, 1.100000000000000089, -3.000000000000000000 ) ) ;
#2534 = DIRECTION ( 'NONE',  ( 0.0000000000000000000, 0.0000000000000000000, -1.000000000000000000 ) ) ;
#2535 = VECTOR ( 'NONE', #348, 1000.000000000000000 ) ;
#2536 = EDGE_CURVE ( 'NONE', #3475, #2830, #3302, .T. ) ;
#2537 = ADVANCED_FACE ( 'NONE', ( #3027 ), #1161, .F. ) ;
#2538 = LINE ( 'NONE', #1001, #1688 ) ;
#2539 = VECTOR ( 'NONE', #2364, 1000.000000000000000 ) ;
#2540 = ORIENTED_EDGE ( 'NONE', *, *, #1786, .T. ) ;
#2541 = VECTOR ( 'NONE', #566, 1000.000000000000000 ) ;
#2542 = VERTEX_POINT ( 'NONE', #3958 ) ;
#2543 = DIRECTION ( 'NONE',  ( 0.5773502691896257311, 0.5773502691896257311, -0.5773502691896257311 ) ) ;
#2544 = DIRECTION ( 'NONE',  ( 1.000000000000000000, 0.0000000000000000000, 0.0000000000000000000 ) ) ;
#2545 = VECTOR ( 'NONE', #2211, 1000.000000000000000 ) ;
#2546 = CIRCLE ( 'NONE', #143, 0.1999999999999999833 ) ;
#2547 = ORIENTED_EDGE ( 'NONE', *, *, #1607, .F. ) ;
#2548 = ORIENTED_EDGE ( 'NONE', *, *, #1369, .F. ) ;
#2549 = VECTOR ( 'NONE', #3028, 1000.000000000000000 ) ;
#2550 = VECTOR ( 'NONE', #1782, 1000.000000000000000 ) ;
#2551 = FACE_OUTER_BOUND ( 'NONE', #538, .T. ) ;
#2552 = FACE_OUTER_BOUND ( 'NONE', #490, .T. ) ;
#2553 = VECTOR ( 'NONE', #780, 1000.000000000000000 ) ;
#2554 = CARTESIAN_POINT ( 'NONE',  ( -1.100000000000000089, 3.350000000000000089, -0.6999999999999999556 ) ) ;
#2555 = DIRECTION ( 'NONE',  ( 0.0000000000000000000, 0.0000000000000000000, -1.000000000000000000 ) ) ;
#2556 = ORIENTED_EDGE ( 'NONE', *, *, #749, .F. ) ;
#2557 = LINE ( 'NONE', #2799, #543 ) ;
#2558 = DIRECTION ( 'NONE',  ( 0.0000000000000000000, 1.000000000000000000, 0.0000000000000000000 ) ) ;
#2559 = PLANE ( 'NONE',  #3055 ) ;
#2560 = LINE ( 'NONE', #2845, #1512 ) ;
#2561 = PLANE ( 'NONE',  #1312 ) ;
#2562 = EDGE_LOOP ( 'NONE', ( #1159, #2779, #831, #2506, #1445, #1449, #3553, #558 ) ) ;
#2563 = ORIENTED_EDGE ( 'NONE', *, *, #2942, .F. ) ;
#2564 = EDGE_CURVE ( 'NONE', #3567, #2775, #2414, .T. ) ;
#2565 = DIRECTION ( 'NONE',  ( 1.000000000000000000, 0.0000000000000000000, 0.0000000000000000000 ) ) ;
#2566 = EDGE_CURVE ( 'NONE', #2520, #414, #122, .T. ) ;
#2567 = LINE ( 'NONE', #118, #3254 ) ;
#2568 = ORIENTED_EDGE ( 'NONE', *, *, #1461, .T. ) ;
#2569 = ORIENTED_EDGE ( 'NONE', *, *, #880, .F. ) ;
#2570 = CARTESIAN_POINT ( 'NONE',  ( -3.250000000000000000, 0.0000000000000000000, -6.100000000000000533 ) ) ;
#2571 = FACE_OUTER_BOUND ( 'NONE', #1118, .T. ) ;
#2572 = DIRECTION ( 'NONE',  ( 0.0000000000000000000, 1.000000000000000000, 0.0000000000000000000 ) ) ;
#2573 = ORIENTED_EDGE ( 'NONE', *, *, #20, .F. ) ;
#2574 = CARTESIAN_POINT ( 'NONE',  ( 3.100000000000000089, 2.700000000000000178, -1.000000000000000000 ) ) ;
#2575 = CARTESIAN_POINT ( 'NONE',  ( -3.100000000000000089, 2.700000000000000178, -1.000000000000000000 ) ) ;
#2576 = DIRECTION ( 'NONE',  ( 1.000000000000000000, 0.0000000000000000000, 0.0000000000000000000 ) ) ;
#2577 = CARTESIAN_POINT ( 'NONE',  ( 0.7500000000000000000, 0.4774046824884999873, -8.449999999999999289 ) ) ;
#2578 = DIRECTION ( 'NONE',  ( 0.0000000000000000000, 0.0000000000000000000, 1.000000000000000000 ) ) ;
#2579 = DIRECTION ( 'NONE',  ( 0.0000000000000000000, 0.0000000000000000000, -1.000000000000000000 ) ) ;
#2580 = EDGE_LOOP ( 'NONE', ( #2763, #2568, #3696, #1431 ) ) ;
#2581 = CARTESIAN_POINT ( 'NONE',  ( -3.250000000000000000, 0.0000000000000000000, -7.599999999999999645 ) ) ;
#2582 = CARTESIAN_POINT ( 'NONE',  ( 1.250000000000000000, 0.0000000000000000000, -7.208795825703999682 ) ) ;
#2583 = ADVANCED_FACE ( 'NONE', ( #711 ), #3809, .F. ) ;
#2584 = ORIENTED_EDGE ( 'NONE', *, *, #1635, .F. ) ;
#2585 = EDGE_LOOP ( 'NONE', ( #2154, #918, #839, #3889 ) ) ;
#2586 = FACE_OUTER_BOUND ( 'NONE', #695, .T. ) ;
#2587 = ADVANCED_FACE ( 'NONE', ( #985 ), #375, .F. ) ;
#2588 = EDGE_CURVE ( 'NONE', #266, #357, #1043, .T. ) ;
#2589 = CARTESIAN_POINT ( 'NONE',  ( -1.250000000000000000, 3.500000000000000000, -0.8499999999999999778 ) ) ;
#2590 = DIRECTION ( 'NONE',  ( 0.0000000000000000000, 0.9903347796098926903, 0.1386976001775989675 ) ) ;
#2591 = VERTEX_POINT ( 'NONE', #1903 ) ;
#2592 = DIRECTION ( 'NONE',  ( -0.0000000000000000000, 1.000000000000000000, 0.0000000000000000000 ) ) ;
#2593 = CARTESIAN_POINT ( 'NONE',  ( -1.250000000000000000, 0.0000000000000000000, -6.599999999999999645 ) ) ;
#2594 = DIRECTION ( 'NONE',  ( 1.000000000000000000, 0.0000000000000000000, 0.0000000000000000000 ) ) ;
#2595 = DIRECTION ( 'NONE',  ( 0.0000000000000000000, 0.0000000000000000000, -1.000000000000000000 ) ) ;
#2596 = PLANE ( 'NONE',  #3715 ) ;
#2597 = CARTESIAN_POINT ( 'NONE',  ( -3.100000000000000089, 2.700000000000000178, -0.8000000000000000444 ) ) ;
#2598 = VERTEX_POINT ( 'NONE', #416 ) ;
#2599 = LINE ( 'NONE', #2313, #2864 ) ;
#2600 = CLOSED_SHELL ( 'NONE', ( #3483, #1446, #1498, #951, #3423, #1047, #2765, #401, #526, #1230, #2587, #1517, #1451, #652, #535, #70, #773, #2213, #3578, #123, #2109, #2212, #3032, #3959, #1349, #2537, #2958, #1004, #2814, #1496, #1179, #1904, #2583, #250, #1558, #3305, #2653, #646, #3428, #2337, #1626, #2464, #3825, #4007, #519, #2901, #2892, #479, #3231, #3086, #3087, #282, #2309, #2858, #1489, #2660, #1926, #2602, #2079, #627, #1683, #2088, #2361, #2282, #2490, #3752, #3335, #826, #1422, #881, #380, #2457, #1172, #1608, #929, #229, #1029, #3879, #51, #2310, #1148, #3503, #3731, #3124, #24, #25, #486, #697, #283, #1952, #1997, #3496, #877, #628, #3555, #2026, #846, #4022, #3535, #2171, #1927, #3846, #3478, #3931, #3680, #3880, #3064, #3529, #1204, #3950, #44, #1156, #1365, #827, #3256, #2332, #2986, #2290, #1104, #2614, #3140, #1129, #4027, #2156, #3798, #1402, #2236 ) ) ;
#2601 = DIRECTION ( 'NONE',  ( -1.000000000000000000, 0.0000000000000000000, 0.0000000000000000000 ) ) ;
#2602 = ADVANCED_FACE ( 'NONE', ( #2255 ), #1603, .F. ) ;
#2603 = VECTOR ( 'NONE', #2658, 1000.000000000000000 ) ;
#2604 = VECTOR ( 'NONE', #2265, 1000.000000000000114 ) ;
#2605 = ORIENTED_EDGE ( 'NONE', *, *, #3383, .T. ) ;
#2606 = ORIENTED_EDGE ( 'NONE', *, *, #1470, .T. ) ;
#2607 = LINE ( 'NONE', #3848, #1374 ) ;
#2608 = VECTOR ( 'NONE', #3334, 1000.000000000000000 ) ;
#2609 = CARTESIAN_POINT ( 'NONE',  ( -0.7500000000000000000, 3.500000000000000000, -0.8499999999999999778 ) ) ;
#2610 = VECTOR ( 'NONE', #1207, 1000.000000000000000 ) ;
#2611 = CARTESIAN_POINT ( 'NONE',  ( 3.100000000000000089, 1.100000000000000089, -3.000000000000000000 ) ) ;
#2612 = ORIENTED_EDGE ( 'NONE', *, *, #2854, .T. ) ;
#2613 = EDGE_CURVE ( 'NONE', #2380, #649, #2896, .T. ) ;
#2614 = ADVANCED_FACE ( 'NONE', ( #1623 ), #433, .T. ) ;
#2615 = DIRECTION ( 'NONE',  ( 1.000000000000000000, 0.0000000000000000000, 0.0000000000000000000 ) ) ;
#2616 = VECTOR ( 'NONE', #851, 1000.000000000000000 ) ;
#2617 = PLANE ( 'NONE',  #1495 ) ;
#2618 = PLANE ( 'NONE',  #2208 ) ;
#2619 = CARTESIAN_POINT ( 'NONE',  ( 0.8000000000000000444, 5.100000000000000533, -6.100000000000000533 ) ) ;
#2620 = CARTESIAN_POINT ( 'NONE',  ( 3.100000000000000089, 2.700000000000000178, -1.000000000000000000 ) ) ;
#2621 = DIRECTION ( 'NONE',  ( 0.0000000000000000000, -1.000000000000000000, 0.0000000000000000000 ) ) ;
#2622 = ORIENTED_EDGE ( 'NONE', *, *, #3106, .T. ) ;
#2623 = CARTESIAN_POINT ( 'NONE',  ( -1.300000000000000044, 4.400000000000000355, -6.100000000000000533 ) ) ;
#2624 = VERTEX_POINT ( 'NONE', #1353 ) ;
#2625 = VERTEX_POINT ( 'NONE', #2835 ) ;
#2626 = DIRECTION ( 'NONE',  ( 1.000000000000000000, 0.0000000000000000000, 0.0000000000000000000 ) ) ;
#2627 = DIRECTION ( 'NONE',  ( 0.0000000000000000000, -0.1386976001775989953, 0.9903347796098928013 ) ) ;
#2628 = EDGE_CURVE ( 'NONE', #2695, #3497, #1010, .T. ) ;
#2629 = DIRECTION ( 'NONE',  ( 1.000000000000000000, 0.0000000000000000000, 0.0000000000000000000 ) ) ;
#2630 = ORIENTED_EDGE ( 'NONE', *, *, #178, .T. ) ;
#2631 = LINE ( 'NONE', #1071, #3718 ) ;
#2632 = LINE ( 'NONE', #504, #4026 ) ;
#2633 = EDGE_CURVE ( 'NONE', #3871, #549, #3214, .T. ) ;
#2634 = EDGE_CURVE ( 'NONE', #3541, #3114, #3174, .T. ) ;
#2635 = CARTESIAN_POINT ( 'NONE',  ( -2.299999999999999822, 4.599999999999999645, -2.100000000000000089 ) ) ;
#2636 = ORIENTED_EDGE ( 'NONE', *, *, #430, .T. ) ;
#2637 = VERTEX_POINT ( 'NONE', #392 ) ;
#2638 = LINE ( 'NONE', #3877, #1249 ) ;
#2639 = LINE ( 'NONE', #424, #2876 ) ;
#2640 = EDGE_CURVE ( 'NONE', #238, #2833, #2607, .T. ) ;
#2641 = EDGE_CURVE ( 'NONE', #3688, #3133, #89, .T. ) ;
#2642 = FACE_OUTER_BOUND ( 'NONE', #3607, .T. ) ;
#2643 = EDGE_LOOP ( 'NONE', ( #1038, #882, #1661, #3921 ) ) ;
#2644 = LINE ( 'NONE', #2922, #1559 ) ;
#2645 = CARTESIAN_POINT ( 'NONE',  ( 0.7500000000000000000, 3.000000000000000000, 0.0000000000000000000 ) ) ;
#2646 = ORIENTED_EDGE ( 'NONE', *, *, #1905, .F. ) ;
#2647 = ORIENTED_EDGE ( 'NONE', *, *, #2338, .T. ) ;
#2648 = LINE ( 'NONE', #2992, #2009 ) ;
#2649 = CARTESIAN_POINT ( 'NONE',  ( -1.300000000000000044, 4.400000000000000355, -5.000000000000000000 ) ) ;
#2650 = CARTESIAN_POINT ( 'NONE',  ( 1.300000000000000044, 4.599999999999999645, 0.0000000000000000000 ) ) ;
#2651 = VERTEX_POINT ( 'NONE', #2570 ) ;
#2652 = CARTESIAN_POINT ( 'NONE',  ( -4.000000000000000000, 4.799999999999999822, -0.8000000000000000444 ) ) ;
#2653 = ADVANCED_FACE ( 'NONE', ( #2586 ), #2274, .T. ) ;
#2654 = DIRECTION ( 'NONE',  ( 0.0000000000000000000, 0.0000000000000000000, 1.000000000000000000 ) ) ;
#2655 = DIRECTION ( 'NONE',  ( 0.0000000000000000000, -0.7071067811865974218, 0.7071067811864975017 ) ) ;
#2656 = ORIENTED_EDGE ( 'NONE', *, *, #1972, .F. ) ;
#2657 = EDGE_LOOP ( 'NONE', ( #2161, #3310, #3634, #325, #3399, #3193, #970, #3228, #3178, #1366, #3271, #3929, #679, #1066, #1675, #820 ) ) ;
#2658 = DIRECTION ( 'NONE',  ( 1.000000000000000000, 0.0000000000000000000, 0.0000000000000000000 ) ) ;
#2659 = DIRECTION ( 'NONE',  ( 1.000000000000000000, 0.0000000000000000000, 0.0000000000000000000 ) ) ;
#2660 = ADVANCED_FACE ( 'NONE', ( #2551 ), #3156, .F. ) ;
#2661 = ORIENTED_EDGE ( 'NONE', *, *, #152, .F. ) ;
#2662 = CARTESIAN_POINT ( 'NONE',  ( -0.7500000000000000000, 3.500000000000000000, 0.0000000000000000000 ) ) ;
#2663 = CARTESIAN_POINT ( 'NONE',  ( 4.000000000000000000, 0.0000000000000000000, -7.599999999999999645 ) ) ;
#2664 = EDGE_CURVE ( 'NONE', #1145, #174, #3762, .T. ) ;
#2665 = EDGE_CURVE ( 'NONE', #1670, #2445, #3581, .T. ) ;
#2666 = ORIENTED_EDGE ( 'NONE', *, *, #255, .F. ) ;
#2667 = VECTOR ( 'NONE', #829, 1000.000000000000000 ) ;
#2668 = VERTEX_POINT ( 'NONE', #147 ) ;
#2669 = LINE ( 'NONE', #2382, #2482 ) ;
#2670 = VECTOR ( 'NONE', #1125, 1000.000000000000000 ) ;
#2671 = CARTESIAN_POINT ( 'NONE',  ( -4.000000000000000000, 3.500000000000000000, -6.100000000000000533 ) ) ;
#2672 = CARTESIAN_POINT ( 'NONE',  ( 1.800000000000000044, 5.599999999999999645, -6.100000000000000533 ) ) ;
#2673 = ORIENTED_EDGE ( 'NONE', *, *, #3786, .T. ) ;
#2674 = AXIS2_PLACEMENT_3D ( 'NONE', #3196, #1921, #2524 ) ;
#2675 = AXIS2_PLACEMENT_3D ( 'NONE', #643, #2530, #1284 ) ;
#2676 = LINE ( 'NONE', #3917, #2753 ) ;
#2677 = VECTOR ( 'NONE', #3785, 1000.000000000000000 ) ;
#2678 = AXIS2_PLACEMENT_3D ( 'NONE', #2403, #2447, #2757 ) ;
#2679 = LINE ( 'NONE', #2451, #2798 ) ;
#2680 = DIRECTION ( 'NONE',  ( 0.0000000000000000000, 1.000000000000000000, 0.0000000000000000000 ) ) ;
#2681 = VERTEX_POINT ( 'NONE', #183 ) ;
#2682 = VERTEX_POINT ( 'NONE', #775 ) ;
#2683 = LINE ( 'NONE', #3065, #3970 ) ;
#2684 = VECTOR ( 'NONE', #3616, 1000.000000000000000 ) ;
#2685 = DIRECTION ( 'NONE',  ( 0.0000000000000000000, 0.0000000000000000000, 1.000000000000000000 ) ) ;
#2686 = MECHANICAL_DESIGN_GEOMETRIC_PRESENTATION_REPRESENTATION (  '', ( #1263 ), #3787 ) ;
#2687 = CARTESIAN_POINT ( 'NONE',  ( 4.000000000000000000, 0.0000000000000000000, -7.599999999999999645 ) ) ;
#2688 = EDGE_CURVE ( 'NONE', #1706, #1519, #231, .T. ) ;
#2689 = ORIENTED_EDGE ( 'NONE', *, *, #2766, .F. ) ;
#2690 = CARTESIAN_POINT ( 'NONE',  ( -2.299999999999999822, 5.599999999999999645, -6.100000000000000533 ) ) ;
#2691 = DIRECTION ( 'NONE',  ( 0.0000000000000000000, -1.000000000000000000, 0.0000000000000000000 ) ) ;
#2692 = EDGE_CURVE ( 'NONE', #3084, #530, #2044, .T. ) ;
#2693 = EDGE_LOOP ( 'NONE', ( #150, #2381, #1959, #3867 ) ) ;
#2694 = EDGE_CURVE ( 'NONE', #1785, #1509, #2339, .T. ) ;
#2695 = VERTEX_POINT ( 'NONE', #2024 ) ;
#2696 = DIRECTION ( 'NONE',  ( 0.0000000000000000000, 0.0000000000000000000, -1.000000000000000000 ) ) ;
#2697 = CARTESIAN_POINT ( 'NONE',  ( -1.800000000000000044, 0.0000000000000000000, -6.100000000000000533 ) ) ;
#2698 = ORIENTED_EDGE ( 'NONE', *, *, #2688, .F. ) ;
#2699 =( NAMED_UNIT ( * ) SI_UNIT ( $, .STERADIAN. ) SOLID_ANGLE_UNIT ( ) );
#2700 = DIRECTION ( 'NONE',  ( 0.0000000000000000000, -0.9903347796098926903, -0.1386976001775989675 ) ) ;
#2701 = LINE ( 'NONE', #3687, #2348 ) ;
#2702 = ORIENTED_EDGE ( 'NONE', *, *, #1612, .F. ) ;
#2703 = ORIENTED_EDGE ( 'NONE', *, *, #376, .T. ) ;
#2704 = CARTESIAN_POINT ( 'NONE',  ( 0.5000000000000000000, 5.100000000000000533, -5.000000000000000000 ) ) ;
#2705 = CARTESIAN_POINT ( 'NONE',  ( -3.100000000000000089, 2.700000000000000178, -5.599999999999999645 ) ) ;
#2706 = CARTESIAN_POINT ( 'NONE',  ( -0.5000000000000000000, 4.400000000000000355, -5.000000000000000000 ) ) ;
#2707 = VERTEX_POINT ( 'NONE', #515 ) ;
#2708 = CARTESIAN_POINT ( 'NONE',  ( 1.250000000000000000, 0.0000000000000000000, -8.449999999999999289 ) ) ;
#2709 = DIRECTION ( 'NONE',  ( 1.000000000000000000, 0.0000000000000000000, 0.0000000000000000000 ) ) ;
#2710 = EDGE_LOOP ( 'NONE', ( #1437, #1846, #2384, #817 ) ) ;
#2711 = ORIENTED_EDGE ( 'NONE', *, *, #3107, .T. ) ;
#2712 = CARTESIAN_POINT ( 'NONE',  ( -3.799999999999999822, 4.799999999999999822, -5.599999999999999645 ) ) ;
#2713 = EDGE_CURVE ( 'NONE', #3475, #2312, #3275, .T. ) ;
#2714 = CARTESIAN_POINT ( 'NONE',  ( 2.399999999999999911, 4.599999999999999645, -5.000000000000000000 ) ) ;
#2715 = ORIENTED_EDGE ( 'NONE', *, *, #2633, .T. ) ;
#2716 = FACE_OUTER_BOUND ( 'NONE', #22, .T. ) ;
#2717 = EDGE_CURVE ( 'NONE', #3992, #1106, #3886, .T. ) ;
#2718 = EDGE_CURVE ( 'NONE', #312, #2542, #1980, .T. ) ;
#2719 = DIRECTION ( 'NONE',  ( 0.0000000000000000000, 0.0000000000000000000, -1.000000000000000000 ) ) ;
#2720 = FACE_OUTER_BOUND ( 'NONE', #2823, .T. ) ;
#2721 = EDGE_LOOP ( 'NONE', ( #1298, #2190, #3743, #2136, #219, #2722, #2232, #1488 ) ) ;
#2722 = ORIENTED_EDGE ( 'NONE', *, *, #1103, .F. ) ;
#2723 = DIRECTION ( 'NONE',  ( 1.000000000000000000, 0.0000000000000000000, 0.0000000000000000000 ) ) ;
#2724 = LINE ( 'NONE', #2120, #2616 ) ;
#2725 = DIRECTION ( 'NONE',  ( 0.0000000000000000000, -1.000000000000000000, 0.0000000000000000000 ) ) ;
#2726 = EDGE_LOOP ( 'NONE', ( #1920, #1999, #2262, #849 ) ) ;
#2727 = FACE_OUTER_BOUND ( 'NONE', #2710, .T. ) ;
#2728 = LINE ( 'NONE', #879, #2217 ) ;
#2729 = ORIENTED_EDGE ( 'NONE', *, *, #853, .T. ) ;
#2730 = VERTEX_POINT ( 'NONE', #3294 ) ;
#2731 = DIRECTION ( 'NONE',  ( 1.000000000000000000, 0.0000000000000000000, 0.0000000000000000000 ) ) ;
#2732 = VECTOR ( 'NONE', #3323, 1000.000000000000000 ) ;
#2733 = DIRECTION ( 'NONE',  ( 0.0000000000000000000, 0.0000000000000000000, 1.000000000000000000 ) ) ;
#2734 = AXIS2_PLACEMENT_3D ( 'NONE', #2662, #2359, #471 ) ;
#2735 = AXIS2_PLACEMENT_3D ( 'NONE', #3243, #1701, #1760 ) ;
#2736 = CARTESIAN_POINT ( 'NONE',  ( 2.399999999999999911, 4.599999999999999645, 0.0000000000000000000 ) ) ;
#2737 = VECTOR ( 'NONE', #696, 1000.000000000000000 ) ;
#2738 = LINE ( 'NONE', #2433, #1508 ) ;
#2739 = VECTOR ( 'NONE', #1093, 1000.000000000000000 ) ;
#2740 = EDGE_LOOP ( 'NONE', ( #3454, #2052, #1273, #1278 ) ) ;
#2741 = ORIENTED_EDGE ( 'NONE', *, *, #2940, .F. ) ;
#2742 = EDGE_CURVE ( 'NONE', #3996, #2780, #3059, .T. ) ;
#2743 = EDGE_CURVE ( 'NONE', #1796, #2380, #453, .T. ) ;
#2744 = DIRECTION ( 'NONE',  ( 0.0000000000000000000, -1.000000000000000000, 0.0000000000000000000 ) ) ;
#2745 = CARTESIAN_POINT ( 'NONE',  ( -3.100000000000000089, 5.599999999999999645, 0.0000000000000000000 ) ) ;
#2746 = VECTOR ( 'NONE', #1544, 1000.000000000000000 ) ;
#2747 = VECTOR ( 'NONE', #2795, 1000.000000000000000 ) ;
#2748 = FACE_BOUND ( 'NONE', #1580, .T. ) ;
#2749 = AXIS2_PLACEMENT_3D ( 'NONE', #1757, #612, #876 ) ;
#2750 = VECTOR ( 'NONE', #1650, 1000.000000000000000 ) ;
#2751 = CARTESIAN_POINT ( 'NONE',  ( -0.8249999999999999556, 0.2387023412442000059, -8.525000000000000355 ) ) ;
#2752 = CARTESIAN_POINT ( 'NONE',  ( -2.399999999999999911, 3.500000000000000000, 0.0000000000000000000 ) ) ;
#2753 = VECTOR ( 'NONE', #1792, 1000.000000000000000 ) ;
#2754 = VERTEX_POINT ( 'NONE', #2401 ) ;
#2755 = ORIENTED_EDGE ( 'NONE', *, *, #743, .T. ) ;
#2756 = CARTESIAN_POINT ( 'NONE',  ( 1.300000000000000044, 5.100000000000000533, -6.100000000000000533 ) ) ;
#2757 = DIRECTION ( 'NONE',  ( 0.0000000000000000000, 0.0000000000000000000, 1.000000000000000000 ) ) ;
#2758 = VERTEX_POINT ( 'NONE', #3019 ) ;
#2759 = CARTESIAN_POINT ( 'NONE',  ( -1.250000000000000000, 3.500000000000000000, -5.000000000000000000 ) ) ;
#2760 = LINE ( 'NONE', #2388, #3833 ) ;
#2761 = DIRECTION ( 'NONE',  ( 0.0000000000000000000, -1.000000000000000000, 0.0000000000000000000 ) ) ;
#2762 = ORIENTED_EDGE ( 'NONE', *, *, #327, .F. ) ;
#2763 = ORIENTED_EDGE ( 'NONE', *, *, #3858, .T. ) ;
#2764 = CARTESIAN_POINT ( 'NONE',  ( 2.299999999999999822, 4.400000000000000355, -6.100000000000000533 ) ) ;
#2765 = ADVANCED_FACE ( 'NONE', ( #165 ), #499, .F. ) ;
#2766 = EDGE_CURVE ( 'NONE', #3857, #3618, #3868, .T. ) ;
#2767 = LINE ( 'NONE', #1462, #1051 ) ;
#2768 = LINE ( 'NONE', #1464, #2203 ) ;
#2769 = CARTESIAN_POINT ( 'NONE',  ( -0.7500000000000000000, 3.000000000000000000, -6.179846321567000089 ) ) ;
#2770 = EDGE_CURVE ( 'NONE', #2856, #2758, #2929, .T. ) ;
#2771 = DIRECTION ( 'NONE',  ( 0.0000000000000000000, 0.0000000000000000000, -1.000000000000000000 ) ) ;
#2772 = ORIENTED_EDGE ( 'NONE', *, *, #1209, .F. ) ;
#2773 = ORIENTED_EDGE ( 'NONE', *, *, #2104, .T. ) ;
#2774 = DIRECTION ( 'NONE',  ( -1.000000000000000000, 0.0000000000000000000, 0.0000000000000000000 ) ) ;
#2775 = VERTEX_POINT ( 'NONE', #1087 ) ;
#2776 = ORIENTED_EDGE ( 'NONE', *, *, #3895, .T. ) ;
#2777 = LINE ( 'NONE', #3727, #2067 ) ;
#2778 = LINE ( 'NONE', #2389, #2345 ) ;
#2779 = ORIENTED_EDGE ( 'NONE', *, *, #1673, .F. ) ;
#2780 = VERTEX_POINT ( 'NONE', #2317 ) ;
#2781 = EDGE_CURVE ( 'NONE', #3649, #38, #2648, .T. ) ;
#2782 = DIRECTION ( 'NONE',  ( 0.0000000000000000000, -1.000000000000000000, 0.0000000000000000000 ) ) ;
#2783 = DIRECTION ( 'NONE',  ( -1.000000000000000000, 0.0000000000000000000, 0.0000000000000000000 ) ) ;
#2784 = CARTESIAN_POINT ( 'NONE',  ( -1.250000000000000000, 3.069348800088999685, -6.675013711372000280 ) ) ;
#2785 = DIRECTION ( 'NONE',  ( -0.0000000000000000000, 1.000000000000000000, 0.0000000000000000000 ) ) ;
#2786 = DIRECTION ( 'NONE',  ( -1.000000000000000000, 0.0000000000000000000, 0.0000000000000000000 ) ) ;
#2787 = ORIENTED_EDGE ( 'NONE', *, *, #2366, .T. ) ;
#2788 = EDGE_CURVE ( 'NONE', #1763, #3625, #1468, .T. ) ;
#2789 = EDGE_CURVE ( 'NONE', #224, #3557, #1411, .T. ) ;
#2790 = CARTESIAN_POINT ( 'NONE',  ( 1.300000000000000044, 4.599999999999999645, 0.0000000000000000000 ) ) ;
#2791 = ORIENTED_EDGE ( 'NONE', *, *, #3988, .F. ) ;
#2792 = EDGE_LOOP ( 'NONE', ( #1382, #2890, #2362, #179, #1601, #920, #1149, #3956, #1391, #248 ) ) ;
#2793 = DIRECTION ( 'NONE',  ( 0.0000000000000000000, 0.1386976001775989953, -0.9903347796098928013 ) ) ;
#2794 = CARTESIAN_POINT ( 'NONE',  ( -0.7500000000000000000, 3.000000000000000000, -0.8499999999999999778 ) ) ;
#2795 = DIRECTION ( 'NONE',  ( 0.0000000000000000000, 0.0000000000000000000, 1.000000000000000000 ) ) ;
#2796 = ORIENTED_EDGE ( 'NONE', *, *, #853, .F. ) ;
#2797 = ORIENTED_EDGE ( 'NONE', *, *, #3456, .T. ) ;
#2798 = VECTOR ( 'NONE', #547, 1000.000000000000000 ) ;
#2799 = CARTESIAN_POINT ( 'NONE',  ( 1.250000000000000000, 3.000000000000000000, -5.000000000000000000 ) ) ;
#2800 = AXIS2_PLACEMENT_3D ( 'NONE', #2533, #3410, #1856 ) ;
#2801 = CARTESIAN_POINT ( 'NONE',  ( 1.000000000000000000, 0.4024046824884999762, -8.525000000000000355 ) ) ;
#2802 = PLANE ( 'NONE',  #1185 ) ;
#2803 = AXIS2_PLACEMENT_3D ( 'NONE', #850, #240, #2723 ) ;
#2804 = VECTOR ( 'NONE', #2420, 1000.000000000000114 ) ;
#2805 = DIRECTION ( 'NONE',  ( 1.000000000000000000, 0.0000000000000000000, 0.0000000000000000000 ) ) ;
#2806 = EDGE_CURVE ( 'NONE', #767, #3628, #2669, .T. ) ;
#2807 = VECTOR ( 'NONE', #3211, 1000.000000000000000 ) ;
#2808 = LINE ( 'NONE', #3396, #718 ) ;
#2809 = VECTOR ( 'NONE', #3340, 1000.000000000000000 ) ;
#2810 = VERTEX_POINT ( 'NONE', #3624 ) ;
#2811 = VERTEX_POINT ( 'NONE', #2712 ) ;
#2812 = LINE ( 'NONE', #2581, #1385 ) ;
#2813 = VECTOR ( 'NONE', #975, 1000.000000000000000 ) ;
#2814 = ADVANCED_FACE ( 'NONE', ( #3947 ), #1169, .F. ) ;
#2815 = EDGE_CURVE ( 'NONE', #801, #1535, #562, .T. ) ;
#2816 = APPLICATION_CONTEXT ( 'automotive_design' ) ;
#2817 = PRESENTATION_LAYER_ASSIGNMENT (  '', '', ( #1132 ) ) ;
#2818 = VERTEX_POINT ( 'NONE', #3414 ) ;
#2819 = ORIENTED_EDGE ( 'NONE', *, *, #1080, .T. ) ;
#2820 = CARTESIAN_POINT ( 'NONE',  ( -2.299999999999999822, 5.599999999999999645, -6.100000000000000533 ) ) ;
#2821 = EDGE_CURVE ( 'NONE', #568, #144, #3339, .T. ) ;
#2822 = CARTESIAN_POINT ( 'NONE',  ( -0.7500000000000000000, 0.6774046824885000539, -7.211960327625999589 ) ) ;
#2823 = EDGE_LOOP ( 'NONE', ( #904, #2661, #1868, #2523, #778, #3011 ) ) ;
#2824 = VERTEX_POINT ( 'NONE', #2446 ) ;
#2825 = DIRECTION ( 'NONE',  ( 0.0000000000000000000, -0.7071067811865475727, 0.7071067811865475727 ) ) ;
#2826 = CARTESIAN_POINT ( 'NONE',  ( -3.100000000000000089, 0.0000000000000000000, -3.000000000000000000 ) ) ;
#2827 = PLANE ( 'NONE',  #2800 ) ;
#2828 = DIRECTION ( 'NONE',  ( 0.0000000000000000000, 1.000000000000000000, 0.0000000000000000000 ) ) ;
#2829 = DIRECTION ( 'NONE',  ( 0.0000000000000000000, 1.000000000000000000, 0.0000000000000000000 ) ) ;
#2830 = VERTEX_POINT ( 'NONE', #944 ) ;
#2831 = FACE_OUTER_BOUND ( 'NONE', #1045, .T. ) ;
#2832 = DIRECTION ( 'NONE',  ( 0.0000000000000000000, -1.000000000000000000, 0.0000000000000000000 ) ) ;
#2833 = VERTEX_POINT ( 'NONE', #921 ) ;
#2834 = VERTEX_POINT ( 'NONE', #3663 ) ;
#2835 = CARTESIAN_POINT ( 'NONE',  ( 2.299999999999999822, 5.599999999999999645, -6.100000000000000533 ) ) ;
#2836 = EDGE_CURVE ( 'NONE', #1514, #2169, #3697, .T. ) ;
#2837 = CARTESIAN_POINT ( 'NONE',  ( -0.7500000000000000000, 3.000000000000000000, 0.0000000000000000000 ) ) ;
#2838 = CARTESIAN_POINT ( 'NONE',  ( 3.799999999999999822, 3.449571404000999930, -5.599999999999999645 ) ) ;
#2839 = ORIENTED_EDGE ( 'NONE', *, *, #233, .F. ) ;
#2840 = EDGE_CURVE ( 'NONE', #3968, #1796, #989, .T. ) ;
#2841 = EDGE_CURVE ( 'NONE', #3851, #2754, #2111, .T. ) ;
#2842 = CARTESIAN_POINT ( 'NONE',  ( -0.7500000000000000000, 3.000000000000000000, -5.000000000000000000 ) ) ;
#2843 = DIRECTION ( 'NONE',  ( 1.000000000000000000, 0.0000000000000000000, 0.0000000000000000000 ) ) ;
#2844 = CARTESIAN_POINT ( 'NONE',  ( -2.399999999999999911, 4.599999999999999645, 0.0000000000000000000 ) ) ;
#2845 = CARTESIAN_POINT ( 'NONE',  ( -3.100000000000000089, 3.449571404000999930, -5.599999999999999645 ) ) ;
#2846 = CARTESIAN_POINT ( 'NONE',  ( -3.250000000000000000, 0.0000000000000000000, -7.599999999999999645 ) ) ;
#2847 = EDGE_LOOP ( 'NONE', ( #2423, #1889, #17, #3493 ) ) ;
#2848 = CARTESIAN_POINT ( 'NONE',  ( 3.799999999999999822, 3.449571404000999930, -5.599999999999999645 ) ) ;
#2849 = LINE ( 'NONE', #1879, #405 ) ;
#2850 = ORIENTED_EDGE ( 'NONE', *, *, #2238, .F. ) ;
#2851 = ORIENTED_EDGE ( 'NONE', *, *, #1048, .T. ) ;
#2852 = DIRECTION ( 'NONE',  ( 1.000000000000000000, 0.0000000000000000000, 0.0000000000000000000 ) ) ;
#2853 = CARTESIAN_POINT ( 'NONE',  ( -4.000000000000000000, 5.599999999999999645, -6.100000000000000533 ) ) ;
#2854 = EDGE_CURVE ( 'NONE', #1094, #483, #2504, .T. ) ;
#2855 = CARTESIAN_POINT ( 'NONE',  ( 0.7500000000000000000, 0.0000000000000000000, -8.449999999999999289 ) ) ;
#2856 = VERTEX_POINT ( 'NONE', #901 ) ;
#2857 = EDGE_CURVE ( 'NONE', #3621, #576, #1271, .T. ) ;
#2858 = ADVANCED_FACE ( 'NONE', ( #3969 ), #1232, .F. ) ;
#2859 = LINE ( 'NONE', #1034, #3708 ) ;
#2860 = VECTOR ( 'NONE', #2492, 1000.000000000000000 ) ;
#2861 = ORIENTED_EDGE ( 'NONE', *, *, #1282, .F. ) ;
#2862 = DIRECTION ( 'NONE',  ( -1.000000000000000000, 0.0000000000000000000, 0.0000000000000000000 ) ) ;
#2863 = CARTESIAN_POINT ( 'NONE',  ( -4.000000000000000000, 3.449571404000999930, -2.600000000000000089 ) ) ;
#2864 = VECTOR ( 'NONE', #3840, 1000.000000000000000 ) ;
#2865 = VECTOR ( 'NONE', #2771, 1000.000000000000000 ) ;
#2866 = CARTESIAN_POINT ( 'NONE',  ( 0.8000000000000000444, 5.100000000000000533, -6.100000000000000533 ) ) ;
#2867 = VECTOR ( 'NONE', #540, 1000.000000000000000 ) ;
#2868 = ORIENTED_EDGE ( 'NONE', *, *, #441, .F. ) ;
#2869 = VECTOR ( 'NONE', #2456, 1000.000000000000000 ) ;
#2870 = EDGE_LOOP ( 'NONE', ( #864, #575, #1454, #3819 ) ) ;
#2871 = DIRECTION ( 'NONE',  ( 0.0000000000000000000, -1.000000000000000000, 0.0000000000000000000 ) ) ;
#2872 = AXIS2_PLACEMENT_3D ( 'NONE', #1847, #4025, #577 ) ;
#2873 = AXIS2_PLACEMENT_3D ( 'NONE', #3747, #42, #2159 ) ;
#2874 = ORIENTED_EDGE ( 'NONE', *, *, #1231, .T. ) ;
#2875 = ORIENTED_EDGE ( 'NONE', *, *, #1712, .F. ) ;
#2876 = VECTOR ( 'NONE', #3924, 1000.000000000000000 ) ;
#2877 = VECTOR ( 'NONE', #960, 1000.000000000000000 ) ;
#2878 = CARTESIAN_POINT ( 'NONE',  ( 0.7500000000000000000, 0.4774046824884999873, -8.449999999999999289 ) ) ;
#2879 = AXIS2_PLACEMENT_3D ( 'NONE', #3792, #2793, #3437 ) ;
#2880 = CARTESIAN_POINT ( 'NONE',  ( -0.7500000000000000000, 3.500000000000000000, -0.8499999999999999778 ) ) ;
#2881 = FACE_OUTER_BOUND ( 'NONE', #744, .T. ) ;
#2882 = ORIENTED_EDGE ( 'NONE', *, *, #2664, .F. ) ;
#2883 = CARTESIAN_POINT ( 'NONE',  ( 0.7500000000000000000, 3.000000000000000000, -6.179846321567000089 ) ) ;
#2884 = LINE ( 'NONE', #3854, #1871 ) ;
#2885 = DIRECTION ( 'NONE',  ( -1.000000000000000000, 0.0000000000000000000, 0.0000000000000000000 ) ) ;
#2886 = PLANE ( 'NONE',  #3393 ) ;
#2887 = CARTESIAN_POINT ( 'NONE',  ( -1.300000000000000044, 4.400000000000000355, -6.100000000000000533 ) ) ;
#2888 = EDGE_CURVE ( 'NONE', #2895, #3649, #3357, .T. ) ;
#2889 = DIRECTION ( 'NONE',  ( 0.0000000000000000000, 0.0000000000000000000, -1.000000000000000000 ) ) ;
#2890 = ORIENTED_EDGE ( 'NONE', *, *, #2857, .T. ) ;
#2891 = DIRECTION ( 'NONE',  ( -0.0000000000000000000, 1.000000000000000000, 0.0000000000000000000 ) ) ;
#2892 = ADVANCED_FACE ( 'NONE', ( #2170 ), #4010, .F. ) ;
#2893 = EDGE_CURVE ( 'NONE', #786, #2651, #1805, .T. ) ;
#2894 = ORIENTED_EDGE ( 'NONE', *, *, #2513, .T. ) ;
#2895 = VERTEX_POINT ( 'NONE', #330 ) ;
#2896 = LINE ( 'NONE', #2878, #599 ) ;
#2897 = DIRECTION ( 'NONE',  ( 0.0000000000000000000, 0.0000000000000000000, -1.000000000000000000 ) ) ;
#2898 = VERTEX_POINT ( 'NONE', #1562 ) ;
#2899 = CARTESIAN_POINT ( 'NONE',  ( -1.175000000000000044, 3.250000000000000000, -0.7750000000000000222 ) ) ;
#2900 = FACE_OUTER_BOUND ( 'NONE', #2028, .T. ) ;
#2901 = ADVANCED_FACE ( 'NONE', ( #3094 ), #2092, .F. ) ;
#2902 = LINE ( 'NONE', #1696, #3836 ) ;
#2903 = PLANE ( 'NONE',  #2087 ) ;
#2904 = CARTESIAN_POINT ( 'NONE',  ( 4.000000000000000000, 0.0000000000000000000, -2.100000000000000089 ) ) ;
#2905 = ORIENTED_EDGE ( 'NONE', *, *, #1251, .T. ) ;
#2906 = CARTESIAN_POINT ( 'NONE',  ( -2.399999999999999911, 3.500000000000000000, -1.000000000000000000 ) ) ;
#2907 = CARTESIAN_POINT ( 'NONE',  ( -0.5000000000000000000, 5.100000000000000533, 0.0000000000000000000 ) ) ;
#2908 = EDGE_CURVE ( 'NONE', #1509, #3857, #1511, .T. ) ;
#2909 = ORIENTED_EDGE ( 'NONE', *, *, #400, .F. ) ;
#2910 = EDGE_CURVE ( 'NONE', #2928, #2022, #1213, .T. ) ;
#2911 = ORIENTED_EDGE ( 'NONE', *, *, #3179, .F. ) ;
#2912 = DIRECTION ( 'NONE',  ( 0.0000000000000000000, -1.000000000000000000, 0.0000000000000000000 ) ) ;
#2913 = DIRECTION ( 'NONE',  ( 0.0000000000000000000, -1.000000000000000000, 0.0000000000000000000 ) ) ;
#2914 = DIRECTION ( 'NONE',  ( 0.0000000000000000000, 0.0000000000000000000, 1.000000000000000000 ) ) ;
#2915 = LINE ( 'NONE', #1376, #1831 ) ;
#2916 = ORIENTED_EDGE ( 'NONE', *, *, #372, .F. ) ;
#2917 = DIRECTION ( 'NONE',  ( -1.000000000000000000, 0.0000000000000000000, 0.0000000000000000000 ) ) ;
#2918 = DIRECTION ( 'NONE',  ( 0.0000000000000000000, 1.000000000000000000, 0.0000000000000000000 ) ) ;
#2919 = FACE_OUTER_BOUND ( 'NONE', #2847, .T. ) ;
#2920 = CARTESIAN_POINT ( 'NONE',  ( 3.100000000000000089, 0.0000000000000000000, -3.000000000000000000 ) ) ;
#2921 = VERTEX_POINT ( 'NONE', #598 ) ;
#2922 = CARTESIAN_POINT ( 'NONE',  ( 3.100000000000000089, 0.0000000000000000000, 0.0000000000000000000 ) ) ;
#2923 = VECTOR ( 'NONE', #3936, 1000.000000000000000 ) ;
#2924 = LINE ( 'NONE', #141, #2081 ) ;
#2925 = AXIS2_PLACEMENT_3D ( 'NONE', #1521, #1497, #656 ) ;
#2926 = AXIS2_PLACEMENT_3D ( 'NONE', #350, #1932, #3473 ) ;
#2927 = EDGE_LOOP ( 'NONE', ( #1896, #1852, #3894, #49 ) ) ;
#2928 = VERTEX_POINT ( 'NONE', #1828 ) ;
#2929 = LINE ( 'NONE', #3930, #541 ) ;
#2930 = AXIS2_PLACEMENT_3D ( 'NONE', #1165, #3658, #3031 ) ;
#2931 = VECTOR ( 'NONE', #2477, 1000.000000000000000 ) ;
#2932 = EDGE_CURVE ( 'NONE', #3866, #1763, #3821, .T. ) ;
#2933 = EDGE_CURVE ( 'NONE', #3884, #3812, #1961, .T. ) ;
#2934 = DIRECTION ( 'NONE',  ( 1.000000000000000000, 0.0000000000000000000, 0.0000000000000000000 ) ) ;
#2935 = AXIS2_PLACEMENT_3D ( 'NONE', #2863, #1639, #688 ) ;
#2936 = DIRECTION ( 'NONE',  ( 0.0000000000000000000, -1.000000000000000000, 0.0000000000000000000 ) ) ;
#2937 = AXIS2_PLACEMENT_3D ( 'NONE', #1924, #3403, #968 ) ;
#2938 = ORIENTED_EDGE ( 'NONE', *, *, #2418, .F. ) ;
#2939 = DIRECTION ( 'NONE',  ( 0.0000000000000000000, -0.7071067811864976127, -0.7071067811865975328 ) ) ;
#2940 = EDGE_CURVE ( 'NONE', #2833, #2758, #2146, .T. ) ;
#2941 = MECHANICAL_DESIGN_GEOMETRIC_PRESENTATION_REPRESENTATION (  '', ( #1132 ), #3330 ) ;
#2942 = EDGE_CURVE ( 'NONE', #374, #813, #2849, .T. ) ;
#2943 = LINE ( 'NONE', #2575, #3570 ) ;
#2944 = DIRECTION ( 'NONE',  ( 0.0000000000000000000, 0.0000000000000000000, -1.000000000000000000 ) ) ;
#2945 = ORIENTED_EDGE ( 'NONE', *, *, #3056, .F. ) ;
#2946 = VERTEX_POINT ( 'NONE', #2907 ) ;
#2947 = DIRECTION ( 'NONE',  ( 0.5773502691896257311, -0.5773502691896257311, 0.5773502691896257311 ) ) ;
#2948 = DIRECTION ( 'NONE',  ( 0.0000000000000000000, 0.1386976001775989953, -0.9903347796098928013 ) ) ;
#2949 = DIRECTION ( 'NONE',  ( 0.0000000000000000000, 1.000000000000000000, 0.0000000000000000000 ) ) ;
#2950 = ORIENTED_EDGE ( 'NONE', *, *, #167, .T. ) ;
#2951 = PLANE ( 'NONE',  #2734 ) ;
#2952 = LINE ( 'NONE', #162, #1945 ) ;
#2953 = ORIENTED_EDGE ( 'NONE', *, *, #1281, .F. ) ;
#2954 = ORIENTED_EDGE ( 'NONE', *, *, #3699, .T. ) ;
#2955 = DIRECTION ( 'NONE',  ( 0.0000000000000000000, -1.000000000000000000, 0.0000000000000000000 ) ) ;
#2956 = CARTESIAN_POINT ( 'NONE',  ( -0.7500000000000000000, 0.4774046824884999873, -8.449999999999999289 ) ) ;
#2957 = ORIENTED_EDGE ( 'NONE', *, *, #1080, .F. ) ;
#2958 = ADVANCED_FACE ( 'NONE', ( #3191 ), #1917, .T. ) ;
#2959 = CARTESIAN_POINT ( 'NONE',  ( -1.250000000000000000, 3.500000000000000000, 0.0000000000000000000 ) ) ;
#2960 = PLANE ( 'NONE',  #3119 ) ;
#2961 = DIRECTION ( 'NONE',  ( 0.0000000000000000000, -1.000000000000000000, 0.0000000000000000000 ) ) ;
#2962 = ORIENTED_EDGE ( 'NONE', *, *, #1282, .T. ) ;
#2963 = ORIENTED_EDGE ( 'NONE', *, *, #302, .T. ) ;
#2964 = EDGE_CURVE ( 'NONE', #1176, #3629, #1364, .T. ) ;
#2965 = EDGE_CURVE ( 'NONE', #813, #312, #1583, .T. ) ;
#2966 = FACE_OUTER_BOUND ( 'NONE', #1776, .T. ) ;
#2967 = DIRECTION ( 'NONE',  ( -1.000000000000000000, 0.0000000000000000000, 0.0000000000000000000 ) ) ;
#2968 = APPLICATION_CONTEXT ( 'automotive_design' ) ;
#2969 = CARTESIAN_POINT ( 'NONE',  ( -4.000000000000000000, 0.0000000000000000000, -7.599999999999999645 ) ) ;
#2970 = ORIENTED_EDGE ( 'NONE', *, *, #360, .F. ) ;
#2971 = DIRECTION ( 'NONE',  ( 0.0000000000000000000, 1.000000000000000000, 0.0000000000000000000 ) ) ;
#2972 = CARTESIAN_POINT ( 'NONE',  ( -1.800000000000000044, 5.100000000000000533, -6.100000000000000533 ) ) ;
#2973 = EDGE_LOOP ( 'NONE', ( #258, #2336, #1740, #891 ) ) ;
#2974 = DIRECTION ( 'NONE',  ( 0.0000000000000000000, 0.0000000000000000000, 1.000000000000000000 ) ) ;
#2975 = LINE ( 'NONE', #2125, #2002 ) ;
#2976 = LINE ( 'NONE', #3586, #2422 ) ;
#2977 = ORIENTED_EDGE ( 'NONE', *, *, #1708, .T. ) ;
#2978 = LINE ( 'NONE', #1949, #2221 ) ;
#2979 = DIRECTION ( 'NONE',  ( -1.000000000000000000, 0.0000000000000000000, 0.0000000000000000000 ) ) ;
#2980 = DIRECTION ( 'NONE',  ( 0.0000000000000000000, -1.000000000000000000, 0.0000000000000000000 ) ) ;
#2981 = ORIENTED_EDGE ( 'NONE', *, *, #804, .T. ) ;
#2982 = VERTEX_POINT ( 'NONE', #2582 ) ;
#2983 = CARTESIAN_POINT ( 'NONE',  ( 2.399999999999999911, 0.5000000000000000000, -5.000000000000000000 ) ) ;
#2984 = DIRECTION ( 'NONE',  ( 0.0000000000000000000, 1.000000000000000000, 0.0000000000000000000 ) ) ;
#2985 = EDGE_CURVE ( 'NONE', #2921, #3171, #2567, .T. ) ;
#2986 = ADVANCED_FACE ( 'NONE', ( #1007 ), #2268, .T. ) ;
#2987 = ORIENTED_EDGE ( 'NONE', *, *, #376, .F. ) ;
#2988 = DIRECTION ( 'NONE',  ( 0.0000000000000000000, 0.0000000000000000000, 1.000000000000000000 ) ) ;
#2989 = CARTESIAN_POINT ( 'NONE',  ( 3.250000000000000000, 0.5000000000000000000, -6.100000000000000533 ) ) ;
#2990 = ORIENTED_EDGE ( 'NONE', *, *, #1469, .F. ) ;
#2991 = ORIENTED_EDGE ( 'NONE', *, *, #3320, .F. ) ;
#2992 = CARTESIAN_POINT ( 'NONE',  ( 0.7500000000000000000, 3.000000000000000000, -0.8499999999999999778 ) ) ;
#2993 = AXIS2_PLACEMENT_3D ( 'NONE', #836, #1538, #2060 ) ;
#2994 = AXIS2_PLACEMENT_3D ( 'NONE', #2904, #705, #81 ) ;
#2995 = DIRECTION ( 'NONE',  ( 0.0000000000000000000, 0.0000000000000000000, 1.000000000000000000 ) ) ;
#2996 = LINE ( 'NONE', #2130, #2809 ) ;
#2997 = EDGE_LOOP ( 'NONE', ( #436, #1914, #489, #1367 ) ) ;
#2998 = AXIS2_PLACEMENT_3D ( 'NONE', #3509, #1360, #510 ) ;
#2999 = AXIS2_PLACEMENT_3D ( 'NONE', #2032, #111, #2655 ) ;
#3000 = VECTOR ( 'NONE', #1151, 1000.000000000000000 ) ;
#3001 = VECTOR ( 'NONE', #1237, 1000.000000000000000 ) ;
#3002 = LINE ( 'NONE', #217, #593 ) ;
#3003 = LINE ( 'NONE', #548, #3069 ) ;
#3004 = ORIENTED_EDGE ( 'NONE', *, *, #355, .T. ) ;
#3005 = ORIENTED_EDGE ( 'NONE', *, *, #1589, .T. ) ;
#3006 = CARTESIAN_POINT ( 'NONE',  ( -1.250000000000000000, 3.500000000000000000, -6.100000000000000533 ) ) ;
#3007 = VECTOR ( 'NONE', #2534, 1000.000000000000000 ) ;
#3008 = CARTESIAN_POINT ( 'NONE',  ( 2.299999999999999822, 5.599999999999999645, -2.100000000000000089 ) ) ;
#3009 = VECTOR ( 'NONE', #1890, 1000.000000000000114 ) ;
#3010 = CARTESIAN_POINT ( 'NONE',  ( -2.399999999999999911, 2.700000000000000178, 0.0000000000000000000 ) ) ;
#3011 = ORIENTED_EDGE ( 'NONE', *, *, #3788, .T. ) ;
#3012 = EDGE_CURVE ( 'NONE', #2624, #3628, #3135, .T. ) ;
#3013 = FACE_OUTER_BOUND ( 'NONE', #2585, .T. ) ;
#3014 = DIRECTION ( 'NONE',  ( 1.000000000000000000, 0.0000000000000000000, 0.0000000000000000000 ) ) ;
#3015 = ORIENTED_EDGE ( 'NONE', *, *, #952, .T. ) ;
#3016 = ORIENTED_EDGE ( 'NONE', *, *, #2128, .T. ) ;
#3017 = EDGE_CURVE ( 'NONE', #2928, #1033, #3759, .T. ) ;
#3018 = EDGE_CURVE ( 'NONE', #3938, #2542, #1645, .T. ) ;
#3019 = CARTESIAN_POINT ( 'NONE',  ( 1.250000000000000000, 3.500000000000000000, -6.179846321567000089 ) ) ;
#3020 = CARTESIAN_POINT ( 'NONE',  ( 1.800000000000000044, 0.0000000000000000000, 0.0000000000000000000 ) ) ;
#3021 = ORIENTED_EDGE ( 'NONE', *, *, #2525, .F. ) ;
#3022 = DIRECTION ( 'NONE',  ( 1.000000000000000000, 0.0000000000000000000, 0.0000000000000000000 ) ) ;
#3023 = CARTESIAN_POINT ( 'NONE',  ( -1.250000000000000000, 0.0000000000000000000, -8.449999999999999289 ) ) ;
#3024 = CARTESIAN_POINT ( 'NONE',  ( -4.000000000000000000, 3.449571404000999930, -5.599999999999999645 ) ) ;
#3025 = ORIENTED_EDGE ( 'NONE', *, *, #1611, .T. ) ;
#3026 = ORIENTED_EDGE ( 'NONE', *, *, #2303, .F. ) ;
#3027 = FACE_OUTER_BOUND ( 'NONE', #3350, .T. ) ;
#3028 = DIRECTION ( 'NONE',  ( -1.000000000000000000, 0.0000000000000000000, 0.0000000000000000000 ) ) ;
#3029 = VERTEX_POINT ( 'NONE', #3433 ) ;
#3030 = LINE ( 'NONE', #1242, #3260 ) ;
#3031 = DIRECTION ( 'NONE',  ( 1.000000000000000000, 0.0000000000000000000, 0.0000000000000000000 ) ) ;
#3032 = ADVANCED_FACE ( 'NONE', ( #2235 ), #3170, .F. ) ;
#3033 = ORIENTED_EDGE ( 'NONE', *, *, #3280, .T. ) ;
#3034 = DIRECTION ( 'NONE',  ( 0.0000000000000000000, -1.000000000000000000, 0.0000000000000000000 ) ) ;
#3035 = EDGE_CURVE ( 'NONE', #3701, #1962, #708, .T. ) ;
#3036 = EDGE_CURVE ( 'NONE', #517, #67, #693, .T. ) ;
#3037 = ORIENTED_EDGE ( 'NONE', *, *, #79, .T. ) ;
#3038 = LINE ( 'NONE', #253, #3263 ) ;
#3039 = CARTESIAN_POINT ( 'NONE',  ( -0.7500000000000000000, 3.000000000000000000, -6.179846321567000089 ) ) ;
#3040 = CARTESIAN_POINT ( 'NONE',  ( 4.000000000000000000, 3.500000000000000000, -6.100000000000000533 ) ) ;
#3041 = ORIENTED_EDGE ( 'NONE', *, *, #1732, .F. ) ;
#3042 = ORIENTED_EDGE ( 'NONE', *, *, #2202, .T. ) ;
#3043 = CARTESIAN_POINT ( 'NONE',  ( 1.250000000000000000, 0.6496651624528999580, -7.013893371703999513 ) ) ;
#3044 = CARTESIAN_POINT ( 'NONE',  ( -4.000000000000000000, 0.0000000000000000000, -7.599999999999999645 ) ) ;
#3045 = CARTESIAN_POINT ( 'NONE',  ( 4.000000000000000000, 5.599999999999999645, -6.100000000000000533 ) ) ;
#3046 = CARTESIAN_POINT ( 'NONE',  ( 2.299999999999999822, 4.599999999999999645, -5.000000000000000000 ) ) ;
#3047 = LINE ( 'NONE', #896, #2610 ) ;
#3048 = ORIENTED_EDGE ( 'NONE', *, *, #774, .F. ) ;
#3049 = ORIENTED_EDGE ( 'NONE', *, *, #254, .T. ) ;
#3050 = CARTESIAN_POINT ( 'NONE',  ( 2.399999999999999911, 4.400000000000000355, 0.0000000000000000000 ) ) ;
#3051 = AXIS2_PLACEMENT_3D ( 'NONE', #2837, #1012, #377 ) ;
#3052 = DIRECTION ( 'NONE',  ( 0.0000000000000000000, 0.9903347796098926903, 0.1386976001775989675 ) ) ;
#3053 = ORIENTED_EDGE ( 'NONE', *, *, #1470, .F. ) ;
#3054 = EDGE_CURVE ( 'NONE', #572, #427, #3459, .T. ) ;
#3055 = AXIS2_PLACEMENT_3D ( 'NONE', #1265, #2183, #2498 ) ;
#3056 = EDGE_CURVE ( 'NONE', #3866, #1849, #389, .T. ) ;
#3057 = VECTOR ( 'NONE', #3869, 1000.000000000000000 ) ;
#3058 = DIRECTION ( 'NONE',  ( 0.0000000000000000000, 0.0000000000000000000, 1.000000000000000000 ) ) ;
#3059 = CIRCLE ( 'NONE', #204, 0.6999999999999999556 ) ;
#3060 = CARTESIAN_POINT ( 'NONE',  ( 0.9000000000000000222, 0.3274046824884999651, -8.599999999999999645 ) ) ;
#3061 = VECTOR ( 'NONE', #1537, 1000.000000000000000 ) ;
#3062 = EDGE_LOOP ( 'NONE', ( #494, #139, #3026, #3161 ) ) ;
#3063 = ORIENTED_EDGE ( 'NONE', *, *, #3349, .T. ) ;
#3064 = ADVANCED_FACE ( 'NONE', ( #2296 ), #1390, .T. ) ;
#3065 = CARTESIAN_POINT ( 'NONE',  ( -3.100000000000000089, 0.0000000000000000000, 0.0000000000000000000 ) ) ;
#3066 = EDGE_CURVE ( 'NONE', #1493, #3670, #770, .T. ) ;
#3067 = PLANE ( 'NONE',  #2284 ) ;
#3068 = VECTOR ( 'NONE', #675, 1000.000000000000114 ) ;
#3069 = VECTOR ( 'NONE', #1794, 1000.000000000000000 ) ;
#3070 = CARTESIAN_POINT ( 'NONE',  ( -1.250000000000000000, 0.0000000000000000000, -8.449999999999999289 ) ) ;
#3071 = VECTOR ( 'NONE', #3471, 1000.000000000000000 ) ;
#3072 = VECTOR ( 'NONE', #956, 1000.000000000000000 ) ;
#3073 = FACE_OUTER_BOUND ( 'NONE', #2075, .T. ) ;
#3074 = AXIS2_PLACEMENT_3D ( 'NONE', #2114, #276, #546 ) ;
#3075 = FACE_OUTER_BOUND ( 'NONE', #1009, .T. ) ;
#3076 = VERTEX_POINT ( 'NONE', #3575 ) ;
#3077 = ORIENTED_EDGE ( 'NONE', *, *, #3012, .T. ) ;
#3078 = ORIENTED_EDGE ( 'NONE', *, *, #3980, .F. ) ;
#3079 = VERTEX_POINT ( 'NONE', #3554 ) ;
#3080 = CARTESIAN_POINT ( 'NONE',  ( 0.7500000000000000000, 3.500000000000000000, -6.100000000000000533 ) ) ;
#3081 = DIRECTION ( 'NONE',  ( 1.000000000000000000, 0.0000000000000000000, 0.0000000000000000000 ) ) ;
#3082 = CARTESIAN_POINT ( 'NONE',  ( 0.9000000000000000222, 0.1499999999999999944, -8.599999999999999645 ) ) ;
#3083 = ORIENTED_EDGE ( 'NONE', *, *, #1658, .T. ) ;
#3084 = VERTEX_POINT ( 'NONE', #2663 ) ;
#3085 = CARTESIAN_POINT ( 'NONE',  ( -0.7500000000000000000, 0.4774046824884999873, -7.211960327625999589 ) ) ;
#3086 = ADVANCED_FACE ( 'NONE', ( #495 ), #3903, .F. ) ;
#3087 = ADVANCED_FACE ( 'NONE', ( #1426 ), #2040, .F. ) ;
#3088 = CARTESIAN_POINT ( 'NONE',  ( 0.8000000000000000444, 5.100000000000000533, -5.599999999999999645 ) ) ;
#3089 = LINE ( 'NONE', #3046, #265 ) ;
#3090 = CARTESIAN_POINT ( 'NONE',  ( 2.299999999999999822, 4.400000000000000355, -5.000000000000000000 ) ) ;
#3091 = CARTESIAN_POINT ( 'NONE',  ( -0.8000000000000000444, 5.100000000000000533, -6.100000000000000533 ) ) ;
#3092 = ORIENTED_EDGE ( 'NONE', *, *, #604, .F. ) ;
#3093 = ORIENTED_EDGE ( 'NONE', *, *, #1565, .T. ) ;
#3094 = FACE_OUTER_BOUND ( 'NONE', #333, .T. ) ;
#3095 = ORIENTED_EDGE ( 'NONE', *, *, #1258, .T. ) ;
#3096 = ORIENTED_EDGE ( 'NONE', *, *, #2908, .T. ) ;
#3097 = CARTESIAN_POINT ( 'NONE',  ( -1.250000000000000000, 3.069348800088999685, -6.675013711372000280 ) ) ;
#3098 = CARTESIAN_POINT ( 'NONE',  ( 2.399999999999999911, 3.500000000000000000, -1.000000000000000000 ) ) ;
#3099 = CARTESIAN_POINT ( 'NONE',  ( 1.100000000000000089, 0.1499999999999999944, -8.599999999999999645 ) ) ;
#3100 = VERTEX_POINT ( 'NONE', #3865 ) ;
#3101 = VERTEX_POINT ( 'NONE', #472 ) ;
#3102 = LINE ( 'NONE', #2197, #3328 ) ;
#3103 = CARTESIAN_POINT ( 'NONE',  ( 3.799999999999999822, 3.449571404000999930, -2.600000000000000089 ) ) ;
#3104 = CARTESIAN_POINT ( 'NONE',  ( 1.250000000000000000, 0.0000000000000000000, -8.449999999999999289 ) ) ;
#3105 = CARTESIAN_POINT ( 'NONE',  ( -2.399999999999999911, 2.700000000000000178, -1.000000000000000000 ) ) ;
#3106 = EDGE_CURVE ( 'NONE', #29, #2707, #1704, .T. ) ;
#3107 = EDGE_CURVE ( 'NONE', #751, #2730, #2952, .T. ) ;
#3108 = CARTESIAN_POINT ( 'NONE',  ( 0.7500000000000000000, 3.500000000000000000, -0.8499999999999999778 ) ) ;
#3109 = ORIENTED_EDGE ( 'NONE', *, *, #379, .T. ) ;
#3110 = ORIENTED_EDGE ( 'NONE', *, *, #64, .T. ) ;
#3111 = CARTESIAN_POINT ( 'NONE',  ( 1.100000000000000089, 0.3274046824884999651, -8.599999999999999645 ) ) ;
#3112 = DIRECTION ( 'NONE',  ( 0.0000000000000000000, 0.0000000000000000000, 1.000000000000000000 ) ) ;
#3113 = ORIENTED_EDGE ( 'NONE', *, *, #3207, .F. ) ;
#3114 = VERTEX_POINT ( 'NONE', #3291 ) ;
#3115 = FACE_OUTER_BOUND ( 'NONE', #2041, .T. ) ;
#3116 = CARTESIAN_POINT ( 'NONE',  ( 0.8000000000000000444, 5.100000000000000533, -6.100000000000000533 ) ) ;
#3117 = ORIENTED_EDGE ( 'NONE', *, *, #972, .F. ) ;
#3118 = ORIENTED_EDGE ( 'NONE', *, *, #1662, .T. ) ;
#3119 = AXIS2_PLACEMENT_3D ( 'NONE', #2899, #171, #3891 ) ;
#3120 = DIRECTION ( 'NONE',  ( -1.000000000000000000, 0.0000000000000000000, 0.0000000000000000000 ) ) ;
#3121 = AXIS2_PLACEMENT_3D ( 'NONE', #1028, #2219, #3824 ) ;
#3122 = VECTOR ( 'NONE', #481, 1000.000000000000000 ) ;
#3123 = DIRECTION ( 'NONE',  ( 0.0000000000000000000, 1.000000000000000000, 0.0000000000000000000 ) ) ;
#3124 = ADVANCED_FACE ( 'NONE', ( #1723 ), #1408, .T. ) ;
#3125 = DIRECTION ( 'NONE',  ( 1.000000000000000000, 0.0000000000000000000, 0.0000000000000000000 ) ) ;
#3126 = AXIS2_PLACEMENT_3D ( 'NONE', #3539, #2601, #1084 ) ;
#3127 = VECTOR ( 'NONE', #629, 1000.000000000000000 ) ;
#3128 = LINE ( 'NONE', #3510, #3195 ) ;
#3129 = AXIS2_PLACEMENT_3D ( 'NONE', #1719, #1737, #2967 ) ;
#3130 = CARTESIAN_POINT ( 'NONE',  ( 1.250000000000000000, 0.4774046824884999873, -8.449999999999999289 ) ) ;
#3131 = VECTOR ( 'NONE', #2210, 1000.000000000000114 ) ;
#3132 = EDGE_CURVE ( 'NONE', #3435, #1666, #1063, .T. ) ;
#3133 = VERTEX_POINT ( 'NONE', #2333 ) ;
#3134 = CARTESIAN_POINT ( 'NONE',  ( 4.000000000000000000, 3.500000000000000000, -1.000000000000000000 ) ) ;
#3135 = LINE ( 'NONE', #1659, #1761 ) ;
#3136 = VECTOR ( 'NONE', #77, 1000.000000000000000 ) ;
#3137 = EDGE_CURVE ( 'NONE', #3557, #3356, #2360, .T. ) ;
#3138 = VECTOR ( 'NONE', #3262, 1000.000000000000000 ) ;
#3139 = ORIENTED_EDGE ( 'NONE', *, *, #1953, .F. ) ;
#3140 = ADVANCED_FACE ( 'NONE', ( #1976 ), #819, .T. ) ;
#3141 = VERTEX_POINT ( 'NONE', #2989 ) ;
#3142 = CARTESIAN_POINT ( 'NONE',  ( -3.100000000000000089, 5.599999999999999645, 0.3530541257750999806 ) ) ;
#3143 = CARTESIAN_POINT ( 'NONE',  ( -1.100000000000000089, 0.3274046824884999651, -8.599999999999999645 ) ) ;
#3144 = DIRECTION ( 'NONE',  ( -0.0000000000000000000, 1.000000000000000000, 0.0000000000000000000 ) ) ;
#3145 = ORIENTED_EDGE ( 'NONE', *, *, #2932, .F. ) ;
#3146 = CARTESIAN_POINT ( 'NONE',  ( -3.250000000000000000, 3.500000000000000000, -6.100000000000000533 ) ) ;
#3147 = PLANE ( 'NONE',  #1625 ) ;
#3148 = LINE ( 'NONE', #2228, #782 ) ;
#3149 = CARTESIAN_POINT ( 'NONE',  ( 1.300000000000000044, 4.599999999999999645, -2.100000000000000089 ) ) ;
#3150 = DIRECTION ( 'NONE',  ( 0.0000000000000000000, 0.0000000000000000000, 1.000000000000000000 ) ) ;
#3151 = EDGE_LOOP ( 'NONE', ( #523, #2698, #243, #2762 ) ) ;
#3152 = FACE_OUTER_BOUND ( 'NONE', #550, .T. ) ;
#3153 = CARTESIAN_POINT ( 'NONE',  ( 1.100000000000000089, 3.149999999999999911, -0.6999999999999999556 ) ) ;
#3154 = ORIENTED_EDGE ( 'NONE', *, *, #151, .F. ) ;
#3155 = VERTEX_POINT ( 'NONE', #201 ) ;
#3156 = PLANE ( 'NONE',  #3641 ) ;
#3157 = EDGE_CURVE ( 'NONE', #3155, #3356, #837, .T. ) ;
#3158 = EDGE_CURVE ( 'NONE', #1721, #767, #534, .T. ) ;
#3159 = LINE ( 'NONE', #3705, #1432 ) ;
#3160 = PLANE ( 'NONE',  #2873 ) ;
#3161 = ORIENTED_EDGE ( 'NONE', *, *, #3957, .F. ) ;
#3162 = LINE ( 'NONE', #3180, #146 ) ;
#3163 = CARTESIAN_POINT ( 'NONE',  ( -1.250000000000000000, 3.500000000000000000, 0.0000000000000000000 ) ) ;
#3164 = PLANE ( 'NONE',  #1323 ) ;
#3165 = LINE ( 'NONE', #1019, #3071 ) ;
#3166 = PLANE ( 'NONE',  #2926 ) ;
#3167 = VERTEX_POINT ( 'NONE', #448 ) ;
#3168 = VERTEX_POINT ( 'NONE', #226 ) ;
#3169 = LINE ( 'NONE', #1270, #1634 ) ;
#3170 = PLANE ( 'NONE',  #1443 ) ;
#3171 = VERTEX_POINT ( 'NONE', #1676 ) ;
#3172 = ORIENTED_EDGE ( 'NONE', *, *, #2529, .T. ) ;
#3173 = EDGE_CURVE ( 'NONE', #3851, #3812, #2924, .T. ) ;
#3174 = LINE ( 'NONE', #61, #1503 ) ;
#3175 = SURFACE_STYLE_FILL_AREA ( #40 ) ;
#3176 = LINE ( 'NONE', #1068, #3768 ) ;
#3177 = FACE_OUTER_BOUND ( 'NONE', #2721, .T. ) ;
#3178 = ORIENTED_EDGE ( 'NONE', *, *, #3660, .T. ) ;
#3179 = EDGE_CURVE ( 'NONE', #2126, #459, #3047, .T. ) ;
#3180 = CARTESIAN_POINT ( 'NONE',  ( 0.7500000000000000000, 3.000000000000000000, -6.100000000000000533 ) ) ;
#3181 = CARTESIAN_POINT ( 'NONE',  ( -1.300000000000000044, 5.100000000000000533, -2.100000000000000089 ) ) ;
#3182 = EDGE_CURVE ( 'NONE', #2730, #2396, #289, .T. ) ;
#3183 = DIRECTION ( 'NONE',  ( -0.0000000000000000000, 0.7071067811865475727, 0.7071067811865475727 ) ) ;
#3184 = DIRECTION ( 'NONE',  ( 0.0000000000000000000, 1.000000000000000000, 0.0000000000000000000 ) ) ;
#3185 = VECTOR ( 'NONE', #1960, 1000.000000000000000 ) ;
#3186 = VECTOR ( 'NONE', #2341, 1000.000000000000000 ) ;
#3187 = VECTOR ( 'NONE', #2000, 1000.000000000000000 ) ;
#3188 = AXIS2_PLACEMENT_3D ( 'NONE', #3753, #2246, #3447 ) ;
#3189 = ORIENTED_EDGE ( 'NONE', *, *, #227, .T. ) ;
#3190 = CARTESIAN_POINT ( 'NONE',  ( -1.800000000000000044, 0.2000000000000000111, 0.0000000000000000000 ) ) ;
#3191 = FACE_OUTER_BOUND ( 'NONE', #1803, .T. ) ;
#3192 = VECTOR ( 'NONE', #2383, 1000.000000000000000 ) ;
#3193 = ORIENTED_EDGE ( 'NONE', *, *, #1789, .F. ) ;
#3194 = ORIENTED_EDGE ( 'NONE', *, *, #3054, .F. ) ;
#3195 = VECTOR ( 'NONE', #1931, 1000.000000000000000 ) ;
#3196 = CARTESIAN_POINT ( 'NONE',  ( 2.399999999999999911, 0.5000000000000000000, 0.0000000000000000000 ) ) ;
#3197 = VECTOR ( 'NONE', #1909, 1000.000000000000000 ) ;
#3198 = DIRECTION ( 'NONE',  ( 0.0000000000000000000, -1.000000000000000000, 0.0000000000000000000 ) ) ;
#3199 = CARTESIAN_POINT ( 'NONE',  ( -0.8000000000000000444, 4.400000000000000355, -6.100000000000000533 ) ) ;
#3200 = VERTEX_POINT ( 'NONE', #3090 ) ;
#3201 = PLANE ( 'NONE',  #477 ) ;
#3202 = DIRECTION ( 'NONE',  ( 0.0000000000000000000, -1.000000000000000000, 0.0000000000000000000 ) ) ;
#3203 = PLANE ( 'NONE',  #2417 ) ;
#3204 = CARTESIAN_POINT ( 'NONE',  ( 3.799999999999999822, 3.449571404000999930, -2.600000000000000089 ) ) ;
#3205 = CARTESIAN_POINT ( 'NONE',  ( -1.000000000000000000, 3.075000000000000178, -0.7750000000000000222 ) ) ;
#3206 = EDGE_CURVE ( 'NONE', #1535, #3475, #2123, .T. ) ;
#3207 = EDGE_CURVE ( 'NONE', #3420, #1791, #1187, .T. ) ;
#3208 = CARTESIAN_POINT ( 'NONE',  ( -3.100000000000000089, 3.449571404000999930, -2.600000000000000089 ) ) ;
#3209 = EDGE_LOOP ( 'NONE', ( #3042, #2963, #735, #3015 ) ) ;
#3210 = LINE ( 'NONE', #447, #2355 ) ;
#3211 = DIRECTION ( 'NONE',  ( -1.000000000000000000, 0.0000000000000000000, 0.0000000000000000000 ) ) ;
#3212 = ORIENTED_EDGE ( 'NONE', *, *, #748, .T. ) ;
#3213 = VERTEX_POINT ( 'NONE', #3105 ) ;
#3214 = LINE ( 'NONE', #1368, #922 ) ;
#3215 = DIRECTION ( 'NONE',  ( 0.0000000000000000000, 1.000000000000000000, 0.0000000000000000000 ) ) ;
#3216 = CARTESIAN_POINT ( 'NONE',  ( -1.250000000000000000, 3.000000000000000000, -6.179846321567000089 ) ) ;
#3217 = LINE ( 'NONE', #1112, #1325 ) ;
#3218 = ORIENTED_EDGE ( 'NONE', *, *, #2288, .T. ) ;
#3219 = PLANE ( 'NONE',  #2999 ) ;
#3220 = ORIENTED_EDGE ( 'NONE', *, *, #1300, .T. ) ;
#3221 = DIRECTION ( 'NONE',  ( 0.0000000000000000000, 0.0000000000000000000, 1.000000000000000000 ) ) ;
#3222 = CARTESIAN_POINT ( 'NONE',  ( 2.399999999999999911, 2.700000000000000178, 0.0000000000000000000 ) ) ;
#3223 = PLANE ( 'NONE',  #982 ) ;
#3224 = ORIENTED_EDGE ( 'NONE', *, *, #3360, .F. ) ;
#3225 = CARTESIAN_POINT ( 'NONE',  ( -0.8249999999999999556, 3.250000000000000000, -0.7750000000000000222 ) ) ;
#3226 = EDGE_CURVE ( 'NONE', #2254, #3442, #3944, .T. ) ;
#3227 = CARTESIAN_POINT ( 'NONE',  ( 3.100000000000000089, 3.449571404000999930, -2.600000000000000089 ) ) ;
#3228 = ORIENTED_EDGE ( 'NONE', *, *, #195, .T. ) ;
#3229 = ORIENTED_EDGE ( 'NONE', *, *, #774, .T. ) ;
#3230 = EDGE_CURVE ( 'NONE', #67, #2312, #245, .T. ) ;
#3231 = ADVANCED_FACE ( 'NONE', ( #1226 ), #1783, .F. ) ;
#3232 = CARTESIAN_POINT ( 'NONE',  ( -1.250000000000000000, 3.000000000000000000, -0.8499999999999999778 ) ) ;
#3233 = FACE_OUTER_BOUND ( 'NONE', #3252, .T. ) ;
#3234 = DIRECTION ( 'NONE',  ( 1.000000000000000000, 0.0000000000000000000, 0.0000000000000000000 ) ) ;
#3235 = ORIENTED_EDGE ( 'NONE', *, *, #2408, .F. ) ;
#3236 = CARTESIAN_POINT ( 'NONE',  ( 0.8000000000000000444, 4.400000000000000355, -6.100000000000000533 ) ) ;
#3237 = VERTEX_POINT ( 'NONE', #1822 ) ;
#3238 = VERTEX_POINT ( 'NONE', #1539 ) ;
#3239 = DIRECTION ( 'NONE',  ( 0.0000000000000000000, 1.000000000000000000, 0.0000000000000000000 ) ) ;
#3240 = FACE_OUTER_BOUND ( 'NONE', #1586, .T. ) ;
#3241 = VECTOR ( 'NONE', #2979, 1000.000000000000000 ) ;
#3242 = EDGE_CURVE ( 'NONE', #1514, #2682, #1483, .T. ) ;
#3243 = CARTESIAN_POINT ( 'NONE',  ( -3.799999999999999822, 0.0000000000000000000, 0.0000000000000000000 ) ) ;
#3244 = VERTEX_POINT ( 'NONE', #3990 ) ;
#3245 = CARTESIAN_POINT ( 'NONE',  ( 1.100000000000000089, 3.350000000000000089, -0.6999999999999999556 ) ) ;
#3246 = VECTOR ( 'NONE', #2988, 1000.000000000000000 ) ;
#3247 = DIRECTION ( 'NONE',  ( 0.0000000000000000000, 0.0000000000000000000, -1.000000000000000000 ) ) ;
#3248 = EDGE_CURVE ( 'NONE', #2824, #3650, #2728, .T. ) ;
#3249 = VECTOR ( 'NONE', #3239, 1000.000000000000000 ) ;
#3250 = VECTOR ( 'NONE', #938, 1000.000000000000000 ) ;
#3251 = ORIENTED_EDGE ( 'NONE', *, *, #1766, .F. ) ;
#3252 = EDGE_LOOP ( 'NONE', ( #821, #1716, #1717, #239 ) ) ;
#3253 = CARTESIAN_POINT ( 'NONE',  ( -0.7500000000000000000, 0.4774046824884999873, -7.211960327625999589 ) ) ;
#3254 = VECTOR ( 'NONE', #412, 1000.000000000000000 ) ;
#3255 = EDGE_CURVE ( 'NONE', #2754, #391, #2106, .T. ) ;
#3256 = ADVANCED_FACE ( 'NONE', ( #3073 ), #3352, .T. ) ;
#3257 = LINE ( 'NONE', #166, #1819 ) ;
#3258 = VECTOR ( 'NONE', #589, 1000.000000000000000 ) ;
#3259 = CARTESIAN_POINT ( 'NONE',  ( 3.250000000000000000, 2.495064510581000317, -7.599999999999999645 ) ) ;
#3260 = VECTOR ( 'NONE', #3635, 1000.000000000000000 ) ;
#3261 = ORIENTED_EDGE ( 'NONE', *, *, #3751, .F. ) ;
#3262 = DIRECTION ( 'NONE',  ( -1.000000000000000000, 0.0000000000000000000, 0.0000000000000000000 ) ) ;
#3263 = VECTOR ( 'NONE', #1196, 1000.000000000000000 ) ;
#3264 = PLANE ( 'NONE',  #3898 ) ;
#3265 = LINE ( 'NONE', #3592, #1189 ) ;
#3266 = VERTEX_POINT ( 'NONE', #3693 ) ;
#3267 = ORIENTED_EDGE ( 'NONE', *, *, #1809, .T. ) ;
#3268 = CARTESIAN_POINT ( 'NONE',  ( 3.100000000000000089, 3.449571404000999930, -5.599999999999999645 ) ) ;
#3269 = CARTESIAN_POINT ( 'NONE',  ( -0.7500000000000000000, 3.000000000000000000, -6.100000000000000533 ) ) ;
#3270 = CARTESIAN_POINT ( 'NONE',  ( -1.250000000000000000, 3.500000000000000000, -0.8499999999999999778 ) ) ;
#3271 = ORIENTED_EDGE ( 'NONE', *, *, #3631, .F. ) ;
#3272 = DIRECTION ( 'NONE',  ( 0.0000000000000000000, -1.000000000000000000, 0.0000000000000000000 ) ) ;
#3273 = ORIENTED_EDGE ( 'NONE', *, *, #3580, .T. ) ;
#3274 = ORIENTED_EDGE ( 'NONE', *, *, #3698, .T. ) ;
#3275 = LINE ( 'NONE', #1707, #1121 ) ;
#3276 = DIRECTION ( 'NONE',  ( 0.0000000000000000000, 0.0000000000000000000, 1.000000000000000000 ) ) ;
#3277 = CARTESIAN_POINT ( 'NONE',  ( -1.250000000000000000, 0.4774046824884999873, -7.211960327625999589 ) ) ;
#3278 = VERTEX_POINT ( 'NONE', #2769 ) ;
#3279 = EDGE_CURVE ( 'NONE', #357, #517, #3677, .T. ) ;
#3280 = EDGE_CURVE ( 'NONE', #3729, #2062, #1801, .T. ) ;
#3281 = LINE ( 'NONE', #3236, #285 ) ;
#3282 = CARTESIAN_POINT ( 'NONE',  ( -1.250000000000000000, 0.6774046824885000539, -7.211960327625999589 ) ) ;
#3283 = DIRECTION ( 'NONE',  ( 0.0000000000000000000, 1.000000000000000000, 0.0000000000000000000 ) ) ;
#3284 = ORIENTED_EDGE ( 'NONE', *, *, #3908, .T. ) ;
#3285 = VERTEX_POINT ( 'NONE', #3371 ) ;
#3286 = LINE ( 'NONE', #3204, #3249 ) ;
#3287 = DIRECTION ( 'NONE',  ( 0.0000000000000000000, -1.000000000000000000, 0.0000000000000000000 ) ) ;
#3288 = CARTESIAN_POINT ( 'NONE',  ( -1.800000000000000044, 5.599999999999999645, -6.100000000000000533 ) ) ;
#3289 = VERTEX_POINT ( 'NONE', #3395 ) ;
#3290 = LINE ( 'NONE', #1447, #2670 ) ;
#3291 = CARTESIAN_POINT ( 'NONE',  ( 0.5000000000000000000, 4.400000000000000355, -5.000000000000000000 ) ) ;
#3292 = VERTEX_POINT ( 'NONE', #615 ) ;
#3293 = ORIENTED_EDGE ( 'NONE', *, *, #3226, .F. ) ;
#3294 = CARTESIAN_POINT ( 'NONE',  ( 3.100000000000000089, 2.700000000000000178, -5.599999999999999645 ) ) ;
#3295 = FACE_OUTER_BOUND ( 'NONE', #3937, .T. ) ;
#3296 = LINE ( 'NONE', #2251, #867 ) ;
#3297 = ORIENTED_EDGE ( 'NONE', *, *, #3255, .F. ) ;
#3298 = CARTESIAN_POINT ( 'NONE',  ( 2.399999999999999911, 4.599999999999999645, 0.0000000000000000000 ) ) ;
#3299 = CYLINDRICAL_SURFACE ( 'NONE', #76, 0.1999999999999999833 ) ;
#3300 = ORIENTED_EDGE ( 'NONE', *, *, #2180, .T. ) ;
#3301 = ORIENTED_EDGE ( 'NONE', *, *, #841, .T. ) ;
#3302 = LINE ( 'NONE', #3346, #3837 ) ;
#3303 = DIRECTION ( 'NONE',  ( 0.0000000000000000000, 0.0000000000000000000, 1.000000000000000000 ) ) ;
#3304 = EDGE_CURVE ( 'NONE', #3442, #2090, #3636, .T. ) ;
#3305 = ADVANCED_FACE ( 'NONE', ( #3717 ), #940, .T. ) ;
#3306 = LINE ( 'NONE', #2920, #2205 ) ;
#3307 = ORIENTED_EDGE ( 'NONE', *, *, #3417, .F. ) ;
#3308 = LINE ( 'NONE', #556, #717 ) ;
#3309 = DIRECTION ( 'NONE',  ( 1.000000000000000000, 0.0000000000000000000, 0.0000000000000000000 ) ) ;
#3310 = ORIENTED_EDGE ( 'NONE', *, *, #1767, .F. ) ;
#3311 = EDGE_LOOP ( 'NONE', ( #2215, #419, #620, #1003 ) ) ;
#3312 = CARTESIAN_POINT ( 'NONE',  ( 4.000000000000000000, 0.0000000000000000000, -7.599999999999999645 ) ) ;
#3313 = VECTOR ( 'NONE', #1389, 1000.000000000000000 ) ;
#3314 = VECTOR ( 'NONE', #184, 1000.000000000000114 ) ;
#3315 = FACE_OUTER_BOUND ( 'NONE', #1494, .T. ) ;
#3316 = ORIENTED_EDGE ( 'NONE', *, *, #302, .F. ) ;
#3317 = AXIS2_PLACEMENT_3D ( 'NONE', #1745, #1393, #1726 ) ;
#3318 = VECTOR ( 'NONE', #702, 1000.000000000000000 ) ;
#3319 = CARTESIAN_POINT ( 'NONE',  ( -1.100000000000000089, 0.3274046824884999651, -8.599999999999999645 ) ) ;
#3320 = EDGE_CURVE ( 'NONE', #2135, #144, #860, .T. ) ;
#3321 = AXIS2_PLACEMENT_3D ( 'NONE', #2021, #1994, #2314 ) ;
#3322 = VECTOR ( 'NONE', #218, 1000.000000000000000 ) ;
#3323 = DIRECTION ( 'NONE',  ( 0.0000000000000000000, 0.0000000000000000000, 1.000000000000000000 ) ) ;
#3324 = CARTESIAN_POINT ( 'NONE',  ( 3.100000000000000089, 1.100000000000000089, -3.000000000000000000 ) ) ;
#3325 = ORIENTED_EDGE ( 'NONE', *, *, #1333, .T. ) ;
#3326 = ORIENTED_EDGE ( 'NONE', *, *, #854, .F. ) ;
#3327 = LINE ( 'NONE', #875, #1821 ) ;
#3328 = VECTOR ( 'NONE', #1015, 1000.000000000000000 ) ;
#3329 = LINE ( 'NONE', #1202, #2487 ) ;
#3330 =( GEOMETRIC_REPRESENTATION_CONTEXT ( 3 ) GLOBAL_UNCERTAINTY_ASSIGNED_CONTEXT ( ( #46 ) ) GLOBAL_UNIT_ASSIGNED_CONTEXT ( ( #62, #3763, #3704 ) ) REPRESENTATION_CONTEXT ( 'NONE', 'WORKASPACE' ) );
#3331 = FACE_OUTER_BOUND ( 'NONE', #1335, .T. ) ;
#3332 = EDGE_LOOP ( 'NONE', ( #3093, #601, #983, #502 ) ) ;
#3333 = FACE_OUTER_BOUND ( 'NONE', #1022, .T. ) ;
#3334 = DIRECTION ( 'NONE',  ( 0.0000000000000000000, 1.000000000000000000, 0.0000000000000000000 ) ) ;
#3335 = ADVANCED_FACE ( 'NONE', ( #1912 ), #1286, .T. ) ;
#3336 = EDGE_CURVE ( 'NONE', #2400, #273, #3426, .T. ) ;
#3337 = ORIENTED_EDGE ( 'NONE', *, *, #1662, .F. ) ;
#3338 = ORIENTED_EDGE ( 'NONE', *, *, #1301, .F. ) ;
#3339 = LINE ( 'NONE', #3722, #2746 ) ;
#3340 = DIRECTION ( 'NONE',  ( 0.0000000000000000000, 0.0000000000000000000, 1.000000000000000000 ) ) ;
#3341 = ORIENTED_EDGE ( 'NONE', *, *, #445, .T. ) ;
#3342 = CARTESIAN_POINT ( 'NONE',  ( 4.000000000000000000, 4.799999999999999822, -2.600000000000000089 ) ) ;
#3343 = FACE_OUTER_BOUND ( 'NONE', #3344, .T. ) ;
#3344 = EDGE_LOOP ( 'NONE', ( #3822, #979, #3875, #3928, #1279, #1837, #3284, #2772, #621, #2378, #59, #3487, #1253, #3016 ) ) ;
#3345 = ORIENTED_EDGE ( 'NONE', *, *, #2713, .F. ) ;
#3346 = CARTESIAN_POINT ( 'NONE',  ( 2.399999999999999911, 2.700000000000000178, 0.0000000000000000000 ) ) ;
#3347 = DIRECTION ( 'NONE',  ( 0.0000000000000000000, 0.0000000000000000000, 1.000000000000000000 ) ) ;
#3348 = CARTESIAN_POINT ( 'NONE',  ( 0.7500000000000000000, 3.000000000000000000, -6.100000000000000533 ) ) ;
#3349 = EDGE_CURVE ( 'NONE', #414, #3213, #1555, .T. ) ;
#3350 = EDGE_LOOP ( 'NONE', ( #2630, #596, #1400, #3790 ) ) ;
#3351 = DIRECTION ( 'NONE',  ( 0.0000000000000000000, 1.000000000000000000, 0.0000000000000000000 ) ) ;
#3352 = PLANE ( 'NONE',  #2421 ) ;
#3353 = EDGE_CURVE ( 'NONE', #483, #1678, #3491, .T. ) ;
#3354 = ORIENTED_EDGE ( 'NONE', *, *, #3610, .F. ) ;
#3355 = EDGE_CURVE ( 'NONE', #224, #1646, #1893, .T. ) ;
#3356 = VERTEX_POINT ( 'NONE', #349 ) ;
#3357 = LINE ( 'NONE', #1486, #2278 ) ;
#3358 = EDGE_CURVE ( 'NONE', #3455, #3278, #3800, .T. ) ;
#3359 = CARTESIAN_POINT ( 'NONE',  ( 0.7500000000000000000, 0.4774046824884999873, -7.211960327625999589 ) ) ;
#3360 = EDGE_CURVE ( 'NONE', #207, #1551, #2229, .T. ) ;
#3361 = VERTEX_POINT ( 'NONE', #384 ) ;
#3362 = CARTESIAN_POINT ( 'NONE',  ( 0.5000000000000000000, 4.400000000000000355, -5.000000000000000000 ) ) ;
#3363 = CARTESIAN_POINT ( 'NONE',  ( 3.100000000000000089, 5.599999999999999645, -0.8000000000000000444 ) ) ;
#3364 = DIRECTION ( 'NONE',  ( 0.0000000000000000000, 0.0000000000000000000, 1.000000000000000000 ) ) ;
#3365 = ORIENTED_EDGE ( 'NONE', *, *, #3675, .T. ) ;
#3366 = ORIENTED_EDGE ( 'NONE', *, *, #800, .T. ) ;
#3367 = DIRECTION ( 'NONE',  ( -0.0000000000000000000, 1.000000000000000000, 0.0000000000000000000 ) ) ;
#3368 = LINE ( 'NONE', #3008, #3779 ) ;
#3369 = DIRECTION ( 'NONE',  ( -1.000000000000000000, 0.0000000000000000000, 0.0000000000000000000 ) ) ;
#3370 = CARTESIAN_POINT ( 'NONE',  ( 0.7500000000000000000, 3.500000000000000000, -5.000000000000000000 ) ) ;
#3371 = CARTESIAN_POINT ( 'NONE',  ( -3.250000000000000000, 2.399999999999999911, -6.100000000000000533 ) ) ;
#3372 = DIRECTION ( 'NONE',  ( 0.0000000000000000000, 0.0000000000000000000, -1.000000000000000000 ) ) ;
#3373 = VERTEX_POINT ( 'NONE', #1327 ) ;
#3374 = ORIENTED_EDGE ( 'NONE', *, *, #1168, .F. ) ;
#3375 = DIRECTION ( 'NONE',  ( 0.0000000000000000000, 1.000000000000000000, 0.0000000000000000000 ) ) ;
#3376 = EDGE_CURVE ( 'NONE', #3141, #786, #3165, .T. ) ;
#3377 = VECTOR ( 'NONE', #2934, 1000.000000000000000 ) ;
#3378 = LINE ( 'NONE', #2714, #3519 ) ;
#3379 = ORIENTED_EDGE ( 'NONE', *, *, #2742, .F. ) ;
#3380 = VECTOR ( 'NONE', #2295, 1000.000000000000000 ) ;
#3381 = AXIS2_PLACEMENT_3D ( 'NONE', #1394, #2627, #1088 ) ;
#3382 = EDGE_CURVE ( 'NONE', #3497, #2169, #2560, .T. ) ;
#3383 = EDGE_CURVE ( 'NONE', #1678, #3618, #704, .T. ) ;
#3384 = CARTESIAN_POINT ( 'NONE',  ( 1.250000000000000000, 0.0000000000000000000, -8.449999999999999289 ) ) ;
#3385 = VECTOR ( 'NONE', #746, 1000.000000000000000 ) ;
#3386 = VECTOR ( 'NONE', #2558, 1000.000000000000000 ) ;
#3387 = ORIENTED_EDGE ( 'NONE', *, *, #1918, .T. ) ;
#3388 = ORIENTED_EDGE ( 'NONE', *, *, #1977, .F. ) ;
#3389 = CARTESIAN_POINT ( 'NONE',  ( -4.000000000000000000, 0.0000000000000000000, -3.000000000000000000 ) ) ;
#3390 = VECTOR ( 'NONE', #2572, 1000.000000000000000 ) ;
#3391 = CARTESIAN_POINT ( 'NONE',  ( -1.800000000000000044, 0.0000000000000000000, 0.2787138478910000106 ) ) ;
#3392 = VECTOR ( 'NONE', #407, 1000.000000000000000 ) ;
#3393 = AXIS2_PLACEMENT_3D ( 'NONE', #644, #74, #1638 ) ;
#3394 = CARTESIAN_POINT ( 'NONE',  ( -3.100000000000000089, 3.449571404000999930, -2.600000000000000089 ) ) ;
#3395 = CARTESIAN_POINT ( 'NONE',  ( -1.250000000000000000, 3.500000000000000000, -6.179846321567000089 ) ) ;
#3396 = CARTESIAN_POINT ( 'NONE',  ( 4.000000000000000000, 2.495064510581000317, -7.599999999999999645 ) ) ;
#3397 = ORIENTED_EDGE ( 'NONE', *, *, #1900, .T. ) ;
#3398 = DIRECTION ( 'NONE',  ( 1.000000000000000000, 0.0000000000000000000, 0.0000000000000000000 ) ) ;
#3399 = ORIENTED_EDGE ( 'NONE', *, *, #114, .F. ) ;
#3400 = ORIENTED_EDGE ( 'NONE', *, *, #1784, .T. ) ;
#3401 = APPLICATION_PROTOCOL_DEFINITION ( 'draft international standard', 'automotive_design', 1998, #2968 ) ;
#3402 = PLANE ( 'NONE',  #131 ) ;
#3403 = DIRECTION ( 'NONE',  ( 1.000000000000000000, 0.0000000000000000000, 0.0000000000000000000 ) ) ;
#3404 = VERTEX_POINT ( 'NONE', #2887 ) ;
#3405 = ORIENTED_EDGE ( 'NONE', *, *, #3972, .F. ) ;
#3406 = EDGE_CURVE ( 'NONE', #1848, #1356, #3128, .T. ) ;
#3407 = EDGE_CURVE ( 'NONE', #2598, #1160, #1266, .T. ) ;
#3408 = LINE ( 'NONE', #2574, #1829 ) ;
#3409 = DIRECTION ( 'NONE',  ( 0.0000000000000000000, -0.8307864997151664932, 0.5565912251293777535 ) ) ;
#3410 = DIRECTION ( 'NONE',  ( -0.0000000000000000000, 1.000000000000000000, 0.0000000000000000000 ) ) ;
#3411 = CARTESIAN_POINT ( 'NONE',  ( -1.300000000000000044, 4.599999999999999645, -2.100000000000000089 ) ) ;
#3412 = ORIENTED_EDGE ( 'NONE', *, *, #1738, .F. ) ;
#3413 = ORIENTED_EDGE ( 'NONE', *, *, #3206, .T. ) ;
#3414 = CARTESIAN_POINT ( 'NONE',  ( 4.000000000000000000, 1.100000000000000089, -3.000000000000000000 ) ) ;
#3415 = ORIENTED_EDGE ( 'NONE', *, *, #50, .F. ) ;
#3416 = ORIENTED_EDGE ( 'NONE', *, *, #1584, .T. ) ;
#3417 = EDGE_CURVE ( 'NONE', #3100, #3625, #53, .T. ) ;
#3418 = DIRECTION ( 'NONE',  ( -0.5773502691896257311, -0.5773502691896257311, -0.5773502691896257311 ) ) ;
#3419 = PLANE ( 'NONE',  #1885 ) ;
#3420 = VERTEX_POINT ( 'NONE', #97 ) ;
#3421 = ORIENTED_EDGE ( 'NONE', *, *, #2129, .T. ) ;
#3422 = PLANE ( 'NONE',  #14 ) ;
#3423 = ADVANCED_FACE ( 'NONE', ( #2517 ), #3736, .F. ) ;
#3424 = CARTESIAN_POINT ( 'NONE',  ( 4.000000000000000000, 5.599999999999999645, -0.8000000000000000444 ) ) ;
#3425 = CARTESIAN_POINT ( 'NONE',  ( 0.7500000000000000000, 3.069348800088999685, -6.675013711372000280 ) ) ;
#3426 = LINE ( 'NONE', #3776, #3007 ) ;
#3427 = EDGE_CURVE ( 'NONE', #530, #1646, #3817, .T. ) ;
#3428 = ADVANCED_FACE ( 'NONE', ( #323 ), #1956, .F. ) ;
#3429 = LINE ( 'NONE', #385, #2270 ) ;
#3430 = VERTEX_POINT ( 'NONE', #2184 ) ;
#3431 = VERTEX_POINT ( 'NONE', #645 ) ;
#3432 = LINE ( 'NONE', #3494, #200 ) ;
#3433 = CARTESIAN_POINT ( 'NONE',  ( 1.250000000000000000, 3.500000000000000000, -0.8499999999999999778 ) ) ;
#3434 = ORIENTED_EDGE ( 'NONE', *, *, #3900, .T. ) ;
#3435 = VERTEX_POINT ( 'NONE', #3755 ) ;
#3436 = PLANE ( 'NONE',  #2925 ) ;
#3437 = DIRECTION ( 'NONE',  ( -1.000000000000000000, 0.0000000000000000000, 0.0000000000000000000 ) ) ;
#3438 = VECTOR ( 'NONE', #3439, 1000.000000000000000 ) ;
#3439 = DIRECTION ( 'NONE',  ( 0.0000000000000000000, 0.0000000000000000000, -1.000000000000000000 ) ) ;
#3440 = PLANE ( 'NONE',  #2937 ) ;
#3441 = ORIENTED_EDGE ( 'NONE', *, *, #3206, .F. ) ;
#3442 = VERTEX_POINT ( 'NONE', #1386 ) ;
#3443 = VECTOR ( 'NONE', #1590, 1000.000000000000000 ) ;
#3444 = DIRECTION ( 'NONE',  ( 0.0000000000000000000, -1.000000000000000000, 0.0000000000000000000 ) ) ;
#3445 = AXIS2_PLACEMENT_3D ( 'NONE', #3142, #2852, #3499 ) ;
#3446 = VECTOR ( 'NONE', #3597, 1000.000000000000000 ) ;
#3447 = DIRECTION ( 'NONE',  ( 0.0000000000000000000, 1.000000000000000000, 0.0000000000000000000 ) ) ;
#3448 = CARTESIAN_POINT ( 'NONE',  ( 1.250000000000000000, 3.000000000000000000, 0.0000000000000000000 ) ) ;
#3449 = VECTOR ( 'NONE', #19, 1000.000000000000000 ) ;
#3450 = VECTOR ( 'NONE', #3548, 1000.000000000000000 ) ;
#3451 = CARTESIAN_POINT ( 'NONE',  ( 3.250000000000000000, 3.500000000000000000, -6.100000000000000533 ) ) ;
#3452 = AXIS2_PLACEMENT_3D ( 'NONE', #3205, #1120, #1672 ) ;
#3453 = AXIS2_PLACEMENT_3D ( 'NONE', #3728, #362, #316 ) ;
#3454 = ORIENTED_EDGE ( 'NONE', *, *, #3623, .F. ) ;
#3455 = VERTEX_POINT ( 'NONE', #3269 ) ;
#3456 = EDGE_CURVE ( 'NONE', #3806, #3550, #492, .T. ) ;
#3457 = CARTESIAN_POINT ( 'NONE',  ( -1.300000000000000044, 5.100000000000000533, -2.100000000000000089 ) ) ;
#3458 = EDGE_CURVE ( 'NONE', #3982, #2856, #1079, .T. ) ;
#3459 = LINE ( 'NONE', #1600, #3068 ) ;
#3460 = VECTOR ( 'NONE', #2615, 1000.000000000000000 ) ;
#3461 = ORIENTED_EDGE ( 'NONE', *, *, #2385, .T. ) ;
#3462 = ORIENTED_EDGE ( 'NONE', *, *, #527, .F. ) ;
#3463 = DIRECTION ( 'NONE',  ( 0.0000000000000000000, -0.5565912251293776425, -0.8307864997151666042 ) ) ;
#3464 = DIRECTION ( 'NONE',  ( 0.0000000000000000000, 0.0000000000000000000, 1.000000000000000000 ) ) ;
#3465 = CARTESIAN_POINT ( 'NONE',  ( -3.799999999999999822, 3.449571404000999930, -2.600000000000000089 ) ) ;
#3466 = VERTEX_POINT ( 'NONE', #765 ) ;
#3467 = LINE ( 'NONE', #343, #1570 ) ;
#3468 = LINE ( 'NONE', #2263, #3386 ) ;
#3469 = ORIENTED_EDGE ( 'NONE', *, *, #451, .T. ) ;
#3470 = DIRECTION ( 'NONE',  ( -1.000000000000000000, 0.0000000000000000000, 0.0000000000000000000 ) ) ;
#3471 = DIRECTION ( 'NONE',  ( -1.000000000000000000, 0.0000000000000000000, 0.0000000000000000000 ) ) ;
#3472 = EDGE_CURVE ( 'NONE', #751, #2074, #194, .T. ) ;
#3473 = DIRECTION ( 'NONE',  ( 0.0000000000000000000, 1.000000000000000000, 0.0000000000000000000 ) ) ;
#3474 = ORIENTED_EDGE ( 'NONE', *, *, #1802, .F. ) ;
#3475 = VERTEX_POINT ( 'NONE', #3222 ) ;
#3476 = PLANE ( 'NONE',  #1128 ) ;
#3477 = DIRECTION ( 'NONE',  ( 0.0000000000000000000, 0.0000000000000000000, -1.000000000000000000 ) ) ;
#3478 = ADVANCED_FACE ( 'NONE', ( #3861 ), #3897, .T. ) ;
#3479 = EDGE_CURVE ( 'NONE', #3629, #3497, #2327, .T. ) ;
#3480 = ORIENTED_EDGE ( 'NONE', *, *, #2628, .F. ) ;
#3481 = EDGE_LOOP ( 'NONE', ( #3154, #1401, #624, #2150 ) ) ;
#3482 = CARTESIAN_POINT ( 'NONE',  ( 4.000000000000000000, 3.500000000000000000, -6.100000000000000533 ) ) ;
#3483 = ADVANCED_FACE ( 'NONE', ( #815 ), #1405, .F. ) ;
#3484 = EDGE_CURVE ( 'NONE', #1307, #382, #1990, .T. ) ;
#3485 = CARTESIAN_POINT ( 'NONE',  ( -2.399999999999999911, 3.500000000000000000, 0.0000000000000000000 ) ) ;
#3486 = PLANE ( 'NONE',  #3453 ) ;
#3487 = ORIENTED_EDGE ( 'NONE', *, *, #1784, .F. ) ;
#3488 = CARTESIAN_POINT ( 'NONE',  ( -1.250000000000000000, 0.0000000000000000000, -8.449999999999999289 ) ) ;
#3489 = LINE ( 'NONE', #1910, #138 ) ;
#3490 = FACE_OUTER_BOUND ( 'NONE', #2094, .T. ) ;
#3491 = LINE ( 'NONE', #3149, #80 ) ;
#3492 = CARTESIAN_POINT ( 'NONE',  ( 3.100000000000000089, 2.700000000000000178, -1.000000000000000000 ) ) ;
#3493 = ORIENTED_EDGE ( 'NONE', *, *, #172, .F. ) ;
#3494 = CARTESIAN_POINT ( 'NONE',  ( 3.799999999999999822, 4.799999999999999822, -5.599999999999999645 ) ) ;
#3495 = DIRECTION ( 'NONE',  ( 0.5773502691896257311, -0.5773502691896257311, -0.5773502691896257311 ) ) ;
#3496 = ADVANCED_FACE ( 'NONE', ( #2292 ), #133, .T. ) ;
#3497 = VERTEX_POINT ( 'NONE', #1699 ) ;
#3498 = ORIENTED_EDGE ( 'NONE', *, *, #2613, .F. ) ;
#3499 = DIRECTION ( 'NONE',  ( 0.0000000000000000000, 1.000000000000000000, 0.0000000000000000000 ) ) ;
#3500 = DIRECTION ( 'NONE',  ( 0.0000000000000000000, 0.0000000000000000000, 1.000000000000000000 ) ) ;
#3501 = DIRECTION ( 'NONE',  ( 0.0000000000000000000, -1.000000000000000000, 0.0000000000000000000 ) ) ;
#3502 = ORIENTED_EDGE ( 'NONE', *, *, #1208, .T. ) ;
#3503 = ADVANCED_FACE ( 'NONE', ( #2356 ), #2308, .T. ) ;
#3504 = EDGE_CURVE ( 'NONE', #1090, #2399, #2639, .T. ) ;
#3505 = LINE ( 'NONE', #1689, #3460 ) ;
#3506 = DIRECTION ( 'NONE',  ( 0.0000000000000000000, 1.000000000000000000, 0.0000000000000000000 ) ) ;
#3507 = DIRECTION ( 'NONE',  ( 0.0000000000000000000, 0.0000000000000000000, -1.000000000000000000 ) ) ;
#3508 = AXIS2_PLACEMENT_3D ( 'NONE', #3282, #1380, #1052 ) ;
#3509 = CARTESIAN_POINT ( 'NONE',  ( 1.250000000000000000, 3.500000000000000000, 0.0000000000000000000 ) ) ;
#3510 = CARTESIAN_POINT ( 'NONE',  ( 3.100000000000000089, 0.0000000000000000000, -3.000000000000000000 ) ) ;
#3511 = VECTOR ( 'NONE', #1684, 1000.000000000000000 ) ;
#3512 = DIRECTION ( 'NONE',  ( 1.000000000000000000, 0.0000000000000000000, 0.0000000000000000000 ) ) ;
#3513 = VECTOR ( 'NONE', #3834, 1000.000000000000000 ) ;
#3514 = VECTOR ( 'NONE', #1799, 1000.000000000000000 ) ;
#3515 = ORIENTED_EDGE ( 'NONE', *, *, #319, .F. ) ;
#3516 = LINE ( 'NONE', #328, #460 ) ;
#3517 = DIRECTION ( 'NONE',  ( 0.0000000000000000000, 0.1386976001775987177, -0.9903347796098929123 ) ) ;
#3518 = VECTOR ( 'NONE', #3994, 1000.000000000000000 ) ;
#3519 = VECTOR ( 'NONE', #1487, 1000.000000000000000 ) ;
#3520 = ORIENTED_EDGE ( 'NONE', *, *, #2536, .F. ) ;
#3521 = ORIENTED_EDGE ( 'NONE', *, *, #1682, .F. ) ;
#3522 = VECTOR ( 'NONE', #2474, 1000.000000000000000 ) ;
#3523 = CARTESIAN_POINT ( 'NONE',  ( 4.000000000000000000, 0.0000000000000000000, -2.100000000000000089 ) ) ;
#3524 =( GEOMETRIC_REPRESENTATION_CONTEXT ( 3 ) GLOBAL_UNCERTAINTY_ASSIGNED_CONTEXT ( ( #1280 ) ) GLOBAL_UNIT_ASSIGNED_CONTEXT ( ( #965, #987, #2220 ) ) REPRESENTATION_CONTEXT ( 'NONE', 'WORKASPACE' ) );
#3525 = DIRECTION ( 'NONE',  ( 0.5773502691896257311, -0.5773502691896257311, -0.5773502691896257311 ) ) ;
#3526 = CARTESIAN_POINT ( 'NONE',  ( 1.250000000000000000, 0.6496651624528999580, -7.013893371703999513 ) ) ;
#3527 = DIRECTION ( 'NONE',  ( 0.0000000000000000000, -0.7071067811865974218, 0.7071067811864975017 ) ) ;
#3528 = CARTESIAN_POINT ( 'NONE',  ( 4.000000000000000000, 0.0000000000000000000, -7.599999999999999645 ) ) ;
#3529 = ADVANCED_FACE ( 'NONE', ( #834 ), #2036, .T. ) ;
#3530 = EDGE_CURVE ( 'NONE', #691, #2031, #3552, .T. ) ;
#3531 = LINE ( 'NONE', #3874, #340 ) ;
#3532 = VERTEX_POINT ( 'NONE', #3878 ) ;
#3533 = LINE ( 'NONE', #1671, #3385 ) ;
#3534 = DIRECTION ( 'NONE',  ( -0.0000000000000000000, 1.000000000000000000, 0.0000000000000000000 ) ) ;
#3535 = ADVANCED_FACE ( 'NONE', ( #3240 ), #2903, .T. ) ;
#3536 = FACE_OUTER_BOUND ( 'NONE', #997, .T. ) ;
#3537 = EDGE_LOOP ( 'NONE', ( #2306, #2271, #4030, #1396 ) ) ;
#3538 = LINE ( 'NONE', #2690, #3915 ) ;
#3539 = CARTESIAN_POINT ( 'NONE',  ( -0.5000000000000000000, 5.100000000000000533, 0.0000000000000000000 ) ) ;
#3540 = EDGE_LOOP ( 'NONE', ( #1228, #2391, #1978, #1581 ) ) ;
#3541 = VERTEX_POINT ( 'NONE', #1097 ) ;
#3542 = DIRECTION ( 'NONE',  ( 0.7071067811865475727, 0.0000000000000000000, 0.7071067811865475727 ) ) ;
#3543 = DIRECTION ( 'NONE',  ( 0.0000000000000000000, -0.8307864997151664932, 0.5565912251293777535 ) ) ;
#3544 = LINE ( 'NONE', #777, #1123 ) ;
#3545 = ORIENTED_EDGE ( 'NONE', *, *, #3777, .F. ) ;
#3546 = DIRECTION ( 'NONE',  ( 0.0000000000000000000, 0.0000000000000000000, -1.000000000000000000 ) ) ;
#3547 = FACE_OUTER_BOUND ( 'NONE', #2113, .T. ) ;
#3548 = DIRECTION ( 'NONE',  ( -1.000000000000000000, 0.0000000000000000000, 0.0000000000000000000 ) ) ;
#3549 = ORIENTED_EDGE ( 'NONE', *, *, #3427, .F. ) ;
#3550 = VERTEX_POINT ( 'NONE', #113 ) ;
#3551 = PLANE ( 'NONE',  #2 ) ;
#3552 = LINE ( 'NONE', #1361, #2684 ) ;
#3553 = ORIENTED_EDGE ( 'NONE', *, *, #1020, .T. ) ;
#3554 = CARTESIAN_POINT ( 'NONE',  ( 3.100000000000000089, 5.599999999999999645, -0.8000000000000000444 ) ) ;
#3555 = ADVANCED_FACE ( 'NONE', ( #2919 ), #2596, .T. ) ;
#3556 = EDGE_CURVE ( 'NONE', #3356, #3373, #3940, .T. ) ;
#3557 = VERTEX_POINT ( 'NONE', #3652 ) ;
#3558 = ORIENTED_EDGE ( 'NONE', *, *, #195, .F. ) ;
#3559 = CARTESIAN_POINT ( 'NONE',  ( -1.800000000000000044, 0.0000000000000000000, -6.100000000000000533 ) ) ;
#3560 = DIRECTION ( 'NONE',  ( -1.000000000000000000, 0.0000000000000000000, 0.0000000000000000000 ) ) ;
#3561 = PLANE ( 'NONE',  #1630 ) ;
#3562 = ORIENTED_EDGE ( 'NONE', *, *, #1300, .F. ) ;
#3563 = CARTESIAN_POINT ( 'NONE',  ( -1.250000000000000000, 0.4774046824884999873, -7.038018663140000797 ) ) ;
#3564 = DIRECTION ( 'NONE',  ( 0.0000000000000000000, -1.000000000000000000, 0.0000000000000000000 ) ) ;
#3565 = CARTESIAN_POINT ( 'NONE',  ( 0.7500000000000000000, 3.500000000000000000, 0.0000000000000000000 ) ) ;
#3566 = ORIENTED_EDGE ( 'NONE', *, *, #3349, .F. ) ;
#3567 = VERTEX_POINT ( 'NONE', #3389 ) ;
#3568 = FACE_OUTER_BOUND ( 'NONE', #1200, .T. ) ;
#3569 = DIRECTION ( 'NONE',  ( 1.000000000000000000, 0.0000000000000000000, 0.0000000000000000000 ) ) ;
#3570 = VECTOR ( 'NONE', #3506, 1000.000000000000000 ) ;
#3571 = PLANE ( 'NONE',  #859 ) ;
#3572 = ORIENTED_EDGE ( 'NONE', *, *, #3610, .T. ) ;
#3573 = AXIS2_PLACEMENT_3D ( 'NONE', #3989, #3657, #1764 ) ;
#3574 = VECTOR ( 'NONE', #1021, 1000.000000000000000 ) ;
#3575 = CARTESIAN_POINT ( 'NONE',  ( 0.9000000000000000222, 0.3274046824884999651, -8.599999999999999645 ) ) ;
#3576 = VECTOR ( 'NONE', #2696, 1000.000000000000000 ) ;
#3577 = AXIS2_PLACEMENT_3D ( 'NONE', #3391, #3369, #3941 ) ;
#3578 = ADVANCED_FACE ( 'NONE', ( #1222 ), #301, .F. ) ;
#3579 = ORIENTED_EDGE ( 'NONE', *, *, #3484, .F. ) ;
#3580 = EDGE_CURVE ( 'NONE', #1694, #1106, #2724, .T. ) ;
#3581 = LINE ( 'NONE', #1107, #2006 ) ;
#3582 = VECTOR ( 'NONE', #181, 1000.000000000000000 ) ;
#3583 = AXIS2_PLACEMENT_3D ( 'NONE', #1665, #2936, #714 ) ;
#3584 = LINE ( 'NONE', #2671, #2073 ) ;
#3585 = VECTOR ( 'NONE', #1304, 1000.000000000000000 ) ;
#3586 = CARTESIAN_POINT ( 'NONE',  ( 1.250000000000000000, 3.500000000000000000, -0.8499999999999999778 ) ) ;
#3587 = VECTOR ( 'NONE', #1303, 1000.000000000000114 ) ;
#3588 = ORIENTED_EDGE ( 'NONE', *, *, #114, .T. ) ;
#3589 = CARTESIAN_POINT ( 'NONE',  ( -1.300000000000000044, 4.400000000000000355, -5.000000000000000000 ) ) ;
#3590 = AXIS2_PLACEMENT_3D ( 'NONE', #3342, #3952, #3022 ) ;
#3591 = PLANE ( 'NONE',  #2137 ) ;
#3592 = CARTESIAN_POINT ( 'NONE',  ( 3.799999999999999822, 4.799999999999999822, -2.600000000000000089 ) ) ;
#3593 = ORIENTED_EDGE ( 'NONE', *, *, #100, .F. ) ;
#3594 = ORIENTED_EDGE ( 'NONE', *, *, #3427, .T. ) ;
#3595 = CARTESIAN_POINT ( 'NONE',  ( -0.7500000000000000000, 3.000000000000000000, -6.100000000000000533 ) ) ;
#3596 = CARTESIAN_POINT ( 'NONE',  ( 0.0000000000000000000, 0.0000000000000000000, -0.6999999999999999556 ) ) ;
#3597 = DIRECTION ( 'NONE',  ( -1.000000000000000000, 0.0000000000000000000, 0.0000000000000000000 ) ) ;
#3598 = ORIENTED_EDGE ( 'NONE', *, *, #2836, .F. ) ;
#3599 = CARTESIAN_POINT ( 'NONE',  ( -0.7500000000000000000, 3.000000000000000000, 0.0000000000000000000 ) ) ;
#3600 = DIRECTION ( 'NONE',  ( 0.0000000000000000000, 0.0000000000000000000, 1.000000000000000000 ) ) ;
#3601 = ORIENTED_EDGE ( 'NONE', *, *, #45, .T. ) ;
#3602 = ORIENTED_EDGE ( 'NONE', *, *, #805, .F. ) ;
#3603 = DIRECTION ( 'NONE',  ( 1.000000000000000000, 0.0000000000000000000, 0.0000000000000000000 ) ) ;
#3604 = EDGE_CURVE ( 'NONE', #3992, #3723, #3368, .T. ) ;
#3605 = CARTESIAN_POINT ( 'NONE',  ( -4.000000000000000000, 2.700000000000000178, -5.599999999999999645 ) ) ;
#3606 = CARTESIAN_POINT ( 'NONE',  ( 1.250000000000000000, 3.500000000000000000, -5.000000000000000000 ) ) ;
#3607 = EDGE_LOOP ( 'NONE', ( #292, #1418, #3662, #1219 ) ) ;
#3608 = LINE ( 'NONE', #2431, #3985 ) ;
#3609 = EDGE_CURVE ( 'NONE', #924, #1755, #1522, .T. ) ;
#3610 = EDGE_CURVE ( 'NONE', #2811, #2682, #1499, .T. ) ;
#3611 = DIRECTION ( 'NONE',  ( 0.0000000000000000000, -1.000000000000000000, 0.0000000000000000000 ) ) ;
#3612 = PLANE ( 'NONE',  #1825 ) ;
#3613 = ORIENTED_EDGE ( 'NONE', *, *, #2857, .F. ) ;
#3614 = ORIENTED_EDGE ( 'NONE', *, *, #2419, .F. ) ;
#3615 = LINE ( 'NONE', #1478, #1624 ) ;
#3616 = DIRECTION ( 'NONE',  ( 1.000000000000000000, 0.0000000000000000000, 0.0000000000000000000 ) ) ;
#3617 = DIRECTION ( 'NONE',  ( 1.000000000000000000, 0.0000000000000000000, 0.0000000000000000000 ) ) ;
#3618 = VERTEX_POINT ( 'NONE', #1840 ) ;
#3619 = DIRECTION ( 'NONE',  ( 1.000000000000000000, 0.0000000000000000000, 0.0000000000000000000 ) ) ;
#3620 = DIRECTION ( 'NONE',  ( 0.7071067811865475727, 0.0000000000000000000, -0.7071067811865475727 ) ) ;
#3621 = VERTEX_POINT ( 'NONE', #2745 ) ;
#3622 = ORIENTED_EDGE ( 'NONE', *, *, #724, .T. ) ;
#3623 = EDGE_CURVE ( 'NONE', #4023, #3361, #3329, .T. ) ;
#3624 = CARTESIAN_POINT ( 'NONE',  ( -2.299999999999999822, 4.400000000000000355, -5.000000000000000000 ) ) ;
#3625 = VERTEX_POINT ( 'NONE', #3633 ) ;
#3626 = FILL_AREA_STYLE_COLOUR ( '', #413 ) ;
#3627 = DIRECTION ( 'NONE',  ( 0.0000000000000000000, 0.0000000000000000000, 1.000000000000000000 ) ) ;
#3628 = VERTEX_POINT ( 'NONE', #1460 ) ;
#3629 = VERTEX_POINT ( 'NONE', #2705 ) ;
#3630 = EDGE_CURVE ( 'NONE', #67, #1647, #3960, .T. ) ;
#3631 = EDGE_CURVE ( 'NONE', #3621, #3171, #3673, .T. ) ;
#3632 = DIRECTION ( 'NONE',  ( 1.000000000000000000, 0.0000000000000000000, 0.0000000000000000000 ) ) ;
#3633 = CARTESIAN_POINT ( 'NONE',  ( -1.800000000000000044, 0.2000000000000000111, -6.100000000000000533 ) ) ;
#3634 = ORIENTED_EDGE ( 'NONE', *, *, #1806, .F. ) ;
#3635 = DIRECTION ( 'NONE',  ( 0.0000000000000000000, 0.0000000000000000000, -1.000000000000000000 ) ) ;
#3636 = LINE ( 'NONE', #1843, #665 ) ;
#3637 = ORIENTED_EDGE ( 'NONE', *, *, #152, .T. ) ;
#3638 = VECTOR ( 'NONE', #2349, 1000.000000000000000 ) ;
#3639 = ORIENTED_EDGE ( 'NONE', *, *, #3226, .T. ) ;
#3640 = CARTESIAN_POINT ( 'NONE',  ( 0.7500000000000000000, 0.6999999999999999556, -7.208795825703999682 ) ) ;
#3641 = AXIS2_PLACEMENT_3D ( 'NONE', #2299, #39, #1294 ) ;
#3642 = DIRECTION ( 'NONE',  ( 0.0000000000000000000, -1.000000000000000000, 0.0000000000000000000 ) ) ;
#3643 = VECTOR ( 'NONE', #263, 1000.000000000000000 ) ;
#3644 = PRESENTATION_STYLE_ASSIGNMENT (( #2049 ) ) ;
#3645 = VECTOR ( 'NONE', #222, 1000.000000000000000 ) ;
#3646 = VECTOR ( 'NONE', #2555, 1000.000000000000000 ) ;
#3647 = CARTESIAN_POINT ( 'NONE',  ( -0.5000000000000000000, 4.400000000000000355, -5.000000000000000000 ) ) ;
#3648 = DIRECTION ( 'NONE',  ( -1.000000000000000000, 0.0000000000000000000, 0.0000000000000000000 ) ) ;
#3649 = VERTEX_POINT ( 'NONE', #2394 ) ;
#3650 = VERTEX_POINT ( 'NONE', #1181 ) ;
#3651 = CARTESIAN_POINT ( 'NONE',  ( -3.250000000000000000, 3.500000000000000000, -6.100000000000000533 ) ) ;
#3652 = CARTESIAN_POINT ( 'NONE',  ( 3.250000000000000000, 2.399999999999999911, -6.100000000000000533 ) ) ;
#3653 = EDGE_CURVE ( 'NONE', #1307, #1254, #1779, .T. ) ;
#3654 = COLOUR_RGB ( '',0.7921568627450980005, 0.8196078431372548767, 0.9333333333333333481 ) ;
#3655 = CARTESIAN_POINT ( 'NONE',  ( -4.000000000000000000, 5.599999999999999645, -6.100000000000000533 ) ) ;
#3656 = EDGE_LOOP ( 'NONE', ( #295, #2324, #3515, #2773 ) ) ;
#3657 = DIRECTION ( 'NONE',  ( 0.0000000000000000000, 0.0000000000000000000, 1.000000000000000000 ) ) ;
#3658 = DIRECTION ( 'NONE',  ( -0.0000000000000000000, 1.000000000000000000, 0.0000000000000000000 ) ) ;
#3659 = EDGE_CURVE ( 'NONE', #1706, #446, #2138, .T. ) ;
#3660 = EDGE_CURVE ( 'NONE', #2400, #2921, #241, .T. ) ;
#3661 = ORIENTED_EDGE ( 'NONE', *, *, #178, .F. ) ;
#3662 = ORIENTED_EDGE ( 'NONE', *, *, #172, .T. ) ;
#3663 = CARTESIAN_POINT ( 'NONE',  ( -0.8000000000000000444, 5.100000000000000533, -6.100000000000000533 ) ) ;
#3664 = DIRECTION ( 'NONE',  ( 0.0000000000000000000, -0.1386976001775988288, 0.9903347796098928013 ) ) ;
#3665 = VERTEX_POINT ( 'NONE', #2764 ) ;
#3666 = LINE ( 'NONE', #296, #216 ) ;
#3667 = LINE ( 'NONE', #1491, #779 ) ;
#3668 = DIRECTION ( 'NONE',  ( 1.000000000000000000, 0.0000000000000000000, 0.0000000000000000000 ) ) ;
#3669 = ORIENTED_EDGE ( 'NONE', *, *, #2766, .T. ) ;
#3670 = VERTEX_POINT ( 'NONE', #570 ) ;
#3671 = EDGE_CURVE ( 'NONE', #3430, #3076, #1479, .T. ) ;
#3672 = CARTESIAN_POINT ( 'NONE',  ( -3.100000000000000089, 4.799999999999999822, -2.600000000000000089 ) ) ;
#3673 = LINE ( 'NONE', #552, #277 ) ;
#3674 = CARTESIAN_POINT ( 'NONE',  ( -1.250000000000000000, 3.000000000000000000, -6.179846321567000089 ) ) ;
#3675 = EDGE_CURVE ( 'NONE', #2502, #1254, #1798, .T. ) ;
#3676 = PLANE ( 'NONE',  #2017 ) ;
#3677 = LINE ( 'NONE', #574, #2152 ) ;
#3678 = LINE ( 'NONE', #211, #3314 ) ;
#3679 = VERTEX_POINT ( 'NONE', #3044 ) ;
#3680 = ADVANCED_FACE ( 'NONE', ( #893 ), #3067, .T. ) ;
#3681 = EDGE_CURVE ( 'NONE', #2413, #1647, #1609, .T. ) ;
#3682 = CARTESIAN_POINT ( 'NONE',  ( -2.399999999999999911, 0.5000000000000000000, 0.0000000000000000000 ) ) ;
#3683 = CARTESIAN_POINT ( 'NONE',  ( 1.300000000000000044, 4.599999999999999645, 0.0000000000000000000 ) ) ;
#3684 = ORIENTED_EDGE ( 'NONE', *, *, #2257, .T. ) ;
#3685 =( NAMED_UNIT ( * ) PLANE_ANGLE_UNIT ( ) SI_UNIT ( $, .RADIAN. ) );
#3686 = LINE ( 'NONE', #3919, #2732 ) ;
#3687 = CARTESIAN_POINT ( 'NONE',  ( 0.5000000000000000000, 4.400000000000000355, -5.000000000000000000 ) ) ;
#3688 = VERTEX_POINT ( 'NONE', #69 ) ;
#3689 = EDGE_LOOP ( 'NONE', ( #825, #3337, #3802, #294 ) ) ;
#3690 = DIRECTION ( 'NONE',  ( 0.0000000000000000000, -1.000000000000000000, 0.0000000000000000000 ) ) ;
#3691 = FACE_OUTER_BOUND ( 'NONE', #785, .T. ) ;
#3692 = CARTESIAN_POINT ( 'NONE',  ( -1.250000000000000000, 0.6999999999999999556, -7.208795825703999682 ) ) ;
#3693 = CARTESIAN_POINT ( 'NONE',  ( -1.250000000000000000, 0.4774046824884999873, -8.449999999999999289 ) ) ;
#3694 = CARTESIAN_POINT ( 'NONE',  ( -3.100000000000000089, 4.799999999999999822, -2.600000000000000089 ) ) ;
#3695 = ORIENTED_EDGE ( 'NONE', *, *, #1208, .F. ) ;
#3696 = ORIENTED_EDGE ( 'NONE', *, *, #3406, .F. ) ;
#3697 = LINE ( 'NONE', #618, #3449 ) ;
#3698 = EDGE_CURVE ( 'NONE', #751, #2830, #3408, .T. ) ;
#3699 = EDGE_CURVE ( 'NONE', #3238, #3237, #2557, .T. ) ;
#3700 = ORIENTED_EDGE ( 'NONE', *, *, #2665, .T. ) ;
#3701 = VERTEX_POINT ( 'NONE', #30 ) ;
#3702 = VECTOR ( 'NONE', #3351, 1000.000000000000000 ) ;
#3703 = VECTOR ( 'NONE', #3150, 1000.000000000000000 ) ;
#3704 =( NAMED_UNIT ( * ) SI_UNIT ( $, .STERADIAN. ) SOLID_ANGLE_UNIT ( ) );
#3705 = CARTESIAN_POINT ( 'NONE',  ( -2.399999999999999911, 2.700000000000000178, -1.000000000000000000 ) ) ;
#3706 = AXIS2_PLACEMENT_3D ( 'NONE', #3523, #1067, #737 ) ;
#3707 = PLANE ( 'NONE',  #1444 ) ;
#3708 = VECTOR ( 'NONE', #2182, 1000.000000000000000 ) ;
#3709 = VERTEX_POINT ( 'NONE', #993 ) ;
#3710 = VERTEX_POINT ( 'NONE', #3488 ) ;
#3711 = DIRECTION ( 'NONE',  ( 0.0000000000000000000, -1.000000000000000000, 0.0000000000000000000 ) ) ;
#3712 = VECTOR ( 'NONE', #103, 1000.000000000000000 ) ;
#3713 = VECTOR ( 'NONE', #126, 1000.000000000000000 ) ;
#3714 = CARTESIAN_POINT ( 'NONE',  ( -1.250000000000000000, 0.6029116798757000462, -6.515561479977000303 ) ) ;
#3715 = AXIS2_PLACEMENT_3D ( 'NONE', #3835, #3534, #747 ) ;
#3716 = FACE_OUTER_BOUND ( 'NONE', #3844, .T. ) ;
#3717 = FACE_OUTER_BOUND ( 'NONE', #1861, .T. ) ;
#3718 = VECTOR ( 'NONE', #719, 1000.000000000000000 ) ;
#3719 = CARTESIAN_POINT ( 'NONE',  ( 0.8000000000000000444, 4.400000000000000355, -6.100000000000000533 ) ) ;
#3720 = ORIENTED_EDGE ( 'NONE', *, *, #3675, .F. ) ;
#3721 = ORIENTED_EDGE ( 'NONE', *, *, #451, .F. ) ;
#3722 = CARTESIAN_POINT ( 'NONE',  ( -0.7500000000000000000, 0.6496651624528999580, -7.013893371703999513 ) ) ;
#3723 = VERTEX_POINT ( 'NONE', #7 ) ;
#3724 = EDGE_LOOP ( 'NONE', ( #1163, #2434, #2945, #1643 ) ) ;
#3725 = EDGE_CURVE ( 'NONE', #2505, #1755, #3796, .T. ) ;
#3726 = APPLICATION_PROTOCOL_DEFINITION ( 'draft international standard', 'automotive_design', 1998, #2816 ) ;
#3727 = CARTESIAN_POINT ( 'NONE',  ( -0.8000000000000000444, 4.400000000000000355, -5.599999999999999645 ) ) ;
#3728 = CARTESIAN_POINT ( 'NONE',  ( 3.250000000000000000, 0.5000000000000000000, -6.100000000000000533 ) ) ;
#3729 = VERTEX_POINT ( 'NONE', #2225 ) ;
#3730 = ORIENTED_EDGE ( 'NONE', *, *, #800, .F. ) ;
#3731 = ADVANCED_FACE ( 'NONE', ( #626 ), #1283, .T. ) ;
#3732 = EDGE_CURVE ( 'NONE', #2707, #2519, #3102, .T. ) ;
#3733 = CARTESIAN_POINT ( 'NONE',  ( 1.000000000000000000, 3.075000000000000178, -0.7750000000000000222 ) ) ;
#3734 = CARTESIAN_POINT ( 'NONE',  ( -0.7500000000000000000, 3.500000000000000000, -0.8499999999999999778 ) ) ;
#3735 = DIRECTION ( 'NONE',  ( 0.0000000000000000000, 1.000000000000000000, 0.0000000000000000000 ) ) ;
#3736 = PLANE ( 'NONE',  #866 ) ;
#3737 = CYLINDRICAL_SURFACE ( 'NONE', #3971, 0.7000000000000005107 ) ;
#3738 = ORIENTED_EDGE ( 'NONE', *, *, #202, .F. ) ;
#3739 = VERTEX_POINT ( 'NONE', #2842 ) ;
#3740 = CARTESIAN_POINT ( 'NONE',  ( -0.7500000000000000000, 0.0000000000000000000, -8.449999999999999289 ) ) ;
#3741 = DIRECTION ( 'NONE',  ( 1.000000000000000000, 0.0000000000000000000, 0.0000000000000000000 ) ) ;
#3742 = VERTEX_POINT ( 'NONE', #2514 ) ;
#3743 = ORIENTED_EDGE ( 'NONE', *, *, #738, .F. ) ;
#3744 = DIRECTION ( 'NONE',  ( 0.0000000000000000000, 0.0000000000000000000, 1.000000000000000000 ) ) ;
#3745 = CARTESIAN_POINT ( 'NONE',  ( 2.299999999999999822, 4.400000000000000355, -6.100000000000000533 ) ) ;
#3746 = EDGE_CURVE ( 'NONE', #266, #1077, #3467, .T. ) ;
#3747 = CARTESIAN_POINT ( 'NONE',  ( 4.000000000000000000, 2.700000000000000178, 1.194244791587000032 ) ) ;
#3748 = ORIENTED_EDGE ( 'NONE', *, *, #498, .F. ) ;
#3749 = ORIENTED_EDGE ( 'NONE', *, *, #2288, .F. ) ;
#3750 = CARTESIAN_POINT ( 'NONE',  ( 4.000000000000000000, 1.100000000000000089, -0.8000000000000000444 ) ) ;
#3751 = EDGE_CURVE ( 'NONE', #2505, #3285, #2496, .T. ) ;
#3752 = ADVANCED_FACE ( 'NONE', ( #684 ), #971, .T. ) ;
#3753 = CARTESIAN_POINT ( 'NONE',  ( -1.250000000000000000, 3.000000000000000000, -6.179846321567000089 ) ) ;
#3754 = FACE_OUTER_BOUND ( 'NONE', #1065, .T. ) ;
#3755 = CARTESIAN_POINT ( 'NONE',  ( -1.800000000000000044, 5.100000000000000533, -6.100000000000000533 ) ) ;
#3756 = FACE_OUTER_BOUND ( 'NONE', #654, .T. ) ;
#3757 = EDGE_LOOP ( 'NONE', ( #120, #299, #3598, #2298 ) ) ;
#3758 = CARTESIAN_POINT ( 'NONE',  ( 3.100000000000000089, 0.0000000000000000000, -3.000000000000000000 ) ) ;
#3759 = LINE ( 'NONE', #3153, #8 ) ;
#3760 = ORIENTED_EDGE ( 'NONE', *, *, #3458, .T. ) ;
#3761 = ORIENTED_EDGE ( 'NONE', *, *, #3376, .T. ) ;
#3762 = LINE ( 'NONE', #3791, #986 ) ;
#3763 =( NAMED_UNIT ( * ) PLANE_ANGLE_UNIT ( ) SI_UNIT ( $, .RADIAN. ) );
#3764 = VECTOR ( 'NONE', #3873, 1000.000000000000000 ) ;
#3765 = LINE ( 'NONE', #638, #914 ) ;
#3766 = DIRECTION ( 'NONE',  ( 0.0000000000000000000, 0.0000000000000000000, -1.000000000000000000 ) ) ;
#3767 = EDGE_LOOP ( 'NONE', ( #1527, #1476, #2454, #3922, #36, #3365 ) ) ;
#3768 = VECTOR ( 'NONE', #739, 1000.000000000000000 ) ;
#3769 = DIRECTION ( 'NONE',  ( 0.0000000000000000000, 0.0000000000000000000, -1.000000000000000000 ) ) ;
#3770 = VECTOR ( 'NONE', #3221, 1000.000000000000000 ) ;
#3771 = VECTOR ( 'NONE', #1653, 1000.000000000000000 ) ;
#3772 = DIRECTION ( 'NONE',  ( 0.0000000000000000000, 1.000000000000000000, 0.0000000000000000000 ) ) ;
#3773 = LINE ( 'NONE', #3104, #1830 ) ;
#3774 = AXIS2_PLACEMENT_3D ( 'NONE', #1529, #2774, #3112 ) ;
#3775 = AXIS2_PLACEMENT_3D ( 'NONE', #948, #378, #2194 ) ;
#3776 = CARTESIAN_POINT ( 'NONE',  ( 2.399999999999999911, 3.500000000000000000, 0.0000000000000000000 ) ) ;
#3777 = EDGE_CURVE ( 'NONE', #2695, #2811, #664, .T. ) ;
#3778 = EDGE_CURVE ( 'NONE', #1090, #2780, #1853, .T. ) ;
#3779 = VECTOR ( 'NONE', #2057, 1000.000000000000000 ) ;
#3780 = FACE_OUTER_BOUND ( 'NONE', #252, .T. ) ;
#3781 = CIRCLE ( 'NONE', #2475, 0.6999999999999999556 ) ;
#3782 = ORIENTED_EDGE ( 'NONE', *, *, #724, .F. ) ;
#3783 = ORIENTED_EDGE ( 'NONE', *, *, #3852, .F. ) ;
#3784 = DIRECTION ( 'NONE',  ( 0.5773502691896257311, 0.5773502691896257311, 0.5773502691896257311 ) ) ;
#3785 = DIRECTION ( 'NONE',  ( 0.0000000000000000000, 0.0000000000000000000, -1.000000000000000000 ) ) ;
#3786 = EDGE_CURVE ( 'NONE', #925, #1090, #3162, .T. ) ;
#3787 =( GEOMETRIC_REPRESENTATION_CONTEXT ( 3 ) GLOBAL_UNCERTAINTY_ASSIGNED_CONTEXT ( ( #587 ) ) GLOBAL_UNIT_ASSIGNED_CONTEXT ( ( #1750, #3685, #2699 ) ) REPRESENTATION_CONTEXT ( 'NONE', 'WORKASPACE' ) );
#3788 = EDGE_CURVE ( 'NONE', #677, #2396, #93, .T. ) ;
#3789 = ORIENTED_EDGE ( 'NONE', *, *, #1540, .T. ) ;
#3790 = ORIENTED_EDGE ( 'NONE', *, *, #1469, .T. ) ;
#3791 = CARTESIAN_POINT ( 'NONE',  ( 4.000000000000000000, 5.599999999999999645, -0.8000000000000000444 ) ) ;
#3792 = CARTESIAN_POINT ( 'NONE',  ( -1.250000000000000000, 3.515142986605999997, -6.612579688943000633 ) ) ;
#3793 = DIRECTION ( 'NONE',  ( 0.0000000000000000000, 1.000000000000000000, 0.0000000000000000000 ) ) ;
#3794 = FACE_OUTER_BOUND ( 'NONE', #342, .T. ) ;
#3795 = VERTEX_POINT ( 'NONE', #320 ) ;
#3796 = LINE ( 'NONE', #3146, #1884 ) ;
#3797 = CARTESIAN_POINT ( 'NONE',  ( 1.250000000000000000, 0.4774046824884999873, -7.211960327625999589 ) ) ;
#3798 = ADVANCED_FACE ( 'NONE', ( #1552 ), #3422, .T. ) ;
#3799 = DIRECTION ( 'NONE',  ( 1.000000000000000000, 0.0000000000000000000, 0.0000000000000000000 ) ) ;
#3800 = LINE ( 'NONE', #1596, #3847 ) ;
#3801 = DIRECTION ( 'NONE',  ( 0.0000000000000000000, 0.0000000000000000000, -1.000000000000000000 ) ) ;
#3802 = ORIENTED_EDGE ( 'NONE', *, *, #2513, .F. ) ;
#3803 = FACE_OUTER_BOUND ( 'NONE', #3537, .T. ) ;
#3804 = DIRECTION ( 'NONE',  ( 0.0000000000000000000, 1.000000000000000000, 0.0000000000000000000 ) ) ;
#3805 = EDGE_CURVE ( 'NONE', #3361, #1546, #3505, .T. ) ;
#3806 = VERTEX_POINT ( 'NONE', #2652 ) ;
#3807 = EDGE_CURVE ( 'NONE', #483, #3723, #2915, .T. ) ;
#3808 = EDGE_LOOP ( 'NONE', ( #1105, #655, #281, #539 ) ) ;
#3809 = PLANE ( 'NONE',  #2674 ) ;
#3810 = CARTESIAN_POINT ( 'NONE',  ( -3.100000000000000089, 5.599999999999999645, -0.8000000000000000444 ) ) ;
#3811 = LINE ( 'NONE', #2611, #1256 ) ;
#3812 = VERTEX_POINT ( 'NONE', #2302 ) ;
#3813 = PLANE ( 'NONE',  #1452 ) ;
#3814 = FACE_OUTER_BOUND ( 'NONE', #3689, .T. ) ;
#3815 = CARTESIAN_POINT ( 'NONE',  ( 1.800000000000000044, 5.599999999999999645, -2.100000000000000089 ) ) ;
#3816 = LINE ( 'NONE', #1119, #1687 ) ;
#3817 = LINE ( 'NONE', #1036, #3585 ) ;
#3818 = CARTESIAN_POINT ( 'NONE',  ( 1.100000000000000089, 3.350000000000000089, -0.6999999999999999556 ) ) ;
#3819 = ORIENTED_EDGE ( 'NONE', *, *, #748, .F. ) ;
#3820 = LINE ( 'NONE', #3457, #2340 ) ;
#3821 = LINE ( 'NONE', #733, #3712 ) ;
#3822 = ORIENTED_EDGE ( 'NONE', *, *, #899, .T. ) ;
#3823 = ORIENTED_EDGE ( 'NONE', *, *, #2910, .F. ) ;
#3824 = DIRECTION ( 'NONE',  ( 1.000000000000000000, 0.0000000000000000000, 0.0000000000000000000 ) ) ;
#3825 = ADVANCED_FACE ( 'NONE', ( #1651 ), #153, .T. ) ;
#3826 = CARTESIAN_POINT ( 'NONE',  ( -0.9000000000000000222, 3.149999999999999911, -0.6999999999999999556 ) ) ;
#3827 = CARTESIAN_POINT ( 'NONE',  ( -0.7500000000000000000, 3.000000000000000000, -5.000000000000000000 ) ) ;
#3828 = ORIENTED_EDGE ( 'NONE', *, *, #716, .T. ) ;
#3829 = CARTESIAN_POINT ( 'NONE',  ( -1.800000000000000044, 0.0000000000000000000, 0.0000000000000000000 ) ) ;
#3830 = EDGE_CURVE ( 'NONE', #2824, #1467, #3281, .T. ) ;
#3831 = CARTESIAN_POINT ( 'NONE',  ( 0.7500000000000000000, 3.000000000000000000, -5.000000000000000000 ) ) ;
#3832 = DIRECTION ( 'NONE',  ( -1.000000000000000000, 0.0000000000000000000, 0.0000000000000000000 ) ) ;
#3833 = VECTOR ( 'NONE', #189, 1000.000000000000000 ) ;
#3834 = DIRECTION ( 'NONE',  ( 0.0000000000000000000, 1.000000000000000000, 0.0000000000000000000 ) ) ;
#3835 = CARTESIAN_POINT ( 'NONE',  ( -0.7500000000000000000, 3.500000000000000000, 0.0000000000000000000 ) ) ;
#3836 = VECTOR ( 'NONE', #1654, 1000.000000000000000 ) ;
#3837 = VECTOR ( 'NONE', #524, 1000.000000000000000 ) ;
#3838 = AXIS2_PLACEMENT_3D ( 'NONE', #811, #1733, #2961 ) ;
#3839 = ORIENTED_EDGE ( 'NONE', *, *, #1957, .T. ) ;
#3840 = DIRECTION ( 'NONE',  ( 1.000000000000000000, 0.0000000000000000000, 0.0000000000000000000 ) ) ;
#3841 = CARTESIAN_POINT ( 'NONE',  ( 3.250000000000000000, 2.399999999999999911, -6.100000000000000533 ) ) ;
#3842 = VECTOR ( 'NONE', #1765, 1000.000000000000000 ) ;
#3843 = VECTOR ( 'NONE', #885, 1000.000000000000000 ) ;
#3844 = EDGE_LOOP ( 'NONE', ( #2099, #943, #617, #2103 ) ) ;
#3845 = ORIENTED_EDGE ( 'NONE', *, *, #1977, .T. ) ;
#3846 = ADVANCED_FACE ( 'NONE', ( #1397 ), #3813, .T. ) ;
#3847 = VECTOR ( 'NONE', #1000, 1000.000000000000000 ) ;
#3848 = CARTESIAN_POINT ( 'NONE',  ( 0.7500000000000000000, 3.069348800088999685, -6.675013711372000280 ) ) ;
#3849 = AXIS2_PLACEMENT_3D ( 'NONE', #928, #658, #2157 ) ;
#3850 = DIRECTION ( 'NONE',  ( 0.0000000000000000000, 0.0000000000000000000, 1.000000000000000000 ) ) ;
#3851 = VERTEX_POINT ( 'NONE', #128 ) ;
#3852 = EDGE_CURVE ( 'NONE', #1042, #1796, #1415, .T. ) ;
#3853 = DIRECTION ( 'NONE',  ( -1.000000000000000000, 0.0000000000000000000, 0.0000000000000000000 ) ) ;
#3854 = CARTESIAN_POINT ( 'NONE',  ( -0.9000000000000000222, 3.350000000000000089, -0.6999999999999999556 ) ) ;
#3855 = DIRECTION ( 'NONE',  ( 0.0000000000000000000, 0.0000000000000000000, 1.000000000000000000 ) ) ;
#3856 = ORIENTED_EDGE ( 'NONE', *, *, #1922, .F. ) ;
#3857 = VERTEX_POINT ( 'NONE', #1967 ) ;
#3858 = EDGE_CURVE ( 'NONE', #2209, #2818, #2978, .T. ) ;
#3859 = EDGE_CURVE ( 'NONE', #38, #3238, #2631, .T. ) ;
#3860 = CARTESIAN_POINT ( 'NONE',  ( 2.399999999999999911, 3.500000000000000000, 0.0000000000000000000 ) ) ;
#3861 = FACE_OUTER_BOUND ( 'NONE', #3062, .T. ) ;
#3862 = DIRECTION ( 'NONE',  ( 0.0000000000000000000, 0.0000000000000000000, -1.000000000000000000 ) ) ;
#3863 = ORIENTED_EDGE ( 'NONE', *, *, #2536, .T. ) ;
#3864 = LINE ( 'NONE', #796, #68 ) ;
#3865 = CARTESIAN_POINT ( 'NONE',  ( 1.800000000000000044, 0.2000000000000000111, -6.100000000000000533 ) ) ;
#3866 = VERTEX_POINT ( 'NONE', #3829 ) ;
#3867 = ORIENTED_EDGE ( 'NONE', *, *, #2055, .T. ) ;
#3868 = LINE ( 'NONE', #1680, #468 ) ;
#3869 = DIRECTION ( 'NONE',  ( 0.0000000000000000000, 0.0000000000000000000, -1.000000000000000000 ) ) ;
#3870 = CARTESIAN_POINT ( 'NONE',  ( 1.800000000000000044, 0.2000000000000000111, -6.100000000000000533 ) ) ;
#3871 = VERTEX_POINT ( 'NONE', #3872 ) ;
#3872 = CARTESIAN_POINT ( 'NONE',  ( -2.399999999999999911, 4.599999999999999645, -5.000000000000000000 ) ) ;
#3873 = DIRECTION ( 'NONE',  ( -1.000000000000000000, 0.0000000000000000000, 0.0000000000000000000 ) ) ;
#3874 = CARTESIAN_POINT ( 'NONE',  ( -3.100000000000000089, 3.500000000000000000, 0.0000000000000000000 ) ) ;
#3875 = ORIENTED_EDGE ( 'NONE', *, *, #4006, .T. ) ;
#3876 = ORIENTED_EDGE ( 'NONE', *, *, #1490, .F. ) ;
#3877 = CARTESIAN_POINT ( 'NONE',  ( -1.300000000000000044, 4.400000000000000355, -5.000000000000000000 ) ) ;
#3878 = CARTESIAN_POINT ( 'NONE',  ( 2.299999999999999822, 4.599999999999999645, -5.000000000000000000 ) ) ;
#3879 = ADVANCED_FACE ( 'NONE', ( #1049 ), #3201, .T. ) ;
#3880 = ADVANCED_FACE ( 'NONE', ( #2261 ), #110, .T. ) ;
#3881 = CARTESIAN_POINT ( 'NONE',  ( -2.399999999999999911, 0.5000000000000000000, 0.0000000000000000000 ) ) ;
#3882 = VERTEX_POINT ( 'NONE', #742 ) ;
#3883 = DIRECTION ( 'NONE',  ( 0.0000000000000000000, 0.0000000000000000000, -1.000000000000000000 ) ) ;
#3884 = VERTEX_POINT ( 'NONE', #809 ) ;
#3885 = ORIENTED_EDGE ( 'NONE', *, *, #915, .F. ) ;
#3886 = LINE ( 'NONE', #822, #1942 ) ;
#3887 = CARTESIAN_POINT ( 'NONE',  ( -3.250000000000000000, 0.0000000000000000000, -7.599999999999999645 ) ) ;
#3888 = LINE ( 'NONE', #1728, #2148 ) ;
#3889 = ORIENTED_EDGE ( 'NONE', *, *, #2461, .T. ) ;
#3890 = CARTESIAN_POINT ( 'NONE',  ( 1.250000000000000000, 0.4774046824884999873, -7.211960327625999589 ) ) ;
#3891 = DIRECTION ( 'NONE',  ( 0.0000000000000000000, 1.000000000000000000, 0.0000000000000000000 ) ) ;
#3892 = FACE_OUTER_BOUND ( 'NONE', #3209, .T. ) ;
#3893 = ORIENTED_EDGE ( 'NONE', *, *, #3807, .T. ) ;
#3894 = ORIENTED_EDGE ( 'NONE', *, *, #2933, .T. ) ;
#3895 = EDGE_CURVE ( 'NONE', #2780, #2898, #2321, .T. ) ;
#3896 = CARTESIAN_POINT ( 'NONE',  ( -4.000000000000000000, 1.100000000000000089, -3.000000000000000000 ) ) ;
#3897 = PLANE ( 'NONE',  #3129 ) ;
#3898 = AXIS2_PLACEMENT_3D ( 'NONE', #2593, #1714, #722 ) ;
#3899 = ORIENTED_EDGE ( 'NONE', *, *, #560, .F. ) ;
#3900 = EDGE_CURVE ( 'NONE', #1551, #2591, #3217, .T. ) ;
#3901 = AXIS2_PLACEMENT_3D ( 'NONE', #3599, #1741, #2971 ) ;
#3902 = VECTOR ( 'NONE', #1824, 1000.000000000000000 ) ;
#3903 = PLANE ( 'NONE',  #3126 ) ;
#3904 = VECTOR ( 'NONE', #2326, 1000.000000000000000 ) ;
#3905 = VECTOR ( 'NONE', #2885, 1000.000000000000000 ) ;
#3906 = ORIENTED_EDGE ( 'NONE', *, *, #769, .T. ) ;
#3907 = ORIENTED_EDGE ( 'NONE', *, *, #2512, .T. ) ;
#3908 = EDGE_CURVE ( 'NONE', #507, #2810, #2008, .T. ) ;
#3909 = DIRECTION ( 'NONE',  ( 0.0000000000000000000, 0.0000000000000000000, 1.000000000000000000 ) ) ;
#3910 = VECTOR ( 'NONE', #3375, 1000.000000000000000 ) ;
#3911 = AXIS2_PLACEMENT_3D ( 'NONE', #2527, #2223, #3766 ) ;
#3912 = DIRECTION ( 'NONE',  ( 0.0000000000000000000, -0.5565912251293776425, -0.8307864997151666042 ) ) ;
#3913 = VECTOR ( 'NONE', #2018, 1000.000000000000000 ) ;
#3914 = CARTESIAN_POINT ( 'NONE',  ( -0.7500000000000000000, 0.4774046824884999873, -7.211960327625999589 ) ) ;
#3915 = VECTOR ( 'NONE', #1703, 1000.000000000000000 ) ;
#3916 = ORIENTED_EDGE ( 'NONE', *, *, #1048, .F. ) ;
#3917 = CARTESIAN_POINT ( 'NONE',  ( 0.7500000000000000000, 0.0000000000000000000, -8.449999999999999289 ) ) ;
#3918 = VECTOR ( 'NONE', #2163, 1000.000000000000000 ) ;
#3919 = CARTESIAN_POINT ( 'NONE',  ( 1.300000000000000044, 4.400000000000000355, -6.100000000000000533 ) ) ;
#3920 = CARTESIAN_POINT ( 'NONE',  ( -2.299999999999999822, 5.599999999999999645, -2.100000000000000089 ) ) ;
#3921 = ORIENTED_EDGE ( 'NONE', *, *, #605, .T. ) ;
#3922 = ORIENTED_EDGE ( 'NONE', *, *, #449, .F. ) ;
#3923 = DIRECTION ( 'NONE',  ( 0.0000000000000000000, 0.9903347796098926903, 0.1386976001775989675 ) ) ;
#3924 = DIRECTION ( 'NONE',  ( 1.000000000000000000, 0.0000000000000000000, 0.0000000000000000000 ) ) ;
#3925 = LINE ( 'NONE', #2293, #862 ) ;
#3926 = ORIENTED_EDGE ( 'NONE', *, *, #2688, .T. ) ;
#3927 = DIRECTION ( 'NONE',  ( 0.0000000000000000000, 0.0000000000000000000, 1.000000000000000000 ) ) ;
#3928 = ORIENTED_EDGE ( 'NONE', *, *, #3980, .T. ) ;
#3929 = ORIENTED_EDGE ( 'NONE', *, *, #1641, .F. ) ;
#3930 = CARTESIAN_POINT ( 'NONE',  ( 0.7500000000000000000, 3.500000000000000000, -6.179846321567000089 ) ) ;
#3931 = ADVANCED_FACE ( 'NONE', ( #759 ), #503, .T. ) ;
#3932 = EDGE_CURVE ( 'NONE', #1531, #169, #2676, .T. ) ;
#3933 = LINE ( 'NONE', #544, #1057 ) ;
#3934 = ORIENTED_EDGE ( 'NONE', *, *, #1858, .T. ) ;
#3935 = CARTESIAN_POINT ( 'NONE',  ( -1.300000000000000044, 4.400000000000000355, -6.100000000000000533 ) ) ;
#3936 = DIRECTION ( 'NONE',  ( 0.0000000000000000000, 1.000000000000000000, 0.0000000000000000000 ) ) ;
#3937 = EDGE_LOOP ( 'NONE', ( #2467, #715, #3480, #341, #2556, #4000 ) ) ;
#3938 = VERTEX_POINT ( 'NONE', #2759 ) ;
#3939 = CARTESIAN_POINT ( 'NONE',  ( -3.100000000000000089, 1.100000000000000089, -3.000000000000000000 ) ) ;
#3940 = LINE ( 'NONE', #2101, #473 ) ;
#3941 = DIRECTION ( 'NONE',  ( 0.0000000000000000000, 0.0000000000000000000, 1.000000000000000000 ) ) ;
#3942 = ORIENTED_EDGE ( 'NONE', *, *, #805, .T. ) ;
#3943 = CARTESIAN_POINT ( 'NONE',  ( 1.250000000000000000, 3.000000000000000000, -6.100000000000000533 ) ) ;
#3944 = LINE ( 'NONE', #305, #2416 ) ;
#3945 = EDGE_LOOP ( 'NONE', ( #3194, #2584, #2636, #3004 ) ) ;
#3946 = ORIENTED_EDGE ( 'NONE', *, *, #2821, .F. ) ;
#3947 = FACE_OUTER_BOUND ( 'NONE', #2216, .T. ) ;
#3948 = CARTESIAN_POINT ( 'NONE',  ( -2.399999999999999911, 4.599999999999999645, 0.0000000000000000000 ) ) ;
#3949 = EDGE_LOOP ( 'NONE', ( #2953, #2369, #121, #1915 ) ) ;
#3950 = ADVANCED_FACE ( 'NONE', ( #1137 ), #828, .T. ) ;
#3951 = EDGE_CURVE ( 'NONE', #3404, #2334, #905, .T. ) ;
#3952 = DIRECTION ( 'NONE',  ( -0.0000000000000000000, 1.000000000000000000, 0.0000000000000000000 ) ) ;
#3953 = PLANE ( 'NONE',  #2335 ) ;
#3954 = CARTESIAN_POINT ( 'NONE',  ( 4.000000000000000000, 2.700000000000000178, -5.599999999999999645 ) ) ;
#3955 = ORIENTED_EDGE ( 'NONE', *, *, #1523, .T. ) ;
#3956 = ORIENTED_EDGE ( 'NONE', *, *, #2964, .F. ) ;
#3957 = EDGE_CURVE ( 'NONE', #4023, #1948, #1473, .T. ) ;
#3958 = CARTESIAN_POINT ( 'NONE',  ( -1.250000000000000000, 3.000000000000000000, -5.000000000000000000 ) ) ;
#3959 = ADVANCED_FACE ( 'NONE', ( #2716 ), #1155, .F. ) ;
#3960 = LINE ( 'NONE', #3986, #729 ) ;
#3961 = FACE_OUTER_BOUND ( 'NONE', #3724, .T. ) ;
#3962 = ORIENTED_EDGE ( 'NONE', *, *, #555, .T. ) ;
#3963 = LINE ( 'NONE', #1018, #1245 ) ;
#3964 = DIRECTION ( 'NONE',  ( 0.0000000000000000000, -1.000000000000000000, 0.0000000000000000000 ) ) ;
#3965 = AXIS2_PLACEMENT_3D ( 'NONE', #2822, #659, #361 ) ;
#3966 = EDGE_LOOP ( 'NONE', ( #1409, #1070, #3876, #3738 ) ) ;
#3967 = VECTOR ( 'NONE', #2311, 1000.000000000000000 ) ;
#3968 = VERTEX_POINT ( 'NONE', #1515 ) ;
#3969 = FACE_OUTER_BOUND ( 'NONE', #432, .T. ) ;
#3970 = VECTOR ( 'NONE', #892, 1000.000000000000000 ) ;
#3971 = AXIS2_PLACEMENT_3D ( 'NONE', #1305, #1913, #1894 ) ;
#3972 = EDGE_CURVE ( 'NONE', #3101, #3532, #3608, .T. ) ;
#3973 = LINE ( 'NONE', #2093, #406 ) ;
#3974 = EDGE_LOOP ( 'NONE', ( #300, #2168, #1963, #1350, #1183, #55, #898 ) ) ;
#3975 = VECTOR ( 'NONE', #2189, 1000.000000000000000 ) ;
#3976 = AXIS2_PLACEMENT_3D ( 'NONE', #48, #2594, #2323 ) ;
#3977 = DIRECTION ( 'NONE',  ( 0.0000000000000000000, -1.000000000000000000, 0.0000000000000000000 ) ) ;
#3978 = AXIS2_PLACEMENT_3D ( 'NONE', #1143, #3287, #2376 ) ;
#3979 = VECTOR ( 'NONE', #563, 1000.000000000000000 ) ;
#3980 = EDGE_CURVE ( 'NONE', #2519, #3420, #1834, .T. ) ;
#3981 = CARTESIAN_POINT ( 'NONE',  ( -1.800000000000000044, 5.100000000000000533, -6.100000000000000533 ) ) ;
#3982 = VERTEX_POINT ( 'NONE', #3080 ) ;
#3983 = ORIENTED_EDGE ( 'NONE', *, *, #3054, .T. ) ;
#3984 = DIRECTION ( 'NONE',  ( 1.000000000000000000, 0.0000000000000000000, 0.0000000000000000000 ) ) ;
#3985 = VECTOR ( 'NONE', #2095, 1000.000000000000000 ) ;
#3986 = CARTESIAN_POINT ( 'NONE',  ( 3.100000000000000089, 2.700000000000000178, -0.8000000000000000444 ) ) ;
#3987 = EDGE_CURVE ( 'NONE', #3541, #1754, #3666, .T. ) ;
#3988 = EDGE_CURVE ( 'NONE', #3079, #3628, #3038, .T. ) ;
#3989 = CARTESIAN_POINT ( 'NONE',  ( -4.000000000000000000, -0.9000000000000000222, -3.000000000000000000 ) ) ;
#3990 = CARTESIAN_POINT ( 'NONE',  ( -0.7500000000000000000, 3.500000000000000000, -6.179846321567000089 ) ) ;
#3991 = PLANE ( 'NONE',  #657 ) ;
#3992 = VERTEX_POINT ( 'NONE', #870 ) ;
#3993 = ORIENTED_EDGE ( 'NONE', *, *, #188, .T. ) ;
#3994 = DIRECTION ( 'NONE',  ( 1.000000000000000000, 0.0000000000000000000, 0.0000000000000000000 ) ) ;
#3995 = LINE ( 'NONE', #1214, #9 ) ;
#3996 = VERTEX_POINT ( 'NONE', #518 ) ;
#3997 = PLANE ( 'NONE',  #3074 ) ;
#3998 = DIRECTION ( 'NONE',  ( -1.000000000000000000, 0.0000000000000000000, 0.0000000000000000000 ) ) ;
#3999 = DIRECTION ( 'NONE',  ( 0.0000000000000000000, 0.0000000000000000000, -1.000000000000000000 ) ) ;
#4000 = ORIENTED_EDGE ( 'NONE', *, *, #3304, .F. ) ;
#4001 = ORIENTED_EDGE ( 'NONE', *, *, #2717, .F. ) ;
#4002 = CARTESIAN_POINT ( 'NONE',  ( -1.250000000000000000, 0.4774046824884999873, -8.599999999999999645 ) ) ;
#4003 = LINE ( 'NONE', #2706, #2869 ) ;
#4004 = CARTESIAN_POINT ( 'NONE',  ( -3.250000000000000000, 2.495064510581000317, -7.599999999999999645 ) ) ;
#4005 = CARTESIAN_POINT ( 'NONE',  ( 2.399999999999999911, 0.5000000000000000000, 0.0000000000000000000 ) ) ;
#4006 = EDGE_CURVE ( 'NONE', #3114, #2519, #2068, .T. ) ;
#4007 = ADVANCED_FACE ( 'NONE', ( #887 ), #3997, .T. ) ;
#4008 = LINE ( 'NONE', #1844, #3902 ) ;
#4009 = ORIENTED_EDGE ( 'NONE', *, *, #952, .F. ) ;
#4010 = PLANE ( 'NONE',  #2872 ) ;
#4011 = MANIFOLD_SOLID_BREP ( 'ph2_0_2p_wt.STP', #2600 ) ;
#4012 = ORIENTED_EDGE ( 'NONE', *, *, #678, .T. ) ;
#4013 = ORIENTED_EDGE ( 'NONE', *, *, #124, .T. ) ;
#4014 = CARTESIAN_POINT ( 'NONE',  ( -1.250000000000000000, 0.4774046824884999873, -8.449999999999999289 ) ) ;
#4015 = CARTESIAN_POINT ( 'NONE',  ( -3.100000000000000089, 0.0000000000000000000, 0.0000000000000000000 ) ) ;
#4016 = ORIENTED_EDGE ( 'NONE', *, *, #2128, .F. ) ;
#4017 = EDGE_LOOP ( 'NONE', ( #1458, #673, #1748, #2622 ) ) ;
#4018 = DIRECTION ( 'NONE',  ( 0.0000000000000000000, -1.000000000000000000, 0.0000000000000000000 ) ) ;
#4019 = CARTESIAN_POINT ( 'NONE',  ( 4.000000000000000000, 5.599999999999999645, -6.100000000000000533 ) ) ;
#4020 = LINE ( 'NONE', #1800, #1434 ) ;
#4021 = CARTESIAN_POINT ( 'NONE',  ( -3.799999999999999822, 3.449571404000999930, -2.600000000000000089 ) ) ;
#4022 = ADVANCED_FACE ( 'NONE', ( #2552 ), #582, .T. ) ;
#4023 = VERTEX_POINT ( 'NONE', #3143 ) ;
#4024 = ORIENTED_EDGE ( 'NONE', *, *, #2770, .T. ) ;
#4025 = DIRECTION ( 'NONE',  ( -0.0000000000000000000, 1.000000000000000000, 0.0000000000000000000 ) ) ;
#4026 = VECTOR ( 'NONE', #760, 1000.000000000000000 ) ;
#4027 = ADVANCED_FACE ( 'NONE', ( #2174 ), #314, .T. ) ;
#4028 = EDGE_LOOP ( 'NONE', ( #1520, #1124, #2343, #731 ) ) ;
#4029 = EDGE_CURVE ( 'NONE', #2135, #2637, #2468, .T. ) ;
#4030 = ORIENTED_EDGE ( 'NONE', *, *, #1224, .F. ) ;
ENDSEC;
END-ISO-10303-21;
