ISO-10303-21;
HEADER;
FILE_DESCRIPTION (( 'STEP AP214' ),
    '1' );
FILE_NAME ('CC2B4366-85F6-4772-BC1B-F014F87A13E1.STEP',
    '2025-10-31T19:33:21',
    ( '' ),
    ( '' ),
    'SwSTEP 2.0',
    'SolidWorks 2022',
    '' );
FILE_SCHEMA (( 'AUTOMOTIVE_DESIGN' ));
ENDSEC;

DATA;
#1 = CIRCLE ( 'NONE', #1630, 1.199999999999999734 ) ;
#2 = CARTESIAN_POINT ( 'NONE',  ( -11.50000000000000178, -0.0000000000000000000, -7.999999999999998224 ) ) ;
#3 = UNCERTAINTY_MEASURE_WITH_UNIT (LENGTH_MEASURE( 1.000000000000000082E-05 ), #391, 'distance_accuracy_value', 'NONE');
#4 = VECTOR ( 'NONE', #2172, 1000.000000000000000 ) ;
#5 = AXIS2_PLACEMENT_3D ( 'NONE', #831, #1059, #1924 ) ;
#6 = ORIENTED_EDGE ( 'NONE', *, *, #1347, .T. ) ;
#7 = CARTESIAN_POINT ( 'NONE',  ( 11.49999999999998401, 0.0000000000000000000, 7.999999999999998224 ) ) ;
#8 = EDGE_CURVE ( 'NONE', #879, #2315, #2395, .T. ) ;
#9 = DIRECTION ( 'NONE',  ( 1.000000000000000000, -0.0000000000000000000, 0.0000000000000000000 ) ) ;
#10 = SURFACE_SIDE_STYLE ('',( #1722 ) ) ;
#11 = ORIENTED_EDGE ( 'NONE', *, *, #2448, .T. ) ;
#12 = VERTEX_POINT ( 'NONE', #2379 ) ;
#13 = CARTESIAN_POINT ( 'NONE',  ( -1.500000000000006439, 0.0000000000000000000, -7.999999999999998224 ) ) ;
#14 = CARTESIAN_POINT ( 'NONE',  ( -8.000000000000000000, 9.300000000000000711, -8.499999999999996447 ) ) ;
#15 = ORIENTED_EDGE ( 'NONE', *, *, #2253, .F. ) ;
#16 = LINE ( 'NONE', #1740, #947 ) ;
#17 = CARTESIAN_POINT ( 'NONE',  ( -5.000000000000004441, 0.0000000000000000000, 7.999999999999998224 ) ) ;
#18 = FILL_AREA_STYLE_COLOUR ( '', #2731 ) ;
#19 = EDGE_CURVE ( 'NONE', #1509, #963, #2630, .T. ) ;
#20 = EDGE_CURVE ( 'NONE', #246, #2540, #646, .T. ) ;
#21 = DIRECTION ( 'NONE',  ( -0.0000000000000000000, -0.0000000000000000000, 1.000000000000000000 ) ) ;
#22 = ORIENTED_EDGE ( 'NONE', *, *, #2432, .T. ) ;
#23 = ORIENTED_EDGE ( 'NONE', *, *, #673, .T. ) ;
#24 = ADVANCED_BREP_SHAPE_REPRESENTATION ( 'CC2B4366-85F6-4772-BC1B-F014F87A13E1', ( #2186, #97 ), #1271 ) ;
#25 = LINE ( 'NONE', #2019, #1939 ) ;
#26 = DIRECTION ( 'NONE',  ( -1.000000000000000000, -0.0000000000000000000, -0.0000000000000000000 ) ) ;
#27 = DIRECTION ( 'NONE',  ( -1.508455196501571429E-16, -0.0000000000000000000, -1.000000000000000000 ) ) ;
#28 = ORIENTED_EDGE ( 'NONE', *, *, #1531, .T. ) ;
#29 = DIRECTION ( 'NONE',  ( 0.0000000000000000000, 0.0000000000000000000, -1.000000000000000000 ) ) ;
#30 = UNCERTAINTY_MEASURE_WITH_UNIT (LENGTH_MEASURE( 1.000000000000000082E-05 ), #1072, 'distance_accuracy_value', 'NONE');
#31 = CARTESIAN_POINT ( 'NONE',  ( -11.50000000000000355, 0.1000000000000000056, 7.999999999999998224 ) ) ;
#32 = ORIENTED_EDGE ( 'NONE', *, *, #2367, .T. ) ;
#33 = CYLINDRICAL_SURFACE ( 'NONE', #175, 3.000000000000000000 ) ;
#34 = CIRCLE ( 'NONE', #2105, 2.999999999999999112 ) ;
#35 = CARTESIAN_POINT ( 'NONE',  ( -9.750000000000000000, 0.1000000000000000056, -4.999999999999997335 ) ) ;
#36 = DIRECTION ( 'NONE',  ( 0.0000000000000000000, 0.0000000000000000000, 1.000000000000000000 ) ) ;
#37 = VECTOR ( 'NONE', #1238, 1000.000000000000000 ) ;
#38 = ORIENTED_EDGE ( 'NONE', *, *, #1023, .F. ) ;
#39 = PRESENTATION_LAYER_ASSIGNMENT (  '', '', ( #665 ) ) ;
#40 = DIRECTION ( 'NONE',  ( 1.000000000000000000, 0.0000000000000000000, 0.0000000000000000000 ) ) ;
#41 = CARTESIAN_POINT ( 'NONE',  ( -1.500000000000006439, 0.1000000000000000056, -7.999999999999998224 ) ) ;
#42 = CARTESIAN_POINT ( 'NONE',  ( -11.00000000000000000, 6.800000000000000711, 7.999999999999998224 ) ) ;
#43 = AXIS2_PLACEMENT_3D ( 'NONE', #1883, #1007, #545 ) ;
#44 = EDGE_LOOP ( 'NONE', ( #2127, #2068, #2206, #846 ) ) ;
#45 = EDGE_CURVE ( 'NONE', #2702, #460, #1285, .T. ) ;
#46 = AXIS2_PLACEMENT_3D ( 'NONE', #518, #1385, #2467 ) ;
#47 = CARTESIAN_POINT ( 'NONE',  ( 4.999999999999988454, 0.0000000000000000000, -7.999999999999998224 ) ) ;
#48 = VECTOR ( 'NONE', #29, 1000.000000000000000 ) ;
#49 = CARTESIAN_POINT ( 'NONE',  ( 11.00000000000000000, 2.799999999999997158, -7.999999999999996447 ) ) ;
#50 = VECTOR ( 'NONE', #297, 1000.000000000000000 ) ;
#51 = ORIENTED_EDGE ( 'NONE', *, *, #2229, .F. ) ;
#52 = LINE ( 'NONE', #1359, #1256 ) ;
#53 = CARTESIAN_POINT ( 'NONE',  ( -11.50000000000000178, 0.1000000000000000056, -7.999999999999998224 ) ) ;
#54 = LINE ( 'NONE', #2415, #1433 ) ;
#55 = FILL_AREA_STYLE_COLOUR ( '', #352 ) ;
#56 = CARTESIAN_POINT ( 'NONE',  ( -8.000000000000000000, 9.300000000000000711, -7.999999999999996447 ) ) ;
#57 = ORIENTED_EDGE ( 'NONE', *, *, #854, .F. ) ;
#58 = CARTESIAN_POINT ( 'NONE',  ( -5.000000000000004441, 0.1000000000000000056, -11.50000000000000178 ) ) ;
#59 = EDGE_CURVE ( 'NONE', #410, #856, #1292, .T. ) ;
#60 = VERTEX_POINT ( 'NONE', #14 ) ;
#61 = CARTESIAN_POINT ( 'NONE',  ( 8.000000000000001776, 6.800000000000000711, 8.500000000000000000 ) ) ;
#62 = LINE ( 'NONE', #1595, #1996 ) ;
#63 =( LENGTH_UNIT ( ) NAMED_UNIT ( * ) SI_UNIT ( .MILLI., .METRE. ) );
#64 = ORIENTED_EDGE ( 'NONE', *, *, #1434, .F. ) ;
#65 = CARTESIAN_POINT ( 'NONE',  ( -11.50000000000000178, 2.299999999999999822, 11.49999999999999467 ) ) ;
#66 = CARTESIAN_POINT ( 'NONE',  ( 11.49999999999999467, 2.299999999999999822, -7.999999999999996447 ) ) ;
#67 = DIRECTION ( 'NONE',  ( -1.000000000000000000, -0.0000000000000000000, -0.0000000000000000000 ) ) ;
#68 = VERTEX_POINT ( 'NONE', #42 ) ;
#69 = EDGE_CURVE ( 'NONE', #613, #1510, #1967, .T. ) ;
#70 = ORIENTED_EDGE ( 'NONE', *, *, #1552, .F. ) ;
#71 = ADVANCED_FACE ( 'NONE', ( #1739 ), #845, .T. ) ;
#72 = DIRECTION ( 'NONE',  ( 1.000000000000000000, 0.0000000000000000000, -0.0000000000000000000 ) ) ;
#73 = ORIENTED_EDGE ( 'NONE', *, *, #2758, .T. ) ;
#74 = CARTESIAN_POINT ( 'NONE',  ( -8.499999999999998224, 6.800000000000000711, 0.0000000000000000000 ) ) ;
#75 = EDGE_CURVE ( 'NONE', #123, #242, #657, .T. ) ;
#76 = DIRECTION ( 'NONE',  ( 0.0000000000000000000, 0.0000000000000000000, -1.000000000000000000 ) ) ;
#77 = CARTESIAN_POINT ( 'NONE',  ( 11.50000000000000000, 2.799999999999997158, -10.99999999999999822 ) ) ;
#78 = AXIS2_PLACEMENT_3D ( 'NONE', #2087, #152, #2678 ) ;
#79 = PLANE ( 'NONE',  #441 ) ;
#80 = AXIS2_PLACEMENT_3D ( 'NONE', #2765, #2123, #1705 ) ;
#81 = DIRECTION ( 'NONE',  ( 0.0000000000000000000, 0.0000000000000000000, 1.000000000000000000 ) ) ;
#82 = DIRECTION ( 'NONE',  ( 0.0000000000000000000, 0.0000000000000000000, 1.000000000000000000 ) ) ;
#83 = VERTEX_POINT ( 'NONE', #671 ) ;
#84 = VECTOR ( 'NONE', #2236, 1000.000000000000000 ) ;
#85 = CARTESIAN_POINT ( 'NONE',  ( 11.49999999999998401, 0.1000000000000000056, 11.50000000000000178 ) ) ;
#86 = AXIS2_PLACEMENT_3D ( 'NONE', #2393, #1127, #40 ) ;
#87 = VECTOR ( 'NONE', #2453, 1000.000000000000000 ) ;
#88 = CYLINDRICAL_SURFACE ( 'NONE', #2643, 0.5000000000000004441 ) ;
#89 = CARTESIAN_POINT ( 'NONE',  ( 10.29999999999999893, 2.299999999999999822, 11.49999999999999467 ) ) ;
#90 = VECTOR ( 'NONE', #2208, 1000.000000000000000 ) ;
#91 = EDGE_CURVE ( 'NONE', #1229, #2502, #1550, .T. ) ;
#92 = AXIS2_PLACEMENT_3D ( 'NONE', #835, #2573, #645 ) ;
#93 = EDGE_CURVE ( 'NONE', #2480, #203, #463, .T. ) ;
#94 = ORIENTED_EDGE ( 'NONE', *, *, #1779, .T. ) ;
#95 = VECTOR ( 'NONE', #1777, 1000.000000000000000 ) ;
#96 = LINE ( 'NONE', #960, #2692 ) ;
#97 = AXIS2_PLACEMENT_3D ( 'NONE', #2719, #341, #1203 ) ;
#98 = LINE ( 'NONE', #943, #720 ) ;
#99 = DIRECTION ( 'NONE',  ( 1.508455196501571429E-16, 0.0000000000000000000, 1.000000000000000000 ) ) ;
#100 = ORIENTED_EDGE ( 'NONE', *, *, #2397, .T. ) ;
#101 = DIRECTION ( 'NONE',  ( 0.0000000000000000000, 0.0000000000000000000, -1.000000000000000000 ) ) ;
#102 = ORIENTED_EDGE ( 'NONE', *, *, #2491, .F. ) ;
#103 = FACE_OUTER_BOUND ( 'NONE', #2048, .T. ) ;
#104 = EDGE_CURVE ( 'NONE', #177, #188, #2340, .T. ) ;
#105 = CARTESIAN_POINT ( 'NONE',  ( 7.999999999999998224, 2.299999999999999822, -11.50000000000000533 ) ) ;
#106 = ORIENTED_EDGE ( 'NONE', *, *, #1471, .F. ) ;
#107 = ADVANCED_FACE ( 'NONE', ( #1929 ), #849, .F. ) ;
#108 = PLANE ( 'NONE',  #763 ) ;
#109 = DIRECTION ( 'NONE',  ( 0.0000000000000000000, -0.0000000000000000000, -1.000000000000000000 ) ) ;
#110 = DIRECTION ( 'NONE',  ( 0.0000000000000000000, 0.0000000000000000000, 1.000000000000000000 ) ) ;
#111 = ORIENTED_EDGE ( 'NONE', *, *, #45, .T. ) ;
#112 = DIRECTION ( 'NONE',  ( -0.0000000000000000000, -1.000000000000000000, -0.0000000000000000000 ) ) ;
#113 = ORIENTED_EDGE ( 'NONE', *, *, #2160, .T. ) ;
#114 = DIRECTION ( 'NONE',  ( 0.0000000000000000000, 1.000000000000000000, 0.0000000000000000000 ) ) ;
#115 = CARTESIAN_POINT ( 'NONE',  ( 1.499999999999990896, 0.1000000000000000056, -11.50000000000000178 ) ) ;
#116 = FILL_AREA_STYLE ('',( #2058 ) ) ;
#117 = DIRECTION ( 'NONE',  ( 1.000000000000000000, 0.0000000000000000000, 0.0000000000000000000 ) ) ;
#118 = VECTOR ( 'NONE', #298, 1000.000000000000000 ) ;
#119 = DIRECTION ( 'NONE',  ( -0.0000000000000000000, -1.000000000000000000, -0.0000000000000000000 ) ) ;
#120 = FACE_OUTER_BOUND ( 'NONE', #2392, .T. ) ;
#121 = CARTESIAN_POINT ( 'NONE',  ( -12.49999999999999822, 1.300000000000000044, -12.49999999999999645 ) ) ;
#122 = CIRCLE ( 'NONE', #345, 1.199999999999999734 ) ;
#123 = VERTEX_POINT ( 'NONE', #962 ) ;
#124 = AXIS2_PLACEMENT_3D ( 'NONE', #539, #981, #1635 ) ;
#125 = CARTESIAN_POINT ( 'NONE',  ( -8.000000000000000000, 2.299999999999999822, 11.49999999999999467 ) ) ;
#126 = DIRECTION ( 'NONE',  ( -1.000000000000000000, -0.0000000000000000000, -0.0000000000000000000 ) ) ;
#127 = EDGE_CURVE ( 'NONE', #490, #1882, #698, .T. ) ;
#128 = ORIENTED_EDGE ( 'NONE', *, *, #562, .F. ) ;
#129 = AXIS2_PLACEMENT_3D ( 'NONE', #847, #1725, #1294 ) ;
#130 = LINE ( 'NONE', #557, #1901 ) ;
#131 = FACE_OUTER_BOUND ( 'NONE', #274, .T. ) ;
#132 = AXIS2_PLACEMENT_3D ( 'NONE', #1442, #1426, #569 ) ;
#133 = AXIS2_PLACEMENT_3D ( 'NONE', #882, #1249, #1909 ) ;
#134 = APPLICATION_PROTOCOL_DEFINITION ( 'draft international standard', 'automotive_design', 1998, #178 ) ;
#135 = LINE ( 'NONE', #150, #37 ) ;
#136 = PRESENTATION_LAYER_ASSIGNMENT (  '', '', ( #1351 ) ) ;
#137 = CARTESIAN_POINT ( 'NONE',  ( -5.000000000000007105, 0.1000000000000000056, 11.50000000000000178 ) ) ;
#138 =( NAMED_UNIT ( * ) SI_UNIT ( $, .STERADIAN. ) SOLID_ANGLE_UNIT ( ) );
#139 = FACE_OUTER_BOUND ( 'NONE', #1558, .T. ) ;
#140 = EDGE_LOOP ( 'NONE', ( #1042, #379, #2582, #1147 ) ) ;
#141 = VECTOR ( 'NONE', #1789, 1000.000000000000000 ) ;
#142 = LINE ( 'NONE', #1018, #220 ) ;
#143 = DIRECTION ( 'NONE',  ( -1.000000000000000000, -0.0000000000000000000, -0.0000000000000000000 ) ) ;
#144 = EDGE_CURVE ( 'NONE', #1375, #123, #1365, .T. ) ;
#145 = EDGE_CURVE ( 'NONE', #1817, #1375, #1384, .T. ) ;
#146 = DIRECTION ( 'NONE',  ( 1.508455196501571429E-16, 0.0000000000000000000, 1.000000000000000000 ) ) ;
#147 = LINE ( 'NONE', #1010, #2209 ) ;
#148 = EDGE_LOOP ( 'NONE', ( #2583, #733, #1592, #2450 ) ) ;
#149 = CARTESIAN_POINT ( 'NONE',  ( 0.0000000000000000000, 0.1000000000000000056, 0.0000000000000000000 ) ) ;
#150 = CARTESIAN_POINT ( 'NONE',  ( -8.000000000000005329, 0.1000000000000000056, 7.999999999999998224 ) ) ;
#151 = PLANE ( 'NONE',  #1625 ) ;
#152 = DIRECTION ( 'NONE',  ( -1.000000000000000000, 0.0000000000000000000, -7.434529182757739478E-16 ) ) ;
#153 = ORIENTED_EDGE ( 'NONE', *, *, #2277, .F. ) ;
#154 = DIRECTION ( 'NONE',  ( 0.0000000000000000000, 0.0000000000000000000, -1.000000000000000000 ) ) ;
#155 = CARTESIAN_POINT ( 'NONE',  ( -5.000000000000004441, -0.0000000000000000000, -7.999999999999998224 ) ) ;
#156 = DIRECTION ( 'NONE',  ( 0.0000000000000000000, -1.000000000000000000, 0.0000000000000000000 ) ) ;
#157 = SURFACE_STYLE_USAGE ( .BOTH. , #373 ) ;
#158 = EDGE_CURVE ( 'NONE', #217, #1916, #1569, .T. ) ;
#159 = EDGE_LOOP ( 'NONE', ( #973, #621, #1277, #668, #2706, #2610 ) ) ;
#160 = ORIENTED_EDGE ( 'NONE', *, *, #2248, .T. ) ;
#161 = UNCERTAINTY_MEASURE_WITH_UNIT (LENGTH_MEASURE( 1.000000000000000082E-05 ), #1419, 'distance_accuracy_value', 'NONE');
#162 = DIRECTION ( 'NONE',  ( 1.000000000000000000, 0.0000000000000000000, 0.0000000000000000000 ) ) ;
#163 = ADVANCED_FACE ( 'NONE', ( #514 ), #609, .F. ) ;
#164 = DIRECTION ( 'NONE',  ( 0.0000000000000000000, -0.0000000000000000000, 1.000000000000000000 ) ) ;
#165 = CARTESIAN_POINT ( 'NONE',  ( -11.50000000000000178, 2.299999999999999822, 10.29999999999999538 ) ) ;
#166 = LINE ( 'NONE', #1667, #1480 ) ;
#167 = VERTEX_POINT ( 'NONE', #928 ) ;
#168 = CARTESIAN_POINT ( 'NONE',  ( -10.30000000000000249, 2.299999999999999822, 10.29999999999999538 ) ) ;
#169 = AXIS2_PLACEMENT_3D ( 'NONE', #1094, #2144, #1727 ) ;
#170 = CARTESIAN_POINT ( 'NONE',  ( -10.30000000000000249, 2.299999999999999822, 10.29999999999999538 ) ) ;
#171 = VERTEX_POINT ( 'NONE', #1794 ) ;
#172 =( GEOMETRIC_REPRESENTATION_CONTEXT ( 3 ) GLOBAL_UNCERTAINTY_ASSIGNED_CONTEXT ( ( #30 ) ) GLOBAL_UNIT_ASSIGNED_CONTEXT ( ( #1072, #1911, #832 ) ) REPRESENTATION_CONTEXT ( 'NONE', 'WORKASPACE' ) );
#173 = LINE ( 'NONE', #2730, #2739 ) ;
#174 = VECTOR ( 'NONE', #419, 1000.000000000000000 ) ;
#175 = AXIS2_PLACEMENT_3D ( 'NONE', #457, #469, #1136 ) ;
#176 = ORIENTED_EDGE ( 'NONE', *, *, #104, .F. ) ;
#177 = VERTEX_POINT ( 'NONE', #526 ) ;
#178 = APPLICATION_CONTEXT ( 'automotive_design' ) ;
#179 = FILL_AREA_STYLE ('',( #18 ) ) ;
#180 = VECTOR ( 'NONE', #1316, 1000.000000000000000 ) ;
#181 = EDGE_CURVE ( 'NONE', #1601, #844, #2258, .T. ) ;
#182 = LINE ( 'NONE', #17, #2213 ) ;
#183 = DIRECTION ( 'NONE',  ( 0.0000000000000000000, 0.0000000000000000000, 1.000000000000000000 ) ) ;
#184 = ORIENTED_EDGE ( 'NONE', *, *, #1908, .F. ) ;
#185 = CARTESIAN_POINT ( 'NONE',  ( 0.0000000000000000000, 0.0000000000000000000, 0.0000000000000000000 ) ) ;
#186 = AXIS2_PLACEMENT_3D ( 'NONE', #1915, #2352, #867 ) ;
#187 = CARTESIAN_POINT ( 'NONE',  ( 8.000000000000001776, 2.299999999999999822, 11.49999999999999467 ) ) ;
#188 = VERTEX_POINT ( 'NONE', #1587 ) ;
#189 = MECHANICAL_DESIGN_GEOMETRIC_PRESENTATION_REPRESENTATION (  '', ( #541 ), #2260 ) ;
#190 = DIRECTION ( 'NONE',  ( 1.000000000000000000, 0.0000000000000000000, -0.0000000000000000000 ) ) ;
#191 =( NAMED_UNIT ( * ) SI_UNIT ( $, .STERADIAN. ) SOLID_ANGLE_UNIT ( ) );
#192 = ORIENTED_EDGE ( 'NONE', *, *, #2667, .T. ) ;
#193 = ORIENTED_EDGE ( 'NONE', *, *, #75, .F. ) ;
#194 = CARTESIAN_POINT ( 'NONE',  ( 11.49999999999998401, 0.0000000000000000000, 11.50000000000000178 ) ) ;
#195 = EDGE_CURVE ( 'NONE', #941, #1620, #2435, .T. ) ;
#196 = LINE ( 'NONE', #2524, #1126 ) ;
#197 = PLANE ( 'NONE',  #952 ) ;
#198 = SURFACE_STYLE_FILL_AREA ( #1479 ) ;
#199 = EDGE_LOOP ( 'NONE', ( #1328, #1006, #2296, #1757 ) ) ;
#200 = ORIENTED_EDGE ( 'NONE', *, *, #799, .F. ) ;
#201 = EDGE_CURVE ( 'NONE', #422, #2437, #122, .T. ) ;
#202 = PRESENTATION_STYLE_ASSIGNMENT (( #2351 ) ) ;
#203 = VERTEX_POINT ( 'NONE', #944 ) ;
#204 = LINE ( 'NONE', #2588, #627 ) ;
#205 = DIRECTION ( 'NONE',  ( 0.0000000000000000000, -0.0000000000000000000, -1.000000000000000000 ) ) ;
#206 = ORIENTED_EDGE ( 'NONE', *, *, #1473, .F. ) ;
#207 = EDGE_LOOP ( 'NONE', ( #1641, #2327, #2140, #2761 ) ) ;
#208 = FACE_BOUND ( 'NONE', #1176, .T. ) ;
#209 = DIRECTION ( 'NONE',  ( -1.000000000000000000, 0.0000000000000000000, 1.508455196501571429E-16 ) ) ;
#210 = EDGE_CURVE ( 'NONE', #879, #2280, #1842, .T. ) ;
#211 = ORIENTED_EDGE ( 'NONE', *, *, #2046, .T. ) ;
#212 = FACE_BOUND ( 'NONE', #546, .T. ) ;
#213 = ORIENTED_EDGE ( 'NONE', *, *, #655, .F. ) ;
#214 = ORIENTED_EDGE ( 'NONE', *, *, #2603, .F. ) ;
#215 = EDGE_CURVE ( 'NONE', #853, #1620, #2682, .T. ) ;
#216 = FACE_OUTER_BOUND ( 'NONE', #2324, .T. ) ;
#217 = VERTEX_POINT ( 'NONE', #1600 ) ;
#218 = FACE_OUTER_BOUND ( 'NONE', #1291, .T. ) ;
#219 = TOROIDAL_SURFACE ( 'NONE', #2550, 3.500000000000000000, 0.5000000000000000000 ) ;
#220 = VECTOR ( 'NONE', #758, 1000.000000000000000 ) ;
#221 = CYLINDRICAL_SURFACE ( 'NONE', #280, 0.5000000000000004441 ) ;
#222 = FACE_OUTER_BOUND ( 'NONE', #600, .T. ) ;
#223 = ORIENTED_EDGE ( 'NONE', *, *, #1063, .T. ) ;
#224 = ORIENTED_EDGE ( 'NONE', *, *, #2313, .T. ) ;
#225 = VECTOR ( 'NONE', #2103, 1000.000000000000000 ) ;
#226 = PLANE ( 'NONE',  #1211 ) ;
#227 = DIRECTION ( 'NONE',  ( 0.0000000000000000000, 0.0000000000000000000, 1.000000000000000000 ) ) ;
#228 = DIRECTION ( 'NONE',  ( -0.0000000000000000000, 1.000000000000000000, -0.0000000000000000000 ) ) ;
#229 = ORIENTED_EDGE ( 'NONE', *, *, #1962, .F. ) ;
#230 = AXIS2_PLACEMENT_3D ( 'NONE', #1443, #2323, #1197 ) ;
#231 = EDGE_CURVE ( 'NONE', #1362, #1799, #2371, .T. ) ;
#232 = CARTESIAN_POINT ( 'NONE',  ( 10.29999999999999538, 2.299999999999999822, -10.30000000000000604 ) ) ;
#233 = UNCERTAINTY_MEASURE_WITH_UNIT (LENGTH_MEASURE( 1.000000000000000082E-05 ), #2622, 'distance_accuracy_value', 'NONE');
#234 = AXIS2_PLACEMENT_3D ( 'NONE', #149, #320, #769 ) ;
#235 = EDGE_CURVE ( 'NONE', #1869, #68, #34, .T. ) ;
#236 = EDGE_CURVE ( 'NONE', #1815, #68, #1413, .T. ) ;
#237 = ORIENTED_EDGE ( 'NONE', *, *, #2527, .T. ) ;
#238 = PRESENTATION_STYLE_ASSIGNMENT (( #430 ) ) ;
#239 = DIRECTION ( 'NONE',  ( 0.0000000000000000000, 0.0000000000000000000, -1.000000000000000000 ) ) ;
#240 = CARTESIAN_POINT ( 'NONE',  ( -1.500000000000008216, 0.1000000000000000056, 11.50000000000000178 ) ) ;
#241 = ORIENTED_EDGE ( 'NONE', *, *, #1875, .F. ) ;
#242 = VERTEX_POINT ( 'NONE', #1684 ) ;
#243 = DIRECTION ( 'NONE',  ( 1.000000000000000000, 0.0000000000000000000, 0.0000000000000000000 ) ) ;
#244 = CARTESIAN_POINT ( 'NONE',  ( -11.50000000000000178, 2.299999999999999822, 8.000000000000000000 ) ) ;
#245 = ORIENTED_EDGE ( 'NONE', *, *, #2397, .F. ) ;
#246 = VERTEX_POINT ( 'NONE', #2062 ) ;
#247 = EDGE_CURVE ( 'NONE', #1926, #327, #1572, .T. ) ;
#248 = CARTESIAN_POINT ( 'NONE',  ( 11.00000000000000178, 2.799999999999997158, 7.999999999999998224 ) ) ;
#249 = ORIENTED_EDGE ( 'NONE', *, *, #1634, .T. ) ;
#250 = EDGE_CURVE ( 'NONE', #327, #60, #166, .T. ) ;
#251 = LINE ( 'NONE', #293, #757 ) ;
#252 = DIRECTION ( 'NONE',  ( 0.0000000000000000000, 0.0000000000000000000, 1.000000000000000000 ) ) ;
#253 = EDGE_CURVE ( 'NONE', #1620, #853, #1706, .T. ) ;
#254 = CARTESIAN_POINT ( 'NONE',  ( 4.999999999999988454, 0.1000000000000000056, -11.50000000000000178 ) ) ;
#255 = EDGE_LOOP ( 'NONE', ( #1971, #22, #2699, #2591 ) ) ;
#256 = DIRECTION ( 'NONE',  ( -0.0000000000000000000, 1.000000000000000000, -0.0000000000000000000 ) ) ;
#257 = LINE ( 'NONE', #41, #2609 ) ;
#258 = ORIENTED_EDGE ( 'NONE', *, *, #2253, .T. ) ;
#259 = ORIENTED_EDGE ( 'NONE', *, *, #1699, .T. ) ;
#260 = CARTESIAN_POINT ( 'NONE',  ( -8.000000000000000000, 2.799999999999997158, -11.49999999999999822 ) ) ;
#261 = MECHANICAL_DESIGN_GEOMETRIC_PRESENTATION_REPRESENTATION (  '', ( #2679 ), #1838 ) ;
#262 = CARTESIAN_POINT ( 'NONE',  ( -10.30000000000000604, 1.300000000000000044, -10.30000000000000604 ) ) ;
#263 = ADVANCED_FACE ( 'NONE', ( #2474 ), #2526, .F. ) ;
#264 = DIRECTION ( 'NONE',  ( 0.0000000000000000000, 0.0000000000000000000, 1.000000000000000000 ) ) ;
#265 = VECTOR ( 'NONE', #1437, 1000.000000000000000 ) ;
#266 = EDGE_CURVE ( 'NONE', #1392, #2136, #392, .T. ) ;
#267 = DIRECTION ( 'NONE',  ( 0.0000000000000000000, 1.000000000000000000, 0.0000000000000000000 ) ) ;
#268 = AXIS2_PLACEMENT_3D ( 'NONE', #1451, #375, #1001 ) ;
#269 = ADVANCED_FACE ( 'NONE', ( #139 ), #2724, .T. ) ;
#270 = CIRCLE ( 'NONE', #1848, 3.000000000000000000 ) ;
#271 = CARTESIAN_POINT ( 'NONE',  ( -8.000000000000005329, 0.1000000000000000056, 11.50000000000000178 ) ) ;
#272 = DIRECTION ( 'NONE',  ( 0.0000000000000000000, 0.0000000000000000000, 1.000000000000000000 ) ) ;
#273 = PRESENTATION_LAYER_ASSIGNMENT (  '', '', ( #1487 ) ) ;
#274 = EDGE_LOOP ( 'NONE', ( #1222, #1976, #2178, #2575 ) ) ;
#275 = TOROIDAL_SURFACE ( 'NONE', #1853, 0.5000000000000000000, 2.500000000000000000 ) ;
#276 = MECHANICAL_DESIGN_GEOMETRIC_PRESENTATION_REPRESENTATION (  '', ( #1351 ), #1760 ) ;
#277 = CIRCLE ( 'NONE', #1811, 0.5000000000000004441 ) ;
#278 = VERTEX_POINT ( 'NONE', #1868 ) ;
#279 = CARTESIAN_POINT ( 'NONE',  ( 7.999999999999986677, 0.0000000000000000000, 7.999999999999998224 ) ) ;
#280 = AXIS2_PLACEMENT_3D ( 'NONE', #2766, #9, #2348 ) ;
#281 = DIRECTION ( 'NONE',  ( 0.0000000000000000000, -1.000000000000000000, 0.0000000000000000000 ) ) ;
#282 = PLANE ( 'NONE',  #616 ) ;
#283 = EDGE_CURVE ( 'NONE', #171, #2538, #2112, .T. ) ;
#284 = SURFACE_SIDE_STYLE ('',( #499 ) ) ;
#285 = DIRECTION ( 'NONE',  ( -0.0000000000000000000, -1.000000000000000000, -0.0000000000000000000 ) ) ;
#286 = SURFACE_SIDE_STYLE ('',( #2040 ) ) ;
#287 = EDGE_CURVE ( 'NONE', #2012, #663, #2320, .T. ) ;
#288 = ORIENTED_EDGE ( 'NONE', *, *, #2196, .F. ) ;
#289 = FACE_OUTER_BOUND ( 'NONE', #1076, .T. ) ;
#290 = ORIENTED_EDGE ( 'NONE', *, *, #2358, .F. ) ;
#291 = PLANE ( 'NONE',  #491 ) ;
#292 = ORIENTED_EDGE ( 'NONE', *, *, #1732, .T. ) ;
#293 = CARTESIAN_POINT ( 'NONE',  ( 4.999999999999988454, 0.1000000000000000056, -11.50000000000000178 ) ) ;
#294 = CARTESIAN_POINT ( 'NONE',  ( 7.999999999999989342, 0.0000000000000000000, -7.999999999999998224 ) ) ;
#295 = CARTESIAN_POINT ( 'NONE',  ( -12.49999999999999467, 1.300000000000000044, 12.50000000000000355 ) ) ;
#296 =( NAMED_UNIT ( * ) SI_UNIT ( $, .STERADIAN. ) SOLID_ANGLE_UNIT ( ) );
#297 = DIRECTION ( 'NONE',  ( -0.0000000000000000000, -1.000000000000000000, -0.0000000000000000000 ) ) ;
#298 = DIRECTION ( 'NONE',  ( -0.0000000000000000000, -1.000000000000000000, -0.0000000000000000000 ) ) ;
#299 = VERTEX_POINT ( 'NONE', #787 ) ;
#300 = EDGE_CURVE ( 'NONE', #476, #422, #1250, .T. ) ;
#301 = CARTESIAN_POINT ( 'NONE',  ( 0.0000000000000000000, 6.800000000000000711, 8.500000000000000000 ) ) ;
#302 = ORIENTED_EDGE ( 'NONE', *, *, #2705, .F. ) ;
#303 = LINE ( 'NONE', #1161, #990 ) ;
#304 = FILL_AREA_STYLE_COLOUR ( '', #2300 ) ;
#305 = FACE_OUTER_BOUND ( 'NONE', #1263, .T. ) ;
#306 = ORIENTED_EDGE ( 'NONE', *, *, #19, .T. ) ;
#307 = PRESENTATION_LAYER_ASSIGNMENT (  '', '', ( #2283 ) ) ;
#308 = DIRECTION ( 'NONE',  ( 0.0000000000000000000, -1.000000000000000000, 0.0000000000000000000 ) ) ;
#309 = PLANE ( 'NONE',  #675 ) ;
#310 = CARTESIAN_POINT ( 'NONE',  ( -9.750000000000000000, 0.1000000000000000056, -5.999999999999997335 ) ) ;
#311 = VECTOR ( 'NONE', #416, 1000.000000000000000 ) ;
#312 = LINE ( 'NONE', #2668, #1087 ) ;
#313 = ADVANCED_FACE ( 'NONE', ( #1834 ), #1228, .F. ) ;
#314 = DIRECTION ( 'NONE',  ( 0.0000000000000000000, 0.0000000000000000000, 1.000000000000000000 ) ) ;
#315 = ORIENTED_EDGE ( 'NONE', *, *, #372, .T. ) ;
#316 = LINE ( 'NONE', #2264, #1535 ) ;
#317 = VECTOR ( 'NONE', #2101, 1000.000000000000000 ) ;
#318 = ADVANCED_FACE ( 'NONE', ( #1016 ), #1881, .F. ) ;
#319 = AXIS2_PLACEMENT_3D ( 'NONE', #474, #1140, #81 ) ;
#320 = DIRECTION ( 'NONE',  ( 0.0000000000000000000, -1.000000000000000000, 0.0000000000000000000 ) ) ;
#321 = DIRECTION ( 'NONE',  ( -0.0000000000000000000, -1.000000000000000000, -0.0000000000000000000 ) ) ;
#322 = EDGE_LOOP ( 'NONE', ( #2464, #953, #1474, #302 ) ) ;
#323 = PRESENTATION_LAYER_ASSIGNMENT (  '', '', ( #1767 ) ) ;
#324 = CARTESIAN_POINT ( 'NONE',  ( 10.29999999999999538, 2.299999999999999822, -11.50000000000000533 ) ) ;
#325 = DIRECTION ( 'NONE',  ( -1.508455196501571429E-16, -0.0000000000000000000, -1.000000000000000000 ) ) ;
#326 = CARTESIAN_POINT ( 'NONE',  ( -9.750000000000000000, -0.0000000000000000000, -4.999999999999997335 ) ) ;
#327 = VERTEX_POINT ( 'NONE', #458 ) ;
#328 = DIRECTION ( 'NONE',  ( 1.000000000000000000, 0.0000000000000000000, 0.0000000000000000000 ) ) ;
#329 = ORIENTED_EDGE ( 'NONE', *, *, #59, .F. ) ;
#330 = CARTESIAN_POINT ( 'NONE',  ( -9.750000000000000000, -0.0000000000000000000, -5.999999999999997335 ) ) ;
#331 = DIRECTION ( 'NONE',  ( -1.000000000000000000, 0.0000000000000000000, 0.0000000000000000000 ) ) ;
#332 = CARTESIAN_POINT ( 'NONE',  ( 11.49999999999998757, 0.0000000000000000000, -7.999999999999998224 ) ) ;
#333 = ORIENTED_EDGE ( 'NONE', *, *, #1434, .T. ) ;
#334 = FACE_OUTER_BOUND ( 'NONE', #255, .T. ) ;
#335 = CARTESIAN_POINT ( 'NONE',  ( 7.999999999999989342, 0.1000000000000000056, -11.50000000000000178 ) ) ;
#336 = FILL_AREA_STYLE ('',( #581 ) ) ;
#337 = VERTEX_POINT ( 'NONE', #1950 ) ;
#338 = DIRECTION ( 'NONE',  ( 1.000000000000000000, 0.0000000000000000000, 0.0000000000000000000 ) ) ;
#339 = CARTESIAN_POINT ( 'NONE',  ( -8.000000000000000000, 2.799999999999999822, 11.50000000000000178 ) ) ;
#340 = CARTESIAN_POINT ( 'NONE',  ( -11.50000000000000533, 1.300000000000000044, -10.30000000000000604 ) ) ;
#341 = DIRECTION ( 'NONE',  ( 0.0000000000000000000, 0.0000000000000000000, 1.000000000000000000 ) ) ;
#342 = PLANE ( 'NONE',  #937 ) ;
#343 = DIRECTION ( 'NONE',  ( -1.000000000000000000, 0.0000000000000000000, -0.0000000000000000000 ) ) ;
#344 = DIRECTION ( 'NONE',  ( -1.000000000000000000, -0.0000000000000000000, -0.0000000000000000000 ) ) ;
#345 = AXIS2_PLACEMENT_3D ( 'NONE', #1560, #2406, #82 ) ;
#346 = EDGE_LOOP ( 'NONE', ( #2174, #2337, #429, #2618 ) ) ;
#347 = ADVANCED_FACE ( 'NONE', ( #222 ), #1100, .F. ) ;
#348 = CIRCLE ( 'NONE', #524, 2.999999999999999112 ) ;
#349 = CARTESIAN_POINT ( 'NONE',  ( 0.0000000000000000000, 2.299999999999999822, 0.0000000000000000000 ) ) ;
#350 = LINE ( 'NONE', #759, #1677 ) ;
#351 = AXIS2_PLACEMENT_3D ( 'NONE', #61, #1555, #1539 ) ;
#352 = COLOUR_RGB ( '',1.000000000000000000, 0.8078431372549019773, 0.4980392156862745168 ) ;
#353 = CARTESIAN_POINT ( 'NONE',  ( 1.499999999999990896, 0.0000000000000000000, -11.50000000000000178 ) ) ;
#354 = CARTESIAN_POINT ( 'NONE',  ( 8.499999999999998224, 6.800000000000000711, -7.999999999999996447 ) ) ;
#355 = CIRCLE ( 'NONE', #1715, 3.000000000000000888 ) ;
#356 = VERTEX_POINT ( 'NONE', #642 ) ;
#357 = VECTOR ( 'NONE', #1729, 1000.000000000000000 ) ;
#358 = CARTESIAN_POINT ( 'NONE',  ( 4.999999999999988454, 0.0000000000000000000, -11.50000000000000178 ) ) ;
#359 = VECTOR ( 'NONE', #543, 1000.000000000000000 ) ;
#360 = FACE_OUTER_BOUND ( 'NONE', #1563, .T. ) ;
#361 = CYLINDRICAL_SURFACE ( 'NONE', #1132, 2.999999999999999112 ) ;
#362 = CARTESIAN_POINT ( 'NONE',  ( 8.000000000000000000, 6.800000000000000711, -8.499999999999996447 ) ) ;
#363 = CIRCLE ( 'NONE', #1405, 1.499999999999999556 ) ;
#364 = EDGE_CURVE ( 'NONE', #2702, #747, #2536, .T. ) ;
#365 = ORIENTED_EDGE ( 'NONE', *, *, #2491, .T. ) ;
#366 = DIRECTION ( 'NONE',  ( 0.0000000000000000000, 1.000000000000000000, 0.0000000000000000000 ) ) ;
#367 = LINE ( 'NONE', #1033, #2698 ) ;
#368 = EDGE_CURVE ( 'NONE', #1135, #875, #2595, .T. ) ;
#369 = VERTEX_POINT ( 'NONE', #1513 ) ;
#370 = PRESENTATION_LAYER_ASSIGNMENT (  '', '', ( #585 ) ) ;
#371 = PLANE ( 'NONE',  #2605 ) ;
#372 = EDGE_CURVE ( 'NONE', #1495, #1554, #1745, .T. ) ;
#373 = SURFACE_SIDE_STYLE ('',( #1448 ) ) ;
#374 = ORIENTED_EDGE ( 'NONE', *, *, #368, .F. ) ;
#375 = DIRECTION ( 'NONE',  ( 0.0000000000000000000, 1.000000000000000000, 0.0000000000000000000 ) ) ;
#376 = LINE ( 'NONE', #1268, #180 ) ;
#377 = FACE_OUTER_BOUND ( 'NONE', #571, .T. ) ;
#378 =( NAMED_UNIT ( * ) PLANE_ANGLE_UNIT ( ) SI_UNIT ( $, .RADIAN. ) );
#379 = ORIENTED_EDGE ( 'NONE', *, *, #2662, .F. ) ;
#380 = DIRECTION ( 'NONE',  ( 0.0000000000000000000, 0.0000000000000000000, 1.000000000000000000 ) ) ;
#381 = VERTEX_POINT ( 'NONE', #1046 ) ;
#382 = ORIENTED_EDGE ( 'NONE', *, *, #69, .F. ) ;
#383 = ADVANCED_FACE ( 'NONE', ( #1963 ), #2126, .F. ) ;
#384 = LINE ( 'NONE', #590, #225 ) ;
#385 = CARTESIAN_POINT ( 'NONE',  ( 8.000000000000000000, 9.300000000000000711, -7.999999999999996447 ) ) ;
#386 = ADVANCED_FACE ( 'NONE', ( #2569 ), #1290, .F. ) ;
#387 = ORIENTED_EDGE ( 'NONE', *, *, #210, .T. ) ;
#388 = ORIENTED_EDGE ( 'NONE', *, *, #969, .F. ) ;
#389 = DIRECTION ( 'NONE',  ( -0.0000000000000000000, -0.0000000000000000000, 1.000000000000000000 ) ) ;
#390 = CARTESIAN_POINT ( 'NONE',  ( 8.000000000000000000, 6.800000000000000711, -7.999999999999996447 ) ) ;
#391 =( LENGTH_UNIT ( ) NAMED_UNIT ( * ) SI_UNIT ( .MILLI., .METRE. ) );
#392 = LINE ( 'NONE', #2076, #2459 ) ;
#393 = EDGE_LOOP ( 'NONE', ( #680, #1526, #637, #2789 ) ) ;
#394 =( NAMED_UNIT ( * ) SI_UNIT ( $, .STERADIAN. ) SOLID_ANGLE_UNIT ( ) );
#395 = ORIENTED_EDGE ( 'NONE', *, *, #266, .T. ) ;
#396 = LINE ( 'NONE', #826, #858 ) ;
#397 = AXIS2_PLACEMENT_3D ( 'NONE', #2276, #1204, #2097 ) ;
#398 = PRESENTATION_STYLE_ASSIGNMENT (( #1508 ) ) ;
#399 = ADVANCED_FACE ( 'NONE', ( #305 ), #939, .F. ) ;
#400 = AXIS2_PLACEMENT_3D ( 'NONE', #2148, #636, #205 ) ;
#401 = ORIENTED_EDGE ( 'NONE', *, *, #2513, .F. ) ;
#402 = EDGE_LOOP ( 'NONE', ( #249, #1888, #64, #2499 ) ) ;
#403 = EDGE_CURVE ( 'NONE', #1305, #2012, #54, .T. ) ;
#404 = DIRECTION ( 'NONE',  ( 0.0000000000000000000, 0.0000000000000000000, 1.000000000000000000 ) ) ;
#405 = VECTOR ( 'NONE', #2308, 1000.000000000000000 ) ;
#406 = VECTOR ( 'NONE', #1741, 1000.000000000000000 ) ;
#407 = DIRECTION ( 'NONE',  ( 1.000000000000000000, -0.0000000000000000000, 0.0000000000000000000 ) ) ;
#408 = ORIENTED_EDGE ( 'NONE', *, *, #2773, .F. ) ;
#409 = AXIS2_PLACEMENT_3D ( 'NONE', #1902, #156, #2486 ) ;
#410 = VERTEX_POINT ( 'NONE', #1345 ) ;
#411 = SURFACE_STYLE_FILL_AREA ( #629 ) ;
#412 = VECTOR ( 'NONE', #1966, 1000.000000000000000 ) ;
#413 = DIRECTION ( 'NONE',  ( -1.000000000000000000, -0.0000000000000000000, -0.0000000000000000000 ) ) ;
#414 = AXIS2_PLACEMENT_3D ( 'NONE', #2237, #726, #252 ) ;
#415 = DIRECTION ( 'NONE',  ( -1.000000000000000000, -0.0000000000000000000, -0.0000000000000000000 ) ) ;
#416 = DIRECTION ( 'NONE',  ( 0.0000000000000000000, -1.000000000000000000, 0.0000000000000000000 ) ) ;
#417 = ORIENTED_EDGE ( 'NONE', *, *, #483, .F. ) ;
#418 = ORIENTED_EDGE ( 'NONE', *, *, #1783, .F. ) ;
#419 = DIRECTION ( 'NONE',  ( -0.0000000000000000000, -1.000000000000000000, -0.0000000000000000000 ) ) ;
#420 = DIRECTION ( 'NONE',  ( 0.0000000000000000000, -1.000000000000000000, 0.0000000000000000000 ) ) ;
#421 = ORIENTED_EDGE ( 'NONE', *, *, #247, .T. ) ;
#422 = VERTEX_POINT ( 'NONE', #1807 ) ;
#423 = EDGE_CURVE ( 'NONE', #1884, #1678, #804, .T. ) ;
#424 = FILL_AREA_STYLE_COLOUR ( '', #1441 ) ;
#425 = EDGE_LOOP ( 'NONE', ( #1192, #1538, #1272, #1887 ) ) ;
#426 = VERTEX_POINT ( 'NONE', #1125 ) ;
#427 = DIRECTION ( 'NONE',  ( 1.000000000000000000, 0.0000000000000000000, 0.0000000000000000000 ) ) ;
#428 = DIRECTION ( 'NONE',  ( 0.0000000000000000000, 1.000000000000000000, 0.0000000000000000000 ) ) ;
#429 = ORIENTED_EDGE ( 'NONE', *, *, #2603, .T. ) ;
#430 = SURFACE_STYLE_USAGE ( .BOTH. , #2170 ) ;
#431 = VERTEX_POINT ( 'NONE', #254 ) ;
#432 = ORIENTED_EDGE ( 'NONE', *, *, #1080, .T. ) ;
#433 = EDGE_CURVE ( 'NONE', #1372, #369, #2238, .T. ) ;
#434 = ORIENTED_EDGE ( 'NONE', *, *, #2232, .T. ) ;
#435 = CARTESIAN_POINT ( 'NONE',  ( -12.49999999999999822, 0.0000000000000000000, -12.49999999999999645 ) ) ;
#436 = MECHANICAL_DESIGN_GEOMETRIC_PRESENTATION_REPRESENTATION (  '', ( #1616 ), #2023 ) ;
#437 = VECTOR ( 'NONE', #1150, 1000.000000000000000 ) ;
#438 = ORIENTED_EDGE ( 'NONE', *, *, #1686, .T. ) ;
#439 =( LENGTH_UNIT ( ) NAMED_UNIT ( * ) SI_UNIT ( .MILLI., .METRE. ) );
#440 = VECTOR ( 'NONE', #2400, 1000.000000000000000 ) ;
#441 = AXIS2_PLACEMENT_3D ( 'NONE', #65, #942, #891 ) ;
#442 = FACE_OUTER_BOUND ( 'NONE', #2554, .T. ) ;
#443 = EDGE_LOOP ( 'NONE', ( #1386, #1102, #1070, #566 ) ) ;
#444 = EDGE_LOOP ( 'NONE', ( #1596, #387, #2571, #1482 ) ) ;
#445 = VECTOR ( 'NONE', #507, 1000.000000000000000 ) ;
#446 = CARTESIAN_POINT ( 'NONE',  ( 7.999999999999989342, 0.0000000000000000000, -11.50000000000000178 ) ) ;
#447 = CARTESIAN_POINT ( 'NONE',  ( -8.000000000000000000, 6.800000000000000711, -7.999999999999996447 ) ) ;
#448 = EDGE_CURVE ( 'NONE', #808, #1817, #2200, .T. ) ;
#449 = COLOUR_RGB ( '',1.000000000000000000, 0.8078431372549019773, 0.4980392156862745168 ) ;
#450 =( GEOMETRIC_REPRESENTATION_CONTEXT ( 3 ) GLOBAL_UNCERTAINTY_ASSIGNED_CONTEXT ( ( #762 ) ) GLOBAL_UNIT_ASSIGNED_CONTEXT ( ( #848, #1928, #2771 ) ) REPRESENTATION_CONTEXT ( 'NONE', 'WORKASPACE' ) );
#451 = EDGE_CURVE ( 'NONE', #337, #688, #957, .T. ) ;
#452 = CYLINDRICAL_SURFACE ( 'NONE', #2694, 1.199999999999999734 ) ;
#453 = CIRCLE ( 'NONE', #820, 1.000000000000000000 ) ;
#454 = ADVANCED_FACE ( 'NONE', ( #1993 ), #1582, .T. ) ;
#455 = DIRECTION ( 'NONE',  ( 0.0000000000000000000, 0.0000000000000000000, -1.000000000000000000 ) ) ;
#456 = ORIENTED_EDGE ( 'NONE', *, *, #921, .F. ) ;
#457 = CARTESIAN_POINT ( 'NONE',  ( -8.000000000000000000, 49.71269837220809507, 8.000000000000000000 ) ) ;
#458 = CARTESIAN_POINT ( 'NONE',  ( 8.000000000000000000, 9.300000000000000711, -8.499999999999996447 ) ) ;
#459 = VERTEX_POINT ( 'NONE', #2216 ) ;
#460 = VERTEX_POINT ( 'NONE', #472 ) ;
#461 = FACE_OUTER_BOUND ( 'NONE', #1500, .T. ) ;
#462 = DIRECTION ( 'NONE',  ( 0.0000000000000000000, 1.000000000000000000, 0.0000000000000000000 ) ) ;
#463 = LINE ( 'NONE', #1485, #2590 ) ;
#464 = ORIENTED_EDGE ( 'NONE', *, *, #1382, .F. ) ;
#465 = SURFACE_STYLE_FILL_AREA ( #1551 ) ;
#466 = ADVANCED_FACE ( 'NONE', ( #709 ), #282, .F. ) ;
#467 = DIRECTION ( 'NONE',  ( 1.000000000000000000, 0.0000000000000000000, -0.0000000000000000000 ) ) ;
#468 = VERTEX_POINT ( 'NONE', #511 ) ;
#469 = DIRECTION ( 'NONE',  ( 0.0000000000000000000, -1.000000000000000000, 0.0000000000000000000 ) ) ;
#470 = EDGE_CURVE ( 'NONE', #490, #337, #2188, .T. ) ;
#471 = LINE ( 'NONE', #1805, #1548 ) ;
#472 = CARTESIAN_POINT ( 'NONE',  ( -5.000000000000007105, 0.1000000000000000056, 11.50000000000000178 ) ) ;
#473 = ORIENTED_EDGE ( 'NONE', *, *, #2629, .F. ) ;
#474 = CARTESIAN_POINT ( 'NONE',  ( -8.000000000000000000, 9.300000000000000711, 8.000000000000000000 ) ) ;
#475 = CARTESIAN_POINT ( 'NONE',  ( 6.250000000000007105, 6.300000000000000711, -0.1199999999999968453 ) ) ;
#476 = VERTEX_POINT ( 'NONE', #1619 ) ;
#477 = DIRECTION ( 'NONE',  ( -2.081668171172168513E-16, -0.0000000000000000000, -1.000000000000000000 ) ) ;
#478 = DIRECTION ( 'NONE',  ( -1.000000000000000000, 0.0000000000000000000, 0.0000000000000000000 ) ) ;
#479 = EDGE_LOOP ( 'NONE', ( #899, #2239, #1031, #1717 ) ) ;
#480 = CARTESIAN_POINT ( 'NONE',  ( -5.000000000000004441, 0.1000000000000000056, 7.999999999999998224 ) ) ;
#481 = EDGE_CURVE ( 'NONE', #875, #246, #770, .T. ) ;
#482 = AXIS2_PLACEMENT_3D ( 'NONE', #2721, #1647, #2523 ) ;
#483 = EDGE_CURVE ( 'NONE', #1245, #1416, #2059, .T. ) ;
#484 = CYLINDRICAL_SURFACE ( 'NONE', #1047, 1.199999999999999734 ) ;
#485 = CARTESIAN_POINT ( 'NONE',  ( 6.250000000000007105, 6.300000000000000711, -0.1199999999999968453 ) ) ;
#486 = AXIS2_PLACEMENT_3D ( 'NONE', #1864, #1200, #1236 ) ;
#487 =( GEOMETRIC_REPRESENTATION_CONTEXT ( 3 ) GLOBAL_UNCERTAINTY_ASSIGNED_CONTEXT ( ( #233 ) ) GLOBAL_UNIT_ASSIGNED_CONTEXT ( ( #2622, #1585, #296 ) ) REPRESENTATION_CONTEXT ( 'NONE', 'WORKASPACE' ) );
#488 = CARTESIAN_POINT ( 'NONE',  ( 1.499999999999989120, 0.0000000000000000000, 11.50000000000000178 ) ) ;
#489 = CARTESIAN_POINT ( 'NONE',  ( -9.750000000000000000, 0.1000000000000000056, -3.999999999999997335 ) ) ;
#490 = VERTEX_POINT ( 'NONE', #1847 ) ;
#491 = AXIS2_PLACEMENT_3D ( 'NONE', #2002, #2689, #1826 ) ;
#492 = DIRECTION ( 'NONE',  ( 0.0000000000000000000, -0.0000000000000000000, 1.000000000000000000 ) ) ;
#493 = DIRECTION ( 'NONE',  ( -1.000000000000000000, 0.0000000000000000000, 0.0000000000000000000 ) ) ;
#494 = COLOUR_RGB ( '',0.7803921568627451011, 0.7607843137254901578, 0.7411764705882353255 ) ;
#495 = ORIENTED_EDGE ( 'NONE', *, *, #658, .T. ) ;
#496 = FACE_OUTER_BOUND ( 'NONE', #1693, .T. ) ;
#497 = FACE_OUTER_BOUND ( 'NONE', #792, .T. ) ;
#498 =( NAMED_UNIT ( * ) SI_UNIT ( $, .STERADIAN. ) SOLID_ANGLE_UNIT ( ) );
#499 = SURFACE_STYLE_FILL_AREA ( #1547 ) ;
#500 = CARTESIAN_POINT ( 'NONE',  ( -8.000000000000003553, 0.1000000000000000056, -7.999999999999998224 ) ) ;
#501 = DIRECTION ( 'NONE',  ( 0.0000000000000000000, 0.0000000000000000000, 1.000000000000000000 ) ) ;
#502 = ORIENTED_EDGE ( 'NONE', *, *, #956, .F. ) ;
#503 = EDGE_CURVE ( 'NONE', #1362, #2312, #2418, .T. ) ;
#504 = CARTESIAN_POINT ( 'NONE',  ( 6.250000000000007105, 6.300000000000000711, -0.1199999999999968453 ) ) ;
#505 = UNCERTAINTY_MEASURE_WITH_UNIT (LENGTH_MEASURE( 1.000000000000000082E-05 ), #2309, 'distance_accuracy_value', 'NONE');
#506 = ORIENTED_EDGE ( 'NONE', *, *, #2082, .T. ) ;
#507 = DIRECTION ( 'NONE',  ( -0.0000000000000000000, 1.000000000000000000, -0.0000000000000000000 ) ) ;
#508 = ORIENTED_EDGE ( 'NONE', *, *, #1751, .F. ) ;
#509 = FACE_OUTER_BOUND ( 'NONE', #199, .T. ) ;
#510 = PLANE ( 'NONE',  #234 ) ;
#511 = CARTESIAN_POINT ( 'NONE',  ( -9.750000000000000000, 0.1000000000000000056, -3.999999999999997335 ) ) ;
#512 = ORIENTED_EDGE ( 'NONE', *, *, #921, .T. ) ;
#513 = DIRECTION ( 'NONE',  ( -1.000000000000000000, -0.0000000000000000000, -0.0000000000000000000 ) ) ;
#514 = FACE_OUTER_BOUND ( 'NONE', #1515, .T. ) ;
#515 = ORIENTED_EDGE ( 'NONE', *, *, #283, .T. ) ;
#516 = DIRECTION ( 'NONE',  ( -0.0000000000000000000, -0.0000000000000000000, 1.000000000000000000 ) ) ;
#517 = ADVANCED_FACE ( 'NONE', ( #2470 ), #342, .F. ) ;
#518 = CARTESIAN_POINT ( 'NONE',  ( 8.000000000000003553, 2.799999999999999822, 11.49999999999999822 ) ) ;
#519 = ORIENTED_EDGE ( 'NONE', *, *, #423, .T. ) ;
#520 = DIRECTION ( 'NONE',  ( 1.000000000000000000, 0.0000000000000000000, -7.885106708985485336E-17 ) ) ;
#521 = APPLICATION_PROTOCOL_DEFINITION ( 'draft international standard', 'automotive_design', 1998, #1440 ) ;
#522 = AXIS2_PLACEMENT_3D ( 'NONE', #326, #1129, #2052 ) ;
#523 = CARTESIAN_POINT ( 'NONE',  ( 0.0000000000000000000, 0.1000000000000000056, 0.0000000000000000000 ) ) ;
#524 = AXIS2_PLACEMENT_3D ( 'NONE', #2780, #1718, #650 ) ;
#525 = DIRECTION ( 'NONE',  ( -0.0000000000000000000, -1.000000000000000000, -0.0000000000000000000 ) ) ;
#526 = CARTESIAN_POINT ( 'NONE',  ( -5.000000000000004441, 0.1000000000000000056, -11.50000000000000178 ) ) ;
#527 = EDGE_LOOP ( 'NONE', ( #2375, #2307, #1808, #949 ) ) ;
#528 = AXIS2_PLACEMENT_3D ( 'NONE', #1788, #1318, #1373 ) ;
#529 = DIRECTION ( 'NONE',  ( -1.508455196501571429E-16, -0.0000000000000000000, -1.000000000000000000 ) ) ;
#530 = CARTESIAN_POINT ( 'NONE',  ( -11.50000000000000355, 0.1000000000000000056, 7.999999999999998224 ) ) ;
#531 = VECTOR ( 'NONE', #1398, 1000.000000000000000 ) ;
#532 = EDGE_LOOP ( 'NONE', ( #1685, #2251, #1428, #575 ) ) ;
#533 = CIRCLE ( 'NONE', #2291, 0.5000000000000004441 ) ;
#534 = CYLINDRICAL_SURFACE ( 'NONE', #2073, 2.500000000000000444 ) ;
#535 = CARTESIAN_POINT ( 'NONE',  ( 7.999999999999986677, 0.1000000000000000056, 11.50000000000000178 ) ) ;
#536 = AXIS2_PLACEMENT_3D ( 'NONE', #260, #870, #659 ) ;
#537 = EDGE_CURVE ( 'NONE', #626, #2315, #2331, .T. ) ;
#538 = VECTOR ( 'NONE', #2492, 1000.000000000000000 ) ;
#539 = CARTESIAN_POINT ( 'NONE',  ( 8.000000000000000000, 2.299999999999999822, -7.999999999999996447 ) ) ;
#540 = ORIENTED_EDGE ( 'NONE', *, *, #1471, .T. ) ;
#541 = STYLED_ITEM ( 'NONE', ( #1466 ), #2563 ) ;
#542 = DIRECTION ( 'NONE',  ( 0.0000000000000000000, -0.0000000000000000000, -1.000000000000000000 ) ) ;
#543 = DIRECTION ( 'NONE',  ( -0.0000000000000000000, -0.0000000000000000000, 1.000000000000000000 ) ) ;
#544 = ORIENTED_EDGE ( 'NONE', *, *, #451, .T. ) ;
#545 = DIRECTION ( 'NONE',  ( -2.478176394252579662E-16, 0.0000000000000000000, -1.000000000000000000 ) ) ;
#546 = EDGE_LOOP ( 'NONE', ( #1736, #1061, #1115, #1244 ) ) ;
#547 = CARTESIAN_POINT ( 'NONE',  ( -11.50000000000000178, -0.0000000000000000000, -11.50000000000000178 ) ) ;
#548 = ADVANCED_FACE ( 'NONE', ( #2737 ), #815, .F. ) ;
#549 = EDGE_CURVE ( 'NONE', #941, #468, #1253, .T. ) ;
#550 = DIRECTION ( 'NONE',  ( 0.0000000000000000000, 0.0000000000000000000, -1.000000000000000000 ) ) ;
#551 = PRESENTATION_STYLE_ASSIGNMENT (( #1896 ) ) ;
#552 = DIRECTION ( 'NONE',  ( -0.0000000000000000000, 1.000000000000000000, -0.0000000000000000000 ) ) ;
#553 = ORIENTED_EDGE ( 'NONE', *, *, #2064, .T. ) ;
#554 = FACE_OUTER_BOUND ( 'NONE', #756, .T. ) ;
#555 = CYLINDRICAL_SURFACE ( 'NONE', #1041, 1.000000000000000000 ) ;
#556 = EDGE_LOOP ( 'NONE', ( #1927, #464, #2084, #224 ) ) ;
#557 = CARTESIAN_POINT ( 'NONE',  ( -11.50000000000000533, 2.299999999999999822, -11.50000000000000533 ) ) ;
#558 = DIRECTION ( 'NONE',  ( 0.0000000000000000000, 1.000000000000000000, 0.0000000000000000000 ) ) ;
#559 = EDGE_CURVE ( 'NONE', #2107, #1301, #135, .T. ) ;
#560 = ORIENTED_EDGE ( 'NONE', *, *, #2456, .T. ) ;
#561 = LINE ( 'NONE', #1390, #1982 ) ;
#562 = EDGE_CURVE ( 'NONE', #1301, #1392, #1013, .T. ) ;
#563 = DIRECTION ( 'NONE',  ( 0.0000000000000000000, 0.0000000000000000000, 1.000000000000000000 ) ) ;
#564 = PLANE ( 'NONE',  #2389 ) ;
#565 = AXIS2_PLACEMENT_3D ( 'NONE', #121, #2697, #1638 ) ;
#566 = ORIENTED_EDGE ( 'NONE', *, *, #955, .T. ) ;
#567 = ADVANCED_FACE ( 'NONE', ( #2289 ), #1163, .T. ) ;
#568 = VECTOR ( 'NONE', #2673, 1000.000000000000000 ) ;
#569 = DIRECTION ( 'NONE',  ( 0.0000000000000000000, 0.0000000000000000000, -1.000000000000000000 ) ) ;
#570 = LINE ( 'NONE', #1019, #866 ) ;
#571 = EDGE_LOOP ( 'NONE', ( #2044, #2018, #788, #2736 ) ) ;
#572 = VECTOR ( 'NONE', #243, 1000.000000000000000 ) ;
#573 = CARTESIAN_POINT ( 'NONE',  ( -8.000000000000000000, 6.800000000000000711, -10.99999999999999822 ) ) ;
#574 = AXIS2_PLACEMENT_3D ( 'NONE', #339, #1257, #2119 ) ;
#575 = ORIENTED_EDGE ( 'NONE', *, *, #433, .F. ) ;
#576 = VECTOR ( 'NONE', #719, 1000.000000000000000 ) ;
#577 = DIRECTION ( 'NONE',  ( 0.0000000000000000000, 0.0000000000000000000, 1.000000000000000000 ) ) ;
#578 = MECHANICAL_DESIGN_GEOMETRIC_PRESENTATION_REPRESENTATION (  '', ( #1090 ), #910 ) ;
#579 = CARTESIAN_POINT ( 'NONE',  ( 7.999999999999989342, 0.1000000000000000056, -7.999999999999998224 ) ) ;
#580 = CARTESIAN_POINT ( 'NONE',  ( 7.999999999999989342, 0.1000000000000000056, -7.999999999999998224 ) ) ;
#581 = FILL_AREA_STYLE_COLOUR ( '', #1117 ) ;
#582 = COLOUR_RGB ( '',1.000000000000000000, 0.8078431372549019773, 0.4980392156862745168 ) ;
#583 = ORIENTED_EDGE ( 'NONE', *, *, #2064, .F. ) ;
#584 = ADVANCED_FACE ( 'NONE', ( #1420 ), #2267, .F. ) ;
#585 = STYLED_ITEM ( 'NONE', ( #1389 ), #24 ) ;
#586 = LINE ( 'NONE', #2065, #1755 ) ;
#587 = FACE_OUTER_BOUND ( 'NONE', #1859, .T. ) ;
#588 = ORIENTED_EDGE ( 'NONE', *, *, #2599, .F. ) ;
#589 = EDGE_CURVE ( 'NONE', #369, #2437, #1680, .T. ) ;
#590 = CARTESIAN_POINT ( 'NONE',  ( 1.499999999999990896, 0.0000000000000000000, -7.999999999999998224 ) ) ;
#591 = VERTEX_POINT ( 'NONE', #332 ) ;
#592 = ORIENTED_EDGE ( 'NONE', *, *, #1403, .F. ) ;
#593 = DIRECTION ( 'NONE',  ( 0.0000000000000000000, -0.0000000000000000000, -1.000000000000000000 ) ) ;
#594 = DIRECTION ( 'NONE',  ( -0.0000000000000000000, -1.000000000000000000, -0.0000000000000000000 ) ) ;
#595 = CARTESIAN_POINT ( 'NONE',  ( -1.500000000000006439, -0.0000000000000000000, -11.50000000000000178 ) ) ;
#596 = DIRECTION ( 'NONE',  ( 1.000000000000000000, 0.0000000000000000000, 0.0000000000000000000 ) ) ;
#597 = ORIENTED_EDGE ( 'NONE', *, *, #1891, .F. ) ;
#598 = DIRECTION ( 'NONE',  ( -0.0000000000000000000, -1.000000000000000000, -0.0000000000000000000 ) ) ;
#599 = FILL_AREA_STYLE_COLOUR ( '', #494 ) ;
#600 = EDGE_LOOP ( 'NONE', ( #840, #1530, #1912, #1195, #833, #1462 ) ) ;
#601 = ADVANCED_FACE ( 'NONE', ( #1865 ), #783, .F. ) ;
#602 = DIRECTION ( 'NONE',  ( -1.000000000000000000, -0.0000000000000000000, -0.0000000000000000000 ) ) ;
#603 = ORIENTED_EDGE ( 'NONE', *, *, #1313, .T. ) ;
#604 = ORIENTED_EDGE ( 'NONE', *, *, #1681, .T. ) ;
#605 = LINE ( 'NONE', #857, #2204 ) ;
#606 = FACE_OUTER_BOUND ( 'NONE', #1107, .T. ) ;
#607 = DIRECTION ( 'NONE',  ( -7.885106708985487801E-17, 0.0000000000000000000, -1.000000000000000000 ) ) ;
#608 = EDGE_LOOP ( 'NONE', ( #2537, #1261, #807, #2310 ) ) ;
#609 = TOROIDAL_SURFACE ( 'NONE', #1248, 3.500000000000000000, 0.5000000000000000000 ) ;
#610 = VERTEX_POINT ( 'NONE', #1661 ) ;
#611 = FACE_BOUND ( 'NONE', #889, .T. ) ;
#612 = MECHANICAL_DESIGN_GEOMETRIC_PRESENTATION_REPRESENTATION (  '', ( #2283 ), #172 ) ;
#613 = VERTEX_POINT ( 'NONE', #2490 ) ;
#614 = VECTOR ( 'NONE', #1432, 1000.000000000000000 ) ;
#615 = DIRECTION ( 'NONE',  ( 0.0000000000000000000, -1.000000000000000000, 0.0000000000000000000 ) ) ;
#616 = AXIS2_PLACEMENT_3D ( 'NONE', #295, #2442, #683 ) ;
#617 = DIRECTION ( 'NONE',  ( -1.000000000000000000, 0.0000000000000000000, 2.081668171172168760E-16 ) ) ;
#618 = ORIENTED_EDGE ( 'NONE', *, *, #20, .T. ) ;
#619 = AXIS2_PLACEMENT_3D ( 'NONE', #2611, #2619, #1564 ) ;
#620 = ORIENTED_EDGE ( 'NONE', *, *, #2248, .F. ) ;
#621 = ORIENTED_EDGE ( 'NONE', *, *, #144, .T. ) ;
#622 = SURFACE_STYLE_FILL_AREA ( #179 ) ;
#623 = EDGE_CURVE ( 'NONE', #2627, #1775, #561, .T. ) ;
#624 = DIRECTION ( 'NONE',  ( 0.0000000000000000000, 0.0000000000000000000, -1.000000000000000000 ) ) ;
#625 = SURFACE_STYLE_USAGE ( .BOTH. , #1088 ) ;
#626 = VERTEX_POINT ( 'NONE', #105 ) ;
#627 = VECTOR ( 'NONE', #1957, 1000.000000000000000 ) ;
#628 = VERTEX_POINT ( 'NONE', #968 ) ;
#629 = FILL_AREA_STYLE ('',( #1284 ) ) ;
#630 = VECTOR ( 'NONE', #525, 1000.000000000000000 ) ;
#631 = CARTESIAN_POINT ( 'NONE',  ( 8.000000000000001776, 9.300000000000000711, 7.999999999999998224 ) ) ;
#632 = ORIENTED_EDGE ( 'NONE', *, *, #2745, .F. ) ;
#633 = VERTEX_POINT ( 'NONE', #2534 ) ;
#634 = AXIS2_PLACEMENT_3D ( 'NONE', #1556, #2199, #76 ) ;
#635 = CARTESIAN_POINT ( 'NONE',  ( 12.50000000000000711, 1.300000000000000044, 12.50000000000000355 ) ) ;
#636 = DIRECTION ( 'NONE',  ( 0.0000000000000000000, -1.000000000000000000, 0.0000000000000000000 ) ) ;
#637 = ORIENTED_EDGE ( 'NONE', *, *, #2512, .T. ) ;
#638 = ORIENTED_EDGE ( 'NONE', *, *, #2456, .F. ) ;
#639 = CARTESIAN_POINT ( 'NONE',  ( 0.0000000000000000000, 9.300000000000000711, 0.0000000000000000000 ) ) ;
#640 = ADVANCED_FACE ( 'NONE', ( #2567, #218 ), #1907, .T. ) ;
#641 = ADVANCED_FACE ( 'NONE', ( #1497 ), #1297, .T. ) ;
#642 = CARTESIAN_POINT ( 'NONE',  ( -8.499999999999998224, 9.300000000000000711, 8.000000000000000000 ) ) ;
#643 = ORIENTED_EDGE ( 'NONE', *, *, #1259, .F. ) ;
#644 = ORIENTED_EDGE ( 'NONE', *, *, #145, .F. ) ;
#645 = DIRECTION ( 'NONE',  ( 0.0000000000000000000, 0.0000000000000000000, 1.000000000000000000 ) ) ;
#646 = LINE ( 'NONE', #1065, #1157 ) ;
#647 = EDGE_LOOP ( 'NONE', ( #408, #2022, #2784, #1367 ) ) ;
#648 = CARTESIAN_POINT ( 'NONE',  ( -12.49999999999999822, 1.300000000000000044, -12.49999999999999645 ) ) ;
#649 = ORIENTED_EDGE ( 'NONE', *, *, #2705, .T. ) ;
#650 = DIRECTION ( 'NONE',  ( 0.0000000000000000000, 0.0000000000000000000, 1.000000000000000000 ) ) ;
#651 = ADVANCED_FACE ( 'NONE', ( #2548 ), #829, .T. ) ;
#652 = FACE_OUTER_BOUND ( 'NONE', #207, .T. ) ;
#653 = VERTEX_POINT ( 'NONE', #1464 ) ;
#654 = ORIENTED_EDGE ( 'NONE', *, *, #144, .F. ) ;
#655 = EDGE_CURVE ( 'NONE', #1372, #1078, #605, .T. ) ;
#656 = LINE ( 'NONE', #2394, #2431 ) ;
#657 = LINE ( 'NONE', #2772, #1028 ) ;
#658 = EDGE_CURVE ( 'NONE', #663, #1775, #2317, .T. ) ;
#659 = DIRECTION ( 'NONE',  ( 0.0000000000000000000, 0.0000000000000000000, -1.000000000000000000 ) ) ;
#660 = AXIS2_PLACEMENT_3D ( 'NONE', #972, #1005, #1467 ) ;
#661 = STYLED_ITEM ( 'NONE', ( #904 ), #466 ) ;
#662 = PLANE ( 'NONE',  #1170 ) ;
#663 = VERTEX_POINT ( 'NONE', #7 ) ;
#664 = LINE ( 'NONE', #681, #1082 ) ;
#665 = STYLED_ITEM ( 'NONE', ( #398 ), #1039 ) ;
#666 = PRESENTATION_STYLE_ASSIGNMENT (( #2594 ) ) ;
#667 = EDGE_LOOP ( 'NONE', ( #94, #2559, #2088, #1938 ) ) ;
#668 = ORIENTED_EDGE ( 'NONE', *, *, #1644, .T. ) ;
#669 = DIRECTION ( 'NONE',  ( 0.0000000000000000000, -0.0000000000000000000, -1.000000000000000000 ) ) ;
#670 = DIRECTION ( 'NONE',  ( -7.885106708985487801E-17, 0.0000000000000000000, -1.000000000000000000 ) ) ;
#671 = CARTESIAN_POINT ( 'NONE',  ( 11.49999999999998757, 0.1000000000000000056, -11.50000000000000178 ) ) ;
#672 =( GEOMETRIC_REPRESENTATION_CONTEXT ( 3 ) GLOBAL_UNCERTAINTY_ASSIGNED_CONTEXT ( ( #1083 ) ) GLOBAL_UNIT_ASSIGNED_CONTEXT ( ( #1133, #1368, #1144 ) ) REPRESENTATION_CONTEXT ( 'NONE', 'WORKASPACE' ) );
#673 = EDGE_CURVE ( 'NONE', #814, #2483, #1476, .T. ) ;
#674 = EDGE_LOOP ( 'NONE', ( #2106, #2768, #23, #11 ) ) ;
#675 = AXIS2_PLACEMENT_3D ( 'NONE', #2615, #731, #1979 ) ;
#676 = FILL_AREA_STYLE_COLOUR ( '', #1494 ) ;
#677 = EDGE_CURVE ( 'NONE', #1554, #2315, #1662, .T. ) ;
#678 = VECTOR ( 'NONE', #2613, 1000.000000000000000 ) ;
#679 = DIRECTION ( 'NONE',  ( 0.0000000000000000000, 0.0000000000000000000, 1.000000000000000000 ) ) ;
#680 = ORIENTED_EDGE ( 'NONE', *, *, #959, .T. ) ;
#681 = CARTESIAN_POINT ( 'NONE',  ( 11.49999999999998757, 0.1000000000000000056, -7.999999999999998224 ) ) ;
#682 = CARTESIAN_POINT ( 'NONE',  ( 4.999999999999986677, 0.0000000000000000000, 11.50000000000000178 ) ) ;
#683 = DIRECTION ( 'NONE',  ( -1.000000000000000000, 0.0000000000000000000, -0.0000000000000000000 ) ) ;
#684 = ORIENTED_EDGE ( 'NONE', *, *, #689, .T. ) ;
#685 = DIRECTION ( 'NONE',  ( 0.0000000000000000000, -0.0000000000000000000, -1.000000000000000000 ) ) ;
#686 = DIRECTION ( 'NONE',  ( 0.0000000000000000000, 0.0000000000000000000, 1.000000000000000000 ) ) ;
#687 = CARTESIAN_POINT ( 'NONE',  ( -8.000000000000000000, 6.800000000000000711, 8.000000000000000000 ) ) ;
#688 = VERTEX_POINT ( 'NONE', #1264 ) ;
#689 = EDGE_CURVE ( 'NONE', #1639, #1714, #1922, .T. ) ;
#690 = LINE ( 'NONE', #700, #2427 ) ;
#691 = EDGE_CURVE ( 'NONE', #1554, #2511, #1279, .T. ) ;
#692 = DIRECTION ( 'NONE',  ( 7.434529182757739478E-16, 0.0000000000000000000, -1.000000000000000000 ) ) ;
#693 = EDGE_LOOP ( 'NONE', ( #836, #1546, #1571, #1897 ) ) ;
#694 = DIRECTION ( 'NONE',  ( -0.0000000000000000000, -0.0000000000000000000, 1.000000000000000000 ) ) ;
#695 = FACE_OUTER_BOUND ( 'NONE', #1111, .T. ) ;
#696 = CARTESIAN_POINT ( 'NONE',  ( -5.000000000000004441, -0.0000000000000000000, -11.50000000000000178 ) ) ;
#697 = FACE_OUTER_BOUND ( 'NONE', #693, .T. ) ;
#698 = LINE ( 'NONE', #1769, #2496 ) ;
#699 = ORIENTED_EDGE ( 'NONE', *, *, #481, .T. ) ;
#700 = CARTESIAN_POINT ( 'NONE',  ( -11.50000000000000533, 2.299999999999999822, -11.50000000000000533 ) ) ;
#701 = UNCERTAINTY_MEASURE_WITH_UNIT (LENGTH_MEASURE( 1.000000000000000082E-05 ), #2051, 'distance_accuracy_value', 'NONE');
#702 = LINE ( 'NONE', #2659, #1260 ) ;
#703 = VECTOR ( 'NONE', #420, 1000.000000000000000 ) ;
#704 = ORIENTED_EDGE ( 'NONE', *, *, #59, .T. ) ;
#705 = LINE ( 'NONE', #89, #84 ) ;
#706 = AXIS2_PLACEMENT_3D ( 'NONE', #2071, #2479, #1830 ) ;
#707 = CARTESIAN_POINT ( 'NONE',  ( 6.250000000000007105, 6.300000000000000711, -0.1199999999999968453 ) ) ;
#708 = EDGE_CURVE ( 'NONE', #1815, #613, #348, .T. ) ;
#709 = FACE_OUTER_BOUND ( 'NONE', #918, .T. ) ;
#710 = CIRCLE ( 'NONE', #619, 1.199999999999999734 ) ;
#711 = ORIENTED_EDGE ( 'NONE', *, *, #623, .T. ) ;
#712 = CIRCLE ( 'NONE', #86, 2.500000000000000444 ) ;
#713 = PLANE ( 'NONE',  #1214 ) ;
#714 = CARTESIAN_POINT ( 'NONE',  ( 11.49999999999998401, 0.1000000000000000056, 11.50000000000000178 ) ) ;
#715 = CARTESIAN_POINT ( 'NONE',  ( 10.29999999999999538, 2.299999999999999822, -11.50000000000000533 ) ) ;
#716 = VECTOR ( 'NONE', #2028, 1000.000000000000000 ) ;
#717 = ORIENTED_EDGE ( 'NONE', *, *, #799, .T. ) ;
#718 = VECTOR ( 'NONE', #1155, 1000.000000000000000 ) ;
#719 = DIRECTION ( 'NONE',  ( 0.0000000000000000000, -0.0000000000000000000, -1.000000000000000000 ) ) ;
#720 = VECTOR ( 'NONE', #2655, 1000.000000000000000 ) ;
#721 = CARTESIAN_POINT ( 'NONE',  ( -5.000000000000004441, 0.1000000000000000056, 7.999999999999998224 ) ) ;
#722 = PRESENTATION_LAYER_ASSIGNMENT (  '', '', ( #541 ) ) ;
#723 = ORIENTED_EDGE ( 'NONE', *, *, #201, .F. ) ;
#724 = FACE_OUTER_BOUND ( 'NONE', #883, .T. ) ;
#725 = EDGE_CURVE ( 'NONE', #2361, #1392, #1522, .T. ) ;
#726 = DIRECTION ( 'NONE',  ( -1.000000000000000000, 0.0000000000000000000, 0.0000000000000000000 ) ) ;
#727 = DIRECTION ( 'NONE',  ( 1.000000000000000000, 0.0000000000000000000, 0.0000000000000000000 ) ) ;
#728 = ORIENTED_EDGE ( 'NONE', *, *, #691, .F. ) ;
#729 = ADVANCED_FACE ( 'NONE', ( #2628 ), #935, .F. ) ;
#730 = PLANE ( 'NONE',  #2381 ) ;
#731 = DIRECTION ( 'NONE',  ( 0.0000000000000000000, 0.0000000000000000000, 1.000000000000000000 ) ) ;
#732 = DIRECTION ( 'NONE',  ( -0.0000000000000000000, -1.000000000000000000, -0.0000000000000000000 ) ) ;
#733 = ORIENTED_EDGE ( 'NONE', *, *, #956, .T. ) ;
#734 = CARTESIAN_POINT ( 'NONE',  ( -11.00000000000000000, 6.800000000000000711, -7.999999999999996447 ) ) ;
#735 = ORIENTED_EDGE ( 'NONE', *, *, #1785, .F. ) ;
#736 = CARTESIAN_POINT ( 'NONE',  ( 8.000000000000001776, 2.799999999999997158, 7.999999999999998224 ) ) ;
#737 = ORIENTED_EDGE ( 'NONE', *, *, #2198, .T. ) ;
#738 = EDGE_CURVE ( 'NONE', #774, #12, #52, .T. ) ;
#739 = CARTESIAN_POINT ( 'NONE',  ( 12.50000000000000711, 1.300000000000000044, 12.50000000000000355 ) ) ;
#740 = LINE ( 'NONE', #906, #1043 ) ;
#741 = DIRECTION ( 'NONE',  ( 0.0000000000000000000, 1.000000000000000000, 0.0000000000000000000 ) ) ;
#742 = EDGE_CURVE ( 'NONE', #83, #459, #664, .T. ) ;
#743 = ORIENTED_EDGE ( 'NONE', *, *, #250, .T. ) ;
#744 = DIRECTION ( 'NONE',  ( 0.0000000000000000000, 0.0000000000000000000, -1.000000000000000000 ) ) ;
#745 = DIRECTION ( 'NONE',  ( 0.0000000000000000000, 0.0000000000000000000, -1.000000000000000000 ) ) ;
#746 = EDGE_CURVE ( 'NONE', #1926, #2511, #1984, .T. ) ;
#747 = VERTEX_POINT ( 'NONE', #2030 ) ;
#748 = DIRECTION ( 'NONE',  ( 0.0000000000000000000, 0.0000000000000000000, 1.000000000000000000 ) ) ;
#749 = DIRECTION ( 'NONE',  ( -0.0000000000000000000, 1.000000000000000000, -0.0000000000000000000 ) ) ;
#750 = DIRECTION ( 'NONE',  ( 0.0000000000000000000, 0.0000000000000000000, -1.000000000000000000 ) ) ;
#751 = VECTOR ( 'NONE', #552, 1000.000000000000000 ) ;
#752 = CYLINDRICAL_SURFACE ( 'NONE', #2341, 1.000000000000000000 ) ;
#753 = VECTOR ( 'NONE', #727, 1000.000000000000000 ) ;
#754 = FILL_AREA_STYLE ('',( #1227 ) ) ;
#755 = FILL_AREA_STYLE_COLOUR ( '', #2729 ) ;
#756 = EDGE_LOOP ( 'NONE', ( #1746, #638, #1965, #211 ) ) ;
#757 = VECTOR ( 'NONE', #924, 1000.000000000000000 ) ;
#758 = DIRECTION ( 'NONE',  ( -0.0000000000000000000, -0.0000000000000000000, 1.000000000000000000 ) ) ;
#759 = CARTESIAN_POINT ( 'NONE',  ( 8.000000000000000000, 6.800000000000000711, -10.99999999999999822 ) ) ;
#760 = EDGE_CURVE ( 'NONE', #2107, #2361, #303, .T. ) ;
#761 = VECTOR ( 'NONE', #112, 1000.000000000000000 ) ;
#762 = UNCERTAINTY_MEASURE_WITH_UNIT (LENGTH_MEASURE( 1.000000000000000082E-05 ), #848, 'distance_accuracy_value', 'NONE');
#763 = AXIS2_PLACEMENT_3D ( 'NONE', #2676, #1411, #1225 ) ;
#764 = EDGE_CURVE ( 'NONE', #633, #2312, #2688, .T. ) ;
#765 = DIRECTION ( 'NONE',  ( 0.0000000000000000000, 0.0000000000000000000, 1.000000000000000000 ) ) ;
#766 = PLANE ( 'NONE',  #2549 ) ;
#767 = VECTOR ( 'NONE', #1942, 1000.000000000000000 ) ;
#768 = CIRCLE ( 'NONE', #319, 0.5000000000000004441 ) ;
#769 = DIRECTION ( 'NONE',  ( 0.0000000000000000000, -0.0000000000000000000, -1.000000000000000000 ) ) ;
#770 = LINE ( 'NONE', #2707, #1533 ) ;
#771 = DIRECTION ( 'NONE',  ( -1.000000000000000000, -0.0000000000000000000, -0.0000000000000000000 ) ) ;
#772 = LINE ( 'NONE', #2677, #2343 ) ;
#773 = PRESENTATION_STYLE_ASSIGNMENT (( #2270 ) ) ;
#774 = VERTEX_POINT ( 'NONE', #2015 ) ;
#775 = DIRECTION ( 'NONE',  ( -1.000000000000000000, 0.0000000000000000000, -0.0000000000000000000 ) ) ;
#776 = LINE ( 'NONE', #1671, #2041 ) ;
#777 = EDGE_LOOP ( 'NONE', ( #864, #1210, #735, #2660 ) ) ;
#778 = ADVANCED_FACE ( 'NONE', ( #724 ), #1972, .T. ) ;
#779 = LINE ( 'NONE', #353, #998 ) ;
#780 = EDGE_CURVE ( 'NONE', #2437, #653, #705, .T. ) ;
#781 = ORIENTED_EDGE ( 'NONE', *, *, #2330, .T. ) ;
#782 =( NAMED_UNIT ( * ) PLANE_ANGLE_UNIT ( ) SI_UNIT ( $, .RADIAN. ) );
#783 = PLANE ( 'NONE',  #482 ) ;
#784 = ORIENTED_EDGE ( 'NONE', *, *, #1872, .F. ) ;
#785 = CARTESIAN_POINT ( 'NONE',  ( 7.999999999999986677, 0.1000000000000000056, 11.50000000000000178 ) ) ;
#786 = SURFACE_STYLE_FILL_AREA ( #754 ) ;
#787 = CARTESIAN_POINT ( 'NONE',  ( 7.999999999999989342, 0.1000000000000000056, -11.50000000000000178 ) ) ;
#788 = ORIENTED_EDGE ( 'NONE', *, *, #2380, .F. ) ;
#789 = CARTESIAN_POINT ( 'NONE',  ( -11.50000000000000355, 0.0000000000000000000, 7.999999999999998224 ) ) ;
#790 =( NAMED_UNIT ( * ) PLANE_ANGLE_UNIT ( ) SI_UNIT ( $, .RADIAN. ) );
#791 = EDGE_LOOP ( 'NONE', ( #2645, #1401 ) ) ;
#792 = EDGE_LOOP ( 'NONE', ( #2728, #1020, #2436, #1454 ) ) ;
#793 = SURFACE_SIDE_STYLE ('',( #1873 ) ) ;
#794 = PLANE ( 'NONE',  #1165 ) ;
#795 = ORIENTED_EDGE ( 'NONE', *, *, #1162, .F. ) ;
#796 =( NAMED_UNIT ( * ) SI_UNIT ( $, .STERADIAN. ) SOLID_ANGLE_UNIT ( ) );
#797 = CARTESIAN_POINT ( 'NONE',  ( -11.00000000000000000, 49.71269837220809507, -10.99999999999999822 ) ) ;
#798 = VECTOR ( 'NONE', #1998, 1000.000000000000000 ) ;
#799 = EDGE_CURVE ( 'NONE', #1639, #1660, #1758, .T. ) ;
#800 = DIRECTION ( 'NONE',  ( -0.0000000000000000000, -1.000000000000000000, -0.0000000000000000000 ) ) ;
#801 = DIRECTION ( 'NONE',  ( 0.0000000000000000000, 0.0000000000000000000, -1.000000000000000000 ) ) ;
#802 = SURFACE_STYLE_FILL_AREA ( #336 ) ;
#803 = PRESENTATION_LAYER_ASSIGNMENT (  '', '', ( #2202 ) ) ;
#804 = CIRCLE ( 'NONE', #1892, 1.499999999999999556 ) ;
#805 = CARTESIAN_POINT ( 'NONE',  ( -8.000000000000000000, 2.799999999999997158, -10.99999999999999822 ) ) ;
#806 = CARTESIAN_POINT ( 'NONE',  ( -9.750000000000000000, 0.1000000000000000056, -4.999999999999997335 ) ) ;
#807 = ORIENTED_EDGE ( 'NONE', *, *, #158, .F. ) ;
#808 = VERTEX_POINT ( 'NONE', #1329 ) ;
#809 = SURFACE_STYLE_USAGE ( .BOTH. , #793 ) ;
#810 = CYLINDRICAL_SURFACE ( 'NONE', #1084, 1.199999999999999734 ) ;
#811 = VECTOR ( 'NONE', #101, 1000.000000000000000 ) ;
#812 = EDGE_LOOP ( 'NONE', ( #6, #2637, #1499, #1438 ) ) ;
#813 = AXIS2_PLACEMENT_3D ( 'NONE', #170, #992, #2090 ) ;
#814 = VERTEX_POINT ( 'NONE', #954 ) ;
#815 = CYLINDRICAL_SURFACE ( 'NONE', #1937, 0.5000000000000004441 ) ;
#816 = PRESENTATION_LAYER_ASSIGNMENT (  '', '', ( #2515 ) ) ;
#817 = ADVANCED_FACE ( 'NONE', ( #496 ), #1989, .F. ) ;
#818 = DIRECTION ( 'NONE',  ( -1.000000000000000000, 0.0000000000000000000, -0.0000000000000000000 ) ) ;
#819 = DIRECTION ( 'NONE',  ( 0.0000000000000000000, 0.0000000000000000000, -1.000000000000000000 ) ) ;
#820 = AXIS2_PLACEMENT_3D ( 'NONE', #35, #916, #2651 ) ;
#821 = ORIENTED_EDGE ( 'NONE', *, *, #451, .F. ) ;
#822 = ADVANCED_FACE ( 'NONE', ( #509 ), #33, .T. ) ;
#823 = CARTESIAN_POINT ( 'NONE',  ( -11.00000000000000000, 2.799999999999997158, -7.999999999999996447 ) ) ;
#824 = SURFACE_STYLE_USAGE ( .BOTH. , #1008 ) ;
#825 = ORIENTED_EDGE ( 'NONE', *, *, #2717, .F. ) ;
#826 = CARTESIAN_POINT ( 'NONE',  ( -8.000000000000003553, -0.0000000000000000000, -7.999999999999998224 ) ) ;
#827 = ORIENTED_EDGE ( 'NONE', *, *, #2185, .T. ) ;
#828 = ORIENTED_EDGE ( 'NONE', *, *, #2685, .T. ) ;
#829 = PLANE ( 'NONE',  #2545 ) ;
#830 = CARTESIAN_POINT ( 'NONE',  ( -11.50000000000000178, 2.299999999999999822, 11.49999999999999467 ) ) ;
#831 = CARTESIAN_POINT ( 'NONE',  ( -5.000000000000004441, 0.1000000000000000056, -7.999999999999998224 ) ) ;
#832 =( NAMED_UNIT ( * ) SI_UNIT ( $, .STERADIAN. ) SOLID_ANGLE_UNIT ( ) );
#833 = ORIENTED_EDGE ( 'NONE', *, *, #2477, .F. ) ;
#834 = FACE_BOUND ( 'NONE', #322, .T. ) ;
#835 = CARTESIAN_POINT ( 'NONE',  ( 1.499999999999990896, 0.1000000000000000056, -7.999999999999998224 ) ) ;
#836 = ORIENTED_EDGE ( 'NONE', *, *, #1785, .T. ) ;
#837 = PLANE ( 'NONE',  #859 ) ;
#838 = EDGE_CURVE ( 'NONE', #1933, #663, #2388, .T. ) ;
#839 = VERTEX_POINT ( 'NONE', #2592 ) ;
#840 = ORIENTED_EDGE ( 'NONE', *, *, #1190, .T. ) ;
#841 = EDGE_LOOP ( 'NONE', ( #432, #241, #923, #2570 ) ) ;
#842 = CARTESIAN_POINT ( 'NONE',  ( -5.000000000000004441, 0.1000000000000000056, 7.999999999999998224 ) ) ;
#843 = DIRECTION ( 'NONE',  ( 1.000000000000000000, -0.0000000000000000000, 0.0000000000000000000 ) ) ;
#844 = VERTEX_POINT ( 'NONE', #2184 ) ;
#845 = TOROIDAL_SURFACE ( 'NONE', #2675, 0.5000000000000000000, 2.500000000000000000 ) ;
#846 = ORIENTED_EDGE ( 'NONE', *, *, #2347, .F. ) ;
#847 = CARTESIAN_POINT ( 'NONE',  ( 0.0000000000000000000, 6.800000000000000711, -8.499999999999996447 ) ) ;
#848 =( LENGTH_UNIT ( ) NAMED_UNIT ( * ) SI_UNIT ( .MILLI., .METRE. ) );
#849 = CYLINDRICAL_SURFACE ( 'NONE', #2149, 1.499999999999999556 ) ;
#850 = EDGE_CURVE ( 'NONE', #431, #2785, #251, .T. ) ;
#851 =( GEOMETRIC_REPRESENTATION_CONTEXT ( 3 ) GLOBAL_UNCERTAINTY_ASSIGNED_CONTEXT ( ( #1105 ) ) GLOBAL_UNIT_ASSIGNED_CONTEXT ( ( #1258, #2752, #191 ) ) REPRESENTATION_CONTEXT ( 'NONE', 'WORKASPACE' ) );
#852 = CARTESIAN_POINT ( 'NONE',  ( 12.50000000000000178, 1.300000000000000044, -12.49999999999999645 ) ) ;
#853 = VERTEX_POINT ( 'NONE', #1776 ) ;
#854 = EDGE_CURVE ( 'NONE', #123, #808, #710, .T. ) ;
#855 = AXIS2_PLACEMENT_3D ( 'NONE', #2297, #154, #775 ) ;
#856 = VERTEX_POINT ( 'NONE', #1341 ) ;
#857 = CARTESIAN_POINT ( 'NONE',  ( -11.50000000000000178, 2.299999999999999822, 11.49999999999999467 ) ) ;
#858 = VECTOR ( 'NONE', #1690, 1000.000000000000000 ) ;
#859 = AXIS2_PLACEMENT_3D ( 'NONE', #504, #2001, #492 ) ;
#860 = LINE ( 'NONE', #2138, #2120 ) ;
#861 = DIRECTION ( 'NONE',  ( 0.0000000000000000000, 0.0000000000000000000, 1.000000000000000000 ) ) ;
#862 = ORIENTED_EDGE ( 'NONE', *, *, #1206, .F. ) ;
#863 = AXIS2_PLACEMENT_3D ( 'NONE', #530, #1353, #1784 ) ;
#864 = ORIENTED_EDGE ( 'NONE', *, *, #2160, .F. ) ;
#865 = FACE_OUTER_BOUND ( 'NONE', #667, .T. ) ;
#866 = VECTOR ( 'NONE', #143, 1000.000000000000000 ) ;
#867 = DIRECTION ( 'NONE',  ( 0.0000000000000000000, -0.0000000000000000000, -1.000000000000000000 ) ) ;
#868 = DIRECTION ( 'NONE',  ( -1.000000000000000000, -0.0000000000000000000, -0.0000000000000000000 ) ) ;
#869 = PRESENTATION_LAYER_ASSIGNMENT (  '', '', ( #2171 ) ) ;
#870 = DIRECTION ( 'NONE',  ( 1.000000000000000000, 0.0000000000000000000, -0.0000000000000000000 ) ) ;
#871 = EDGE_LOOP ( 'NONE', ( #1692, #1062, #2353, #2718 ) ) ;
#872 = ADVANCED_FACE ( 'NONE', ( #2411 ), #1802, .F. ) ;
#873 = CARTESIAN_POINT ( 'NONE',  ( -11.50000000000000533, 2.299999999999999822, -11.50000000000000533 ) ) ;
#874 = CARTESIAN_POINT ( 'NONE',  ( -5.000000000000007105, 0.0000000000000000000, 11.50000000000000178 ) ) ;
#875 = VERTEX_POINT ( 'NONE', #340 ) ;
#876 = FACE_BOUND ( 'NONE', #1048, .T. ) ;
#877 = CARTESIAN_POINT ( 'NONE',  ( 1.499999999999990896, 0.1000000000000000056, -7.999999999999998224 ) ) ;
#878 = DIRECTION ( 'NONE',  ( 1.000000000000000000, -0.0000000000000000000, 0.0000000000000000000 ) ) ;
#879 = VERTEX_POINT ( 'NONE', #1406 ) ;
#880 = CARTESIAN_POINT ( 'NONE',  ( -11.50000000000000533, 2.299999999999999822, -11.50000000000000533 ) ) ;
#881 = UNCERTAINTY_MEASURE_WITH_UNIT (LENGTH_MEASURE( 1.000000000000000082E-05 ), #1781, 'distance_accuracy_value', 'NONE');
#882 = CARTESIAN_POINT ( 'NONE',  ( -8.000000000000000000, 2.299999999999999822, -7.999999999999996447 ) ) ;
#883 = EDGE_LOOP ( 'NONE', ( #1604, #1728, #597, #2328 ) ) ;
#884 =( NAMED_UNIT ( * ) PLANE_ANGLE_UNIT ( ) SI_UNIT ( $, .RADIAN. ) );
#885 = EDGE_CURVE ( 'NONE', #1416, #431, #1177, .T. ) ;
#886 = DIRECTION ( 'NONE',  ( -0.0000000000000000000, -1.000000000000000000, -0.0000000000000000000 ) ) ;
#887 = CARTESIAN_POINT ( 'NONE',  ( -12.49999999999999822, 1.300000000000000044, -12.49999999999999645 ) ) ;
#888 = VERTEX_POINT ( 'NONE', #2045 ) ;
#889 = EDGE_LOOP ( 'NONE', ( #456, #1181, #958, #2421 ) ) ;
#890 = ADVANCED_FACE ( 'NONE', ( #1617 ), #1387, .T. ) ;
#891 = DIRECTION ( 'NONE',  ( -1.000000000000000000, 0.0000000000000000000, -0.0000000000000000000 ) ) ;
#892 = SURFACE_SIDE_STYLE ('',( #2556 ) ) ;
#893 = CARTESIAN_POINT ( 'NONE',  ( -5.000000000000007105, 0.1000000000000000056, 11.50000000000000178 ) ) ;
#894 = ORIENTED_EDGE ( 'NONE', *, *, #1049, .T. ) ;
#895 = AXIS2_PLACEMENT_3D ( 'NONE', #2228, #741, #1608 ) ;
#896 = CARTESIAN_POINT ( 'NONE',  ( -11.00000000000000000, 2.799999999999997158, 7.999999999999998224 ) ) ;
#897 = AXIS2_PLACEMENT_3D ( 'NONE', #362, #2710, #987 ) ;
#898 = CARTESIAN_POINT ( 'NONE',  ( 1.499999999999989120, 0.1000000000000000056, 11.50000000000000178 ) ) ;
#899 = ORIENTED_EDGE ( 'NONE', *, *, #1080, .F. ) ;
#900 = DIRECTION ( 'NONE',  ( -0.0000000000000000000, -0.0000000000000000000, 1.000000000000000000 ) ) ;
#901 = VECTOR ( 'NONE', #2070, 1000.000000000000000 ) ;
#902 = VECTOR ( 'NONE', #328, 1000.000000000000000 ) ;
#903 = CARTESIAN_POINT ( 'NONE',  ( -5.000000000000004441, -0.0000000000000000000, -11.50000000000000178 ) ) ;
#904 = PRESENTATION_STYLE_ASSIGNMENT (( #2006 ) ) ;
#905 = VECTOR ( 'NONE', #1029, 1000.000000000000000 ) ;
#906 = CARTESIAN_POINT ( 'NONE',  ( -11.50000000000000533, 2.299999999999999822, -11.50000000000000533 ) ) ;
#907 = CARTESIAN_POINT ( 'NONE',  ( -5.000000000000004441, -0.0000000000000000000, -7.999999999999998224 ) ) ;
#908 = EDGE_CURVE ( 'NONE', #653, #476, #2110, .T. ) ;
#909 = ORIENTED_EDGE ( 'NONE', *, *, #738, .F. ) ;
#910 =( GEOMETRIC_REPRESENTATION_CONTEXT ( 3 ) GLOBAL_UNCERTAINTY_ASSIGNED_CONTEXT ( ( #505 ) ) GLOBAL_UNIT_ASSIGNED_CONTEXT ( ( #2309, #790, #976 ) ) REPRESENTATION_CONTEXT ( 'NONE', 'WORKASPACE' ) );
#911 = LINE ( 'NONE', #734, #576 ) ;
#912 =( GEOMETRIC_REPRESENTATION_CONTEXT ( 3 ) GLOBAL_UNCERTAINTY_ASSIGNED_CONTEXT ( ( #932 ) ) GLOBAL_UNIT_ASSIGNED_CONTEXT ( ( #2187, #782, #796 ) ) REPRESENTATION_CONTEXT ( 'NONE', 'WORKASPACE' ) );
#913 = CARTESIAN_POINT ( 'NONE',  ( -5.000000000000007105, 0.1000000000000000056, 11.50000000000000178 ) ) ;
#914 = ORIENTED_EDGE ( 'NONE', *, *, #1342, .F. ) ;
#915 = CARTESIAN_POINT ( 'NONE',  ( 11.00000000000000000, 49.71269837220809507, -10.99999999999999822 ) ) ;
#916 = DIRECTION ( 'NONE',  ( 0.0000000000000000000, -1.000000000000000000, 0.0000000000000000000 ) ) ;
#917 = DIRECTION ( 'NONE',  ( 0.0000000000000000000, -0.0000000000000000000, 1.000000000000000000 ) ) ;
#918 = EDGE_LOOP ( 'NONE', ( #544, #592, #2577, #2350 ) ) ;
#919 = CARTESIAN_POINT ( 'NONE',  ( 1.499999999999990896, 0.1000000000000000056, -7.999999999999998224 ) ) ;
#920 = PLANE ( 'NONE',  #863 ) ;
#921 = EDGE_CURVE ( 'NONE', #1775, #2546, #1818, .T. ) ;
#922 = LINE ( 'NONE', #965, #1038 ) ;
#923 = ORIENTED_EDGE ( 'NONE', *, *, #45, .F. ) ;
#924 = DIRECTION ( 'NONE',  ( -0.0000000000000000000, -1.000000000000000000, -0.0000000000000000000 ) ) ;
#925 = CARTESIAN_POINT ( 'NONE',  ( 7.999999999999989342, 0.1000000000000000056, -11.50000000000000178 ) ) ;
#926 = DIRECTION ( 'NONE',  ( 0.0000000000000000000, -1.000000000000000000, 0.0000000000000000000 ) ) ;
#927 = LINE ( 'NONE', #714, #2168 ) ;
#928 = CARTESIAN_POINT ( 'NONE',  ( -1.500000000000006439, 0.1000000000000000056, -7.999999999999998224 ) ) ;
#929 = ADVANCED_FACE ( 'NONE', ( #103 ), #219, .F. ) ;
#930 = EDGE_LOOP ( 'NONE', ( #1514, #15, #1988, #290 ) ) ;
#931 = DIRECTION ( 'NONE',  ( -0.0000000000000000000, -1.000000000000000000, -0.0000000000000000000 ) ) ;
#932 = UNCERTAINTY_MEASURE_WITH_UNIT (LENGTH_MEASURE( 1.000000000000000082E-05 ), #2187, 'distance_accuracy_value', 'NONE');
#933 = CARTESIAN_POINT ( 'NONE',  ( 1.499999999999989120, 0.1000000000000000056, 7.999999999999998224 ) ) ;
#934 = ORIENTED_EDGE ( 'NONE', *, *, #677, .T. ) ;
#935 = PLANE ( 'NONE',  #528 ) ;
#936 = EDGE_CURVE ( 'NONE', #610, #1305, #2661, .T. ) ;
#937 = AXIS2_PLACEMENT_3D ( 'NONE', #797, #117, #750 ) ;
#938 = LINE ( 'NONE', #903, #1948 ) ;
#939 = PLANE ( 'NONE',  #1618 ) ;
#940 = VECTOR ( 'NONE', #979, 1000.000000000000000 ) ;
#941 = VERTEX_POINT ( 'NONE', #2093 ) ;
#942 = DIRECTION ( 'NONE',  ( 0.0000000000000000000, 0.0000000000000000000, -1.000000000000000000 ) ) ;
#943 = CARTESIAN_POINT ( 'NONE',  ( -11.50000000000000178, 0.1000000000000000056, -11.50000000000000178 ) ) ;
#944 = CARTESIAN_POINT ( 'NONE',  ( 7.999999999999989342, 0.0000000000000000000, -7.999999999999998224 ) ) ;
#945 = AXIS2_PLACEMENT_3D ( 'NONE', #1435, #2472, #343 ) ;
#946 = ORIENTED_EDGE ( 'NONE', *, *, #1893, .F. ) ;
#947 = VECTOR ( 'NONE', #1081, 1000.000000000000000 ) ;
#948 = DIRECTION ( 'NONE',  ( 0.0000000000000000000, 0.0000000000000000000, -1.000000000000000000 ) ) ;
#949 = ORIENTED_EDGE ( 'NONE', *, *, #1861, .T. ) ;
#950 = PRESENTATION_LAYER_ASSIGNMENT (  '', '', ( #1090 ) ) ;
#951 = DIRECTION ( 'NONE',  ( 0.0000000000000000000, 0.0000000000000000000, 1.000000000000000000 ) ) ;
#952 = AXIS2_PLACEMENT_3D ( 'NONE', #2525, #1269, #2551 ) ;
#953 = ORIENTED_EDGE ( 'NONE', *, *, #1096, .F. ) ;
#954 = CARTESIAN_POINT ( 'NONE',  ( -8.000000000000000000, 2.299999999999999822, -11.50000000000000533 ) ) ;
#955 = EDGE_CURVE ( 'NONE', #1695, #1425, #1643, .T. ) ;
#956 = EDGE_CURVE ( 'NONE', #2627, #610, #2083, .T. ) ;
#957 = LINE ( 'NONE', #1819, #753 ) ;
#958 = ORIENTED_EDGE ( 'NONE', *, *, #838, .F. ) ;
#959 = EDGE_CURVE ( 'NONE', #1510, #2312, #316, .T. ) ;
#960 = CARTESIAN_POINT ( 'NONE',  ( -8.000000000000000000, 6.800000000000000711, 11.00000000000000178 ) ) ;
#961 = CARTESIAN_POINT ( 'NONE',  ( -8.000000000000000000, 2.299999999999999822, 8.000000000000000000 ) ) ;
#962 = CARTESIAN_POINT ( 'NONE',  ( 10.29999999999999538, 1.300000000000000044, -11.50000000000000533 ) ) ;
#963 = VERTEX_POINT ( 'NONE', #573 ) ;
#964 = CARTESIAN_POINT ( 'NONE',  ( -5.000000000000004441, 0.1000000000000000056, -7.999999999999998224 ) ) ;
#965 = CARTESIAN_POINT ( 'NONE',  ( -5.000000000000007105, 0.0000000000000000000, 11.50000000000000178 ) ) ;
#966 = EDGE_LOOP ( 'NONE', ( #649, #102, #1723, #2247 ) ) ;
#967 = CARTESIAN_POINT ( 'NONE',  ( -8.000000000000000000, 2.799999999999997158, 8.000000000000000000 ) ) ;
#968 = CARTESIAN_POINT ( 'NONE',  ( -8.000000000000003553, 0.0000000000000000000, -7.999999999999998224 ) ) ;
#969 = EDGE_CURVE ( 'NONE', #1086, #1237, #2422, .T. ) ;
#970 = DIRECTION ( 'NONE',  ( 0.0000000000000000000, -1.000000000000000000, 0.0000000000000000000 ) ) ;
#971 = DIRECTION ( 'NONE',  ( 0.0000000000000000000, -1.000000000000000000, 0.0000000000000000000 ) ) ;
#972 = CARTESIAN_POINT ( 'NONE',  ( -10.30000000000000604, 2.299999999999999822, -10.30000000000000604 ) ) ;
#973 = ORIENTED_EDGE ( 'NONE', *, *, #2445, .F. ) ;
#974 = EDGE_CURVE ( 'NONE', #2511, #1296, #1665, .T. ) ;
#975 = CARTESIAN_POINT ( 'NONE',  ( -11.00000000000000000, 49.71269837220809507, -7.999999999999996447 ) ) ;
#976 =( NAMED_UNIT ( * ) SI_UNIT ( $, .STERADIAN. ) SOLID_ANGLE_UNIT ( ) );
#977 = EDGE_LOOP ( 'NONE', ( #1468, #1185, #2014, #1481 ) ) ;
#978 = DIRECTION ( 'NONE',  ( 7.434529182757739478E-16, 0.0000000000000000000, -1.000000000000000000 ) ) ;
#979 = DIRECTION ( 'NONE',  ( -1.000000000000000000, -0.0000000000000000000, -0.0000000000000000000 ) ) ;
#980 =( NAMED_UNIT ( * ) PLANE_ANGLE_UNIT ( ) SI_UNIT ( $, .RADIAN. ) );
#981 = DIRECTION ( 'NONE',  ( -0.0000000000000000000, -1.000000000000000000, -0.0000000000000000000 ) ) ;
#982 = ORIENTED_EDGE ( 'NONE', *, *, #2277, .T. ) ;
#983 = AXIS2_PLACEMENT_3D ( 'NONE', #1934, #404, #1057 ) ;
#984 = FACE_OUTER_BOUND ( 'NONE', #841, .T. ) ;
#985 = AXIS2_PLACEMENT_3D ( 'NONE', #354, #1219, #2057 ) ;
#986 = LINE ( 'NONE', #335, #2217 ) ;
#987 = DIRECTION ( 'NONE',  ( 0.0000000000000000000, 0.0000000000000000000, -1.000000000000000000 ) ) ;
#988 = EDGE_CURVE ( 'NONE', #1097, #1086, #147, .T. ) ;
#989 = ORIENTED_EDGE ( 'NONE', *, *, #708, .F. ) ;
#990 = VECTOR ( 'NONE', #900, 1000.000000000000000 ) ;
#991 = PLANE ( 'NONE',  #1621 ) ;
#992 = DIRECTION ( 'NONE',  ( 0.0000000000000000000, 1.000000000000000000, 0.0000000000000000000 ) ) ;
#993 = ADVANCED_FACE ( 'NONE', ( #2716 ), #766, .F. ) ;
#994 = MECHANICAL_DESIGN_GEOMETRIC_PRESENTATION_REPRESENTATION (  '', ( #1487 ), #487 ) ;
#995 = CIRCLE ( 'NONE', #133, 3.499999999999999556 ) ;
#996 = FACE_OUTER_BOUND ( 'NONE', #2078, .T. ) ;
#997 = CARTESIAN_POINT ( 'NONE',  ( 7.999999999999986677, 0.0000000000000000000, 11.50000000000000178 ) ) ;
#998 = VECTOR ( 'NONE', #1917, 1000.000000000000000 ) ;
#999 = VECTOR ( 'NONE', #1637, 1000.000000000000000 ) ;
#1000 = SHAPE_DEFINITION_REPRESENTATION ( #1835, #24 ) ;
#1001 = DIRECTION ( 'NONE',  ( 0.0000000000000000000, 0.0000000000000000000, 1.000000000000000000 ) ) ;
#1002 = VECTOR ( 'NONE', #21, 1000.000000000000000 ) ;
#1003 = DIRECTION ( 'NONE',  ( -0.0000000000000000000, -1.000000000000000000, -0.0000000000000000000 ) ) ;
#1004 = DIRECTION ( 'NONE',  ( 0.0000000000000000000, -1.000000000000000000, 0.0000000000000000000 ) ) ;
#1005 = DIRECTION ( 'NONE',  ( 0.0000000000000000000, -1.000000000000000000, 0.0000000000000000000 ) ) ;
#1006 = ORIENTED_EDGE ( 'NONE', *, *, #235, .T. ) ;
#1007 = DIRECTION ( 'NONE',  ( 1.000000000000000000, 0.0000000000000000000, -2.478176394252579662E-16 ) ) ;
#1008 = SURFACE_SIDE_STYLE ('',( #1857 ) ) ;
#1009 = FILL_AREA_STYLE_COLOUR ( '', #449 ) ;
#1010 = CARTESIAN_POINT ( 'NONE',  ( -11.00000000000000000, 2.799999999999997158, -10.99999999999999822 ) ) ;
#1011 = ADVANCED_FACE ( 'NONE', ( #131 ), #794, .F. ) ;
#1012 = VERTEX_POINT ( 'NONE', #1242 ) ;
#1013 = LINE ( 'NONE', #2047, #2634 ) ;
#1014 = CARTESIAN_POINT ( 'NONE',  ( -8.000000000000005329, 0.0000000000000000000, 11.50000000000000178 ) ) ;
#1015 = CARTESIAN_POINT ( 'NONE',  ( 7.999999999999989342, 0.1000000000000000056, -7.999999999999998224 ) ) ;
#1016 = FACE_OUTER_BOUND ( 'NONE', #608, .T. ) ;
#1017 = ORIENTED_EDGE ( 'NONE', *, *, #1597, .T. ) ;
#1018 = CARTESIAN_POINT ( 'NONE',  ( 11.49999999999998757, 0.0000000000000000000, -7.999999999999998224 ) ) ;
#1019 = CARTESIAN_POINT ( 'NONE',  ( 7.999999999999989342, 0.1000000000000000056, -7.999999999999998224 ) ) ;
#1020 = ORIENTED_EDGE ( 'NONE', *, *, #2738, .F. ) ;
#1021 = CARTESIAN_POINT ( 'NONE',  ( -11.50000000000000178, 2.299999999999999822, 11.49999999999999467 ) ) ;
#1022 = CARTESIAN_POINT ( 'NONE',  ( 8.000000000000001776, 49.71269837220809507, 7.999999999999998224 ) ) ;
#1023 = EDGE_CURVE ( 'NONE', #2624, #1695, #1472, .T. ) ;
#1024 = ORIENTED_EDGE ( 'NONE', *, *, #725, .F. ) ;
#1025 = ORIENTED_EDGE ( 'NONE', *, *, #433, .T. ) ;
#1026 = EDGE_CURVE ( 'NONE', #1926, #1097, #1276, .T. ) ;
#1027 = DIRECTION ( 'NONE',  ( -0.0000000000000000000, -1.000000000000000000, -0.0000000000000000000 ) ) ;
#1028 = VECTOR ( 'NONE', #413, 1000.000000000000000 ) ;
#1029 = DIRECTION ( 'NONE',  ( -1.000000000000000000, -0.0000000000000000000, -0.0000000000000000000 ) ) ;
#1030 = MECHANICAL_DESIGN_GEOMETRIC_PRESENTATION_REPRESENTATION (  '', ( #2202 ), #2152 ) ;
#1031 = ORIENTED_EDGE ( 'NONE', *, *, #1531, .F. ) ;
#1032 = CARTESIAN_POINT ( 'NONE',  ( -5.000000000000004441, 0.1000000000000000056, -7.999999999999998224 ) ) ;
#1033 = CARTESIAN_POINT ( 'NONE',  ( -11.50000000000000533, 2.299999999999999822, -11.50000000000000533 ) ) ;
#1034 = ORIENTED_EDGE ( 'NONE', *, *, #1026, .F. ) ;
#1035 = VECTOR ( 'NONE', #2301, 1000.000000000000000 ) ;
#1036 = PRESENTATION_LAYER_ASSIGNMENT (  '', '', ( #2114 ) ) ;
#1037 = CARTESIAN_POINT ( 'NONE',  ( 4.999999999999986677, 0.1000000000000000056, 11.50000000000000178 ) ) ;
#1038 = VECTOR ( 'NONE', #978, 1000.000000000000000 ) ;
#1039 = ADVANCED_FACE ( 'NONE', ( #1489 ), #2134, .T. ) ;
#1040 = ORIENTED_EDGE ( 'NONE', *, *, #1421, .F. ) ;
#1041 = AXIS2_PLACEMENT_3D ( 'NONE', #806, #1469, #2080 ) ;
#1042 = ORIENTED_EDGE ( 'NONE', *, *, #1096, .T. ) ;
#1043 = VECTOR ( 'NONE', #1607, 1000.000000000000000 ) ;
#1044 = DIRECTION ( 'NONE',  ( 0.0000000000000000000, -1.000000000000000000, 0.0000000000000000000 ) ) ;
#1045 = FILL_AREA_STYLE_COLOUR ( '', #2433 ) ;
#1046 = CARTESIAN_POINT ( 'NONE',  ( -11.50000000000000355, 0.1000000000000000056, 11.50000000000000178 ) ) ;
#1047 = AXIS2_PLACEMENT_3D ( 'NONE', #1344, #281, #1992 ) ;
#1048 = EDGE_LOOP ( 'NONE', ( #2382, #128, #1626, #1287 ) ) ;
#1049 = EDGE_CURVE ( 'NONE', #1296, #327, #1122, .T. ) ;
#1050 = LINE ( 'NONE', #2787, #2338 ) ;
#1051 = PLANE ( 'NONE',  #186 ) ;
#1052 = VERTEX_POINT ( 'NONE', #2356 ) ;
#1053 = CARTESIAN_POINT ( 'NONE',  ( -8.000000000000000000, 6.800000000000000711, -8.499999999999996447 ) ) ;
#1054 =( NAMED_UNIT ( * ) SI_UNIT ( $, .STERADIAN. ) SOLID_ANGLE_UNIT ( ) );
#1055 = ORIENTED_EDGE ( 'NONE', *, *, #1154, .T. ) ;
#1056 = ORIENTED_EDGE ( 'NONE', *, *, #423, .F. ) ;
#1057 = DIRECTION ( 'NONE',  ( 1.000000000000000000, 0.0000000000000000000, 0.0000000000000000000 ) ) ;
#1058 = DIRECTION ( 'NONE',  ( 0.0000000000000000000, 1.000000000000000000, 0.0000000000000000000 ) ) ;
#1059 = DIRECTION ( 'NONE',  ( -1.000000000000000000, 0.0000000000000000000, 0.0000000000000000000 ) ) ;
#1060 = CARTESIAN_POINT ( 'NONE',  ( 6.250000000000007105, 6.300000000000000711, -0.1199999999999968453 ) ) ;
#1061 = ORIENTED_EDGE ( 'NONE', *, *, #2167, .F. ) ;
#1062 = ORIENTED_EDGE ( 'NONE', *, *, #559, .F. ) ;
#1063 = EDGE_CURVE ( 'NONE', #1554, #1097, #270, .T. ) ;
#1064 =( NAMED_UNIT ( * ) PLANE_ANGLE_UNIT ( ) SI_UNIT ( $, .RADIAN. ) );
#1065 = CARTESIAN_POINT ( 'NONE',  ( -11.50000000000000178, 2.299999999999999822, 10.29999999999999538 ) ) ;
#1066 = ADVANCED_FACE ( 'NONE', ( #216 ), #1943, .T. ) ;
#1067 = CARTESIAN_POINT ( 'NONE',  ( -8.499999999999998224, 6.800000000000000711, 8.000000000000000000 ) ) ;
#1068 =( NAMED_UNIT ( * ) PLANE_ANGLE_UNIT ( ) SI_UNIT ( $, .RADIAN. ) );
#1069 = ORIENTED_EDGE ( 'NONE', *, *, #854, .T. ) ;
#1070 = ORIENTED_EDGE ( 'NONE', *, *, #1733, .F. ) ;
#1071 = DIRECTION ( 'NONE',  ( -2.081668171172168513E-16, -0.0000000000000000000, -1.000000000000000000 ) ) ;
#1072 =( LENGTH_UNIT ( ) NAMED_UNIT ( * ) SI_UNIT ( .MILLI., .METRE. ) );
#1073 = ORIENTED_EDGE ( 'NONE', *, *, #2541, .T. ) ;
#1074 = FACE_BOUND ( 'NONE', #791, .T. ) ;
#1075 = FACE_OUTER_BOUND ( 'NONE', #1358, .T. ) ;
#1076 = EDGE_LOOP ( 'NONE', ( #495, #1146, #1198, #2162 ) ) ;
#1077 = ADVANCED_FACE ( 'NONE', ( #1461 ), #810, .T. ) ;
#1078 = VERTEX_POINT ( 'NONE', #125 ) ;
#1079 =( GEOMETRIC_REPRESENTATION_CONTEXT ( 3 ) GLOBAL_UNCERTAINTY_ASSIGNED_CONTEXT ( ( #1507 ) ) GLOBAL_UNIT_ASSIGNED_CONTEXT ( ( #63, #2632, #498 ) ) REPRESENTATION_CONTEXT ( 'NONE', 'WORKASPACE' ) );
#1080 = EDGE_CURVE ( 'NONE', #747, #2597, #586, .T. ) ;
#1081 = DIRECTION ( 'NONE',  ( 1.387778780781445676E-16, 0.0000000000000000000, 1.000000000000000000 ) ) ;
#1082 = VECTOR ( 'NONE', #694, 1000.000000000000000 ) ;
#1083 = UNCERTAINTY_MEASURE_WITH_UNIT (LENGTH_MEASURE( 1.000000000000000082E-05 ), #1133, 'distance_accuracy_value', 'NONE');
#1084 = AXIS2_PLACEMENT_3D ( 'NONE', #168, #2089, #1196 ) ;
#1085 = ADVANCED_FACE ( 'NONE', ( #2683 ), #1670, .F. ) ;
#1086 = VERTEX_POINT ( 'NONE', #805 ) ;
#1087 = VECTOR ( 'NONE', #1814, 1000.000000000000000 ) ;
#1088 = SURFACE_SIDE_STYLE ('',( #198 ) ) ;
#1089 = ORIENTED_EDGE ( 'NONE', *, *, #1686, .F. ) ;
#1090 = STYLED_ITEM ( 'NONE', ( #1871 ), #2186 ) ;
#1091 = ORIENTED_EDGE ( 'NONE', *, *, #201, .T. ) ;
#1092 = MECHANICAL_DESIGN_GEOMETRIC_PRESENTATION_REPRESENTATION (  '', ( #1767 ), #912 ) ;
#1093 = DIRECTION ( 'NONE',  ( 1.000000000000000000, 0.0000000000000000000, -0.0000000000000000000 ) ) ;
#1094 = CARTESIAN_POINT ( 'NONE',  ( 6.250000000000007105, 9.300000000000000711, -0.1199999999999968453 ) ) ;
#1095 = DIRECTION ( 'NONE',  ( 0.0000000000000000000, 0.0000000000000000000, -1.000000000000000000 ) ) ;
#1096 = EDGE_CURVE ( 'NONE', #839, #591, #142, .T. ) ;
#1097 = VERTEX_POINT ( 'NONE', #2079 ) ;
#1098 = EDGE_CURVE ( 'NONE', #856, #410, #2072, .T. ) ;
#1099 = CARTESIAN_POINT ( 'NONE',  ( -8.000000000000003553, 0.1000000000000000056, -7.999999999999998224 ) ) ;
#1100 = PLANE ( 'NONE',  #2416 ) ;
#1101 = EDGE_LOOP ( 'NONE', ( #2122, #2233, #1525, #1544 ) ) ;
#1102 = ORIENTED_EDGE ( 'NONE', *, *, #1973, .F. ) ;
#1103 = ORIENTED_EDGE ( 'NONE', *, *, #1265, .T. ) ;
#1104 = DIRECTION ( 'NONE',  ( 0.0000000000000000000, -1.000000000000000000, 0.0000000000000000000 ) ) ;
#1105 = UNCERTAINTY_MEASURE_WITH_UNIT (LENGTH_MEASURE( 1.000000000000000082E-05 ), #1258, 'distance_accuracy_value', 'NONE');
#1106 = DIRECTION ( 'NONE',  ( 0.0000000000000000000, 0.0000000000000000000, 1.000000000000000000 ) ) ;
#1107 = EDGE_LOOP ( 'NONE', ( #737, #1771, #214, #1151 ) ) ;
#1108 = CARTESIAN_POINT ( 'NONE',  ( 8.000000000000000000, 6.800000000000000711, -7.999999999999996447 ) ) ;
#1109 = LINE ( 'NONE', #1974, #1904 ) ;
#1110 = CARTESIAN_POINT ( 'NONE',  ( -12.49999999999999467, 1.300000000000000044, 12.50000000000000355 ) ) ;
#1111 = EDGE_LOOP ( 'NONE', ( #603, #2598, #38, #1120 ) ) ;
#1112 = VERTEX_POINT ( 'NONE', #2261 ) ;
#1113 = LINE ( 'NONE', #500, #1765 ) ;
#1114 = DIRECTION ( 'NONE',  ( -1.000000000000000000, -0.0000000000000000000, -0.0000000000000000000 ) ) ;
#1115 = ORIENTED_EDGE ( 'NONE', *, *, #2758, .F. ) ;
#1116 = LINE ( 'NONE', #2368, #767 ) ;
#1117 = COLOUR_RGB ( '',0.0000000000000000000, 0.5019607843137254832, 0.0000000000000000000 ) ;
#1118 = STYLED_ITEM ( 'NONE', ( #238 ), #651 ) ;
#1119 = FACE_OUTER_BOUND ( 'NONE', #2010, .T. ) ;
#1120 = ORIENTED_EDGE ( 'NONE', *, *, #1342, .T. ) ;
#1121 = DIRECTION ( 'NONE',  ( 0.0000000000000000000, 0.0000000000000000000, -1.000000000000000000 ) ) ;
#1122 = CIRCLE ( 'NONE', #1486, 0.5000000000000004441 ) ;
#1123 = COLOUR_RGB ( '',0.0000000000000000000, 0.5019607843137254832, 0.0000000000000000000 ) ;
#1124 = PLANE ( 'NONE',  #2700 ) ;
#1125 = CARTESIAN_POINT ( 'NONE',  ( 1.499999999999990896, 0.0000000000000000000, -11.50000000000000178 ) ) ;
#1126 = VECTOR ( 'NONE', #1044, 1000.000000000000000 ) ;
#1127 = DIRECTION ( 'NONE',  ( 0.0000000000000000000, -0.0000000000000000000, 1.000000000000000000 ) ) ;
#1128 = DIRECTION ( 'NONE',  ( 0.0000000000000000000, 0.0000000000000000000, -1.000000000000000000 ) ) ;
#1129 = DIRECTION ( 'NONE',  ( 0.0000000000000000000, -1.000000000000000000, 0.0000000000000000000 ) ) ;
#1130 = EDGE_LOOP ( 'NONE', ( #2403, #862, #632, #365 ) ) ;
#1131 = ADVANCED_FACE ( 'NONE', ( #1455 ), #1652, .F. ) ;
#1132 = AXIS2_PLACEMENT_3D ( 'NONE', #1623, #1004, #801 ) ;
#1133 =( LENGTH_UNIT ( ) NAMED_UNIT ( * ) SI_UNIT ( .MILLI., .METRE. ) );
#1134 = UNCERTAINTY_MEASURE_WITH_UNIT (LENGTH_MEASURE( 1.000000000000000082E-05 ), #439, 'distance_accuracy_value', 'NONE');
#1135 = VERTEX_POINT ( 'NONE', #1627 ) ;
#1136 = DIRECTION ( 'NONE',  ( 0.0000000000000000000, 0.0000000000000000000, -1.000000000000000000 ) ) ;
#1137 = CARTESIAN_POINT ( 'NONE',  ( 1.499999999999989120, 0.1000000000000000056, 7.999999999999998224 ) ) ;
#1138 = FILL_AREA_STYLE_COLOUR ( '', #2285 ) ;
#1139 = LINE ( 'NONE', #488, #1578 ) ;
#1140 = DIRECTION ( 'NONE',  ( 0.0000000000000000000, 1.000000000000000000, 0.0000000000000000000 ) ) ;
#1141 =( NAMED_UNIT ( * ) PLANE_ANGLE_UNIT ( ) SI_UNIT ( $, .RADIAN. ) );
#1142 = ADVANCED_FACE ( 'NONE', ( #2476 ), #2495, .F. ) ;
#1143 = EDGE_LOOP ( 'NONE', ( #2360, #2141, #723, #1370 ) ) ;
#1144 =( NAMED_UNIT ( * ) SI_UNIT ( $, .STERADIAN. ) SOLID_ANGLE_UNIT ( ) );
#1145 = ADVANCED_FACE ( 'NONE', ( #1640 ), #991, .F. ) ;
#1146 = ORIENTED_EDGE ( 'NONE', *, *, #623, .F. ) ;
#1147 = ORIENTED_EDGE ( 'NONE', *, *, #1206, .T. ) ;
#1148 = DIRECTION ( 'NONE',  ( -0.0000000000000000000, -1.000000000000000000, -0.0000000000000000000 ) ) ;
#1149 = DIRECTION ( 'NONE',  ( 0.0000000000000000000, 0.0000000000000000000, 1.000000000000000000 ) ) ;
#1150 = DIRECTION ( 'NONE',  ( -0.0000000000000000000, 1.000000000000000000, -0.0000000000000000000 ) ) ;
#1151 = ORIENTED_EDGE ( 'NONE', *, *, #1999, .T. ) ;
#1152 = DIRECTION ( 'NONE',  ( 0.0000000000000000000, -1.000000000000000000, 0.0000000000000000000 ) ) ;
#1153 = CARTESIAN_POINT ( 'NONE',  ( 8.000000000000003553, 6.800000000000000711, 11.00000000000000178 ) ) ;
#1154 = EDGE_CURVE ( 'NONE', #1509, #1237, #1855, .T. ) ;
#1155 = DIRECTION ( 'NONE',  ( -0.0000000000000000000, -1.000000000000000000, -0.0000000000000000000 ) ) ;
#1156 = VERTEX_POINT ( 'NONE', #2484 ) ;
#1157 = VECTOR ( 'NONE', #228, 1000.000000000000000 ) ;
#1158 = EDGE_CURVE ( 'NONE', #12, #1301, #1837, .T. ) ;
#1159 = FACE_OUTER_BOUND ( 'NONE', #812, .T. ) ;
#1160 = VECTOR ( 'NONE', #1543, 1000.000000000000000 ) ;
#1161 = CARTESIAN_POINT ( 'NONE',  ( -8.000000000000005329, 0.1000000000000000056, 11.50000000000000178 ) ) ;
#1162 = EDGE_CURVE ( 'NONE', #167, #1052, #1415, .T. ) ;
#1163 = TOROIDAL_SURFACE ( 'NONE', #268, 0.5000000000000000000, 2.500000000000000000 ) ;
#1164 = FILL_AREA_STYLE ('',( #304 ) ) ;
#1165 = AXIS2_PLACEMENT_3D ( 'NONE', #852, #617, #1676 ) ;
#1166 = EDGE_LOOP ( 'NONE', ( #28, #1724, #200, #684 ) ) ;
#1167 = STYLED_ITEM ( 'NONE', ( #1766 ), #1299 ) ;
#1168 = LINE ( 'NONE', #2434, #50 ) ;
#1169 = DIRECTION ( 'NONE',  ( 0.0000000000000000000, 0.0000000000000000000, 1.000000000000000000 ) ) ;
#1170 = AXIS2_PLACEMENT_3D ( 'NONE', #1682, #1327, #467 ) ;
#1171 = CIRCLE ( 'NONE', #2743, 1.199999999999999734 ) ;
#1172 = DIRECTION ( 'NONE',  ( 1.000000000000000000, -0.0000000000000000000, 0.0000000000000000000 ) ) ;
#1173 = ORIENTED_EDGE ( 'NONE', *, *, #158, .T. ) ;
#1174 = AXIS2_PLACEMENT_3D ( 'NONE', #56, #2008, #686 ) ;
#1175 = FACE_OUTER_BOUND ( 'NONE', #1444, .T. ) ;
#1176 = EDGE_LOOP ( 'NONE', ( #1900, #1091, #2189, #2494, #1697, #1654, #193, #1069 ) ) ;
#1177 = LINE ( 'NONE', #115, #1035 ) ;
#1178 = ADVANCED_FACE ( 'NONE', ( #554 ), #1898, .F. ) ;
#1179 = ADVANCED_FACE ( 'NONE', ( #2281 ), #1212, .T. ) ;
#1180 = DIRECTION ( 'NONE',  ( -0.0000000000000000000, -0.0000000000000000000, 1.000000000000000000 ) ) ;
#1181 = ORIENTED_EDGE ( 'NONE', *, *, #658, .F. ) ;
#1182 = DIRECTION ( 'NONE',  ( 0.0000000000000000000, 0.0000000000000000000, -1.000000000000000000 ) ) ;
#1183 = PLANE ( 'NONE',  #2298 ) ;
#1184 =( NAMED_UNIT ( * ) SI_UNIT ( $, .STERADIAN. ) SOLID_ANGLE_UNIT ( ) );
#1185 = ORIENTED_EDGE ( 'NONE', *, *, #2762, .F. ) ;
#1186 = LINE ( 'NONE', #2054, #761 ) ;
#1187 = CARTESIAN_POINT ( 'NONE',  ( 7.999999999999986677, 0.1000000000000000056, 11.50000000000000178 ) ) ;
#1188 = PLANE ( 'NONE',  #1445 ) ;
#1189 = DIRECTION ( 'NONE',  ( 0.0000000000000000000, 0.0000000000000000000, -1.000000000000000000 ) ) ;
#1190 = EDGE_CURVE ( 'NONE', #422, #808, #1610, .T. ) ;
#1191 = PRODUCT_CONTEXT ( 'NONE', #1440, 'mechanical' ) ;
#1192 = ORIENTED_EDGE ( 'NONE', *, *, #2462, .F. ) ;
#1193 = CARTESIAN_POINT ( 'NONE',  ( -8.000000000000005329, 0.0000000000000000000, 7.999999999999998224 ) ) ;
#1194 = DIRECTION ( 'NONE',  ( 0.0000000000000000000, 0.0000000000000000000, 1.000000000000000000 ) ) ;
#1195 = ORIENTED_EDGE ( 'NONE', *, *, #8, .F. ) ;
#1196 = DIRECTION ( 'NONE',  ( 0.0000000000000000000, 0.0000000000000000000, -1.000000000000000000 ) ) ;
#1197 = DIRECTION ( 'NONE',  ( 0.0000000000000000000, 0.0000000000000000000, 1.000000000000000000 ) ) ;
#1198 = ORIENTED_EDGE ( 'NONE', *, *, #2429, .F. ) ;
#1199 = CARTESIAN_POINT ( 'NONE',  ( 1.499999999999989120, 0.1000000000000000056, 11.50000000000000178 ) ) ;
#1200 = DIRECTION ( 'NONE',  ( 0.0000000000000000000, 1.000000000000000000, 0.0000000000000000000 ) ) ;
#1201 = VECTOR ( 'NONE', #1114, 1000.000000000000000 ) ;
#1202 = AXIS2_PLACEMENT_3D ( 'NONE', #887, #2335, #2767 ) ;
#1203 = DIRECTION ( 'NONE',  ( 1.000000000000000000, 0.0000000000000000000, 0.0000000000000000000 ) ) ;
#1204 = DIRECTION ( 'NONE',  ( 0.0000000000000000000, 0.0000000000000000000, 1.000000000000000000 ) ) ;
#1205 = VECTOR ( 'NONE', #1975, 1000.000000000000000 ) ;
#1206 = EDGE_CURVE ( 'NONE', #83, #839, #1186, .T. ) ;
#1207 = LINE ( 'NONE', #2268, #2786 ) ;
#1208 = AXIS2_PLACEMENT_3D ( 'NONE', #915, #1576, #1594 ) ;
#1209 = DIRECTION ( 'NONE',  ( 0.0000000000000000000, 0.0000000000000000000, -1.000000000000000000 ) ) ;
#1210 = ORIENTED_EDGE ( 'NONE', *, *, #2026, .F. ) ;
#1211 = AXIS2_PLACEMENT_3D ( 'NONE', #1978, #308, #685 ) ;
#1212 = PLANE ( 'NONE',  #1986 ) ;
#1213 = DIRECTION ( 'NONE',  ( 1.000000000000000000, -0.0000000000000000000, -0.0000000000000000000 ) ) ;
#1214 = AXIS2_PLACEMENT_3D ( 'NONE', #523, #970, #542 ) ;
#1215 = EDGE_CURVE ( 'NONE', #1012, #839, #1308, .T. ) ;
#1216 = EDGE_LOOP ( 'NONE', ( #73, #2063, #176, #1980 ) ) ;
#1217 = VECTOR ( 'NONE', #1400, 1000.000000000000000 ) ;
#1218 = FACE_OUTER_BOUND ( 'NONE', #2391, .T. ) ;
#1219 = DIRECTION ( 'NONE',  ( 0.0000000000000000000, 0.0000000000000000000, 1.000000000000000000 ) ) ;
#1220 = AXIS2_PLACEMENT_3D ( 'NONE', #961, #1823, #1586 ) ;
#1221 = AXIS2_PLACEMENT_3D ( 'NONE', #877, #227, #1093 ) ;
#1222 = ORIENTED_EDGE ( 'NONE', *, *, #2629, .T. ) ;
#1223 = CARTESIAN_POINT ( 'NONE',  ( 8.000000000000001776, 6.800000000000000711, 7.999999999999998224 ) ) ;
#1224 =( GEOMETRIC_REPRESENTATION_CONTEXT ( 3 ) GLOBAL_UNCERTAINTY_ASSIGNED_CONTEXT ( ( #701 ) ) GLOBAL_UNIT_ASSIGNED_CONTEXT ( ( #2051, #2741, #138 ) ) REPRESENTATION_CONTEXT ( 'NONE', 'WORKASPACE' ) );
#1225 = DIRECTION ( 'NONE',  ( 0.0000000000000000000, -0.0000000000000000000, 1.000000000000000000 ) ) ;
#1226 =( GEOMETRIC_REPRESENTATION_CONTEXT ( 3 ) GLOBAL_UNCERTAINTY_ASSIGNED_CONTEXT ( ( #1889 ) ) GLOBAL_UNIT_ASSIGNED_CONTEXT ( ( #1646, #980, #2303 ) ) REPRESENTATION_CONTEXT ( 'NONE', 'WORKASPACE' ) );
#1227 = FILL_AREA_STYLE_COLOUR ( '', #582 ) ;
#1228 = PLANE ( 'NONE',  #78 ) ;
#1229 = VERTEX_POINT ( 'NONE', #13 ) ;
#1230 = DIRECTION ( 'NONE',  ( 0.0000000000000000000, -0.0000000000000000000, 1.000000000000000000 ) ) ;
#1231 = DIRECTION ( 'NONE',  ( 1.508455196501571429E-16, 0.0000000000000000000, 1.000000000000000000 ) ) ;
#1232 = ORIENTED_EDGE ( 'NONE', *, *, #988, .T. ) ;
#1233 = EDGE_CURVE ( 'NONE', #1660, #2530, #1050, .T. ) ;
#1234 = ADVANCED_FACE ( 'NONE', ( #212, #1517, #834, #1273, #611, #1484, #2339, #1074, #876, #2759 ), #1737, .F. ) ;
#1235 = PLANE ( 'NONE',  #2790 ) ;
#1236 = DIRECTION ( 'NONE',  ( 0.0000000000000000000, 0.0000000000000000000, 1.000000000000000000 ) ) ;
#1237 = VERTEX_POINT ( 'NONE', #823 ) ;
#1238 = DIRECTION ( 'NONE',  ( -0.0000000000000000000, -1.000000000000000000, -0.0000000000000000000 ) ) ;
#1239 = CARTESIAN_POINT ( 'NONE',  ( 6.250000000000007105, 9.300000000000000711, -0.1199999999999968453 ) ) ;
#1240 = ORIENTED_EDGE ( 'NONE', *, *, #1858, .T. ) ;
#1241 = ADVANCED_FACE ( 'NONE', ( #865 ), #2130, .T. ) ;
#1242 = CARTESIAN_POINT ( 'NONE',  ( 7.999999999999989342, 0.0000000000000000000, -11.50000000000000178 ) ) ;
#1243 = ADVANCED_FACE ( 'NONE', ( #2555 ), #226, .T. ) ;
#1244 = ORIENTED_EDGE ( 'NONE', *, *, #2198, .F. ) ;
#1245 = VERTEX_POINT ( 'NONE', #2654 ) ;
#1246 =( NAMED_UNIT ( * ) SI_UNIT ( $, .STERADIAN. ) SOLID_ANGLE_UNIT ( ) );
#1247 = ADVANCED_FACE ( 'NONE', ( #1348 ), #730, .T. ) ;
#1248 = AXIS2_PLACEMENT_3D ( 'NONE', #2455, #1378, #1169 ) ;
#1249 = DIRECTION ( 'NONE',  ( -0.0000000000000000000, -1.000000000000000000, -0.0000000000000000000 ) ) ;
#1250 = LINE ( 'NONE', #1650, #1295 ) ;
#1251 = PRESENTATION_LAYER_ASSIGNMENT (  '', '', ( #1616 ) ) ;
#1252 = ORIENTED_EDGE ( 'NONE', *, *, #145, .T. ) ;
#1253 = CIRCLE ( 'NONE', #706, 1.000000000000000000 ) ;
#1254 = LINE ( 'NONE', #1310, #1266 ) ;
#1255 = EDGE_LOOP ( 'NONE', ( #106, #1791, #1796, #2714 ) ) ;
#1256 = VECTOR ( 'NONE', #2004, 1000.000000000000000 ) ;
#1257 = DIRECTION ( 'NONE',  ( 1.000000000000000000, 0.0000000000000000000, 0.0000000000000000000 ) ) ;
#1258 =( LENGTH_UNIT ( ) NAMED_UNIT ( * ) SI_UNIT ( .MILLI., .METRE. ) );
#1259 = EDGE_CURVE ( 'NONE', #1884, #410, #1598, .T. ) ;
#1260 = VECTOR ( 'NONE', #1603, 1000.000000000000000 ) ;
#1261 = ORIENTED_EDGE ( 'NONE', *, *, #1861, .F. ) ;
#1262 = CIRCLE ( 'NONE', #1583, 2.500000000000000444 ) ;
#1263 = EDGE_LOOP ( 'NONE', ( #2754, #1024, #2757, #1952 ) ) ;
#1264 = CARTESIAN_POINT ( 'NONE',  ( 12.50000000000000711, 0.0000000000000000000, 12.50000000000000355 ) ) ;
#1265 = EDGE_CURVE ( 'NONE', #1678, #856, #25, .T. ) ;
#1266 = VECTOR ( 'NONE', #670, 1000.000000000000000 ) ;
#1267 = EDGE_CURVE ( 'NONE', #2670, #1589, #1139, .T. ) ;
#1268 = CARTESIAN_POINT ( 'NONE',  ( -11.50000000000000355, 0.1000000000000000056, 11.50000000000000178 ) ) ;
#1269 = DIRECTION ( 'NONE',  ( 0.0000000000000000000, 1.000000000000000000, 0.0000000000000000000 ) ) ;
#1270 = CARTESIAN_POINT ( 'NONE',  ( 11.49999999999999467, 2.299999999999999822, -11.50000000000000533 ) ) ;
#1271 =( GEOMETRIC_REPRESENTATION_CONTEXT ( 3 ) GLOBAL_UNCERTAINTY_ASSIGNED_CONTEXT ( ( #161 ) ) GLOBAL_UNIT_ASSIGNED_CONTEXT ( ( #1419, #1846, #1408 ) ) REPRESENTATION_CONTEXT ( 'NONE', 'WORKASPACE' ) );
#1272 = ORIENTED_EDGE ( 'NONE', *, *, #195, .T. ) ;
#1273 = FACE_BOUND ( 'NONE', #1288, .T. ) ;
#1274 = DIRECTION ( 'NONE',  ( 1.000000000000000000, 0.0000000000000000000, 0.0000000000000000000 ) ) ;
#1275 = CARTESIAN_POINT ( 'NONE',  ( 0.0000000000000000000, 0.1000000000000000056, 0.0000000000000000000 ) ) ;
#1276 = LINE ( 'NONE', #1713, #311 ) ;
#1277 = ORIENTED_EDGE ( 'NONE', *, *, #75, .T. ) ;
#1278 = VERTEX_POINT ( 'NONE', #696 ) ;
#1279 = LINE ( 'NONE', #2137, #1338 ) ;
#1280 = EDGE_CURVE ( 'NONE', #2091, #1509, #712, .T. ) ;
#1281 =( NAMED_UNIT ( * ) PLANE_ANGLE_UNIT ( ) SI_UNIT ( $, .RADIAN. ) );
#1282 = EDGE_LOOP ( 'NONE', ( #512, #583, #502, #711 ) ) ;
#1283 = ADVANCED_FACE ( 'NONE', ( #461 ), #79, .F. ) ;
#1284 = FILL_AREA_STYLE_COLOUR ( '', #1123 ) ;
#1285 = LINE ( 'NONE', #893, #2197 ) ;
#1286 = CARTESIAN_POINT ( 'NONE',  ( -11.50000000000000000, 2.799999999999999822, 7.999999999999998224 ) ) ;
#1287 = ORIENTED_EDGE ( 'NONE', *, *, #1913, .F. ) ;
#1288 = EDGE_LOOP ( 'NONE', ( #1312, #2769, #2169, #184 ) ) ;
#1289 = CARTESIAN_POINT ( 'NONE',  ( -8.000000000000000000, 2.799999999999997158, -7.999999999999996447 ) ) ;
#1290 = CYLINDRICAL_SURFACE ( 'NONE', #2154, 0.5000000000000004441 ) ;
#1291 = EDGE_LOOP ( 'NONE', ( #604, #434, #258, #894, #743, #2522, #781, #2345 ) ) ;
#1292 = CIRCLE ( 'NONE', #169, 1.499999999999999556 ) ;
#1293 = ORIENTED_EDGE ( 'NONE', *, *, #503, .T. ) ;
#1294 = DIRECTION ( 'NONE',  ( 0.0000000000000000000, 0.0000000000000000000, -1.000000000000000000 ) ) ;
#1295 = VECTOR ( 'NONE', #2294, 1000.000000000000000 ) ;
#1296 = VERTEX_POINT ( 'NONE', #2404 ) ;
#1297 = TOROIDAL_SURFACE ( 'NONE', #80, 0.5000000000000000000, 2.500000000000000000 ) ;
#1298 = CARTESIAN_POINT ( 'NONE',  ( 8.000000000000000000, 6.800000000000000711, -10.99999999999999822 ) ) ;
#1299 = ADVANCED_FACE ( 'NONE', ( #2600 ), #713, .T. ) ;
#1300 =( GEOMETRIC_REPRESENTATION_CONTEXT ( 3 ) GLOBAL_UNCERTAINTY_ASSIGNED_CONTEXT ( ( #2641 ) ) GLOBAL_UNIT_ASSIGNED_CONTEXT ( ( #2572, #2746, #394 ) ) REPRESENTATION_CONTEXT ( 'NONE', 'WORKASPACE' ) );
#1301 = VERTEX_POINT ( 'NONE', #1193 ) ;
#1302 = VECTOR ( 'NONE', #692, 1000.000000000000000 ) ;
#1303 = CIRCLE ( 'NONE', #813, 1.199999999999999734 ) ;
#1304 = PLANE ( 'NONE',  #5 ) ;
#1305 = VERTEX_POINT ( 'NONE', #2722 ) ;
#1306 = MECHANICAL_DESIGN_GEOMETRIC_PRESENTATION_REPRESENTATION (  '', ( #2515 ), #450 ) ;
#1307 = ORIENTED_EDGE ( 'NONE', *, *, #1977, .F. ) ;
#1308 = LINE ( 'NONE', #446, #572 ) ;
#1309 = CIRCLE ( 'NONE', #634, 2.500000000000000444 ) ;
#1310 = CARTESIAN_POINT ( 'NONE',  ( 8.499999999999998224, 9.300000000000000711, -7.999999999999996447 ) ) ;
#1311 = ORIENTED_EDGE ( 'NONE', *, *, #2358, .T. ) ;
#1312 = ORIENTED_EDGE ( 'NONE', *, *, #1313, .F. ) ;
#1313 = EDGE_CURVE ( 'NONE', #628, #1425, #2663, .T. ) ;
#1314 = CARTESIAN_POINT ( 'NONE',  ( 7.999999999999986677, 0.0000000000000000000, 7.999999999999998224 ) ) ;
#1315 = ADVANCED_FACE ( 'NONE', ( #360 ), #1664, .F. ) ;
#1316 = DIRECTION ( 'NONE',  ( 0.0000000000000000000, 0.0000000000000000000, -1.000000000000000000 ) ) ;
#1317 = EDGE_LOOP ( 'NONE', ( #473, #821, #1490, #51 ) ) ;
#1318 = DIRECTION ( 'NONE',  ( 1.000000000000000000, -0.0000000000000000000, 0.0000000000000000000 ) ) ;
#1319 = FACE_OUTER_BOUND ( 'NONE', #1463, .T. ) ;
#1320 = CARTESIAN_POINT ( 'NONE',  ( -11.50000000000000533, 2.299999999999999822, -10.30000000000000604 ) ) ;
#1321 = ORIENTED_EDGE ( 'NONE', *, *, #2527, .F. ) ;
#1322 = EDGE_LOOP ( 'NONE', ( #2288, #2201, #417, #160 ) ) ;
#1323 = CARTESIAN_POINT ( 'NONE',  ( 0.0000000000000000000, 0.1000000000000000056, 0.0000000000000000000 ) ) ;
#1324 = CARTESIAN_POINT ( 'NONE',  ( -8.499999999999998224, 9.300000000000000711, 7.999999999999998224 ) ) ;
#1325 = DIRECTION ( 'NONE',  ( -0.0000000000000000000, -1.000000000000000000, -0.0000000000000000000 ) ) ;
#1326 = CARTESIAN_POINT ( 'NONE',  ( 7.999999999999986677, 0.0000000000000000000, 11.50000000000000178 ) ) ;
#1327 = DIRECTION ( 'NONE',  ( 0.0000000000000000000, 0.0000000000000000000, 1.000000000000000000 ) ) ;
#1328 = ORIENTED_EDGE ( 'NONE', *, *, #2512, .F. ) ;
#1329 = CARTESIAN_POINT ( 'NONE',  ( 11.49999999999999467, 1.300000000000000044, -10.30000000000000604 ) ) ;
#1330 = DIRECTION ( 'NONE',  ( -0.0000000000000000000, -0.0000000000000000000, 1.000000000000000000 ) ) ;
#1331 = ADVANCED_FACE ( 'NONE', ( #1832 ), #1850, .F. ) ;
#1332 = DIRECTION ( 'NONE',  ( 0.0000000000000000000, 1.000000000000000000, 0.0000000000000000000 ) ) ;
#1333 = EDGE_LOOP ( 'NONE', ( #644, #1655, #57, #654 ) ) ;
#1334 = SURFACE_STYLE_FILL_AREA ( #2240 ) ;
#1335 = CARTESIAN_POINT ( 'NONE',  ( -10.30000000000000604, 2.299999999999999822, -10.30000000000000604 ) ) ;
#1336 = ORIENTED_EDGE ( 'NONE', *, *, #2414, .T. ) ;
#1337 = CARTESIAN_POINT ( 'NONE',  ( -8.500000000000000000, 9.300000000000000711, -7.999999999999996447 ) ) ;
#1338 = VECTOR ( 'NONE', #1731, 1000.000000000000000 ) ;
#1339 = STYLED_ITEM ( 'NONE', ( #1633 ), #1011 ) ;
#1340 = ORIENTED_EDGE ( 'NONE', *, *, #1872, .T. ) ;
#1341 = CARTESIAN_POINT ( 'NONE',  ( 6.250000000000007105, 9.300000000000000711, 1.380000000000002780 ) ) ;
#1342 = EDGE_CURVE ( 'NONE', #2624, #628, #1207, .T. ) ;
#1343 = STYLED_ITEM ( 'NONE', ( #1914 ), #1243 ) ;
#1344 = CARTESIAN_POINT ( 'NONE',  ( 10.29999999999999893, 2.299999999999999822, 10.29999999999999538 ) ) ;
#1345 = CARTESIAN_POINT ( 'NONE',  ( 6.250000000000007105, 9.300000000000000711, -1.619999999999996554 ) ) ;
#1346 = CIRCLE ( 'NONE', #1492, 1.199999999999999734 ) ;
#1347 = EDGE_CURVE ( 'NONE', #1097, #626, #1759, .T. ) ;
#1348 = FACE_OUTER_BOUND ( 'NONE', #346, .T. ) ;
#1349 = CARTESIAN_POINT ( 'NONE',  ( 10.29999999999999893, 1.300000000000000044, 11.49999999999999467 ) ) ;
#1350 = DIRECTION ( 'NONE',  ( -0.0000000000000000000, 1.000000000000000000, -0.0000000000000000000 ) ) ;
#1351 = STYLED_ITEM ( 'NONE', ( #1656 ), #1806 ) ;
#1352 = EDGE_LOOP ( 'NONE', ( #1470, #1414, #1321, #192 ) ) ;
#1353 = DIRECTION ( 'NONE',  ( 0.0000000000000000000, 0.0000000000000000000, -1.000000000000000000 ) ) ;
#1354 = UNCERTAINTY_MEASURE_WITH_UNIT (LENGTH_MEASURE( 1.000000000000000082E-05 ), #2770, 'distance_accuracy_value', 'NONE');
#1355 = VECTOR ( 'NONE', #1581, 1000.000000000000000 ) ;
#1356 = ORIENTED_EDGE ( 'NONE', *, *, #764, .T. ) ;
#1357 = PLANE ( 'NONE',  #1673 ) ;
#1358 = EDGE_LOOP ( 'NONE', ( #2425, #2036, #2121, #1820 ) ) ;
#1359 = CARTESIAN_POINT ( 'NONE',  ( -11.50000000000000355, 0.1000000000000000056, 7.999999999999998224 ) ) ;
#1360 = DIRECTION ( 'NONE',  ( -1.508455196501571429E-16, -0.0000000000000000000, -1.000000000000000000 ) ) ;
#1361 = DIRECTION ( 'NONE',  ( -7.885106708985487801E-17, 0.0000000000000000000, -1.000000000000000000 ) ) ;
#1362 = VERTEX_POINT ( 'NONE', #2050 ) ;
#1363 = FILL_AREA_STYLE_COLOUR ( '', #2290 ) ;
#1364 = LINE ( 'NONE', #2020, #2428 ) ;
#1365 = LINE ( 'NONE', #715, #2021 ) ;
#1366 = ADVANCED_FACE ( 'NONE', ( #334 ), #108, .T. ) ;
#1367 = ORIENTED_EDGE ( 'NONE', *, *, #195, .F. ) ;
#1368 =( NAMED_UNIT ( * ) PLANE_ANGLE_UNIT ( ) SI_UNIT ( $, .RADIAN. ) );
#1369 = ADVANCED_FACE ( 'NONE', ( #2481 ), #752, .F. ) ;
#1370 = ORIENTED_EDGE ( 'NONE', *, *, #300, .F. ) ;
#1371 = PLANE ( 'NONE',  #1941 ) ;
#1372 = VERTEX_POINT ( 'NONE', #2085 ) ;
#1373 = DIRECTION ( 'NONE',  ( 0.0000000000000000000, 0.0000000000000000000, -1.000000000000000000 ) ) ;
#1374 = DIRECTION ( 'NONE',  ( 1.000000000000000000, 0.0000000000000000000, 0.0000000000000000000 ) ) ;
#1375 = VERTEX_POINT ( 'NONE', #324 ) ;
#1376 = CARTESIAN_POINT ( 'NONE',  ( 6.250000000000007105, 6.300000000000000711, -1.619999999999996554 ) ) ;
#1377 = DIRECTION ( 'NONE',  ( -0.0000000000000000000, 1.000000000000000000, -0.0000000000000000000 ) ) ;
#1378 = DIRECTION ( 'NONE',  ( 0.0000000000000000000, 1.000000000000000000, 0.0000000000000000000 ) ) ;
#1379 = ADVANCED_FACE ( 'NONE', ( #984 ), #151, .F. ) ;
#1380 = EDGE_LOOP ( 'NONE', ( #1034, #2658, #728, #223 ) ) ;
#1381 = CARTESIAN_POINT ( 'NONE',  ( 12.50000000000000178, 0.0000000000000000000, -12.49999999999999645 ) ) ;
#1382 = EDGE_CURVE ( 'NONE', #1112, #1589, #1636, .T. ) ;
#1383 = ORIENTED_EDGE ( 'NONE', *, *, #2478, .F. ) ;
#1384 = CIRCLE ( 'NONE', #895, 1.199999999999999734 ) ;
#1385 = DIRECTION ( 'NONE',  ( 1.000000000000000000, 0.0000000000000000000, 0.0000000000000000000 ) ) ;
#1386 = ORIENTED_EDGE ( 'NONE', *, *, #1908, .T. ) ;
#1387 = CYLINDRICAL_SURFACE ( 'NONE', #1753, 2.500000000000000444 ) ;
#1388 = VECTOR ( 'NONE', #2329, 1000.000000000000000 ) ;
#1389 = PRESENTATION_STYLE_ASSIGNMENT (( #2503 ) ) ;
#1390 = CARTESIAN_POINT ( 'NONE',  ( 11.49999999999998401, 0.1000000000000000056, 11.50000000000000178 ) ) ;
#1391 = VECTOR ( 'NONE', #2225, 1000.000000000000000 ) ;
#1392 = VERTEX_POINT ( 'NONE', #1014 ) ;
#1393 = AXIS2_PLACEMENT_3D ( 'NONE', #1239, #1870, #380 ) ;
#1394 = LINE ( 'NONE', #739, #2423 ) ;
#1395 = DIRECTION ( 'NONE',  ( -0.0000000000000000000, -1.000000000000000000, -0.0000000000000000000 ) ) ;
#1396 = DIRECTION ( 'NONE',  ( 0.0000000000000000000, 0.0000000000000000000, 1.000000000000000000 ) ) ;
#1397 = ORIENTED_EDGE ( 'NONE', *, *, #974, .F. ) ;
#1398 = DIRECTION ( 'NONE',  ( 0.0000000000000000000, -1.000000000000000000, 0.0000000000000000000 ) ) ;
#1399 = VECTOR ( 'NONE', #126, 1000.000000000000000 ) ;
#1400 = DIRECTION ( 'NONE',  ( -0.0000000000000000000, -1.000000000000000000, -0.0000000000000000000 ) ) ;
#1401 = ORIENTED_EDGE ( 'NONE', *, *, #215, .F. ) ;
#1402 = CIRCLE ( 'NONE', #1220, 3.499999999999999556 ) ;
#1403 = EDGE_CURVE ( 'NONE', #1882, #688, #1394, .T. ) ;
#1404 = FACE_OUTER_BOUND ( 'NONE', #1282, .T. ) ;
#1405 = AXIS2_PLACEMENT_3D ( 'NONE', #707, #267, #1149 ) ;
#1406 = CARTESIAN_POINT ( 'NONE',  ( 11.49999999999999822, 2.299999999999999822, 7.999999999999998224 ) ) ;
#1407 = ADVANCED_FACE ( 'NONE', ( #1879 ), #2507, .F. ) ;
#1408 =( NAMED_UNIT ( * ) SI_UNIT ( $, .STERADIAN. ) SOLID_ANGLE_UNIT ( ) );
#1409 = CARTESIAN_POINT ( 'NONE',  ( -11.50000000000000000, 2.799999999999997158, -10.99999999999999822 ) ) ;
#1410 = EDGE_LOOP ( 'NONE', ( #113, #620, #245, #2666 ) ) ;
#1411 = DIRECTION ( 'NONE',  ( 0.0000000000000000000, 1.000000000000000000, 0.0000000000000000000 ) ) ;
#1412 = CARTESIAN_POINT ( 'NONE',  ( -8.000000000000000000, 49.71269837220809507, 11.00000000000000178 ) ) ;
#1413 = LINE ( 'NONE', #1424, #751 ) ;
#1414 = ORIENTED_EDGE ( 'NONE', *, *, #2313, .F. ) ;
#1415 = LINE ( 'NONE', #1032, #405 ) ;
#1416 = VERTEX_POINT ( 'NONE', #2038 ) ;
#1417 = DIRECTION ( 'NONE',  ( 1.000000000000000000, 0.0000000000000000000, -0.0000000000000000000 ) ) ;
#1418 =( LENGTH_UNIT ( ) NAMED_UNIT ( * ) SI_UNIT ( .MILLI., .METRE. ) );
#1419 =( LENGTH_UNIT ( ) NAMED_UNIT ( * ) SI_UNIT ( .MILLI., .METRE. ) );
#1420 = FACE_OUTER_BOUND ( 'NONE', #2053, .T. ) ;
#1421 = EDGE_CURVE ( 'NONE', #2312, #1869, #96, .T. ) ;
#1422 = CARTESIAN_POINT ( 'NONE',  ( -9.750000000000000000, 0.1000000000000000056, -4.999999999999997335 ) ) ;
#1423 = LINE ( 'NONE', #1412, #999 ) ;
#1424 = CARTESIAN_POINT ( 'NONE',  ( -11.00000000000000000, 49.71269837220809507, 7.999999999999998224 ) ) ;
#1425 = VERTEX_POINT ( 'NONE', #1606 ) ;
#1426 = DIRECTION ( 'NONE',  ( 1.000000000000000000, -0.0000000000000000000, 0.0000000000000000000 ) ) ;
#1427 = CARTESIAN_POINT ( 'NONE',  ( 1.499999999999990896, 0.0000000000000000000, -7.999999999999998224 ) ) ;
#1428 = ORIENTED_EDGE ( 'NONE', *, *, #2094, .F. ) ;
#1429 = CARTESIAN_POINT ( 'NONE',  ( -5.000000000000004441, 0.0000000000000000000, 7.999999999999998224 ) ) ;
#1430 = DIRECTION ( 'NONE',  ( 7.885106708985487801E-17, -0.0000000000000000000, 1.000000000000000000 ) ) ;
#1431 = ORIENTED_EDGE ( 'NONE', *, *, #1098, .T. ) ;
#1432 = DIRECTION ( 'NONE',  ( 1.000000000000000000, 0.0000000000000000000, 0.0000000000000000000 ) ) ;
#1433 = VECTOR ( 'NONE', #1778, 1000.000000000000000 ) ;
#1434 = EDGE_CURVE ( 'NONE', #460, #1639, #2256, .T. ) ;
#1435 = CARTESIAN_POINT ( 'NONE',  ( -11.00000000000000000, 49.71269837220809507, 11.00000000000000178 ) ) ;
#1436 = CARTESIAN_POINT ( 'NONE',  ( -11.50000000000000533, 2.299999999999999822, -7.999999999999996447 ) ) ;
#1437 = DIRECTION ( 'NONE',  ( -0.0000000000000000000, -1.000000000000000000, -0.0000000000000000000 ) ) ;
#1438 = ORIENTED_EDGE ( 'NONE', *, *, #988, .F. ) ;
#1439 = EDGE_CURVE ( 'NONE', #1078, #2280, #1694, .T. ) ;
#1440 = APPLICATION_CONTEXT ( 'automotive_design' ) ;
#1441 = COLOUR_RGB ( '',1.000000000000000000, 0.8078431372549019773, 0.4980392156862745168 ) ;
#1442 = CARTESIAN_POINT ( 'NONE',  ( -1.500000000000006439, 0.1000000000000000056, -7.999999999999998224 ) ) ;
#1443 = CARTESIAN_POINT ( 'NONE',  ( 8.000000000000001776, 2.799999999999997158, 7.999999999999998224 ) ) ;
#1444 = EDGE_LOOP ( 'NONE', ( #1532, #1920, #1520, #2244 ) ) ;
#1445 = AXIS2_PLACEMENT_3D ( 'NONE', #2056, #2069, #1417 ) ;
#1446 = VECTOR ( 'NONE', #516, 1000.000000000000000 ) ;
#1447 =( LENGTH_UNIT ( ) NAMED_UNIT ( * ) SI_UNIT ( .MILLI., .METRE. ) );
#1448 = SURFACE_STYLE_FILL_AREA ( #2500 ) ;
#1449 = VECTOR ( 'NONE', #1559, 1000.000000000000000 ) ;
#1450 = ORIENTED_EDGE ( 'NONE', *, *, #1460, .T. ) ;
#1451 = CARTESIAN_POINT ( 'NONE',  ( 8.000000000000001776, 6.800000000000000711, 7.999999999999998224 ) ) ;
#1452 = DIRECTION ( 'NONE',  ( -1.000000000000000000, 0.0000000000000000000, 0.0000000000000000000 ) ) ;
#1453 = EDGE_CURVE ( 'NONE', #774, #2107, #2182, .T. ) ;
#1454 = ORIENTED_EDGE ( 'NONE', *, *, #1382, .T. ) ;
#1455 = FACE_OUTER_BOUND ( 'NONE', #1130, .T. ) ;
#1456 = CARTESIAN_POINT ( 'NONE',  ( -11.50000000000000355, 0.0000000000000000000, 11.50000000000000178 ) ) ;
#1457 = EDGE_CURVE ( 'NONE', #1362, #1495, #196, .T. ) ;
#1458 = ORIENTED_EDGE ( 'NONE', *, *, #1347, .F. ) ;
#1459 = CYLINDRICAL_SURFACE ( 'NONE', #409, 2.999999999999999112 ) ;
#1460 = EDGE_CURVE ( 'NONE', #1748, #1112, #1465, .T. ) ;
#1461 = FACE_OUTER_BOUND ( 'NONE', #532, .T. ) ;
#1462 = ORIENTED_EDGE ( 'NONE', *, *, #300, .T. ) ;
#1463 = EDGE_LOOP ( 'NONE', ( #2749, #100, #2000, #2725 ) ) ;
#1464 = CARTESIAN_POINT ( 'NONE',  ( 10.29999999999999893, 2.299999999999999822, 11.49999999999999467 ) ) ;
#1465 = LINE ( 'NONE', #898, #905 ) ;
#1466 = PRESENTATION_STYLE_ASSIGNMENT (( #1478 ) ) ;
#1467 = DIRECTION ( 'NONE',  ( 0.0000000000000000000, 0.0000000000000000000, -1.000000000000000000 ) ) ;
#1468 = ORIENTED_EDGE ( 'NONE', *, *, #1267, .F. ) ;
#1469 = DIRECTION ( 'NONE',  ( -0.0000000000000000000, -1.000000000000000000, -0.0000000000000000000 ) ) ;
#1470 = ORIENTED_EDGE ( 'NONE', *, *, #2762, .T. ) ;
#1471 = EDGE_CURVE ( 'NONE', #879, #1495, #533, .T. ) ;
#1472 = LINE ( 'NONE', #2326, #2733 ) ;
#1473 = EDGE_CURVE ( 'NONE', #381, #774, #376, .T. ) ;
#1474 = ORIENTED_EDGE ( 'NONE', *, *, #1215, .F. ) ;
#1475 = ORIENTED_EDGE ( 'NONE', *, *, #1098, .F. ) ;
#1476 = LINE ( 'NONE', #873, #1388 ) ;
#1477 = FACE_OUTER_BOUND ( 'NONE', #1352, .T. ) ;
#1478 = SURFACE_STYLE_USAGE ( .BOTH. , #2111 ) ;
#1479 = FILL_AREA_STYLE ('',( #2359 ) ) ;
#1480 = VECTOR ( 'NONE', #2493, 1000.000000000000000 ) ;
#1481 = ORIENTED_EDGE ( 'NONE', *, *, #1689, .F. ) ;
#1482 = ORIENTED_EDGE ( 'NONE', *, *, #908, .T. ) ;
#1483 = PRESENTATION_LAYER_ASSIGNMENT (  '', '', ( #661 ) ) ;
#1484 = FACE_BOUND ( 'NONE', #977, .T. ) ;
#1485 = CARTESIAN_POINT ( 'NONE',  ( 7.999999999999989342, 0.1000000000000000056, -7.999999999999998224 ) ) ;
#1486 = AXIS2_PLACEMENT_3D ( 'NONE', #385, #2562, #1918 ) ;
#1487 = STYLED_ITEM ( 'NONE', ( #2443 ), #1247 ) ;
#1488 = DIRECTION ( 'NONE',  ( 0.0000000000000000000, 0.0000000000000000000, -1.000000000000000000 ) ) ;
#1489 = FACE_OUTER_BOUND ( 'NONE', #2681, .T. ) ;
#1490 = ORIENTED_EDGE ( 'NONE', *, *, #2108, .F. ) ;
#1491 = ADVANCED_FACE ( 'NONE', ( #1970 ), #2740, .F. ) ;
#1492 = AXIS2_PLACEMENT_3D ( 'NONE', #262, #594, #679 ) ;
#1493 = EDGE_LOOP ( 'NONE', ( #699, #618, #229, #508, #288, #2553 ) ) ;
#1494 = COLOUR_RGB ( '',0.2039215686274509776, 0.2039215686274509776, 0.2039215686274509776 ) ;
#1495 = VERTEX_POINT ( 'NONE', #248 ) ;
#1496 = ADVANCED_FACE ( 'NONE', ( #2398 ), #1537, .F. ) ;
#1497 = FACE_OUTER_BOUND ( 'NONE', #2458, .T. ) ;
#1498 = CARTESIAN_POINT ( 'NONE',  ( 11.49999999999998401, 0.1000000000000000056, 11.50000000000000178 ) ) ;
#1499 = ORIENTED_EDGE ( 'NONE', *, *, #1858, .F. ) ;
#1500 = EDGE_LOOP ( 'NONE', ( #1651, #2113, #418, #2489, #213, #1025 ) ) ;
#1501 = MECHANICAL_DESIGN_GEOMETRIC_PRESENTATION_REPRESENTATION (  '', ( #585 ), #1226 ) ;
#1502 = DIRECTION ( 'NONE',  ( 0.0000000000000000000, 1.000000000000000000, 0.0000000000000000000 ) ) ;
#1503 = DIRECTION ( 'NONE',  ( 0.0000000000000000000, 1.000000000000000000, 0.0000000000000000000 ) ) ;
#1504 = CARTESIAN_POINT ( 'NONE',  ( -8.000000000000000000, 6.800000000000000711, -7.999999999999996447 ) ) ;
#1505 = ORIENTED_EDGE ( 'NONE', *, *, #742, .T. ) ;
#1506 = DIRECTION ( 'NONE',  ( 1.000000000000000000, 0.0000000000000000000, 6.938893903907227392E-16 ) ) ;
#1507 = UNCERTAINTY_MEASURE_WITH_UNIT (LENGTH_MEASURE( 1.000000000000000082E-05 ), #63, 'distance_accuracy_value', 'NONE');
#1508 = SURFACE_STYLE_USAGE ( .BOTH. , #2104 ) ;
#1509 = VERTEX_POINT ( 'NONE', #2124 ) ;
#1510 = VERTEX_POINT ( 'NONE', #2535 ) ;
#1511 = DIRECTION ( 'NONE',  ( 0.0000000000000000000, -0.0000000000000000000, 1.000000000000000000 ) ) ;
#1512 = FILL_AREA_STYLE ('',( #1045 ) ) ;
#1513 = CARTESIAN_POINT ( 'NONE',  ( -10.30000000000000249, 1.300000000000000044, 11.49999999999999467 ) ) ;
#1514 = ORIENTED_EDGE ( 'NONE', *, *, #974, .T. ) ;
#1515 = EDGE_LOOP ( 'NONE', ( #934, #1575, #1458, #2711 ) ) ;
#1516 = EDGE_CURVE ( 'NONE', #875, #242, #1346, .T. ) ;
#1517 = FACE_BOUND ( 'NONE', #777, .T. ) ;
#1518 = FACE_OUTER_BOUND ( 'NONE', #1410, .T. ) ;
#1519 = DIRECTION ( 'NONE',  ( 0.0000000000000000000, 0.0000000000000000000, 1.000000000000000000 ) ) ;
#1520 = ORIENTED_EDGE ( 'NONE', *, *, #2185, .F. ) ;
#1521 = CARTESIAN_POINT ( 'NONE',  ( 6.250000000000007105, 6.300000000000000711, -1.619999999999996554 ) ) ;
#1522 = LINE ( 'NONE', #2370, #1391 ) ;
#1523 = PLANE ( 'NONE',  #1590 ) ;
#1524 = SURFACE_STYLE_USAGE ( .BOTH. , #10 ) ;
#1525 = ORIENTED_EDGE ( 'NONE', *, *, #403, .F. ) ;
#1526 = ORIENTED_EDGE ( 'NONE', *, *, #1421, .T. ) ;
#1527 = ADVANCED_FACE ( 'NONE', ( #1119 ), #275, .T. ) ;
#1528 = COLOUR_RGB ( '',0.2039215686274509776, 0.2039215686274509776, 0.2039215686274509776 ) ;
#1529 = PLANE ( 'NONE',  #92 ) ;
#1530 = ORIENTED_EDGE ( 'NONE', *, *, #448, .T. ) ;
#1531 = EDGE_CURVE ( 'NONE', #1714, #2530, #182, .T. ) ;
#1532 = ORIENTED_EDGE ( 'NONE', *, *, #1743, .T. ) ;
#1533 = VECTOR ( 'NONE', #1890, 1000.000000000000000 ) ;
#1534 = LINE ( 'NONE', #2384, #2077 ) ;
#1535 = VECTOR ( 'NONE', #749, 1000.000000000000000 ) ;
#1536 =( GEOMETRIC_REPRESENTATION_CONTEXT ( 3 ) GLOBAL_UNCERTAINTY_ASSIGNED_CONTEXT ( ( #1354 ) ) GLOBAL_UNIT_ASSIGNED_CONTEXT ( ( #2770, #1064, #2585 ) ) REPRESENTATION_CONTEXT ( 'NONE', 'WORKASPACE' ) );
#1537 = PLANE ( 'NONE',  #2254 ) ;
#1538 = ORIENTED_EDGE ( 'NONE', *, *, #549, .F. ) ;
#1539 = DIRECTION ( 'NONE',  ( -6.938893903907227392E-16, 0.0000000000000000000, -1.000000000000000000 ) ) ;
#1540 = AXIS2_PLACEMENT_3D ( 'NONE', #579, #1452, #2305 ) ;
#1541 = VECTOR ( 'NONE', #1687, 1000.000000000000000 ) ;
#1542 = LINE ( 'NONE', #925, #141 ) ;
#1543 = DIRECTION ( 'NONE',  ( -0.0000000000000000000, -1.000000000000000000, -0.0000000000000000000 ) ) ;
#1544 = ORIENTED_EDGE ( 'NONE', *, *, #2478, .T. ) ;
#1545 = VECTOR ( 'NONE', #285, 1000.000000000000000 ) ;
#1546 = ORIENTED_EDGE ( 'NONE', *, *, #850, .F. ) ;
#1547 = FILL_AREA_STYLE ('',( #55 ) ) ;
#1548 = VECTOR ( 'NONE', #1330, 1000.000000000000000 ) ;
#1549 = CARTESIAN_POINT ( 'NONE',  ( -1.500000000000008216, 0.0000000000000000000, 11.50000000000000178 ) ) ;
#1550 = LINE ( 'NONE', #907, #1201 ) ;
#1551 = FILL_AREA_STYLE ('',( #676 ) ) ;
#1552 = EDGE_CURVE ( 'NONE', #2471, #814, #995, .T. ) ;
#1553 = CARTESIAN_POINT ( 'NONE',  ( 0.0000000000000000000, 2.299999999999999822, 0.0000000000000000000 ) ) ;
#1554 = VERTEX_POINT ( 'NONE', #49 ) ;
#1555 = DIRECTION ( 'NONE',  ( 1.000000000000000000, 0.0000000000000000000, -6.938893903907227392E-16 ) ) ;
#1556 = CARTESIAN_POINT ( 'NONE',  ( -8.000000000000000000, 6.800000000000000711, 8.500000000000000000 ) ) ;
#1557 = SURFACE_SIDE_STYLE ('',( #2621 ) ) ;
#1558 = EDGE_LOOP ( 'NONE', ( #2230, #2764, #1964, #374 ) ) ;
#1559 = DIRECTION ( 'NONE',  ( -0.0000000000000000000, 0.0000000000000000000, 1.000000000000000000 ) ) ;
#1560 = CARTESIAN_POINT ( 'NONE',  ( 10.29999999999999893, 1.300000000000000044, 10.29999999999999538 ) ) ;
#1561 = LINE ( 'NONE', #2408, #2037 ) ;
#1562 = DIRECTION ( 'NONE',  ( 1.000000000000000000, 0.0000000000000000000, -0.0000000000000000000 ) ) ;
#1563 = EDGE_LOOP ( 'NONE', ( #2439, #1383, #2156, #553 ) ) ;
#1564 = DIRECTION ( 'NONE',  ( 0.0000000000000000000, 0.0000000000000000000, 1.000000000000000000 ) ) ;
#1565 = ADVANCED_FACE ( 'NONE', ( #2098 ), #662, .F. ) ;
#1566 = PLANE ( 'NONE',  #414 ) ;
#1567 = DIRECTION ( 'NONE',  ( 0.0000000000000000000, 0.0000000000000000000, -1.000000000000000000 ) ) ;
#1568 = LINE ( 'NONE', #1810, #1545 ) ;
#1569 = LINE ( 'NONE', #2009, #2457 ) ;
#1570 = PRESENTATION_LAYER_ASSIGNMENT (  '', '', ( #2679 ) ) ;
#1571 = ORIENTED_EDGE ( 'NONE', *, *, #885, .F. ) ;
#1572 = CIRCLE ( 'NONE', #897, 2.500000000000000444 ) ;
#1573 = DIRECTION ( 'NONE',  ( -1.000000000000000000, 0.0000000000000000000, 0.0000000000000000000 ) ) ;
#1574 = VECTOR ( 'NONE', #2426, 1000.000000000000000 ) ;
#1575 = ORIENTED_EDGE ( 'NONE', *, *, #537, .F. ) ;
#1576 = DIRECTION ( 'NONE',  ( -1.000000000000000000, 0.0000000000000000000, 7.885106708985487801E-17 ) ) ;
#1577 = ADVANCED_FACE ( 'NONE', ( #1987 ), #2608, .T. ) ;
#1578 = VECTOR ( 'NONE', #2633, 1000.000000000000000 ) ;
#1579 = ADVANCED_FACE ( 'NONE', ( #1477 ), #2755, .F. ) ;
#1580 = AXIS2_PLACEMENT_3D ( 'NONE', #1553, #2194, #164 ) ;
#1581 = DIRECTION ( 'NONE',  ( -0.0000000000000000000, -1.000000000000000000, -0.0000000000000000000 ) ) ;
#1582 = PLANE ( 'NONE',  #2463 ) ;
#1583 = AXIS2_PLACEMENT_3D ( 'NONE', #1067, #2561, #1506 ) ;
#1584 = ADVANCED_FACE ( 'NONE', ( #1843 ), #1357, .F. ) ;
#1585 =( NAMED_UNIT ( * ) PLANE_ANGLE_UNIT ( ) SI_UNIT ( $, .RADIAN. ) );
#1586 = DIRECTION ( 'NONE',  ( 0.0000000000000000000, 0.0000000000000000000, 1.000000000000000000 ) ) ;
#1587 = CARTESIAN_POINT ( 'NONE',  ( -1.500000000000006439, 0.1000000000000000056, -11.50000000000000178 ) ) ;
#1588 = VECTOR ( 'NONE', #1194, 1000.000000000000000 ) ;
#1589 = VERTEX_POINT ( 'NONE', #2223 ) ;
#1590 = AXIS2_PLACEMENT_3D ( 'NONE', #2372, #843, #239 ) ;
#1591 = TOROIDAL_SURFACE ( 'NONE', #2518, 3.500000000000000000, 0.5000000000000000000 ) ;
#1592 = ORIENTED_EDGE ( 'NONE', *, *, #936, .T. ) ;
#1593 = EDGE_LOOP ( 'NONE', ( #1812, #2150, #2095, #1252 ) ) ;
#1594 = DIRECTION ( 'NONE',  ( 7.885106708985487801E-17, 0.0000000000000000000, 1.000000000000000000 ) ) ;
#1595 = CARTESIAN_POINT ( 'NONE',  ( 11.49999999999998757, 0.1000000000000000056, -7.999999999999998224 ) ) ;
#1596 = ORIENTED_EDGE ( 'NONE', *, *, #2477, .T. ) ;
#1597 = EDGE_CURVE ( 'NONE', #1510, #1495, #355, .T. ) ;
#1598 = LINE ( 'NONE', #1376, #2782 ) ;
#1599 = DIRECTION ( 'NONE',  ( -0.0000000000000000000, -0.0000000000000000000, 1.000000000000000000 ) ) ;
#1600 = CARTESIAN_POINT ( 'NONE',  ( 12.50000000000000178, 1.300000000000000044, -12.49999999999999645 ) ) ;
#1601 = VERTEX_POINT ( 'NONE', #933 ) ;
#1602 = ADVANCED_FACE ( 'NONE', ( #2424 ), #291, .F. ) ;
#1603 = DIRECTION ( 'NONE',  ( 1.000000000000000000, -0.0000000000000000000, 0.0000000000000000000 ) ) ;
#1604 = ORIENTED_EDGE ( 'NONE', *, *, #1280, .T. ) ;
#1605 = CARTESIAN_POINT ( 'NONE',  ( -8.000000000000005329, 0.1000000000000000056, 11.50000000000000178 ) ) ;
#1606 = CARTESIAN_POINT ( 'NONE',  ( -11.50000000000000178, -0.0000000000000000000, -7.999999999999998224 ) ) ;
#1607 = DIRECTION ( 'NONE',  ( -1.000000000000000000, -0.0000000000000000000, -0.0000000000000000000 ) ) ;
#1608 = DIRECTION ( 'NONE',  ( 0.0000000000000000000, 0.0000000000000000000, 1.000000000000000000 ) ) ;
#1609 = ORIENTED_EDGE ( 'NONE', *, *, #1977, .T. ) ;
#1610 = LINE ( 'NONE', #2460, #2640 ) ;
#1611 = CARTESIAN_POINT ( 'NONE',  ( 4.999999999999988454, 0.1000000000000000056, -7.999999999999998224 ) ) ;
#1612 = ADVANCED_FACE ( 'NONE', ( #1175 ), #1371, .F. ) ;
#1613 = UNCERTAINTY_MEASURE_WITH_UNIT (LENGTH_MEASURE( 1.000000000000000082E-05 ), #1447, 'distance_accuracy_value', 'NONE');
#1614 = ORIENTED_EDGE ( 'NONE', *, *, #231, .T. ) ;
#1615 = CARTESIAN_POINT ( 'NONE',  ( -1.500000000000009104, 0.1000000000000000056, 7.999999999999998224 ) ) ;
#1616 = STYLED_ITEM ( 'NONE', ( #2349 ), #318 ) ;
#1617 = FACE_OUTER_BOUND ( 'NONE', #930, .T. ) ;
#1618 = AXIS2_PLACEMENT_3D ( 'NONE', #1605, #2017, #1567 ) ;
#1619 = CARTESIAN_POINT ( 'NONE',  ( 11.49999999999999822, 2.299999999999999822, 10.29999999999999538 ) ) ;
#1620 = VERTEX_POINT ( 'NONE', #330 ) ;
#1621 = AXIS2_PLACEMENT_3D ( 'NONE', #2701, #2712, #2271 ) ;
#1622 = DIRECTION ( 'NONE',  ( 0.0000000000000000000, 0.0000000000000000000, 1.000000000000000000 ) ) ;
#1623 = CARTESIAN_POINT ( 'NONE',  ( 8.000000000000000000, 49.71269837220809507, -7.999999999999996447 ) ) ;
#1624 = SURFACE_SIDE_STYLE ('',( #802 ) ) ;
#1625 = AXIS2_PLACEMENT_3D ( 'NONE', #137, #1622, #2695 ) ;
#1626 = ORIENTED_EDGE ( 'NONE', *, *, #1158, .F. ) ;
#1627 = CARTESIAN_POINT ( 'NONE',  ( -11.50000000000000533, 2.299999999999999822, -10.30000000000000604 ) ) ;
#1628 = VECTOR ( 'NONE', #415, 1000.000000000000000 ) ;
#1629 = CARTESIAN_POINT ( 'NONE',  ( -12.49999999999999822, 0.0000000000000000000, -12.49999999999999645 ) ) ;
#1630 = AXIS2_PLACEMENT_3D ( 'NONE', #1335, #462, #2419 ) ;
#1631 = FACE_OUTER_BOUND ( 'NONE', #556, .T. ) ;
#1632 = COLOUR_RGB ( '',0.7803921568627451011, 0.7607843137254901578, 0.7411764705882353255 ) ;
#1633 = PRESENTATION_STYLE_ASSIGNMENT (( #157 ) ) ;
#1634 = EDGE_CURVE ( 'NONE', #2597, #1714, #922, .T. ) ;
#1635 = DIRECTION ( 'NONE',  ( 0.0000000000000000000, 0.0000000000000000000, 1.000000000000000000 ) ) ;
#1636 = LINE ( 'NONE', #1866, #87 ) ;
#1637 = DIRECTION ( 'NONE',  ( 0.0000000000000000000, -1.000000000000000000, 0.0000000000000000000 ) ) ;
#1638 = DIRECTION ( 'NONE',  ( -1.387778780781445676E-16, 0.0000000000000000000, -1.000000000000000000 ) ) ;
#1639 = VERTEX_POINT ( 'NONE', #721 ) ;
#1640 = FACE_OUTER_BOUND ( 'NONE', #1493, .T. ) ;
#1641 = ORIENTED_EDGE ( 'NONE', *, *, #2026, .T. ) ;
#1642 = CARTESIAN_POINT ( 'NONE',  ( -11.50000000000000178, 0.1000000000000000056, -7.999999999999998224 ) ) ;
#1643 = LINE ( 'NONE', #2286, #901 ) ;
#1644 = EDGE_CURVE ( 'NONE', #242, #2483, #2438, .T. ) ;
#1645 = ORIENTED_EDGE ( 'NONE', *, *, #1457, .F. ) ;
#1646 =( LENGTH_UNIT ( ) NAMED_UNIT ( * ) SI_UNIT ( .MILLI., .METRE. ) );
#1647 = DIRECTION ( 'NONE',  ( -1.000000000000000000, 0.0000000000000000000, 0.0000000000000000000 ) ) ;
#1648 = DIRECTION ( 'NONE',  ( -1.000000000000000000, 0.0000000000000000000, 0.0000000000000000000 ) ) ;
#1649 = CARTESIAN_POINT ( 'NONE',  ( -1.500000000000009104, 0.0000000000000000000, 7.999999999999998224 ) ) ;
#1650 = CARTESIAN_POINT ( 'NONE',  ( 11.49999999999999822, 2.299999999999999822, 10.29999999999999538 ) ) ;
#1651 = ORIENTED_EDGE ( 'NONE', *, *, #589, .T. ) ;
#1652 = PLANE ( 'NONE',  #1849 ) ;
#1653 = CARTESIAN_POINT ( 'NONE',  ( -11.50000000000000178, -0.0000000000000000000, -11.50000000000000178 ) ) ;
#1654 = ORIENTED_EDGE ( 'NONE', *, *, #1516, .T. ) ;
#1655 = ORIENTED_EDGE ( 'NONE', *, *, #448, .F. ) ;
#1656 = PRESENTATION_STYLE_ASSIGNMENT (( #809 ) ) ;
#1657 = FILL_AREA_STYLE_COLOUR ( '', #1800 ) ;
#1658 = AXIS2_PLACEMENT_3D ( 'NONE', #2242, #110, #2616 ) ;
#1659 = EDGE_CURVE ( 'NONE', #431, #2357, #2234, .T. ) ;
#1660 = VERTEX_POINT ( 'NONE', #1615 ) ;
#1661 = CARTESIAN_POINT ( 'NONE',  ( 7.999999999999986677, 0.1000000000000000056, 11.50000000000000178 ) ) ;
#1662 = CIRCLE ( 'NONE', #983, 0.5000000000000004441 ) ;
#1663 = ADVANCED_FACE ( 'NONE', ( #2409 ), #534, .T. ) ;
#1664 = PLANE ( 'NONE',  #1712 ) ;
#1665 = CIRCLE ( 'NONE', #985, 2.500000000000000444 ) ;
#1666 = CARTESIAN_POINT ( 'NONE',  ( -5.000000000000004441, -0.0000000000000000000, -7.999999999999998224 ) ) ;
#1667 = CARTESIAN_POINT ( 'NONE',  ( -8.000000000000000000, 9.300000000000000711, -8.499999999999996447 ) ) ;
#1668 = MECHANICAL_DESIGN_GEOMETRIC_PRESENTATION_REPRESENTATION (  '', ( #1343 ), #1300 ) ;
#1669 = ADVANCED_FACE ( 'NONE', ( #1159 ), #88, .F. ) ;
#1670 = PLANE ( 'NONE',  #855 ) ;
#1671 = CARTESIAN_POINT ( 'NONE',  ( -1.500000000000006439, -0.0000000000000000000, -7.999999999999998224 ) ) ;
#1672 = ORIENTED_EDGE ( 'NONE', *, *, #181, .F. ) ;
#1673 = AXIS2_PLACEMENT_3D ( 'NONE', #2644, #493, #1816 ) ;
#1674 = CIRCLE ( 'NONE', #2386, 0.5000000000000004441 ) ;
#1675 = FILL_AREA_STYLE ('',( #1009 ) ) ;
#1676 = DIRECTION ( 'NONE',  ( 2.081668171172168760E-16, 0.0000000000000000000, 1.000000000000000000 ) ) ;
#1677 = VECTOR ( 'NONE', #1213, 1000.000000000000000 ) ;
#1678 = VERTEX_POINT ( 'NONE', #2626 ) ;
#1679 = ORIENTED_EDGE ( 'NONE', *, *, #725, .T. ) ;
#1680 = LINE ( 'NONE', #1878, #614 ) ;
#1681 = EDGE_CURVE ( 'NONE', #2753, #633, #702, .T. ) ;
#1682 = CARTESIAN_POINT ( 'NONE',  ( -11.00000000000000000, 49.71269837220809507, -10.99999999999999822 ) ) ;
#1683 = LINE ( 'NONE', #1761, #95 ) ;
#1684 = CARTESIAN_POINT ( 'NONE',  ( -10.30000000000000604, 1.300000000000000044, -11.50000000000000533 ) ) ;
#1685 = ORIENTED_EDGE ( 'NONE', *, *, #2092, .F. ) ;
#1686 = EDGE_CURVE ( 'NONE', #2280, #1510, #2033, .T. ) ;
#1687 = DIRECTION ( 'NONE',  ( 1.387778780781445676E-16, 0.0000000000000000000, 1.000000000000000000 ) ) ;
#1688 = ORIENTED_EDGE ( 'NONE', *, *, #2599, .T. ) ;
#1689 = EDGE_CURVE ( 'NONE', #1589, #171, #2250, .T. ) ;
#1690 = DIRECTION ( 'NONE',  ( -0.0000000000000000000, -0.0000000000000000000, 1.000000000000000000 ) ) ;
#1691 = SURFACE_STYLE_FILL_AREA ( #2520 ) ;
#1692 = ORIENTED_EDGE ( 'NONE', *, *, #1158, .T. ) ;
#1693 = EDGE_LOOP ( 'NONE', ( #1730, #1311, #2642, #315 ) ) ;
#1694 = LINE ( 'NONE', #830, #2558 ) ;
#1695 = VERTEX_POINT ( 'NONE', #2263 ) ;
#1696 = SURFACE_STYLE_FILL_AREA ( #1953 ) ;
#1697 = ORIENTED_EDGE ( 'NONE', *, *, #481, .F. ) ;
#1698 = ADVANCED_FACE ( 'NONE', ( #1404 ), #1188, .F. ) ;
#1699 = EDGE_CURVE ( 'NONE', #1156, #628, #396, .T. ) ;
#1700 = SURFACE_STYLE_USAGE ( .BOTH. , #2193 ) ;
#1701 = CARTESIAN_POINT ( 'NONE',  ( 8.000000000000000000, 2.799999999999997158, -7.999999999999996447 ) ) ;
#1702 = ORIENTED_EDGE ( 'NONE', *, *, #235, .F. ) ;
#1703 = COLOUR_RGB ( '',0.2039215686274509776, 0.2039215686274509776, 0.2039215686274509776 ) ;
#1704 = EDGE_LOOP ( 'NONE', ( #828, #1040, #2744, #2177 ) ) ;
#1705 = DIRECTION ( 'NONE',  ( 0.0000000000000000000, 0.0000000000000000000, 1.000000000000000000 ) ) ;
#1706 = CIRCLE ( 'NONE', #1935, 1.000000000000000000 ) ;
#1707 = FACE_OUTER_BOUND ( 'NONE', #2565, .T. ) ;
#1708 = AXIS2_PLACEMENT_3D ( 'NONE', #1223, #1027, #2304 ) ;
#1709 = EDGE_LOOP ( 'NONE', ( #2687, #1340, #2259, #2399 ) ) ;
#1710 = DIRECTION ( 'NONE',  ( 0.0000000000000000000, -0.0000000000000000000, 1.000000000000000000 ) ) ;
#1711 = FILL_AREA_STYLE_COLOUR ( '', #1703 ) ;
#1712 = AXIS2_PLACEMENT_3D ( 'NONE', #785, #1648, #563 ) ;
#1713 = CARTESIAN_POINT ( 'NONE',  ( 8.000000000000000000, 49.71269837220809507, -10.99999999999999822 ) ) ;
#1714 = VERTEX_POINT ( 'NONE', #1429 ) ;
#1715 = AXIS2_PLACEMENT_3D ( 'NONE', #736, #114, #314 ) ;
#1716 = CIRCLE ( 'NONE', #2342, 2.500000000000000444 ) ;
#1717 = ORIENTED_EDGE ( 'NONE', *, *, #1634, .F. ) ;
#1718 = DIRECTION ( 'NONE',  ( 0.0000000000000000000, 1.000000000000000000, 0.0000000000000000000 ) ) ;
#1719 = EDGE_CURVE ( 'NONE', #888, #426, #384, .T. ) ;
#1720 = VECTOR ( 'NONE', #26, 1000.000000000000000 ) ;
#1721 = CARTESIAN_POINT ( 'NONE',  ( 1.499999999999990896, 0.1000000000000000056, -11.50000000000000178 ) ) ;
#1722 = SURFACE_STYLE_FILL_AREA ( #2390 ) ;
#1723 = ORIENTED_EDGE ( 'NONE', *, *, #2541, .F. ) ;
#1724 = ORIENTED_EDGE ( 'NONE', *, *, #1233, .F. ) ;
#1725 = DIRECTION ( 'NONE',  ( 1.000000000000000000, 0.0000000000000000000, 0.0000000000000000000 ) ) ;
#1726 = LINE ( 'NONE', #1549, #412 ) ;
#1727 = DIRECTION ( 'NONE',  ( 0.0000000000000000000, 0.0000000000000000000, 1.000000000000000000 ) ) ;
#1728 = ORIENTED_EDGE ( 'NONE', *, *, #2060, .F. ) ;
#1729 = DIRECTION ( 'NONE',  ( 0.0000000000000000000, 0.0000000000000000000, -1.000000000000000000 ) ) ;
#1730 = ORIENTED_EDGE ( 'NONE', *, *, #691, .T. ) ;
#1731 = DIRECTION ( 'NONE',  ( -0.0000000000000000000, 1.000000000000000000, -0.0000000000000000000 ) ) ;
#1732 = EDGE_CURVE ( 'NONE', #1078, #613, #2117, .T. ) ;
#1733 = EDGE_CURVE ( 'NONE', #1695, #2779, #2273, .T. ) ;
#1734 = LINE ( 'NONE', #2125, #4 ) ;
#1735 = PRESENTATION_STYLE_ASSIGNMENT (( #625 ) ) ;
#1736 = ORIENTED_EDGE ( 'NONE', *, *, #91, .F. ) ;
#1737 = PLANE ( 'NONE',  #2691 ) ;
#1738 = CARTESIAN_POINT ( 'NONE',  ( -11.50000000000000355, 0.1000000000000000056, 11.50000000000000178 ) ) ;
#1739 = FACE_OUTER_BOUND ( 'NONE', #44, .T. ) ;
#1740 = CARTESIAN_POINT ( 'NONE',  ( -12.49999999999999822, 1.300000000000000044, -12.49999999999999645 ) ) ;
#1741 = DIRECTION ( 'NONE',  ( 1.000000000000000000, 0.0000000000000000000, 0.0000000000000000000 ) ) ;
#1742 = DIRECTION ( 'NONE',  ( 0.0000000000000000000, -1.000000000000000000, 0.0000000000000000000 ) ) ;
#1743 = EDGE_CURVE ( 'NONE', #591, #203, #173, .T. ) ;
#1744 = SURFACE_SIDE_STYLE ('',( #2034 ) ) ;
#1745 = LINE ( 'NONE', #2139, #2593 ) ;
#1746 = ORIENTED_EDGE ( 'NONE', *, *, #2167, .T. ) ;
#1747 = VECTOR ( 'NONE', #878, 1000.000000000000000 ) ;
#1748 = VERTEX_POINT ( 'NONE', #1037 ) ;
#1749 = SURFACE_SIDE_STYLE ('',( #1334 ) ) ;
#1750 = DIRECTION ( 'NONE',  ( 0.0000000000000000000, 1.000000000000000000, 0.0000000000000000000 ) ) ;
#1751 = EDGE_CURVE ( 'NONE', #2471, #2224, #130, .T. ) ;
#1752 = CARTESIAN_POINT ( 'NONE',  ( 11.49999999999999467, 2.299999999999999822, -10.30000000000000604 ) ) ;
#1753 = AXIS2_PLACEMENT_3D ( 'NONE', #2451, #1430, #520 ) ;
#1754 = PRODUCT_DEFINITION_CONTEXT ( 'detailed design', #178, 'design' ) ;
#1755 = VECTOR ( 'NONE', #2100, 1000.000000000000000 ) ;
#1756 = DIRECTION ( 'NONE',  ( 0.0000000000000000000, 0.0000000000000000000, -1.000000000000000000 ) ) ;
#1757 = ORIENTED_EDGE ( 'NONE', *, *, #708, .T. ) ;
#1758 = LINE ( 'NONE', #480, #440 ) ;
#1759 = CIRCLE ( 'NONE', #2506, 0.5000000000000004441 ) ;
#1760 =( GEOMETRIC_REPRESENTATION_CONTEXT ( 3 ) GLOBAL_UNCERTAINTY_ASSIGNED_CONTEXT ( ( #1613 ) ) GLOBAL_UNIT_ASSIGNED_CONTEXT ( ( #1447, #2519, #2146 ) ) REPRESENTATION_CONTEXT ( 'NONE', 'WORKASPACE' ) );
#1761 = CARTESIAN_POINT ( 'NONE',  ( 12.50000000000000178, 1.300000000000000044, -12.49999999999999645 ) ) ;
#1762 = DIRECTION ( 'NONE',  ( 0.0000000000000000000, 1.000000000000000000, 0.0000000000000000000 ) ) ;
#1763 = ORIENTED_EDGE ( 'NONE', *, *, #1597, .F. ) ;
#1764 = PRODUCT_DEFINITION ( 'UNKNOWN', '', #2751, #1754 ) ;
#1765 = VECTOR ( 'NONE', #1599, 1000.000000000000000 ) ;
#1766 = PRESENTATION_STYLE_ASSIGNMENT (( #2191 ) ) ;
#1767 = STYLED_ITEM ( 'NONE', ( #666 ), #2774 ) ;
#1768 = LINE ( 'NONE', #489, #538 ) ;
#1769 = CARTESIAN_POINT ( 'NONE',  ( -12.49999999999999467, 1.300000000000000044, 12.50000000000000355 ) ) ;
#1770 = ADVANCED_FACE ( 'NONE', ( #1631 ), #371, .F. ) ;
#1771 = ORIENTED_EDGE ( 'NONE', *, *, #1958, .F. ) ;
#1772 = DIRECTION ( 'NONE',  ( -0.0000000000000000000, -1.000000000000000000, -0.0000000000000000000 ) ) ;
#1773 = ADVANCED_FACE ( 'NONE', ( #996 ), #1459, .T. ) ;
#1774 = CARTESIAN_POINT ( 'NONE',  ( -11.50000000000000533, 2.299999999999999822, -11.50000000000000533 ) ) ;
#1775 = VERTEX_POINT ( 'NONE', #2284 ) ;
#1776 = CARTESIAN_POINT ( 'NONE',  ( -9.750000000000000000, 0.0000000000000000000, -3.999999999999997335 ) ) ;
#1777 = DIRECTION ( 'NONE',  ( -0.0000000000000000000, -1.000000000000000000, -0.0000000000000000000 ) ) ;
#1778 = DIRECTION ( 'NONE',  ( 1.000000000000000000, 0.0000000000000000000, 0.0000000000000000000 ) ) ;
#1779 = EDGE_CURVE ( 'NONE', #963, #60, #1716, .T. ) ;
#1780 = DIRECTION ( 'NONE',  ( -1.000000000000000000, 0.0000000000000000000, -0.0000000000000000000 ) ) ;
#1781 =( LENGTH_UNIT ( ) NAMED_UNIT ( * ) SI_UNIT ( .MILLI., .METRE. ) );
#1782 = ORIENTED_EDGE ( 'NONE', *, *, #364, .F. ) ;
#1783 = EDGE_CURVE ( 'NONE', #2280, #653, #2703, .T. ) ;
#1784 = DIRECTION ( 'NONE',  ( -1.000000000000000000, 0.0000000000000000000, -0.0000000000000000000 ) ) ;
#1785 = EDGE_CURVE ( 'NONE', #426, #2785, #779, .T. ) ;
#1786 = CARTESIAN_POINT ( 'NONE',  ( -11.00000000000000000, 2.799999999999997158, -11.49999999999999822 ) ) ;
#1787 = ORIENTED_EDGE ( 'NONE', *, *, #1732, .F. ) ;
#1788 = CARTESIAN_POINT ( 'NONE',  ( -8.000000000000003553, 0.1000000000000000056, -7.999999999999998224 ) ) ;
#1789 = DIRECTION ( 'NONE',  ( 1.000000000000000000, 0.0000000000000000000, 0.0000000000000000000 ) ) ;
#1790 = FILL_AREA_STYLE ('',( #1138 ) ) ;
#1791 = ORIENTED_EDGE ( 'NONE', *, *, #8, .T. ) ;
#1792 = DIRECTION ( 'NONE',  ( -0.0000000000000000000, 1.000000000000000000, -0.0000000000000000000 ) ) ;
#1793 = CARTESIAN_POINT ( 'NONE',  ( 4.999999999999988454, 0.1000000000000000056, -7.999999999999998224 ) ) ;
#1794 = CARTESIAN_POINT ( 'NONE',  ( 1.499999999999989120, 0.0000000000000000000, 7.999999999999998224 ) ) ;
#1795 = VECTOR ( 'NONE', #1274, 1000.000000000000000 ) ;
#1796 = ORIENTED_EDGE ( 'NONE', *, *, #677, .F. ) ;
#1797 = CARTESIAN_POINT ( 'NONE',  ( 11.49999999999998401, 0.1000000000000000056, 7.999999999999998224 ) ) ;
#1798 = AXIS2_PLACEMENT_3D ( 'NONE', #1060, #2552, #861 ) ;
#1799 = VERTEX_POINT ( 'NONE', #2314 ) ;
#1800 = COLOUR_RGB ( '',0.0000000000000000000, 0.5019607843137254832, 0.0000000000000000000 ) ;
#1801 = VERTEX_POINT ( 'NONE', #547 ) ;
#1802 = PLANE ( 'NONE',  #2333 ) ;
#1803 = PRESENTATION_LAYER_ASSIGNMENT (  '', '', ( #1343 ) ) ;
#1804 = AXIS2_PLACEMENT_3D ( 'NONE', #2332, #407, #455 ) ;
#1805 = CARTESIAN_POINT ( 'NONE',  ( 4.999999999999986677, 0.0000000000000000000, 11.50000000000000178 ) ) ;
#1806 = ADVANCED_FACE ( 'NONE', ( #1218 ), #1235, .T. ) ;
#1807 = CARTESIAN_POINT ( 'NONE',  ( 11.49999999999999822, 1.300000000000000044, 10.29999999999999538 ) ) ;
#1808 = ORIENTED_EDGE ( 'NONE', *, *, #1840, .F. ) ;
#1809 = MECHANICAL_DESIGN_GEOMETRIC_PRESENTATION_REPRESENTATION (  '', ( #2214 ), #672 ) ;
#1810 = CARTESIAN_POINT ( 'NONE',  ( -8.000000000000003553, 0.1000000000000000056, -11.50000000000000178 ) ) ;
#1811 = AXIS2_PLACEMENT_3D ( 'NONE', #631, #1503, #2143 ) ;
#1812 = ORIENTED_EDGE ( 'NONE', *, *, #2445, .T. ) ;
#1813 = MECHANICAL_DESIGN_GEOMETRIC_PRESENTATION_REPRESENTATION (  '', ( #2171 ), #1224 ) ;
#1814 = DIRECTION ( 'NONE',  ( -0.0000000000000000000, -1.000000000000000000, -0.0000000000000000000 ) ) ;
#1815 = VERTEX_POINT ( 'NONE', #896 ) ;
#1816 = DIRECTION ( 'NONE',  ( 0.0000000000000000000, 0.0000000000000000000, 1.000000000000000000 ) ) ;
#1817 = VERTEX_POINT ( 'NONE', #1752 ) ;
#1818 = LINE ( 'NONE', #997, #2466 ) ;
#1819 = CARTESIAN_POINT ( 'NONE',  ( -12.49999999999999467, 0.0000000000000000000, 12.50000000000000355 ) ) ;
#1820 = ORIENTED_EDGE ( 'NONE', *, *, #2380, .T. ) ;
#1821 = EDGE_CURVE ( 'NONE', #626, #814, #1930, .T. ) ;
#1822 = DIRECTION ( 'NONE',  ( -1.000000000000000000, -0.0000000000000000000, -0.0000000000000000000 ) ) ;
#1823 = DIRECTION ( 'NONE',  ( -0.0000000000000000000, -1.000000000000000000, -0.0000000000000000000 ) ) ;
#1824 = DIRECTION ( 'NONE',  ( 1.000000000000000000, 0.0000000000000000000, 0.0000000000000000000 ) ) ;
#1825 = ORIENTED_EDGE ( 'NONE', *, *, #549, .T. ) ;
#1826 = DIRECTION ( 'NONE',  ( -1.000000000000000000, 0.0000000000000000000, -0.0000000000000000000 ) ) ;
#1827 = ORIENTED_EDGE ( 'NONE', *, *, #1049, .F. ) ;
#1828 = DIRECTION ( 'NONE',  ( 0.0000000000000000000, 1.000000000000000000, 0.0000000000000000000 ) ) ;
#1829 = CARTESIAN_POINT ( 'NONE',  ( -11.50000000000000178, 0.1000000000000000056, -11.50000000000000178 ) ) ;
#1830 = DIRECTION ( 'NONE',  ( 0.0000000000000000000, 0.0000000000000000000, -1.000000000000000000 ) ) ;
#1831 = EDGE_LOOP ( 'NONE', ( #1356, #2346, #1614, #2407 ) ) ;
#1832 = FACE_OUTER_BOUND ( 'NONE', #393, .T. ) ;
#1833 = CARTESIAN_POINT ( 'NONE',  ( 7.999999999999986677, 0.0000000000000000000, 11.50000000000000178 ) ) ;
#1834 = FACE_OUTER_BOUND ( 'NONE', #402, .T. ) ;
#1835 = PRODUCT_DEFINITION_SHAPE ( 'NONE', 'NONE',  #1764 ) ;
#1836 = ORIENTED_EDGE ( 'NONE', *, *, #1999, .F. ) ;
#1837 = LINE ( 'NONE', #789, #902 ) ;
#1838 =( GEOMETRIC_REPRESENTATION_CONTEXT ( 3 ) GLOBAL_UNCERTAINTY_ASSIGNED_CONTEXT ( ( #881 ) ) GLOBAL_UNIT_ASSIGNED_CONTEXT ( ( #1781, #1141, #1184 ) ) REPRESENTATION_CONTEXT ( 'NONE', 'WORKASPACE' ) );
#1839 = LINE ( 'NONE', #155, #2081 ) ;
#1840 = EDGE_CURVE ( 'NONE', #1916, #490, #16, .T. ) ;
#1841 = ORIENTED_EDGE ( 'NONE', *, *, #1233, .T. ) ;
#1842 = CIRCLE ( 'NONE', #2777, 3.499999999999999556 ) ;
#1843 = FACE_OUTER_BOUND ( 'NONE', #443, .T. ) ;
#1844 = DIRECTION ( 'NONE',  ( 0.0000000000000000000, 0.0000000000000000000, -1.000000000000000000 ) ) ;
#1845 = VECTOR ( 'NONE', #926, 1000.000000000000000 ) ;
#1846 =( NAMED_UNIT ( * ) PLANE_ANGLE_UNIT ( ) SI_UNIT ( $, .RADIAN. ) );
#1847 = CARTESIAN_POINT ( 'NONE',  ( -12.49999999999999467, 1.300000000000000044, 12.50000000000000355 ) ) ;
#1848 = AXIS2_PLACEMENT_3D ( 'NONE', #1701, #428, #2543 ) ;
#1849 = AXIS2_PLACEMENT_3D ( 'NONE', #2726, #744, #2514 ) ;
#1850 = PLANE ( 'NONE',  #945 ) ;
#1851 = CARTESIAN_POINT ( 'NONE',  ( -10.30000000000000604, 2.299999999999999822, -11.50000000000000533 ) ) ;
#1852 =( NAMED_UNIT ( * ) SI_UNIT ( $, .STERADIAN. ) SOLID_ANGLE_UNIT ( ) );
#1853 = AXIS2_PLACEMENT_3D ( 'NONE', #390, #1058, #1923 ) ;
#1854 = EDGE_LOOP ( 'NONE', ( #395, #153, #784, #1679 ) ) ;
#1855 = LINE ( 'NONE', #975, #531 ) ;
#1856 = VECTOR ( 'NONE', #1983, 1000.000000000000000 ) ;
#1857 = SURFACE_STYLE_FILL_AREA ( #2067 ) ;
#1858 = EDGE_CURVE ( 'NONE', #1086, #814, #1991, .T. ) ;
#1859 = EDGE_LOOP ( 'NONE', ( #540, #1763, #1089, #2547 ) ) ;
#1860 = VECTOR ( 'NONE', #2115, 1000.000000000000000 ) ;
#1861 = EDGE_CURVE ( 'NONE', #1916, #1921, #2576, .T. ) ;
#1862 = DIRECTION ( 'NONE',  ( 1.000000000000000000, -0.0000000000000000000, 0.0000000000000000000 ) ) ;
#1863 = VECTOR ( 'NONE', #1360, 1000.000000000000000 ) ;
#1864 = CARTESIAN_POINT ( 'NONE',  ( 10.29999999999999893, 2.299999999999999822, 10.29999999999999538 ) ) ;
#1865 = FACE_OUTER_BOUND ( 'NONE', #2003, .T. ) ;
#1866 = CARTESIAN_POINT ( 'NONE',  ( 1.499999999999989120, 0.1000000000000000056, 11.50000000000000178 ) ) ;
#1867 = LINE ( 'NONE', #2473, #630 ) ;
#1868 = CARTESIAN_POINT ( 'NONE',  ( 4.999999999999988454, 0.0000000000000000000, -7.999999999999998224 ) ) ;
#1869 = VERTEX_POINT ( 'NONE', #2775 ) ;
#1870 = DIRECTION ( 'NONE',  ( 0.0000000000000000000, 1.000000000000000000, 0.0000000000000000000 ) ) ;
#1871 = PRESENTATION_STYLE_ASSIGNMENT (( #824 ) ) ;
#1872 = EDGE_CURVE ( 'NONE', #2361, #381, #1116, .T. ) ;
#1873 = SURFACE_STYLE_FILL_AREA ( #1675 ) ;
#1874 = CARTESIAN_POINT ( 'NONE',  ( 7.999999999999986677, 0.1000000000000000056, 11.50000000000000178 ) ) ;
#1875 = EDGE_CURVE ( 'NONE', #460, #2597, #204, .T. ) ;
#1876 = EDGE_LOOP ( 'NONE', ( #2155, #1782, #588, #1841 ) ) ;
#1877 = SURFACE_STYLE_FILL_AREA ( #116 ) ;
#1878 = CARTESIAN_POINT ( 'NONE',  ( -11.50000000000000178, 1.300000000000000044, 11.49999999999999467 ) ) ;
#1879 = FACE_OUTER_BOUND ( 'NONE', #966, .T. ) ;
#1880 = LINE ( 'NONE', #2482, #1588 ) ;
#1881 = PLANE ( 'NONE',  #1202 ) ;
#1882 = VERTEX_POINT ( 'NONE', #635 ) ;
#1883 = CARTESIAN_POINT ( 'NONE',  ( -1.500000000000008216, 0.1000000000000000056, 11.50000000000000178 ) ) ;
#1884 = VERTEX_POINT ( 'NONE', #1521 ) ;
#1885 = DIRECTION ( 'NONE',  ( 0.0000000000000000000, -1.000000000000000000, 0.0000000000000000000 ) ) ;
#1886 = VECTOR ( 'NONE', #596, 1000.000000000000000 ) ;
#1887 = ORIENTED_EDGE ( 'NONE', *, *, #253, .T. ) ;
#1888 = ORIENTED_EDGE ( 'NONE', *, *, #689, .F. ) ;
#1889 = UNCERTAINTY_MEASURE_WITH_UNIT (LENGTH_MEASURE( 1.000000000000000082E-05 ), #1646, 'distance_accuracy_value', 'NONE');
#1890 = DIRECTION ( 'NONE',  ( 1.508455196501571429E-16, 0.0000000000000000000, 1.000000000000000000 ) ) ;
#1891 = EDGE_CURVE ( 'NONE', #356, #68, #1262, .T. ) ;
#1892 = AXIS2_PLACEMENT_3D ( 'NONE', #485, #1762, #36 ) ;
#1893 = EDGE_CURVE ( 'NONE', #2224, #1815, #2648, .T. ) ;
#1894 = CARTESIAN_POINT ( 'NONE',  ( 1.499999999999989120, 0.1000000000000000056, 7.999999999999998224 ) ) ;
#1895 = COLOUR_RGB ( '',1.000000000000000000, 0.8078431372549019773, 0.4980392156862745168 ) ;
#1896 = SURFACE_STYLE_USAGE ( .BOTH. , #2508 ) ;
#1897 = ORIENTED_EDGE ( 'NONE', *, *, #2584, .T. ) ;
#1898 = PLANE ( 'NONE',  #132 ) ;
#1899 = DIRECTION ( 'NONE',  ( -0.0000000000000000000, -1.000000000000000000, -0.0000000000000000000 ) ) ;
#1900 = ORIENTED_EDGE ( 'NONE', *, *, #1190, .F. ) ;
#1901 = VECTOR ( 'NONE', #146, 1000.000000000000000 ) ;
#1902 = CARTESIAN_POINT ( 'NONE',  ( -8.000000000000000000, 49.71269837220809507, -7.999999999999996447 ) ) ;
#1903 = VECTOR ( 'NONE', #513, 1000.000000000000000 ) ;
#1904 = VECTOR ( 'NONE', #2620, 1000.000000000000000 ) ;
#1905 = EDGE_LOOP ( 'NONE', ( #1056, #2587, #704, #2025 ) ) ;
#1906 = ORIENTED_EDGE ( 'NONE', *, *, #959, .F. ) ;
#1907 = PLANE ( 'NONE',  #2778 ) ;
#1908 = EDGE_CURVE ( 'NONE', #1425, #1801, #2179, .T. ) ;
#1909 = DIRECTION ( 'NONE',  ( 0.0000000000000000000, 0.0000000000000000000, 1.000000000000000000 ) ) ;
#1910 = LINE ( 'NONE', #1721, #2564 ) ;
#1911 =( NAMED_UNIT ( * ) PLANE_ANGLE_UNIT ( ) SI_UNIT ( $, .RADIAN. ) );
#1912 = ORIENTED_EDGE ( 'NONE', *, *, #2680, .F. ) ;
#1913 = EDGE_CURVE ( 'NONE', #2136, #12, #1534, .T. ) ;
#1914 = PRESENTATION_STYLE_ASSIGNMENT (( #2322 ) ) ;
#1915 = CARTESIAN_POINT ( 'NONE',  ( 0.0000000000000000000, 0.1000000000000000056, 0.0000000000000000000 ) ) ;
#1916 = VERTEX_POINT ( 'NONE', #648 ) ;
#1917 = DIRECTION ( 'NONE',  ( 1.000000000000000000, 0.0000000000000000000, 0.0000000000000000000 ) ) ;
#1918 = DIRECTION ( 'NONE',  ( 0.0000000000000000000, 0.0000000000000000000, 1.000000000000000000 ) ) ;
#1919 = ORIENTED_EDGE ( 'NONE', *, *, #2717, .T. ) ;
#1920 = ORIENTED_EDGE ( 'NONE', *, *, #93, .F. ) ;
#1921 = VERTEX_POINT ( 'NONE', #435 ) ;
#1922 = LINE ( 'NONE', #842, #174 ) ;
#1923 = DIRECTION ( 'NONE',  ( 0.0000000000000000000, 0.0000000000000000000, 1.000000000000000000 ) ) ;
#1924 = DIRECTION ( 'NONE',  ( 0.0000000000000000000, 0.0000000000000000000, 1.000000000000000000 ) ) ;
#1925 = DIRECTION ( 'NONE',  ( 1.508455196501571429E-16, 0.0000000000000000000, 1.000000000000000000 ) ) ;
#1926 = VERTEX_POINT ( 'NONE', #1298 ) ;
#1927 = ORIENTED_EDGE ( 'NONE', *, *, #1267, .T. ) ;
#1928 =( NAMED_UNIT ( * ) PLANE_ANGLE_UNIT ( ) SI_UNIT ( $, .RADIAN. ) );
#1929 = FACE_OUTER_BOUND ( 'NONE', #2498, .T. ) ;
#1930 = LINE ( 'NONE', #880, #1628 ) ;
#1931 = ADVANCED_FACE ( 'NONE', ( #2396 ), #452, .T. ) ;
#1932 = DIRECTION ( 'NONE',  ( -1.000000000000000000, -0.0000000000000000000, -0.0000000000000000000 ) ) ;
#1933 = VERTEX_POINT ( 'NONE', #1314 ) ;
#1934 = CARTESIAN_POINT ( 'NONE',  ( 11.50000000000000000, 2.799999999999997158, -7.999999999999996447 ) ) ;
#1935 = AXIS2_PLACEMENT_3D ( 'NONE', #2306, #2278, #819 ) ;
#1936 = LINE ( 'NONE', #1961, #1002 ) ;
#1937 = AXIS2_PLACEMENT_3D ( 'NONE', #1409, #577, #162 ) ;
#1938 = ORIENTED_EDGE ( 'NONE', *, *, #2163, .F. ) ;
#1939 = VECTOR ( 'NONE', #256, 1000.000000000000000 ) ;
#1940 = EDGE_CURVE ( 'NONE', #2546, #1933, #1969, .T. ) ;
#1941 = AXIS2_PLACEMENT_3D ( 'NONE', #2013, #765, #72 ) ;
#1942 = DIRECTION ( 'NONE',  ( -1.000000000000000000, -0.0000000000000000000, -0.0000000000000000000 ) ) ;
#1943 = CYLINDRICAL_SURFACE ( 'NONE', #2504, 3.000000000000000000 ) ;
#1944 = ADVANCED_FACE ( 'NONE', ( #2606 ), #837, .T. ) ;
#1945 = CIRCLE ( 'NONE', #1174, 0.5000000000000004441 ) ;
#1946 = VERTEX_POINT ( 'NONE', #1381 ) ;
#1947 = DIRECTION ( 'NONE',  ( 1.000000000000000000, 0.0000000000000000000, 0.0000000000000000000 ) ) ;
#1948 = VECTOR ( 'NONE', #1374, 1000.000000000000000 ) ;
#1949 =( NAMED_UNIT ( * ) SI_UNIT ( $, .STERADIAN. ) SOLID_ANGLE_UNIT ( ) );
#1950 = CARTESIAN_POINT ( 'NONE',  ( -12.49999999999999467, 0.0000000000000000000, 12.50000000000000355 ) ) ;
#1951 = ORIENTED_EDGE ( 'NONE', *, *, #2163, .T. ) ;
#1952 = ORIENTED_EDGE ( 'NONE', *, *, #559, .T. ) ;
#1953 = FILL_AREA_STYLE ('',( #424 ) ) ;
#1954 = LINE ( 'NONE', #1738, #1860 ) ;
#1955 = DIRECTION ( 'NONE',  ( -0.0000000000000000000, -1.000000000000000000, -0.0000000000000000000 ) ) ;
#1956 = ORIENTED_EDGE ( 'NONE', *, *, #2685, .F. ) ;
#1957 = DIRECTION ( 'NONE',  ( -0.0000000000000000000, -1.000000000000000000, -0.0000000000000000000 ) ) ;
#1958 = EDGE_CURVE ( 'NONE', #177, #1278, #2245, .T. ) ;
#1959 = ORIENTED_EDGE ( 'NONE', *, *, #2745, .T. ) ;
#1960 = ADVANCED_FACE ( 'NONE', ( #2639 ), #920, .F. ) ;
#1961 = CARTESIAN_POINT ( 'NONE',  ( -1.500000000000006439, 0.1000000000000000056, -7.999999999999998224 ) ) ;
#1962 = EDGE_CURVE ( 'NONE', #2224, #2540, #690, .T. ) ;
#1963 = FACE_OUTER_BOUND ( 'NONE', #1905, .T. ) ;
#1964 = ORIENTED_EDGE ( 'NONE', *, *, #1516, .F. ) ;
#1965 = ORIENTED_EDGE ( 'NONE', *, *, #2647, .F. ) ;
#1966 = DIRECTION ( 'NONE',  ( 2.478176394252579662E-16, -0.0000000000000000000, 1.000000000000000000 ) ) ;
#1967 = LINE ( 'NONE', #2574, #1747 ) ;
#1968 = ORIENTED_EDGE ( 'NONE', *, *, #2129, .T. ) ;
#1969 = LINE ( 'NONE', #1326, #48 ) ;
#1970 = FACE_OUTER_BOUND ( 'NONE', #2354, .T. ) ;
#1971 = ORIENTED_EDGE ( 'NONE', *, *, #655, .T. ) ;
#1972 = CYLINDRICAL_SURFACE ( 'NONE', #2287, 2.500000000000000444 ) ;
#1973 = EDGE_CURVE ( 'NONE', #2779, #1801, #2221, .T. ) ;
#1974 = CARTESIAN_POINT ( 'NONE',  ( 4.999999999999986677, 0.1000000000000000056, 7.999999999999998224 ) ) ;
#1975 = DIRECTION ( 'NONE',  ( -0.0000000000000000000, -1.000000000000000000, -0.0000000000000000000 ) ) ;
#1976 = ORIENTED_EDGE ( 'NONE', *, *, #2650, .F. ) ;
#1977 = EDGE_CURVE ( 'NONE', #1237, #2471, #1674, .T. ) ;
#1978 = CARTESIAN_POINT ( 'NONE',  ( 0.0000000000000000000, 0.1000000000000000056, 0.0000000000000000000 ) ) ;
#1979 = DIRECTION ( 'NONE',  ( 1.000000000000000000, 0.0000000000000000000, -0.0000000000000000000 ) ) ;
#1980 = ORIENTED_EDGE ( 'NONE', *, *, #1958, .T. ) ;
#1981 = ORIENTED_EDGE ( 'NONE', *, *, #2667, .F. ) ;
#1982 = VECTOR ( 'NONE', #321, 1000.000000000000000 ) ;
#1983 = DIRECTION ( 'NONE',  ( -0.0000000000000000000, -1.000000000000000000, -0.0000000000000000000 ) ) ;
#1984 = CIRCLE ( 'NONE', #2157, 3.000000000000000000 ) ;
#1985 = UNCERTAINTY_MEASURE_WITH_UNIT (LENGTH_MEASURE( 1.000000000000000082E-05 ), #2509, 'distance_accuracy_value', 'NONE');
#1986 = AXIS2_PLACEMENT_3D ( 'NONE', #349, #366, #1230 ) ;
#1987 = FACE_OUTER_BOUND ( 'NONE', #444, .T. ) ;
#1988 = ORIENTED_EDGE ( 'NONE', *, *, #231, .F. ) ;
#1989 = PLANE ( 'NONE',  #1208 ) ;
#1990 = VECTOR ( 'NONE', #771, 1000.000000000000000 ) ;
#1991 = CIRCLE ( 'NONE', #536, 0.5000000000000004441 ) ;
#1992 = DIRECTION ( 'NONE',  ( 0.0000000000000000000, 0.0000000000000000000, -1.000000000000000000 ) ) ;
#1993 = FACE_OUTER_BOUND ( 'NONE', #674, .T. ) ;
#1994 = VECTOR ( 'NONE', #1377, 1000.000000000000000 ) ;
#1995 =( NAMED_UNIT ( * ) PLANE_ANGLE_UNIT ( ) SI_UNIT ( $, .RADIAN. ) );
#1996 = VECTOR ( 'NONE', #886, 1000.000000000000000 ) ;
#1997 = DIRECTION ( 'NONE',  ( -0.0000000000000000000, -1.000000000000000000, -0.0000000000000000000 ) ) ;
#1998 = DIRECTION ( 'NONE',  ( 1.000000000000000000, 0.0000000000000000000, 0.0000000000000000000 ) ) ;
#1999 = EDGE_CURVE ( 'NONE', #1052, #2502, #2446, .T. ) ;
#2000 = ORIENTED_EDGE ( 'NONE', *, *, #483, .T. ) ;
#2001 = DIRECTION ( 'NONE',  ( 0.0000000000000000000, 1.000000000000000000, 0.0000000000000000000 ) ) ;
#2002 = CARTESIAN_POINT ( 'NONE',  ( -5.000000000000004441, 0.1000000000000000056, -11.50000000000000178 ) ) ;
#2003 = EDGE_LOOP ( 'NONE', ( #2159, #909, #206, #982 ) ) ;
#2004 = DIRECTION ( 'NONE',  ( -0.0000000000000000000, -1.000000000000000000, -0.0000000000000000000 ) ) ;
#2005 = LINE ( 'NONE', #1137, #1355 ) ;
#2006 = SURFACE_STYLE_USAGE ( .BOTH. , #1557 ) ;
#2007 =( NAMED_UNIT ( * ) SI_UNIT ( $, .STERADIAN. ) SOLID_ANGLE_UNIT ( ) );
#2008 = DIRECTION ( 'NONE',  ( 0.0000000000000000000, 1.000000000000000000, 0.0000000000000000000 ) ) ;
#2009 = CARTESIAN_POINT ( 'NONE',  ( -12.49999999999999822, 1.300000000000000044, -12.49999999999999645 ) ) ;
#2010 = EDGE_LOOP ( 'NONE', ( #421, #1827, #1397, #2521 ) ) ;
#2011 = PLANE ( 'NONE',  #2295 ) ;
#2012 = VERTEX_POINT ( 'NONE', #1797 ) ;
#2013 = CARTESIAN_POINT ( 'NONE',  ( 7.999999999999989342, 0.1000000000000000056, -7.999999999999998224 ) ) ;
#2014 = ORIENTED_EDGE ( 'NONE', *, *, #283, .F. ) ;
#2015 = CARTESIAN_POINT ( 'NONE',  ( -11.50000000000000355, 0.1000000000000000056, 7.999999999999998224 ) ) ;
#2016 = CARTESIAN_POINT ( 'NONE',  ( -8.000000000000000000, 9.300000000000000711, 8.500000000000000000 ) ) ;
#2017 = DIRECTION ( 'NONE',  ( 1.000000000000000000, -0.0000000000000000000, 0.0000000000000000000 ) ) ;
#2018 = ORIENTED_EDGE ( 'NONE', *, *, #2367, .F. ) ;
#2019 = CARTESIAN_POINT ( 'NONE',  ( 6.250000000000007105, 6.300000000000000711, 1.380000000000002780 ) ) ;
#2020 = CARTESIAN_POINT ( 'NONE',  ( 11.00000000000000178, 6.800000000000000711, 7.999999999999998224 ) ) ;
#2021 = VECTOR ( 'NONE', #2665, 1000.000000000000000 ) ;
#2022 = ORIENTED_EDGE ( 'NONE', *, *, #2462, .T. ) ;
#2023 =( GEOMETRIC_REPRESENTATION_CONTEXT ( 3 ) GLOBAL_UNCERTAINTY_ASSIGNED_CONTEXT ( ( #2447 ) ) GLOBAL_UNIT_ASSIGNED_CONTEXT ( ( #2581, #2373, #2173 ) ) REPRESENTATION_CONTEXT ( 'NONE', 'WORKASPACE' ) );
#2024 =( GEOMETRIC_REPRESENTATION_CONTEXT ( 3 ) GLOBAL_UNCERTAINTY_ASSIGNED_CONTEXT ( ( #1134 ) ) GLOBAL_UNIT_ASSIGNED_CONTEXT ( ( #439, #884, #1246 ) ) REPRESENTATION_CONTEXT ( 'NONE', 'WORKASPACE' ) );
#2025 = ORIENTED_EDGE ( 'NONE', *, *, #1265, .F. ) ;
#2026 = EDGE_CURVE ( 'NONE', #2785, #278, #2262, .T. ) ;
#2027 = MECHANICAL_DESIGN_GEOMETRIC_PRESENTATION_REPRESENTATION (  '', ( #1339 ), #2376 ) ;
#2028 = DIRECTION ( 'NONE',  ( -0.0000000000000000000, -0.0000000000000000000, 1.000000000000000000 ) ) ;
#2029 = ORIENTED_EDGE ( 'NONE', *, *, #1026, .T. ) ;
#2030 = CARTESIAN_POINT ( 'NONE',  ( -1.500000000000008216, 0.0000000000000000000, 11.50000000000000178 ) ) ;
#2031 = ADVANCED_FACE ( 'NONE', ( #289 ), #2011, .F. ) ;
#2032 = PRESENTATION_LAYER_ASSIGNMENT (  '', '', ( #1167 ) ) ;
#2033 = CIRCLE ( 'NONE', #46, 0.5000000000000004441 ) ;
#2034 = SURFACE_STYLE_FILL_AREA ( #1164 ) ;
#2035 = CARTESIAN_POINT ( 'NONE',  ( 11.49999999999999467, 2.299999999999999822, -10.30000000000000604 ) ) ;
#2036 = ORIENTED_EDGE ( 'NONE', *, *, #1023, .T. ) ;
#2037 = VECTOR ( 'NONE', #477, 1000.000000000000000 ) ;
#2038 = CARTESIAN_POINT ( 'NONE',  ( 1.499999999999990896, 0.1000000000000000056, -11.50000000000000178 ) ) ;
#2039 = DIRECTION ( 'NONE',  ( 7.885106708985487801E-17, -0.0000000000000000000, 1.000000000000000000 ) ) ;
#2040 = SURFACE_STYLE_FILL_AREA ( #2557 ) ;
#2041 = VECTOR ( 'NONE', #2516, 1000.000000000000000 ) ;
#2042 = CARTESIAN_POINT ( 'NONE',  ( -11.50000000000000000, 2.799999999999997158, -7.999999999999996447 ) ) ;
#2043 = CARTESIAN_POINT ( 'NONE',  ( 1.499999999999989120, 0.0000000000000000000, 11.50000000000000178 ) ) ;
#2044 = ORIENTED_EDGE ( 'NONE', *, *, #2145, .T. ) ;
#2045 = CARTESIAN_POINT ( 'NONE',  ( 1.499999999999990896, 0.0000000000000000000, -7.999999999999998224 ) ) ;
#2046 = EDGE_CURVE ( 'NONE', #188, #2614, #312, .T. ) ;
#2047 = CARTESIAN_POINT ( 'NONE',  ( -8.000000000000005329, 0.0000000000000000000, 11.50000000000000178 ) ) ;
#2048 = EDGE_LOOP ( 'NONE', ( #292, #989, #946, #2528 ) ) ;
#2049 = EDGE_CURVE ( 'NONE', #2357, #278, #2657, .T. ) ;
#2050 = CARTESIAN_POINT ( 'NONE',  ( 11.00000000000000178, 6.800000000000000711, 7.999999999999998224 ) ) ;
#2051 =( LENGTH_UNIT ( ) NAMED_UNIT ( * ) SI_UNIT ( .MILLI., .METRE. ) );
#2052 = DIRECTION ( 'NONE',  ( 0.0000000000000000000, 0.0000000000000000000, -1.000000000000000000 ) ) ;
#2053 = EDGE_LOOP ( 'NONE', ( #2410, #1836, #795, #560 ) ) ;
#2054 = CARTESIAN_POINT ( 'NONE',  ( 11.49999999999998757, 0.1000000000000000056, -11.50000000000000178 ) ) ;
#2055 = CARTESIAN_POINT ( 'NONE',  ( -8.000000000000005329, 0.1000000000000000056, 7.999999999999998224 ) ) ;
#2056 = CARTESIAN_POINT ( 'NONE',  ( 7.999999999999986677, 0.1000000000000000056, 11.50000000000000178 ) ) ;
#2057 = DIRECTION ( 'NONE',  ( 1.000000000000000000, 0.0000000000000000000, 0.0000000000000000000 ) ) ;
#2058 = FILL_AREA_STYLE_COLOUR ( '', #1632 ) ;
#2059 = LINE ( 'NONE', #2693, #568 ) ;
#2060 = EDGE_CURVE ( 'NONE', #68, #1509, #911, .T. ) ;
#2061 = LINE ( 'NONE', #2723, #359 ) ;
#2062 = CARTESIAN_POINT ( 'NONE',  ( -11.50000000000000178, 1.300000000000000044, 10.29999999999999538 ) ) ;
#2063 = ORIENTED_EDGE ( 'NONE', *, *, #2046, .F. ) ;
#2064 = EDGE_CURVE ( 'NONE', #610, #2546, #2461, .T. ) ;
#2065 = CARTESIAN_POINT ( 'NONE',  ( -5.000000000000007105, 0.0000000000000000000, 11.50000000000000178 ) ) ;
#2066 = CLOSED_SHELL ( 'NONE', ( #1369, #383, #1366, #1577, #1179, #1011, #318, #263, #466, #2563, #1234, #347, #1496, #1145, #1283, #454, #817, #1565, #517, #1331, #640, #1931, #2734, #1077, #269, #2465, #1066, #822, #1773, #386, #163, #2181, #1669, #2579, #2568, #929, #548, #71, #778, #1241, #641, #1527, #1663, #890, #567, #107, #1944, #399, #1960, #601, #2311, #1243, #2142, #2544, #1142, #993, #313, #1379, #1806, #1579, #1491, #2653, #1770, #1039, #2031, #1085, #1315, #1698, #651, #729, #2505, #1584, #2720, #2220, #872, #1131, #1407, #1612, #1299, #2625, #2362, #2266, #2275, #2774, #1178, #1602, #2566, #584, #1247 ) ) ;
#2067 = FILL_AREA_STYLE ('',( #599 ) ) ;
#2068 = ORIENTED_EDGE ( 'NONE', *, *, #19, .F. ) ;
#2069 = DIRECTION ( 'NONE',  ( 0.0000000000000000000, 0.0000000000000000000, 1.000000000000000000 ) ) ;
#2070 = DIRECTION ( 'NONE',  ( -0.0000000000000000000, -1.000000000000000000, -0.0000000000000000000 ) ) ;
#2071 = CARTESIAN_POINT ( 'NONE',  ( -9.750000000000000000, 0.1000000000000000056, -4.999999999999997335 ) ) ;
#2072 = CIRCLE ( 'NONE', #1393, 1.499999999999999556 ) ;
#2073 = AXIS2_PLACEMENT_3D ( 'NONE', #301, #2449, #951 ) ;
#2074 = DIRECTION ( 'NONE',  ( 1.000000000000000000, 0.0000000000000000000, -0.0000000000000000000 ) ) ;
#2075 = DIRECTION ( 'NONE',  ( -1.000000000000000000, 0.0000000000000000000, -0.0000000000000000000 ) ) ;
#2076 = CARTESIAN_POINT ( 'NONE',  ( -11.50000000000000355, 0.0000000000000000000, 11.50000000000000178 ) ) ;
#2077 = VECTOR ( 'NONE', #2165, 1000.000000000000000 ) ;
#2078 = EDGE_LOOP ( 'NONE', ( #2183, #306, #2195, #2674 ) ) ;
#2079 = CARTESIAN_POINT ( 'NONE',  ( 8.000000000000000000, 2.799999999999997158, -10.99999999999999822 ) ) ;
#2080 = DIRECTION ( 'NONE',  ( 0.0000000000000000000, 0.0000000000000000000, -1.000000000000000000 ) ) ;
#2081 = VECTOR ( 'NONE', #2684, 1000.000000000000000 ) ;
#2082 = EDGE_CURVE ( 'NONE', #1882, #217, #1561, .T. ) ;
#2083 = LINE ( 'NONE', #535, #940 ) ;
#2084 = ORIENTED_EDGE ( 'NONE', *, *, #1460, .F. ) ;
#2085 = CARTESIAN_POINT ( 'NONE',  ( -10.30000000000000249, 2.299999999999999822, 11.49999999999999467 ) ) ;
#2086 = LINE ( 'NONE', #580, #2344 ) ;
#2087 = CARTESIAN_POINT ( 'NONE',  ( -5.000000000000007105, 0.1000000000000000056, 11.50000000000000178 ) ) ;
#2088 = ORIENTED_EDGE ( 'NONE', *, *, #247, .F. ) ;
#2089 = DIRECTION ( 'NONE',  ( 0.0000000000000000000, -1.000000000000000000, 0.0000000000000000000 ) ) ;
#2090 = DIRECTION ( 'NONE',  ( 0.0000000000000000000, 0.0000000000000000000, 1.000000000000000000 ) ) ;
#2091 = VERTEX_POINT ( 'NONE', #1337 ) ;
#2092 = EDGE_CURVE ( 'NONE', #2540, #1372, #1303, .T. ) ;
#2093 = CARTESIAN_POINT ( 'NONE',  ( -9.750000000000000000, 0.1000000000000000056, -5.999999999999997335 ) ) ;
#2094 = EDGE_CURVE ( 'NONE', #369, #246, #1171, .T. ) ;
#2095 = ORIENTED_EDGE ( 'NONE', *, *, #2680, .T. ) ;
#2096 = ORIENTED_EDGE ( 'NONE', *, *, #181, .T. ) ;
#2097 = DIRECTION ( 'NONE',  ( 1.000000000000000000, 0.0000000000000000000, -0.0000000000000000000 ) ) ;
#2098 = FACE_OUTER_BOUND ( 'NONE', #2302, .T. ) ;
#2099 = CARTESIAN_POINT ( 'NONE',  ( 11.49999999999998401, 0.1000000000000000056, 7.999999999999998224 ) ) ;
#2100 = DIRECTION ( 'NONE',  ( -1.000000000000000000, -0.0000000000000000000, -0.0000000000000000000 ) ) ;
#2101 = DIRECTION ( 'NONE',  ( 0.0000000000000000000, 0.0000000000000000000, -1.000000000000000000 ) ) ;
#2102 = ORIENTED_EDGE ( 'NONE', *, *, #236, .T. ) ;
#2103 = DIRECTION ( 'NONE',  ( 0.0000000000000000000, 0.0000000000000000000, -1.000000000000000000 ) ) ;
#2104 = SURFACE_SIDE_STYLE ('',( #1691 ) ) ;
#2105 = AXIS2_PLACEMENT_3D ( 'NONE', #687, #2205, #272 ) ;
#2106 = ORIENTED_EDGE ( 'NONE', *, *, #2196, .T. ) ;
#2107 = VERTEX_POINT ( 'NONE', #2055 ) ;
#2108 = EDGE_CURVE ( 'NONE', #1921, #337, #2272, .T. ) ;
#2109 = DIRECTION ( 'NONE',  ( 1.000000000000000000, 0.0000000000000000000, 0.0000000000000000000 ) ) ;
#2110 = CIRCLE ( 'NONE', #486, 1.199999999999999734 ) ;
#2111 = SURFACE_SIDE_STYLE ('',( #2319 ) ) ;
#2112 = LINE ( 'NONE', #2742, #1886 ) ;
#2113 = ORIENTED_EDGE ( 'NONE', *, *, #780, .T. ) ;
#2114 = STYLED_ITEM ( 'NONE', ( #202 ), #1234 ) ;
#2115 = DIRECTION ( 'NONE',  ( -0.0000000000000000000, -1.000000000000000000, -0.0000000000000000000 ) ) ;
#2116 = ORIENTED_EDGE ( 'NONE', *, *, #1840, .T. ) ;
#2117 = CIRCLE ( 'NONE', #574, 0.5000000000000004441 ) ;
#2118 = AXIS2_PLACEMENT_3D ( 'NONE', #1286, #2355, #427 ) ;
#2119 = DIRECTION ( 'NONE',  ( 0.0000000000000000000, 0.0000000000000000000, -1.000000000000000000 ) ) ;
#2120 = VECTOR ( 'NONE', #1071, 1000.000000000000000 ) ;
#2121 = ORIENTED_EDGE ( 'NONE', *, *, #1733, .T. ) ;
#2122 = ORIENTED_EDGE ( 'NONE', *, *, #838, .T. ) ;
#2123 = DIRECTION ( 'NONE',  ( 0.0000000000000000000, 1.000000000000000000, 0.0000000000000000000 ) ) ;
#2124 = CARTESIAN_POINT ( 'NONE',  ( -11.00000000000000000, 6.800000000000000711, -7.999999999999996447 ) ) ;
#2125 = CARTESIAN_POINT ( 'NONE',  ( -1.500000000000008216, 0.1000000000000000056, 11.50000000000000178 ) ) ;
#2126 = CYLINDRICAL_SURFACE ( 'NONE', #1798, 1.499999999999999556 ) ;
#2127 = ORIENTED_EDGE ( 'NONE', *, *, #1779, .F. ) ;
#2128 = EDGE_LOOP ( 'NONE', ( #1505, #827, #1073, #1959 ) ) ;
#2129 = EDGE_CURVE ( 'NONE', #1112, #1601, #2497, .T. ) ;
#2130 = CYLINDRICAL_SURFACE ( 'NONE', #129, 2.500000000000000444 ) ;
#2131 = PRESENTATION_STYLE_ASSIGNMENT (( #2601 ) ) ;
#2132 = EDGE_LOOP ( 'NONE', ( #1609, #2299, #2533, #401 ) ) ;
#2133 = CARTESIAN_POINT ( 'NONE',  ( -12.49999999999999822, 1.300000000000000044, -12.49999999999999645 ) ) ;
#2134 = PLANE ( 'NONE',  #400 ) ;
#2135 = EDGE_LOOP ( 'NONE', ( #1919, #519 ) ) ;
#2136 = VERTEX_POINT ( 'NONE', #1456 ) ;
#2137 = CARTESIAN_POINT ( 'NONE',  ( 11.00000000000000000, 49.71269837220809507, -7.999999999999996447 ) ) ;
#2138 = CARTESIAN_POINT ( 'NONE',  ( 12.50000000000000178, 0.0000000000000000000, -12.49999999999999645 ) ) ;
#2139 = CARTESIAN_POINT ( 'NONE',  ( 11.00000000000000000, 2.799999999999997158, -10.99999999999999822 ) ) ;
#2140 = ORIENTED_EDGE ( 'NONE', *, *, #1659, .F. ) ;
#2141 = ORIENTED_EDGE ( 'NONE', *, *, #780, .F. ) ;
#2142 = ADVANCED_FACE ( 'NONE', ( #2282 ), #555, .F. ) ;
#2143 = DIRECTION ( 'NONE',  ( 0.0000000000000000000, 0.0000000000000000000, 1.000000000000000000 ) ) ;
#2144 = DIRECTION ( 'NONE',  ( 0.0000000000000000000, 1.000000000000000000, 0.0000000000000000000 ) ) ;
#2145 = EDGE_CURVE ( 'NONE', #1801, #1156, #2727, .T. ) ;
#2146 =( NAMED_UNIT ( * ) SI_UNIT ( $, .STERADIAN. ) SOLID_ANGLE_UNIT ( ) );
#2147 = UNCERTAINTY_MEASURE_WITH_UNIT (LENGTH_MEASURE( 1.000000000000000082E-05 ), #1418, 'distance_accuracy_value', 'NONE');
#2148 = CARTESIAN_POINT ( 'NONE',  ( 0.0000000000000000000, 0.1000000000000000056, 0.0000000000000000000 ) ) ;
#2149 = AXIS2_PLACEMENT_3D ( 'NONE', #475, #1350, #501 ) ;
#2150 = ORIENTED_EDGE ( 'NONE', *, *, #537, .T. ) ;
#2151 = DIRECTION ( 'NONE',  ( 0.0000000000000000000, 1.000000000000000000, 0.0000000000000000000 ) ) ;
#2152 =( GEOMETRIC_REPRESENTATION_CONTEXT ( 3 ) GLOBAL_UNCERTAINTY_ASSIGNED_CONTEXT ( ( #1985 ) ) GLOBAL_UNIT_ASSIGNED_CONTEXT ( ( #2509, #378, #1852 ) ) REPRESENTATION_CONTEXT ( 'NONE', 'WORKASPACE' ) );
#2153 = DIRECTION ( 'NONE',  ( 0.0000000000000000000, 1.000000000000000000, 0.0000000000000000000 ) ) ;
#2154 = AXIS2_PLACEMENT_3D ( 'NONE', #77, #1361, #2402 ) ;
#2155 = ORIENTED_EDGE ( 'NONE', *, *, #2265, .T. ) ;
#2156 = ORIENTED_EDGE ( 'NONE', *, *, #936, .F. ) ;
#2157 = AXIS2_PLACEMENT_3D ( 'NONE', #1108, #1148, #264 ) ;
#2158 = PLANE ( 'NONE',  #1221 ) ;
#2159 = ORIENTED_EDGE ( 'NONE', *, *, #1913, .T. ) ;
#2160 = EDGE_CURVE ( 'NONE', #278, #888, #2748, .T. ) ;
#2161 = MECHANICAL_DESIGN_GEOMETRIC_PRESENTATION_REPRESENTATION (  '', ( #2114 ), #1536 ) ;
#2162 = ORIENTED_EDGE ( 'NONE', *, *, #287, .T. ) ;
#2163 = EDGE_CURVE ( 'NONE', #963, #1926, #350, .T. ) ;
#2164 =( GEOMETRIC_REPRESENTATION_CONTEXT ( 3 ) GLOBAL_UNCERTAINTY_ASSIGNED_CONTEXT ( ( #2180 ) ) GLOBAL_UNIT_ASSIGNED_CONTEXT ( ( #2203, #1995, #2007 ) ) REPRESENTATION_CONTEXT ( 'NONE', 'WORKASPACE' ) );
#2165 = DIRECTION ( 'NONE',  ( 0.0000000000000000000, 0.0000000000000000000, -1.000000000000000000 ) ) ;
#2166 = VECTOR ( 'NONE', #1772, 1000.000000000000000 ) ;
#2167 = EDGE_CURVE ( 'NONE', #2614, #1229, #776, .T. ) ;
#2168 = VECTOR ( 'NONE', #2241, 1000.000000000000000 ) ;
#2169 = ORIENTED_EDGE ( 'NONE', *, *, #2145, .F. ) ;
#2170 = SURFACE_SIDE_STYLE ('',( #622 ) ) ;
#2171 = STYLED_ITEM ( 'NONE', ( #551 ), #2544 ) ;
#2172 = DIRECTION ( 'NONE',  ( 2.478176394252579662E-16, -0.0000000000000000000, 1.000000000000000000 ) ) ;
#2173 =( NAMED_UNIT ( * ) SI_UNIT ( $, .STERADIAN. ) SOLID_ANGLE_UNIT ( ) );
#2174 = ORIENTED_EDGE ( 'NONE', *, *, #2647, .T. ) ;
#2175 = ORIENTED_EDGE ( 'NONE', *, *, #2513, .T. ) ;
#2176 = FILL_AREA_STYLE_COLOUR ( '', #2649 ) ;
#2177 = ORIENTED_EDGE ( 'NONE', *, *, #1681, .F. ) ;
#2178 = ORIENTED_EDGE ( 'NONE', *, *, #2082, .F. ) ;
#2179 = LINE ( 'NONE', #2, #357 ) ;
#2180 = UNCERTAINTY_MEASURE_WITH_UNIT (LENGTH_MEASURE( 1.000000000000000082E-05 ), #2203, 'distance_accuracy_value', 'NONE');
#2181 = ADVANCED_FACE ( 'NONE', ( #587 ), #2475, .F. ) ;
#2182 = LINE ( 'NONE', #31, #406 ) ;
#2183 = ORIENTED_EDGE ( 'NONE', *, *, #1154, .F. ) ;
#2184 = CARTESIAN_POINT ( 'NONE',  ( 4.999999999999986677, 0.1000000000000000056, 7.999999999999998224 ) ) ;
#2185 = EDGE_CURVE ( 'NONE', #459, #2480, #570, .T. ) ;
#2186 = MANIFOLD_SOLID_BREP ( '??-??2', #2066 ) ;
#2187 =( LENGTH_UNIT ( ) NAMED_UNIT ( * ) SI_UNIT ( .MILLI., .METRE. ) );
#2188 = LINE ( 'NONE', #1110, #1205 ) ;
#2189 = ORIENTED_EDGE ( 'NONE', *, *, #589, .F. ) ;
#2190 = ORIENTED_EDGE ( 'NONE', *, *, #2385, .F. ) ;
#2191 = SURFACE_STYLE_USAGE ( .BOTH. , #1749 ) ;
#2192 = CARTESIAN_POINT ( 'NONE',  ( -5.000000000000004441, 0.1000000000000000056, -11.50000000000000178 ) ) ;
#2193 = SURFACE_SIDE_STYLE ('',( #465 ) ) ;
#2194 = DIRECTION ( 'NONE',  ( 0.0000000000000000000, 1.000000000000000000, 0.0000000000000000000 ) ) ;
#2195 = ORIENTED_EDGE ( 'NONE', *, *, #2414, .F. ) ;
#2196 = EDGE_CURVE ( 'NONE', #1135, #2471, #367, .T. ) ;
#2197 = VECTOR ( 'NONE', #868, 1000.000000000000000 ) ;
#2198 = EDGE_CURVE ( 'NONE', #2502, #1278, #1839, .T. ) ;
#2199 = DIRECTION ( 'NONE',  ( 1.000000000000000000, 0.0000000000000000000, 0.0000000000000000000 ) ) ;
#2200 = LINE ( 'NONE', #2035, #437 ) ;
#2201 = ORIENTED_EDGE ( 'NONE', *, *, #2584, .F. ) ;
#2202 = STYLED_ITEM ( 'NONE', ( #773 ), #263 ) ;
#2203 =( LENGTH_UNIT ( ) NAMED_UNIT ( * ) SI_UNIT ( .MILLI., .METRE. ) );
#2204 = VECTOR ( 'NONE', #1947, 1000.000000000000000 ) ;
#2205 = DIRECTION ( 'NONE',  ( -0.0000000000000000000, -1.000000000000000000, -0.0000000000000000000 ) ) ;
#2206 = ORIENTED_EDGE ( 'NONE', *, *, #1280, .F. ) ;
#2207 = PRESENTATION_LAYER_ASSIGNMENT (  '', '', ( #1118 ) ) ;
#2208 = DIRECTION ( 'NONE',  ( -0.0000000000000000000, -1.000000000000000000, -0.0000000000000000000 ) ) ;
#2209 = VECTOR ( 'NONE', #331, 1000.000000000000000 ) ;
#2210 = CARTESIAN_POINT ( 'NONE',  ( 4.999999999999988454, 0.1000000000000000056, -7.999999999999998224 ) ) ;
#2211 = VERTEX_POINT ( 'NONE', #2378 ) ;
#2212 = CARTESIAN_POINT ( 'NONE',  ( 11.49999999999998757, 0.1000000000000000056, -7.999999999999998224 ) ) ;
#2213 = VECTOR ( 'NONE', #2387, 1000.000000000000000 ) ;
#2214 = STYLED_ITEM ( 'NONE', ( #2542 ), #1944 ) ;
#2215 = DIRECTION ( 'NONE',  ( 0.0000000000000000000, 0.0000000000000000000, 1.000000000000000000 ) ) ;
#2216 = CARTESIAN_POINT ( 'NONE',  ( 11.49999999999998757, 0.1000000000000000056, -7.999999999999998224 ) ) ;
#2217 = VECTOR ( 'NONE', #1395, 1000.000000000000000 ) ;
#2218 = LINE ( 'NONE', #1324, #1449 ) ;
#2219 = SURFACE_STYLE_USAGE ( .BOTH. , #286 ) ;
#2220 = ADVANCED_FACE ( 'NONE', ( #1075 ), #1051, .T. ) ;
#2221 = LINE ( 'NONE', #2231, #1217 ) ;
#2222 = ORIENTED_EDGE ( 'NONE', *, *, #2060, .T. ) ;
#2223 = CARTESIAN_POINT ( 'NONE',  ( 1.499999999999989120, 0.0000000000000000000, 11.50000000000000178 ) ) ;
#2224 = VERTEX_POINT ( 'NONE', #244 ) ;
#2225 = DIRECTION ( 'NONE',  ( -0.0000000000000000000, -1.000000000000000000, -0.0000000000000000000 ) ) ;
#2226 = CARTESIAN_POINT ( 'NONE',  ( -1.500000000000008216, 0.1000000000000000056, 11.50000000000000178 ) ) ;
#2227 = FACE_OUTER_BOUND ( 'NONE', #1854, .T. ) ;
#2228 = CARTESIAN_POINT ( 'NONE',  ( 10.29999999999999538, 2.299999999999999822, -10.30000000000000604 ) ) ;
#2229 = EDGE_CURVE ( 'NONE', #1946, #1921, #2539, .T. ) ;
#2230 = ORIENTED_EDGE ( 'NONE', *, *, #2448, .F. ) ;
#2231 = CARTESIAN_POINT ( 'NONE',  ( -11.50000000000000178, 0.1000000000000000056, -11.50000000000000178 ) ) ;
#2232 = EDGE_CURVE ( 'NONE', #633, #1799, #277, .T. ) ;
#2233 = ORIENTED_EDGE ( 'NONE', *, *, #287, .F. ) ;
#2234 = LINE ( 'NONE', #2210, #716 ) ;
#2235 = ORIENTED_EDGE ( 'NONE', *, *, #2773, .T. ) ;
#2236 = DIRECTION ( 'NONE',  ( -0.0000000000000000000, 1.000000000000000000, -0.0000000000000000000 ) ) ;
#2237 = CARTESIAN_POINT ( 'NONE',  ( 1.499999999999989120, 0.1000000000000000056, 11.50000000000000178 ) ) ;
#2238 = LINE ( 'NONE', #2652, #1845 ) ;
#2239 = ORIENTED_EDGE ( 'NONE', *, *, #2265, .F. ) ;
#2240 = FILL_AREA_STYLE ('',( #1363 ) ) ;
#2241 = DIRECTION ( 'NONE',  ( -0.0000000000000000000, -0.0000000000000000000, 1.000000000000000000 ) ) ;
#2242 = CARTESIAN_POINT ( 'NONE',  ( 8.500000000000000000, 6.800000000000000711, 7.999999999999998224 ) ) ;
#2243 = AXIS2_PLACEMENT_3D ( 'NONE', #1504, #1955, #1519 ) ;
#2244 = ORIENTED_EDGE ( 'NONE', *, *, #2662, .T. ) ;
#2245 = LINE ( 'NONE', #58, #90 ) ;
#2246 = MECHANICAL_DESIGN_GEOMETRIC_PRESENTATION_REPRESENTATION (  '', ( #1118 ), #2024 ) ;
#2247 = ORIENTED_EDGE ( 'NONE', *, *, #93, .T. ) ;
#2248 = EDGE_CURVE ( 'NONE', #1245, #888, #656, .T. ) ;
#2249 = MECHANICAL_DESIGN_GEOMETRIC_PRESENTATION_REPRESENTATION (  '', ( #665 ), #851 ) ;
#2250 = LINE ( 'NONE', #2043, #811 ) ;
#2251 = ORIENTED_EDGE ( 'NONE', *, *, #20, .F. ) ;
#2252 = DIRECTION ( 'NONE',  ( 0.0000000000000000000, 0.0000000000000000000, 1.000000000000000000 ) ) ;
#2253 = EDGE_CURVE ( 'NONE', #1799, #1296, #1254, .T. ) ;
#2254 = AXIS2_PLACEMENT_3D ( 'NONE', #1774, #1106, #1562 ) ;
#2255 = VECTOR ( 'NONE', #2715, 1000.000000000000000 ) ;
#2256 = LINE ( 'NONE', #913, #1302 ) ;
#2257 = CARTESIAN_POINT ( 'NONE',  ( -9.750000000000000000, 0.1000000000000000056, -4.999999999999997335 ) ) ;
#2258 = LINE ( 'NONE', #2636, #798 ) ;
#2259 = ORIENTED_EDGE ( 'NONE', *, *, #1473, .T. ) ;
#2260 =( GEOMETRIC_REPRESENTATION_CONTEXT ( 3 ) GLOBAL_UNCERTAINTY_ASSIGNED_CONTEXT ( ( #3 ) ) GLOBAL_UNIT_ASSIGNED_CONTEXT ( ( #391, #1281, #1949 ) ) REPRESENTATION_CONTEXT ( 'NONE', 'WORKASPACE' ) );
#2261 = CARTESIAN_POINT ( 'NONE',  ( 1.499999999999989120, 0.1000000000000000056, 11.50000000000000178 ) ) ;
#2262 = LINE ( 'NONE', #47, #1446 ) ;
#2263 = CARTESIAN_POINT ( 'NONE',  ( -11.50000000000000178, 0.1000000000000000056, -7.999999999999998224 ) ) ;
#2264 = CARTESIAN_POINT ( 'NONE',  ( 8.000000000000003553, 49.71269837220809507, 11.00000000000000178 ) ) ;
#2265 = EDGE_CURVE ( 'NONE', #2530, #747, #1726, .T. ) ;
#2266 = ADVANCED_FACE ( 'NONE', ( #2586 ), #1529, .F. ) ;
#2267 = PLANE ( 'NONE',  #397 ) ;
#2268 = CARTESIAN_POINT ( 'NONE',  ( -8.000000000000003553, 0.1000000000000000056, -7.999999999999998224 ) ) ;
#2269 = CARTESIAN_POINT ( 'NONE',  ( -11.50000000000000178, 0.1000000000000000056, -11.50000000000000178 ) ) ;
#2270 = SURFACE_STYLE_USAGE ( .BOTH. , #1624 ) ;
#2271 = DIRECTION ( 'NONE',  ( -1.508455196501571429E-16, 0.0000000000000000000, -1.000000000000000000 ) ) ;
#2272 = LINE ( 'NONE', #1629, #1541 ) ;
#2273 = LINE ( 'NONE', #1642, #2383 ) ;
#2274 = CARTESIAN_POINT ( 'NONE',  ( -5.000000000000004441, 0.1000000000000000056, 7.999999999999998224 ) ) ;
#2275 = ADVANCED_FACE ( 'NONE', ( #1518 ), #2158, .F. ) ;
#2276 = CARTESIAN_POINT ( 'NONE',  ( -5.000000000000004441, 0.1000000000000000056, -7.999999999999998224 ) ) ;
#2277 = EDGE_CURVE ( 'NONE', #381, #2136, #1954, .T. ) ;
#2278 = DIRECTION ( 'NONE',  ( 0.0000000000000000000, -1.000000000000000000, 0.0000000000000000000 ) ) ;
#2279 = PRODUCT ( 'CC2B4366-85F6-4772-BC1B-F014F87A13E1', 'CC2B4366-85F6-4772-BC1B-F014F87A13E1', '', ( #1191 ) ) ;
#2280 = VERTEX_POINT ( 'NONE', #187 ) ;
#2281 = FACE_OUTER_BOUND ( 'NONE', #1593, .T. ) ;
#2282 = FACE_OUTER_BOUND ( 'NONE', #425, .T. ) ;
#2283 = STYLED_ITEM ( 'NONE', ( #1735 ), #383 ) ;
#2284 = CARTESIAN_POINT ( 'NONE',  ( 11.49999999999998401, 0.0000000000000000000, 11.50000000000000178 ) ) ;
#2285 = COLOUR_RGB ( '',0.0000000000000000000, 0.5019607843137254832, 0.0000000000000000000 ) ;
#2286 = CARTESIAN_POINT ( 'NONE',  ( -11.50000000000000178, 0.1000000000000000056, -7.999999999999998224 ) ) ;
#2287 = AXIS2_PLACEMENT_3D ( 'NONE', #74, #1121, #2440 ) ;
#2288 = ORIENTED_EDGE ( 'NONE', *, *, #1719, .T. ) ;
#2289 = FACE_OUTER_BOUND ( 'NONE', #1831, .T. ) ;
#2290 = COLOUR_RGB ( '',1.000000000000000000, 0.8078431372549019773, 0.4980392156862745168 ) ;
#2291 = AXIS2_PLACEMENT_3D ( 'NONE', #2589, #2617, #2318 ) ;
#2292 = CARTESIAN_POINT ( 'NONE',  ( 8.000000000000000000, 2.799999999999997158, -11.49999999999999822 ) ) ;
#2293 = CARTESIAN_POINT ( 'NONE',  ( 4.999999999999986677, 0.0000000000000000000, 7.999999999999998224 ) ) ;
#2294 = DIRECTION ( 'NONE',  ( 0.0000000000000000000, -1.000000000000000000, 0.0000000000000000000 ) ) ;
#2295 = AXIS2_PLACEMENT_3D ( 'NONE', #85, #1172, #948 ) ;
#2296 = ORIENTED_EDGE ( 'NONE', *, *, #236, .F. ) ;
#2297 = CARTESIAN_POINT ( 'NONE',  ( 7.999999999999986677, 0.1000000000000000056, 7.999999999999998224 ) ) ;
#2298 = AXIS2_PLACEMENT_3D ( 'NONE', #2269, #2709, #2075 ) ;
#2299 = ORIENTED_EDGE ( 'NONE', *, *, #1751, .T. ) ;
#2300 = COLOUR_RGB ( '',1.000000000000000000, 0.8078431372549019773, 0.4980392156862745168 ) ;
#2301 = DIRECTION ( 'NONE',  ( 1.000000000000000000, 0.0000000000000000000, 0.0000000000000000000 ) ) ;
#2302 = EDGE_LOOP ( 'NONE', ( #1336, #1951, #2029, #1232 ) ) ;
#2303 =( NAMED_UNIT ( * ) SI_UNIT ( $, .STERADIAN. ) SOLID_ANGLE_UNIT ( ) );
#2304 = DIRECTION ( 'NONE',  ( -1.734723475976806503E-15, 0.0000000000000000000, 1.000000000000000000 ) ) ;
#2305 = DIRECTION ( 'NONE',  ( 0.0000000000000000000, 0.0000000000000000000, 1.000000000000000000 ) ) ;
#2306 = CARTESIAN_POINT ( 'NONE',  ( -9.750000000000000000, -0.0000000000000000000, -4.999999999999997335 ) ) ;
#2307 = ORIENTED_EDGE ( 'NONE', *, *, #470, .F. ) ;
#2308 = DIRECTION ( 'NONE',  ( -1.000000000000000000, -0.0000000000000000000, -0.0000000000000000000 ) ) ;
#2309 =( LENGTH_UNIT ( ) NAMED_UNIT ( * ) SI_UNIT ( .MILLI., .METRE. ) );
#2310 = ORIENTED_EDGE ( 'NONE', *, *, #2650, .T. ) ;
#2311 = ADVANCED_FACE ( 'NONE', ( #2227 ), #309, .F. ) ;
#2312 = VERTEX_POINT ( 'NONE', #1153 ) ;
#2313 = EDGE_CURVE ( 'NONE', #1748, #2670, #1168, .T. ) ;
#2314 = CARTESIAN_POINT ( 'NONE',  ( 8.500000000000000000, 9.300000000000000711, 7.999999999999998224 ) ) ;
#2315 = VERTEX_POINT ( 'NONE', #66 ) ;
#2316 = ORIENTED_EDGE ( 'NONE', *, *, #1439, .T. ) ;
#2317 = LINE ( 'NONE', #194, #2596 ) ;
#2318 = DIRECTION ( 'NONE',  ( -1.000000000000000000, 0.0000000000000000000, 0.0000000000000000000 ) ) ;
#2319 = SURFACE_STYLE_FILL_AREA ( #1512 ) ;
#2320 = LINE ( 'NONE', #2099, #265 ) ;
#2321 = ORIENTED_EDGE ( 'NONE', *, *, #2738, .T. ) ;
#2322 = SURFACE_STYLE_USAGE ( .BOTH. , #2377 ) ;
#2323 = DIRECTION ( 'NONE',  ( 0.0000000000000000000, 1.000000000000000000, 0.0000000000000000000 ) ) ;
#2324 = EDGE_LOOP ( 'NONE', ( #1645, #1293, #1906, #1017 ) ) ;
#2325 = DIRECTION ( 'NONE',  ( 0.0000000000000000000, 0.0000000000000000000, 1.000000000000000000 ) ) ;
#2326 = CARTESIAN_POINT ( 'NONE',  ( -11.50000000000000178, 0.1000000000000000056, -7.999999999999998224 ) ) ;
#2327 = ORIENTED_EDGE ( 'NONE', *, *, #2049, .F. ) ;
#2328 = ORIENTED_EDGE ( 'NONE', *, *, #2330, .F. ) ;
#2329 = DIRECTION ( 'NONE',  ( -1.000000000000000000, -0.0000000000000000000, -0.0000000000000000000 ) ) ;
#2330 = EDGE_CURVE ( 'NONE', #2091, #356, #2218, .T. ) ;
#2331 = CIRCLE ( 'NONE', #124, 3.499999999999999556 ) ;
#2332 = CARTESIAN_POINT ( 'NONE',  ( 4.999999999999986677, 0.1000000000000000056, 11.50000000000000178 ) ) ;
#2333 = AXIS2_PLACEMENT_3D ( 'NONE', #2212, #2646, #1189 ) ;
#2334 = FACE_OUTER_BOUND ( 'NONE', #2735, .T. ) ;
#2335 = DIRECTION ( 'NONE',  ( 0.0000000000000000000, 0.0000000000000000000, 1.000000000000000000 ) ) ;
#2336 = EDGE_LOOP ( 'NONE', ( #1475, #329 ) ) ;
#2337 = ORIENTED_EDGE ( 'NONE', *, *, #1162, .T. ) ;
#2338 = VECTOR ( 'NONE', #598, 1000.000000000000000 ) ;
#2339 = FACE_BOUND ( 'NONE', #479, .T. ) ;
#2340 = LINE ( 'NONE', #2192, #1795 ) ;
#2341 = AXIS2_PLACEMENT_3D ( 'NONE', #1422, #119, #1182 ) ;
#2342 = AXIS2_PLACEMENT_3D ( 'NONE', #1053, #1862, #2750 ) ;
#2343 = VECTOR ( 'NONE', #325, 1000.000000000000000 ) ;
#2344 = VECTOR ( 'NONE', #1209, 1000.000000000000000 ) ;
#2345 = ORIENTED_EDGE ( 'NONE', *, *, #2374, .T. ) ;
#2346 = ORIENTED_EDGE ( 'NONE', *, *, #503, .F. ) ;
#2347 = EDGE_CURVE ( 'NONE', #60, #2091, #1945, .T. ) ;
#2348 = DIRECTION ( 'NONE',  ( 0.0000000000000000000, 0.0000000000000000000, -1.000000000000000000 ) ) ;
#2349 = PRESENTATION_STYLE_ASSIGNMENT (( #1524 ) ) ;
#2350 = ORIENTED_EDGE ( 'NONE', *, *, #470, .T. ) ;
#2351 = SURFACE_STYLE_USAGE ( .BOTH. , #2363 ) ;
#2352 = DIRECTION ( 'NONE',  ( 0.0000000000000000000, -1.000000000000000000, 0.0000000000000000000 ) ) ;
#2353 = ORIENTED_EDGE ( 'NONE', *, *, #1453, .F. ) ;
#2354 = EDGE_LOOP ( 'NONE', ( #515, #1981, #1672, #2321 ) ) ;
#2355 = DIRECTION ( 'NONE',  ( 0.0000000000000000000, 0.0000000000000000000, 1.000000000000000000 ) ) ;
#2356 = CARTESIAN_POINT ( 'NONE',  ( -5.000000000000004441, 0.1000000000000000056, -7.999999999999998224 ) ) ;
#2357 = VERTEX_POINT ( 'NONE', #1793 ) ;
#2358 = EDGE_CURVE ( 'NONE', #2511, #1362, #1364, .T. ) ;
#2359 = FILL_AREA_STYLE_COLOUR ( '', #1528 ) ;
#2360 = ORIENTED_EDGE ( 'NONE', *, *, #908, .F. ) ;
#2361 = VERTEX_POINT ( 'NONE', #271 ) ;
#2362 = ADVANCED_FACE ( 'NONE', ( #697 ), #2664, .F. ) ;
#2363 = SURFACE_SIDE_STYLE ('',( #411 ) ) ;
#2364 = FILL_AREA_STYLE ('',( #2176 ) ) ;
#2365 = CARTESIAN_POINT ( 'NONE',  ( 11.49999999999999467, 2.299999999999999822, -11.50000000000000533 ) ) ;
#2366 = ORIENTED_EDGE ( 'NONE', *, *, #127, .T. ) ;
#2367 = EDGE_CURVE ( 'NONE', #2211, #1156, #1568, .T. ) ;
#2368 = CARTESIAN_POINT ( 'NONE',  ( -11.50000000000000355, 0.1000000000000000056, 11.50000000000000178 ) ) ;
#2369 = ORIENTED_EDGE ( 'NONE', *, *, #1891, .T. ) ;
#2370 = CARTESIAN_POINT ( 'NONE',  ( -8.000000000000005329, 0.1000000000000000056, 11.50000000000000178 ) ) ;
#2371 = CIRCLE ( 'NONE', #1658, 2.500000000000000444 ) ;
#2372 = CARTESIAN_POINT ( 'NONE',  ( 4.999999999999988454, 0.1000000000000000056, -7.999999999999998224 ) ) ;
#2373 =( NAMED_UNIT ( * ) PLANE_ANGLE_UNIT ( ) SI_UNIT ( $, .RADIAN. ) );
#2374 = EDGE_CURVE ( 'NONE', #356, #2753, #768, .T. ) ;
#2375 = ORIENTED_EDGE ( 'NONE', *, *, #2108, .T. ) ;
#2376 =( GEOMETRIC_REPRESENTATION_CONTEXT ( 3 ) GLOBAL_UNCERTAINTY_ASSIGNED_CONTEXT ( ( #2147 ) ) GLOBAL_UNIT_ASSIGNED_CONTEXT ( ( #1418, #1068, #1054 ) ) REPRESENTATION_CONTEXT ( 'NONE', 'WORKASPACE' ) );
#2377 = SURFACE_SIDE_STYLE ('',( #1696 ) ) ;
#2378 = CARTESIAN_POINT ( 'NONE',  ( -8.000000000000003553, 0.1000000000000000056, -11.50000000000000178 ) ) ;
#2379 = CARTESIAN_POINT ( 'NONE',  ( -11.50000000000000355, 0.0000000000000000000, 7.999999999999998224 ) ) ;
#2380 = EDGE_CURVE ( 'NONE', #2779, #2211, #98, .T. ) ;
#2381 = AXIS2_PLACEMENT_3D ( 'NONE', #1323, #1152, #669 ) ;
#2382 = ORIENTED_EDGE ( 'NONE', *, *, #266, .F. ) ;
#2383 = VECTOR ( 'NONE', #2531, 1000.000000000000000 ) ;
#2384 = CARTESIAN_POINT ( 'NONE',  ( -11.50000000000000355, 0.0000000000000000000, 11.50000000000000178 ) ) ;
#2385 = EDGE_CURVE ( 'NONE', #2211, #2624, #1113, .T. ) ;
#2386 = AXIS2_PLACEMENT_3D ( 'NONE', #2042, #745, #1573 ) ;
#2387 = DIRECTION ( 'NONE',  ( 1.000000000000000000, 0.0000000000000000000, 0.0000000000000000000 ) ) ;
#2388 = LINE ( 'NONE', #279, #1574 ) ;
#2389 = AXIS2_PLACEMENT_3D ( 'NONE', #2257, #971, #109 ) ;
#2390 = FILL_AREA_STYLE ('',( #755 ) ) ;
#2391 = EDGE_LOOP ( 'NONE', ( #1688, #111, #333, #717 ) ) ;
#2392 = EDGE_LOOP ( 'NONE', ( #1825, #2235 ) ) ;
#2393 = CARTESIAN_POINT ( 'NONE',  ( -8.500000000000000000, 6.800000000000000711, -7.999999999999996447 ) ) ;
#2394 = CARTESIAN_POINT ( 'NONE',  ( 1.499999999999990896, 0.1000000000000000056, -7.999999999999998224 ) ) ;
#2395 = LINE ( 'NONE', #2365, #2412 ) ;
#2396 = FACE_OUTER_BOUND ( 'NONE', #1333, .T. ) ;
#2397 = EDGE_CURVE ( 'NONE', #2357, #1245, #2444, .T. ) ;
#2398 = FACE_OUTER_BOUND ( 'NONE', #159, .T. ) ;
#2399 = ORIENTED_EDGE ( 'NONE', *, *, #1453, .T. ) ;
#2400 = DIRECTION ( 'NONE',  ( 1.000000000000000000, 0.0000000000000000000, 0.0000000000000000000 ) ) ;
#2401 = DIRECTION ( 'NONE',  ( 1.000000000000000000, 0.0000000000000000000, -0.0000000000000000000 ) ) ;
#2402 = DIRECTION ( 'NONE',  ( -1.000000000000000000, 0.0000000000000000000, 0.0000000000000000000 ) ) ;
#2403 = ORIENTED_EDGE ( 'NONE', *, *, #1215, .T. ) ;
#2404 = CARTESIAN_POINT ( 'NONE',  ( 8.499999999999998224, 9.300000000000000711, -7.999999999999996447 ) ) ;
#2405 = CARTESIAN_POINT ( 'NONE',  ( 1.499999999999990896, 0.1000000000000000056, -11.50000000000000178 ) ) ;
#2406 = DIRECTION ( 'NONE',  ( -0.0000000000000000000, -1.000000000000000000, -0.0000000000000000000 ) ) ;
#2407 = ORIENTED_EDGE ( 'NONE', *, *, #2232, .F. ) ;
#2408 = CARTESIAN_POINT ( 'NONE',  ( 12.50000000000000178, 1.300000000000000044, -12.49999999999999645 ) ) ;
#2409 = FACE_OUTER_BOUND ( 'NONE', #1704, .T. ) ;
#2410 = ORIENTED_EDGE ( 'NONE', *, *, #91, .T. ) ;
#2411 = FACE_OUTER_BOUND ( 'NONE', #140, .T. ) ;
#2412 = VECTOR ( 'NONE', #27, 1000.000000000000000 ) ;
#2413 = LINE ( 'NONE', #294, #678 ) ;
#2414 = EDGE_CURVE ( 'NONE', #1086, #963, #2635, .T. ) ;
#2415 = CARTESIAN_POINT ( 'NONE',  ( 7.999999999999986677, 0.1000000000000000056, 7.999999999999998224 ) ) ;
#2416 = AXIS2_PLACEMENT_3D ( 'NONE', #1270, #209, #1925 ) ;
#2417 = SURFACE_STYLE_USAGE ( .BOTH. , #284 ) ;
#2418 = CIRCLE ( 'NONE', #1708, 3.000000000000000888 ) ;
#2419 = DIRECTION ( 'NONE',  ( 0.0000000000000000000, 0.0000000000000000000, 1.000000000000000000 ) ) ;
#2420 = PRESENTATION_STYLE_ASSIGNMENT (( #2219 ) ) ;
#2421 = ORIENTED_EDGE ( 'NONE', *, *, #1940, .F. ) ;
#2422 = CIRCLE ( 'NONE', #2638, 3.000000000000000000 ) ;
#2423 = VECTOR ( 'NONE', #800, 1000.000000000000000 ) ;
#2424 = FACE_OUTER_BOUND ( 'NONE', #1216, .T. ) ;
#2425 = ORIENTED_EDGE ( 'NONE', *, *, #2385, .T. ) ;
#2426 = DIRECTION ( 'NONE',  ( 1.000000000000000000, 0.0000000000000000000, 0.0000000000000000000 ) ) ;
#2427 = VECTOR ( 'NONE', #99, 1000.000000000000000 ) ;
#2428 = VECTOR ( 'NONE', #2039, 1000.000000000000000 ) ;
#2429 = EDGE_CURVE ( 'NONE', #2012, #2627, #927, .T. ) ;
#2430 = LINE ( 'NONE', #2631, #1863 ) ;
#2431 = VECTOR ( 'NONE', #2788, 1000.000000000000000 ) ;
#2432 = EDGE_CURVE ( 'NONE', #1078, #2224, #1402, .T. ) ;
#2433 = COLOUR_RGB ( '',0.0000000000000000000, 0.5019607843137254832, 0.0000000000000000000 ) ;
#2434 = CARTESIAN_POINT ( 'NONE',  ( 4.999999999999986677, 0.1000000000000000056, 11.50000000000000178 ) ) ;
#2435 = LINE ( 'NONE', #310, #118 ) ;
#2436 = ORIENTED_EDGE ( 'NONE', *, *, #2129, .F. ) ;
#2437 = VERTEX_POINT ( 'NONE', #1349 ) ;
#2438 = LINE ( 'NONE', #2669, #445 ) ;
#2439 = ORIENTED_EDGE ( 'NONE', *, *, #1940, .T. ) ;
#2440 = DIRECTION ( 'NONE',  ( -1.000000000000000000, 0.0000000000000000000, 0.0000000000000000000 ) ) ;
#2441 = FACE_OUTER_BOUND ( 'NONE', #1143, .T. ) ;
#2442 = DIRECTION ( 'NONE',  ( 0.0000000000000000000, 0.0000000000000000000, -1.000000000000000000 ) ) ;
#2443 = PRESENTATION_STYLE_ASSIGNMENT (( #2417 ) ) ;
#2444 = LINE ( 'NONE', #919, #1903 ) ;
#2445 = EDGE_CURVE ( 'NONE', #1375, #626, #740, .T. ) ;
#2446 = LINE ( 'NONE', #964, #718 ) ;
#2447 = UNCERTAINTY_MEASURE_WITH_UNIT (LENGTH_MEASURE( 1.000000000000000082E-05 ), #2581, 'distance_accuracy_value', 'NONE');
#2448 = EDGE_CURVE ( 'NONE', #2483, #1135, #1, .T. ) ;
#2449 = DIRECTION ( 'NONE',  ( -1.000000000000000000, 0.0000000000000000000, 0.0000000000000000000 ) ) ;
#2450 = ORIENTED_EDGE ( 'NONE', *, *, #403, .T. ) ;
#2451 = CARTESIAN_POINT ( 'NONE',  ( 8.499999999999998224, 6.800000000000000711, -6.702340702637663953E-16 ) ) ;
#2452 = CARTESIAN_POINT ( 'NONE',  ( 0.0000000000000000000, 2.299999999999999822, 0.0000000000000000000 ) ) ;
#2453 = DIRECTION ( 'NONE',  ( -0.0000000000000000000, -1.000000000000000000, -0.0000000000000000000 ) ) ;
#2454 = FACE_OUTER_BOUND ( 'NONE', #1380, .T. ) ;
#2455 = CARTESIAN_POINT ( 'NONE',  ( 8.000000000000000000, 2.799999999999997158, -7.999999999999996447 ) ) ;
#2456 = EDGE_CURVE ( 'NONE', #167, #1229, #257, .T. ) ;
#2457 = VECTOR ( 'NONE', #67, 1000.000000000000000 ) ;
#2458 = EDGE_LOOP ( 'NONE', ( #2369, #1702, #1956, #2763 ) ) ;
#2459 = VECTOR ( 'NONE', #344, 1000.000000000000000 ) ;
#2460 = CARTESIAN_POINT ( 'NONE',  ( 11.49999999999999467, 1.300000000000000044, -11.50000000000000533 ) ) ;
#2461 = LINE ( 'NONE', #1187, #2166 ) ;
#2462 = EDGE_CURVE ( 'NONE', #468, #853, #1768, .T. ) ;
#2463 = AXIS2_PLACEMENT_3D ( 'NONE', #2452, #1332, #917 ) ;
#2464 = ORIENTED_EDGE ( 'NONE', *, *, #1743, .F. ) ;
#2465 = ADVANCED_FACE ( 'NONE', ( #2454 ), #361, .T. ) ;
#2466 = VECTOR ( 'NONE', #2468, 1000.000000000000000 ) ;
#2467 = DIRECTION ( 'NONE',  ( 0.0000000000000000000, 0.0000000000000000000, -1.000000000000000000 ) ) ;
#2468 = DIRECTION ( 'NONE',  ( -1.000000000000000000, -0.0000000000000000000, -0.0000000000000000000 ) ) ;
#2469 = AXIS2_PLACEMENT_3D ( 'NONE', #1894, #1756, #818 ) ;
#2470 = FACE_OUTER_BOUND ( 'NONE', #2532, .T. ) ;
#2471 = VERTEX_POINT ( 'NONE', #1436 ) ;
#2472 = DIRECTION ( 'NONE',  ( 0.0000000000000000000, 0.0000000000000000000, -1.000000000000000000 ) ) ;
#2473 = CARTESIAN_POINT ( 'NONE',  ( 7.999999999999986677, 0.1000000000000000056, 7.999999999999998224 ) ) ;
#2474 = FACE_OUTER_BOUND ( 'NONE', #527, .T. ) ;
#2475 = TOROIDAL_SURFACE ( 'NONE', #230, 3.500000000000000000, 0.5000000000000000000 ) ;
#2476 = FACE_OUTER_BOUND ( 'NONE', #1876, .T. ) ;
#2477 = EDGE_CURVE ( 'NONE', #476, #879, #772, .T. ) ;
#2478 = EDGE_CURVE ( 'NONE', #1305, #1933, #1867, .T. ) ;
#2479 = DIRECTION ( 'NONE',  ( 0.0000000000000000000, -1.000000000000000000, 0.0000000000000000000 ) ) ;
#2480 = VERTEX_POINT ( 'NONE', #1015 ) ;
#2481 = FACE_OUTER_BOUND ( 'NONE', #647, .T. ) ;
#2482 = CARTESIAN_POINT ( 'NONE',  ( -11.00000000000000000, 2.799999999999997158, -10.99999999999999822 ) ) ;
#2483 = VERTEX_POINT ( 'NONE', #1851 ) ;
#2484 = CARTESIAN_POINT ( 'NONE',  ( -8.000000000000003553, -0.0000000000000000000, -11.50000000000000178 ) ) ;
#2485 = CARTESIAN_POINT ( 'NONE',  ( -10.30000000000000249, 1.300000000000000044, 10.29999999999999538 ) ) ;
#2486 = DIRECTION ( 'NONE',  ( 0.0000000000000000000, 0.0000000000000000000, -1.000000000000000000 ) ) ;
#2487 = DIRECTION ( 'NONE',  ( 0.0000000000000000000, 0.0000000000000000000, 1.000000000000000000 ) ) ;
#2488 = PRODUCT_RELATED_PRODUCT_CATEGORY ( 'part', '', ( #2279 ) ) ;
#2489 = ORIENTED_EDGE ( 'NONE', *, *, #1439, .F. ) ;
#2490 = CARTESIAN_POINT ( 'NONE',  ( -8.000000000000000000, 2.799999999999997158, 11.00000000000000178 ) ) ;
#2491 = EDGE_CURVE ( 'NONE', #299, #1012, #986, .T. ) ;
#2492 = DIRECTION ( 'NONE',  ( -0.0000000000000000000, -1.000000000000000000, -0.0000000000000000000 ) ) ;
#2493 = DIRECTION ( 'NONE',  ( -1.000000000000000000, 0.0000000000000000000, 0.0000000000000000000 ) ) ;
#2494 = ORIENTED_EDGE ( 'NONE', *, *, #2094, .T. ) ;
#2495 = PLANE ( 'NONE',  #43 ) ;
#2496 = VECTOR ( 'NONE', #1824, 1000.000000000000000 ) ;
#2497 = LINE ( 'NONE', #2529, #317 ) ;
#2498 = EDGE_LOOP ( 'NONE', ( #643, #825, #1103, #1431 ) ) ;
#2499 = ORIENTED_EDGE ( 'NONE', *, *, #1875, .T. ) ;
#2500 = FILL_AREA_STYLE ('',( #1657 ) ) ;
#2501 = PRESENTATION_LAYER_ASSIGNMENT (  '', '', ( #1339 ) ) ;
#2502 = VERTEX_POINT ( 'NONE', #1666 ) ;
#2503 = SURFACE_STYLE_USAGE ( .BOTH. , #2672 ) ;
#2504 = AXIS2_PLACEMENT_3D ( 'NONE', #1022, #1885, #2732 ) ;
#2505 = ADVANCED_FACE ( 'NONE', ( #377 ), #1183, .F. ) ;
#2506 = AXIS2_PLACEMENT_3D ( 'NONE', #2292, #2074, #550 ) ;
#2507 = PLANE ( 'NONE',  #1540 ) ;
#2508 = SURFACE_SIDE_STYLE ('',( #786 ) ) ;
#2509 =( LENGTH_UNIT ( ) NAMED_UNIT ( * ) SI_UNIT ( .MILLI., .METRE. ) );
#2510 = VECTOR ( 'NONE', #931, 1000.000000000000000 ) ;
#2511 = VERTEX_POINT ( 'NONE', #2696 ) ;
#2512 = EDGE_CURVE ( 'NONE', #1869, #613, #1423, .T. ) ;
#2513 = EDGE_CURVE ( 'NONE', #1237, #1815, #1880, .T. ) ;
#2514 = DIRECTION ( 'NONE',  ( -1.000000000000000000, 0.0000000000000000000, -0.0000000000000000000 ) ) ;
#2515 = STYLED_ITEM ( 'NONE', ( #2131 ), #2220 ) ;
#2516 = DIRECTION ( 'NONE',  ( -0.0000000000000000000, -0.0000000000000000000, 1.000000000000000000 ) ) ;
#2517 = EDGE_LOOP ( 'NONE', ( #259, #914, #2190, #32 ) ) ;
#2518 = AXIS2_PLACEMENT_3D ( 'NONE', #1289, #2153, #183 ) ;
#2519 =( NAMED_UNIT ( * ) PLANE_ANGLE_UNIT ( ) SI_UNIT ( $, .RADIAN. ) );
#2520 = FILL_AREA_STYLE ('',( #2776 ) ) ;
#2521 = ORIENTED_EDGE ( 'NONE', *, *, #746, .F. ) ;
#2522 = ORIENTED_EDGE ( 'NONE', *, *, #2347, .T. ) ;
#2523 = DIRECTION ( 'NONE',  ( 0.0000000000000000000, 0.0000000000000000000, 1.000000000000000000 ) ) ;
#2524 = CARTESIAN_POINT ( 'NONE',  ( 11.00000000000000178, 49.71269837220809507, 7.999999999999998224 ) ) ;
#2525 = CARTESIAN_POINT ( 'NONE',  ( 0.0000000000000000000, 1.300000000000000044, 0.0000000000000000000 ) ) ;
#2526 = PLANE ( 'NONE',  #565 ) ;
#2527 = EDGE_CURVE ( 'NONE', #844, #1748, #2061, .T. ) ;
#2528 = ORIENTED_EDGE ( 'NONE', *, *, #2432, .F. ) ;
#2529 = CARTESIAN_POINT ( 'NONE',  ( 1.499999999999989120, 0.1000000000000000056, 11.50000000000000178 ) ) ;
#2530 = VERTEX_POINT ( 'NONE', #1649 ) ;
#2531 = DIRECTION ( 'NONE',  ( 0.0000000000000000000, 0.0000000000000000000, -1.000000000000000000 ) ) ;
#2532 = EDGE_LOOP ( 'NONE', ( #2102, #2222, #1055, #2175 ) ) ;
#2533 = ORIENTED_EDGE ( 'NONE', *, *, #1893, .T. ) ;
#2534 = CARTESIAN_POINT ( 'NONE',  ( 8.000000000000001776, 9.300000000000000711, 8.500000000000000000 ) ) ;
#2535 = CARTESIAN_POINT ( 'NONE',  ( 8.000000000000003553, 2.799999999999997158, 11.00000000000000178 ) ) ;
#2536 = LINE ( 'NONE', #240, #1160 ) ;
#2537 = ORIENTED_EDGE ( 'NONE', *, *, #2229, .T. ) ;
#2538 = VERTEX_POINT ( 'NONE', #2293 ) ;
#2539 = LINE ( 'NONE', #2760, #1720 ) ;
#2540 = VERTEX_POINT ( 'NONE', #165 ) ;
#2541 = EDGE_CURVE ( 'NONE', #2480, #299, #2086, .T. ) ;
#2542 = PRESENTATION_STYLE_ASSIGNMENT (( #1700 ) ) ;
#2543 = DIRECTION ( 'NONE',  ( 0.0000000000000000000, 0.0000000000000000000, 1.000000000000000000 ) ) ;
#2544 = ADVANCED_FACE ( 'NONE', ( #120 ), #564, .T. ) ;
#2545 = AXIS2_PLACEMENT_3D ( 'NONE', #2578, #1742, #593 ) ;
#2546 = VERTEX_POINT ( 'NONE', #1833 ) ;
#2547 = ORIENTED_EDGE ( 'NONE', *, *, #210, .F. ) ;
#2548 = FACE_OUTER_BOUND ( 'NONE', #148, .T. ) ;
#2549 = AXIS2_PLACEMENT_3D ( 'NONE', #2274, #1844, #2690 ) ;
#2550 = AXIS2_PLACEMENT_3D ( 'NONE', #967, #1828, #2252 ) ;
#2551 = DIRECTION ( 'NONE',  ( 0.0000000000000000000, -0.0000000000000000000, 1.000000000000000000 ) ) ;
#2552 = DIRECTION ( 'NONE',  ( -0.0000000000000000000, 1.000000000000000000, -0.0000000000000000000 ) ) ;
#2553 = ORIENTED_EDGE ( 'NONE', *, *, #368, .T. ) ;
#2554 = EDGE_LOOP ( 'NONE', ( #438, #382, #1787, #2316 ) ) ;
#2555 = FACE_OUTER_BOUND ( 'NONE', #1709, .T. ) ;
#2556 = SURFACE_STYLE_FILL_AREA ( #2364 ) ;
#2557 = FILL_AREA_STYLE ('',( #1711 ) ) ;
#2558 = VECTOR ( 'NONE', #2109, 1000.000000000000000 ) ;
#2559 = ORIENTED_EDGE ( 'NONE', *, *, #250, .F. ) ;
#2560 = PRESENTATION_LAYER_ASSIGNMENT (  '', '', ( #2214 ) ) ;
#2561 = DIRECTION ( 'NONE',  ( -6.938893903907227392E-16, 0.0000000000000000000, 1.000000000000000000 ) ) ;
#2562 = DIRECTION ( 'NONE',  ( 0.0000000000000000000, 1.000000000000000000, 0.0000000000000000000 ) ) ;
#2563 = ADVANCED_FACE ( 'NONE', ( #208, #1707 ), #197, .T. ) ;
#2564 = VECTOR ( 'NONE', #2783, 1000.000000000000000 ) ;
#2565 = EDGE_LOOP ( 'NONE', ( #506, #1173, #2116, #2366 ) ) ;
#2566 = ADVANCED_FACE ( 'NONE', ( #606 ), #1304, .F. ) ;
#2567 = FACE_BOUND ( 'NONE', #2336, .T. ) ;
#2568 = ADVANCED_FACE ( 'NONE', ( #2334 ), #1591, .F. ) ;
#2569 = FACE_OUTER_BOUND ( 'NONE', #1255, .T. ) ;
#2570 = ORIENTED_EDGE ( 'NONE', *, *, #364, .T. ) ;
#2571 = ORIENTED_EDGE ( 'NONE', *, *, #1783, .T. ) ;
#2572 =( LENGTH_UNIT ( ) NAMED_UNIT ( * ) SI_UNIT ( .MILLI., .METRE. ) );
#2573 = DIRECTION ( 'NONE',  ( -1.000000000000000000, 0.0000000000000000000, 0.0000000000000000000 ) ) ;
#2574 = CARTESIAN_POINT ( 'NONE',  ( -11.00000000000000000, 2.799999999999997158, 11.00000000000000178 ) ) ;
#2575 = ORIENTED_EDGE ( 'NONE', *, *, #1403, .T. ) ;
#2576 = LINE ( 'NONE', #2133, #1856 ) ;
#2577 = ORIENTED_EDGE ( 'NONE', *, *, #127, .F. ) ;
#2578 = CARTESIAN_POINT ( 'NONE',  ( 0.0000000000000000000, 0.1000000000000000056, 0.0000000000000000000 ) ) ;
#2579 = ADVANCED_FACE ( 'NONE', ( #442 ), #221, .F. ) ;
#2580 = LINE ( 'NONE', #2756, #2612 ) ;
#2581 =( LENGTH_UNIT ( ) NAMED_UNIT ( * ) SI_UNIT ( .MILLI., .METRE. ) );
#2582 = ORIENTED_EDGE ( 'NONE', *, *, #742, .F. ) ;
#2583 = ORIENTED_EDGE ( 'NONE', *, *, #2429, .T. ) ;
#2584 = EDGE_CURVE ( 'NONE', #1416, #426, #1910, .T. ) ;
#2585 =( NAMED_UNIT ( * ) SI_UNIT ( $, .STERADIAN. ) SOLID_ANGLE_UNIT ( ) );
#2586 = FACE_OUTER_BOUND ( 'NONE', #1322, .T. ) ;
#2587 = ORIENTED_EDGE ( 'NONE', *, *, #1259, .T. ) ;
#2588 = CARTESIAN_POINT ( 'NONE',  ( -5.000000000000007105, 0.1000000000000000056, 11.50000000000000178 ) ) ;
#2589 = CARTESIAN_POINT ( 'NONE',  ( 11.50000000000000178, 2.799999999999999822, 7.999999999999998224 ) ) ;
#2590 = VECTOR ( 'NONE', #1325, 1000.000000000000000 ) ;
#2591 = ORIENTED_EDGE ( 'NONE', *, *, #2092, .T. ) ;
#2592 = CARTESIAN_POINT ( 'NONE',  ( 11.49999999999998757, 0.0000000000000000000, -11.50000000000000178 ) ) ;
#2593 = VECTOR ( 'NONE', #607, 1000.000000000000000 ) ;
#2594 = SURFACE_STYLE_USAGE ( .BOTH. , #1744 ) ;
#2595 = LINE ( 'NONE', #1320, #703 ) ;
#2596 = VECTOR ( 'NONE', #389, 1000.000000000000000 ) ;
#2597 = VERTEX_POINT ( 'NONE', #874 ) ;
#2598 = ORIENTED_EDGE ( 'NONE', *, *, #955, .F. ) ;
#2599 = EDGE_CURVE ( 'NONE', #1660, #2702, #1734, .T. ) ;
#2600 = FACE_OUTER_BOUND ( 'NONE', #2128, .T. ) ;
#2601 = SURFACE_STYLE_USAGE ( .BOTH. , #892 ) ;
#2602 = DIRECTION ( 'NONE',  ( 0.0000000000000000000, 0.0000000000000000000, 1.000000000000000000 ) ) ;
#2603 = EDGE_CURVE ( 'NONE', #1052, #177, #2580, .T. ) ;
#2604 = MECHANICAL_DESIGN_GEOMETRIC_PRESENTATION_REPRESENTATION (  '', ( #1167 ), #2164 ) ;
#2605 = AXIS2_PLACEMENT_3D ( 'NONE', #1199, #2325, #190 ) ;
#2606 = FACE_OUTER_BOUND ( 'NONE', #2135, .T. ) ;
#2607 = VECTOR ( 'NONE', #338, 1000.000000000000000 ) ;
#2608 = PLANE ( 'NONE',  #1580 ) ;
#2609 = VECTOR ( 'NONE', #1997, 1000.000000000000000 ) ;
#2610 = ORIENTED_EDGE ( 'NONE', *, *, #1821, .F. ) ;
#2611 = CARTESIAN_POINT ( 'NONE',  ( 10.29999999999999538, 1.300000000000000044, -10.30000000000000604 ) ) ;
#2612 = VECTOR ( 'NONE', #624, 1000.000000000000000 ) ;
#2613 = DIRECTION ( 'NONE',  ( 0.0000000000000000000, 0.0000000000000000000, -1.000000000000000000 ) ) ;
#2614 = VERTEX_POINT ( 'NONE', #595 ) ;
#2615 = CARTESIAN_POINT ( 'NONE',  ( -11.50000000000000355, 0.1000000000000000056, 11.50000000000000178 ) ) ;
#2616 = DIRECTION ( 'NONE',  ( 1.000000000000000000, 0.0000000000000000000, 0.0000000000000000000 ) ) ;
#2617 = DIRECTION ( 'NONE',  ( 0.0000000000000000000, -0.0000000000000000000, -1.000000000000000000 ) ) ;
#2618 = ORIENTED_EDGE ( 'NONE', *, *, #104, .T. ) ;
#2619 = DIRECTION ( 'NONE',  ( -0.0000000000000000000, -1.000000000000000000, -0.0000000000000000000 ) ) ;
#2620 = DIRECTION ( 'NONE',  ( -0.0000000000000000000, -1.000000000000000000, -0.0000000000000000000 ) ) ;
#2621 = SURFACE_STYLE_FILL_AREA ( #1790 ) ;
#2622 =( LENGTH_UNIT ( ) NAMED_UNIT ( * ) SI_UNIT ( .MILLI., .METRE. ) );
#2623 = CARTESIAN_POINT ( 'NONE',  ( -8.000000000000000000, 49.71269837220809507, -10.99999999999999822 ) ) ;
#2624 = VERTEX_POINT ( 'NONE', #1099 ) ;
#2625 = ADVANCED_FACE ( 'NONE', ( #652 ), #1523, .F. ) ;
#2626 = CARTESIAN_POINT ( 'NONE',  ( 6.250000000000007105, 6.300000000000000711, 1.380000000000002780 ) ) ;
#2627 = VERTEX_POINT ( 'NONE', #1498 ) ;
#2628 = FACE_OUTER_BOUND ( 'NONE', #2517, .T. ) ;
#2629 = EDGE_CURVE ( 'NONE', #688, #1946, #860, .T. ) ;
#2630 = CIRCLE ( 'NONE', #2243, 3.000000000000000000 ) ;
#2631 = CARTESIAN_POINT ( 'NONE',  ( 11.49999999999999467, 2.299999999999999822, -11.50000000000000533 ) ) ;
#2632 =( NAMED_UNIT ( * ) PLANE_ANGLE_UNIT ( ) SI_UNIT ( $, .RADIAN. ) );
#2633 = DIRECTION ( 'NONE',  ( -1.000000000000000000, -0.0000000000000000000, -0.0000000000000000000 ) ) ;
#2634 = VECTOR ( 'NONE', #1180, 1000.000000000000000 ) ;
#2635 = LINE ( 'NONE', #2623, #1994 ) ;
#2636 = CARTESIAN_POINT ( 'NONE',  ( 1.499999999999989120, 0.1000000000000000056, 7.999999999999998224 ) ) ;
#2637 = ORIENTED_EDGE ( 'NONE', *, *, #1821, .T. ) ;
#2638 = AXIS2_PLACEMENT_3D ( 'NONE', #2704, #558, #2487 ) ;
#2639 = FACE_OUTER_BOUND ( 'NONE', #871, .T. ) ;
#2640 = VECTOR ( 'NONE', #529, 1000.000000000000000 ) ;
#2641 = UNCERTAINTY_MEASURE_WITH_UNIT (LENGTH_MEASURE( 1.000000000000000082E-05 ), #2572, 'distance_accuracy_value', 'NONE');
#2642 = ORIENTED_EDGE ( 'NONE', *, *, #1457, .T. ) ;
#2643 = AXIS2_PLACEMENT_3D ( 'NONE', #1786, #478, #748 ) ;
#2644 = CARTESIAN_POINT ( 'NONE',  ( -11.50000000000000178, 0.1000000000000000056, -7.999999999999998224 ) ) ;
#2645 = ORIENTED_EDGE ( 'NONE', *, *, #253, .F. ) ;
#2646 = DIRECTION ( 'NONE',  ( 1.000000000000000000, -0.0000000000000000000, 0.0000000000000000000 ) ) ;
#2647 = EDGE_CURVE ( 'NONE', #188, #167, #1936, .T. ) ;
#2648 = CIRCLE ( 'NONE', #2118, 0.5000000000000004441 ) ;
#2649 = COLOUR_RGB ( '',1.000000000000000000, 0.8078431372549019773, 0.4980392156862745168 ) ;
#2650 = EDGE_CURVE ( 'NONE', #217, #1946, #1683, .T. ) ;
#2651 = DIRECTION ( 'NONE',  ( 0.0000000000000000000, 0.0000000000000000000, -1.000000000000000000 ) ) ;
#2652 = CARTESIAN_POINT ( 'NONE',  ( -10.30000000000000249, 2.299999999999999822, 11.49999999999999467 ) ) ;
#2653 = ADVANCED_FACE ( 'NONE', ( #497 ), #1566, .F. ) ;
#2654 = CARTESIAN_POINT ( 'NONE',  ( 1.499999999999990896, 0.1000000000000000056, -7.999999999999998224 ) ) ;
#2655 = DIRECTION ( 'NONE',  ( 1.000000000000000000, 0.0000000000000000000, 0.0000000000000000000 ) ) ;
#2656 = CARTESIAN_POINT ( 'NONE',  ( 8.000000000000001776, 2.299999999999999822, 7.999999999999998224 ) ) ;
#2657 = LINE ( 'NONE', #1611, #2510 ) ;
#2658 = ORIENTED_EDGE ( 'NONE', *, *, #746, .T. ) ;
#2659 = CARTESIAN_POINT ( 'NONE',  ( 8.000000000000003553, 9.300000000000000711, 8.500000000000000000 ) ) ;
#2660 = ORIENTED_EDGE ( 'NONE', *, *, #1719, .F. ) ;
#2661 = LINE ( 'NONE', #1874, #2781 ) ;
#2662 = EDGE_CURVE ( 'NONE', #459, #591, #62, .T. ) ;
#2663 = LINE ( 'NONE', #2708, #1990 ) ;
#2664 = PLANE ( 'NONE',  #2747 ) ;
#2665 = DIRECTION ( 'NONE',  ( 0.0000000000000000000, -1.000000000000000000, 0.0000000000000000000 ) ) ;
#2666 = ORIENTED_EDGE ( 'NONE', *, *, #2049, .T. ) ;
#2667 = EDGE_CURVE ( 'NONE', #844, #2538, #1109, .T. ) ;
#2668 = CARTESIAN_POINT ( 'NONE',  ( -1.500000000000006439, 0.1000000000000000056, -11.50000000000000178 ) ) ;
#2669 = CARTESIAN_POINT ( 'NONE',  ( -10.30000000000000604, 2.299999999999999822, -11.50000000000000533 ) ) ;
#2670 = VERTEX_POINT ( 'NONE', #682 ) ;
#2671 = DIRECTION ( 'NONE',  ( 0.0000000000000000000, 0.0000000000000000000, -1.000000000000000000 ) ) ;
#2672 = SURFACE_SIDE_STYLE ('',( #1877 ) ) ;
#2673 = DIRECTION ( 'NONE',  ( 0.0000000000000000000, 0.0000000000000000000, -1.000000000000000000 ) ) ;
#2674 = ORIENTED_EDGE ( 'NONE', *, *, #969, .T. ) ;
#2675 = AXIS2_PLACEMENT_3D ( 'NONE', #447, #1750, #2602 ) ;
#2676 = CARTESIAN_POINT ( 'NONE',  ( 0.0000000000000000000, 2.299999999999999822, 0.0000000000000000000 ) ) ;
#2677 = CARTESIAN_POINT ( 'NONE',  ( 11.49999999999999467, 2.299999999999999822, -11.50000000000000533 ) ) ;
#2678 = DIRECTION ( 'NONE',  ( -7.434529182757739478E-16, 0.0000000000000000000, 1.000000000000000000 ) ) ;
#2679 = STYLED_ITEM ( 'NONE', ( #2420 ), #107 ) ;
#2680 = EDGE_CURVE ( 'NONE', #2315, #1817, #2430, .T. ) ;
#2681 = EDGE_LOOP ( 'NONE', ( #237, #1450, #1968, #2096 ) ) ;
#2682 = CIRCLE ( 'NONE', #522, 1.000000000000000000 ) ;
#2683 = FACE_OUTER_BOUND ( 'NONE', #1101, .T. ) ;
#2684 = DIRECTION ( 'NONE',  ( 0.0000000000000000000, 0.0000000000000000000, -1.000000000000000000 ) ) ;
#2685 = EDGE_CURVE ( 'NONE', #2753, #1869, #1309, .T. ) ;
#2686 = MECHANICAL_DESIGN_GEOMETRIC_PRESENTATION_REPRESENTATION (  '', ( #661 ), #1079 ) ;
#2687 = ORIENTED_EDGE ( 'NONE', *, *, #760, .T. ) ;
#2688 = CIRCLE ( 'NONE', #351, 2.500000000000000444 ) ;
#2689 = DIRECTION ( 'NONE',  ( 0.0000000000000000000, 0.0000000000000000000, -1.000000000000000000 ) ) ;
#2690 = DIRECTION ( 'NONE',  ( -1.000000000000000000, 0.0000000000000000000, -0.0000000000000000000 ) ) ;
#2691 = AXIS2_PLACEMENT_3D ( 'NONE', #185, #1502, #1710 ) ;
#2692 = VECTOR ( 'NONE', #1822, 1000.000000000000000 ) ;
#2693 = CARTESIAN_POINT ( 'NONE',  ( 1.499999999999990896, 0.1000000000000000056, -7.999999999999998224 ) ) ;
#2694 = AXIS2_PLACEMENT_3D ( 'NONE', #232, #1104, #1095 ) ;
#2695 = DIRECTION ( 'NONE',  ( 1.000000000000000000, 0.0000000000000000000, -0.0000000000000000000 ) ) ;
#2696 = CARTESIAN_POINT ( 'NONE',  ( 11.00000000000000000, 6.800000000000000711, -7.999999999999996447 ) ) ;
#2697 = DIRECTION ( 'NONE',  ( 1.000000000000000000, 0.0000000000000000000, -1.387778780781445676E-16 ) ) ;
#2698 = VECTOR ( 'NONE', #1231, 1000.000000000000000 ) ;
#2699 = ORIENTED_EDGE ( 'NONE', *, *, #1962, .T. ) ;
#2700 = AXIS2_PLACEMENT_3D ( 'NONE', #53, #2215, #2401 ) ;
#2701 = CARTESIAN_POINT ( 'NONE',  ( -11.50000000000000533, 2.299999999999999822, -11.50000000000000533 ) ) ;
#2702 = VERTEX_POINT ( 'NONE', #2226 ) ;
#2703 = LINE ( 'NONE', #1021, #2255 ) ;
#2704 = CARTESIAN_POINT ( 'NONE',  ( -8.000000000000000000, 2.799999999999997158, -7.999999999999996447 ) ) ;
#2705 = EDGE_CURVE ( 'NONE', #203, #1012, #2413, .T. ) ;
#2706 = ORIENTED_EDGE ( 'NONE', *, *, #673, .F. ) ;
#2707 = CARTESIAN_POINT ( 'NONE',  ( -11.50000000000000533, 1.300000000000000044, -11.50000000000000533 ) ) ;
#2708 = CARTESIAN_POINT ( 'NONE',  ( -11.50000000000000178, -0.0000000000000000000, -7.999999999999998224 ) ) ;
#2709 = DIRECTION ( 'NONE',  ( 0.0000000000000000000, 0.0000000000000000000, -1.000000000000000000 ) ) ;
#2710 = DIRECTION ( 'NONE',  ( 1.000000000000000000, -0.0000000000000000000, 0.0000000000000000000 ) ) ;
#2711 = ORIENTED_EDGE ( 'NONE', *, *, #1063, .F. ) ;
#2712 = DIRECTION ( 'NONE',  ( 1.000000000000000000, 0.0000000000000000000, -1.508455196501571429E-16 ) ) ;
#2713 = DIRECTION ( 'NONE',  ( 0.0000000000000000000, 0.0000000000000000000, 1.000000000000000000 ) ) ;
#2714 = ORIENTED_EDGE ( 'NONE', *, *, #372, .F. ) ;
#2715 = DIRECTION ( 'NONE',  ( 1.000000000000000000, 0.0000000000000000000, 0.0000000000000000000 ) ) ;
#2716 = FACE_OUTER_BOUND ( 'NONE', #1166, .T. ) ;
#2717 = EDGE_CURVE ( 'NONE', #1678, #1884, #363, .T. ) ;
#2718 = ORIENTED_EDGE ( 'NONE', *, *, #738, .T. ) ;
#2719 = CARTESIAN_POINT ( 'NONE',  ( 0.0000000000000000000, 0.0000000000000000000, 0.0000000000000000000 ) ) ;
#2720 = ADVANCED_FACE ( 'NONE', ( #695 ), #1124, .F. ) ;
#2721 = CARTESIAN_POINT ( 'NONE',  ( -11.50000000000000355, 0.1000000000000000056, 11.50000000000000178 ) ) ;
#2722 = CARTESIAN_POINT ( 'NONE',  ( 7.999999999999986677, 0.1000000000000000056, 7.999999999999998224 ) ) ;
#2723 = CARTESIAN_POINT ( 'NONE',  ( 4.999999999999986677, 0.1000000000000000056, 11.50000000000000178 ) ) ;
#2724 = CYLINDRICAL_SURFACE ( 'NONE', #660, 1.199999999999999734 ) ;
#2725 = ORIENTED_EDGE ( 'NONE', *, *, #885, .T. ) ;
#2726 = CARTESIAN_POINT ( 'NONE',  ( 7.999999999999989342, 0.1000000000000000056, -11.50000000000000178 ) ) ;
#2727 = LINE ( 'NONE', #1653, #2607 ) ;
#2728 = ORIENTED_EDGE ( 'NONE', *, *, #1689, .T. ) ;
#2729 = COLOUR_RGB ( '',0.0000000000000000000, 0.5019607843137254832, 0.0000000000000000000 ) ;
#2730 = CARTESIAN_POINT ( 'NONE',  ( 7.999999999999989342, 0.0000000000000000000, -7.999999999999998224 ) ) ;
#2731 = COLOUR_RGB ( '',1.000000000000000000, 0.8078431372549019773, 0.4980392156862745168 ) ;
#2732 = DIRECTION ( 'NONE',  ( 0.0000000000000000000, 0.0000000000000000000, -1.000000000000000000 ) ) ;
#2733 = VECTOR ( 'NONE', #1932, 1000.000000000000000 ) ;
#2734 = ADVANCED_FACE ( 'NONE', ( #2441 ), #484, .T. ) ;
#2735 = EDGE_LOOP ( 'NONE', ( #1240, #70, #1307, #388 ) ) ;
#2736 = ORIENTED_EDGE ( 'NONE', *, *, #1973, .T. ) ;
#2737 = FACE_OUTER_BOUND ( 'NONE', #2132, .T. ) ;
#2738 = EDGE_CURVE ( 'NONE', #1601, #171, #2005, .T. ) ;
#2739 = VECTOR ( 'NONE', #602, 1000.000000000000000 ) ;
#2740 = PLANE ( 'NONE',  #2469 ) ;
#2741 =( NAMED_UNIT ( * ) PLANE_ANGLE_UNIT ( ) SI_UNIT ( $, .RADIAN. ) );
#2742 = CARTESIAN_POINT ( 'NONE',  ( 1.499999999999989120, 0.0000000000000000000, 7.999999999999998224 ) ) ;
#2743 = AXIS2_PLACEMENT_3D ( 'NONE', #2485, #1899, #2713 ) ;
#2744 = ORIENTED_EDGE ( 'NONE', *, *, #764, .F. ) ;
#2745 = EDGE_CURVE ( 'NONE', #299, #83, #1542, .T. ) ;
#2746 =( NAMED_UNIT ( * ) PLANE_ANGLE_UNIT ( ) SI_UNIT ( $, .RADIAN. ) );
#2747 = AXIS2_PLACEMENT_3D ( 'NONE', #2405, #1128, #1780 ) ;
#2748 = LINE ( 'NONE', #1427, #1399 ) ;
#2749 = ORIENTED_EDGE ( 'NONE', *, *, #1659, .T. ) ;
#2750 = DIRECTION ( 'NONE',  ( 0.0000000000000000000, 0.0000000000000000000, -1.000000000000000000 ) ) ;
#2751 = PRODUCT_DEFINITION_FORMATION_WITH_SPECIFIED_SOURCE ( 'ANY', '', #2279, .NOT_KNOWN. ) ;
#2752 =( NAMED_UNIT ( * ) PLANE_ANGLE_UNIT ( ) SI_UNIT ( $, .RADIAN. ) );
#2753 = VERTEX_POINT ( 'NONE', #2016 ) ;
#2754 = ORIENTED_EDGE ( 'NONE', *, *, #562, .T. ) ;
#2755 = PLANE ( 'NONE',  #1804 ) ;
#2756 = CARTESIAN_POINT ( 'NONE',  ( -5.000000000000004441, 0.1000000000000000056, -7.999999999999998224 ) ) ;
#2757 = ORIENTED_EDGE ( 'NONE', *, *, #760, .F. ) ;
#2758 = EDGE_CURVE ( 'NONE', #1278, #2614, #938, .T. ) ;
#2759 = FACE_OUTER_BOUND ( 'NONE', #1317, .T. ) ;
#2760 = CARTESIAN_POINT ( 'NONE',  ( -12.49999999999999822, 0.0000000000000000000, -12.49999999999999645 ) ) ;
#2761 = ORIENTED_EDGE ( 'NONE', *, *, #850, .T. ) ;
#2762 = EDGE_CURVE ( 'NONE', #2538, #2670, #471, .T. ) ;
#2763 = ORIENTED_EDGE ( 'NONE', *, *, #2374, .F. ) ;
#2764 = ORIENTED_EDGE ( 'NONE', *, *, #1644, .F. ) ;
#2765 = CARTESIAN_POINT ( 'NONE',  ( -8.000000000000000000, 6.800000000000000711, 8.000000000000000000 ) ) ;
#2766 = CARTESIAN_POINT ( 'NONE',  ( -11.00000000000000000, 2.799999999999997158, 11.50000000000000178 ) ) ;
#2767 = DIRECTION ( 'NONE',  ( 1.000000000000000000, 0.0000000000000000000, -0.0000000000000000000 ) ) ;
#2768 = ORIENTED_EDGE ( 'NONE', *, *, #1552, .T. ) ;
#2769 = ORIENTED_EDGE ( 'NONE', *, *, #1699, .F. ) ;
#2770 =( LENGTH_UNIT ( ) NAMED_UNIT ( * ) SI_UNIT ( .MILLI., .METRE. ) );
#2771 =( NAMED_UNIT ( * ) SI_UNIT ( $, .STERADIAN. ) SOLID_ANGLE_UNIT ( ) );
#2772 = CARTESIAN_POINT ( 'NONE',  ( -11.50000000000000533, 1.300000000000000044, -11.50000000000000533 ) ) ;
#2773 = EDGE_CURVE ( 'NONE', #468, #941, #453, .T. ) ;
#2774 = ADVANCED_FACE ( 'NONE', ( #1319 ), #510, .T. ) ;
#2775 = CARTESIAN_POINT ( 'NONE',  ( -8.000000000000000000, 6.800000000000000711, 11.00000000000000178 ) ) ;
#2776 = FILL_AREA_STYLE_COLOUR ( '', #1895 ) ;
#2777 = AXIS2_PLACEMENT_3D ( 'NONE', #2656, #732, #1396 ) ;
#2778 = AXIS2_PLACEMENT_3D ( 'NONE', #639, #2151, #1511 ) ;
#2779 = VERTEX_POINT ( 'NONE', #1829 ) ;
#2780 = CARTESIAN_POINT ( 'NONE',  ( -8.000000000000000000, 2.799999999999997158, 8.000000000000000000 ) ) ;
#2781 = VECTOR ( 'NONE', #2671, 1000.000000000000000 ) ;
#2782 = VECTOR ( 'NONE', #1792, 1000.000000000000000 ) ;
#2783 = DIRECTION ( 'NONE',  ( -0.0000000000000000000, -1.000000000000000000, -0.0000000000000000000 ) ) ;
#2784 = ORIENTED_EDGE ( 'NONE', *, *, #215, .T. ) ;
#2785 = VERTEX_POINT ( 'NONE', #358 ) ;
#2786 = VECTOR ( 'NONE', #1003, 1000.000000000000000 ) ;
#2787 = CARTESIAN_POINT ( 'NONE',  ( -1.500000000000009104, 0.1000000000000000056, 7.999999999999998224 ) ) ;
#2788 = DIRECTION ( 'NONE',  ( -0.0000000000000000000, -1.000000000000000000, -0.0000000000000000000 ) ) ;
#2789 = ORIENTED_EDGE ( 'NONE', *, *, #69, .T. ) ;
#2790 = AXIS2_PLACEMENT_3D ( 'NONE', #1275, #615, #1488 ) ;
ENDSEC;
END-ISO-10303-21;
