ISO-10303-21;
HEADER;
FILE_DESCRIPTION (( 'STEP AP214' ),
    '1' );
FILE_NAME ('TC2030-MCP-NL-10.STEP',
    '2022-11-07T09:13:09',
    ( '' ),
    ( '' ),
    'SwSTEP 2.0',
    'SolidWorks 2022',
    '' );
FILE_SCHEMA (( 'AUTOMOTIVE_DESIGN' ));
ENDSEC;

DATA;
#1 =( LENGTH_UNIT ( ) NAMED_UNIT ( * ) SI_UNIT ( .MILLI., .METRE. ) );
#2 = VECTOR ( 'NONE', #749, 1000.000000000000000 ) ;
#3 = FILL_AREA_STYLE_COLOUR ( '', #4645 ) ;
#4 = FACE_OUTER_BOUND ( 'NONE', #173, .T. ) ;
#5 = ORIENTED_EDGE ( 'NONE', *, *, #3246, .T. ) ;
#6 = CARTESIAN_POINT ( 'NONE',  ( -1.019999999999998019, -0.6350000000000035616, 4.970668954329534159E-17 ) ) ;
#7 = EDGE_CURVE ( 'NONE', #1235, #2028, #5555, .T. ) ;
#8 = ORIENTED_EDGE ( 'NONE', *, *, #1359, .T. ) ;
#9 = EDGE_CURVE ( 'NONE', #2360, #394, #1258, .T. ) ;
#10 = MECHANICAL_DESIGN_GEOMETRIC_PRESENTATION_REPRESENTATION (  '', ( #3081 ), #456 ) ;
#11 = AXIS2_PLACEMENT_3D ( 'NONE', #1616, #2935, #5562 ) ;
#12 = CARTESIAN_POINT ( 'NONE',  ( 1.119999999999998552, 0.6350000000000042277, -3.175000000000000711 ) ) ;
#13 = DIRECTION ( 'NONE',  ( 1.988267581731810705E-16, 6.123233995736836294E-17, -1.000000000000000000 ) ) ;
#14 = VECTOR ( 'NONE', #784, 1000.000000000000000 ) ;
#15 = SURFACE_STYLE_USAGE ( .BOTH. , #69 ) ;
#16 = ORIENTED_EDGE ( 'NONE', *, *, #2818, .F. ) ;
#17 = ADVANCED_FACE ( 'NONE', ( #2126 ), #452, .F. ) ;
#18 = FILL_AREA_STYLE ('',( #5237 ) ) ;
#19 = DIRECTION ( 'NONE',  ( 1.000000000000000000, 3.336006684570784876E-15, 0.000000000000000000 ) ) ;
#20 = CARTESIAN_POINT ( 'NONE',  ( -4.303822921787186395, 3.047999999999984055, 18.00000000000000711 ) ) ;
#21 =( NAMED_UNIT ( * ) PLANE_ANGLE_UNIT ( ) SI_UNIT ( $, .RADIAN. ) );
#22 = CARTESIAN_POINT ( 'NONE',  ( -2.540000000000002256, 1.015999999999990910, -5.700000000000000178 ) ) ;
#23 = SURFACE_SIDE_STYLE ('',( #3906 ) ) ;
#24 = CARTESIAN_POINT ( 'NONE',  ( 2.969500000000002249, -0.3862611844574787567, 1.350000000000000533 ) ) ;
#25 = ORIENTED_EDGE ( 'NONE', *, *, #2547, .T. ) ;
#26 = CARTESIAN_POINT ( 'NONE',  ( 4.953000000000005620, -3.047999999999984055, 18.00000000000000355 ) ) ;
#27 = CARTESIAN_POINT ( 'NONE',  ( -1.269999999999997575, -0.6350000000000042277, -3.175000000000000711 ) ) ;
#28 = CARTESIAN_POINT ( 'NONE',  ( 4.911924735629835226, 2.359398181870226541, 18.46949242010062164 ) ) ;
#29 = CARTESIAN_POINT ( 'NONE',  ( 1.019999999999998685, 0.6350000000000038947, -3.075000000000001510 ) ) ;
#30 = EDGE_CURVE ( 'NONE', #2666, #3084, #4798, .T. ) ;
#31 =( NAMED_UNIT ( * ) PLANE_ANGLE_UNIT ( ) SI_UNIT ( $, .RADIAN. ) );
#32 = ORIENTED_EDGE ( 'NONE', *, *, #1494, .F. ) ;
#33 = CIRCLE ( 'NONE', #2996, 0.6500000000000000222 ) ;
#34 =( NAMED_UNIT ( * ) PLANE_ANGLE_UNIT ( ) SI_UNIT ( $, .RADIAN. ) );
#35 = SURFACE_STYLE_FILL_AREA ( #3882 ) ;
#36 = SURFACE_STYLE_FILL_AREA ( #3060 ) ;
#37 = PRESENTATION_STYLE_ASSIGNMENT (( #481 ) ) ;
#38 = ORIENTED_EDGE ( 'NONE', *, *, #4770, .F. ) ;
#39 = CARTESIAN_POINT ( 'NONE',  ( 3.823883852410978168, -1.769454647697202843, 25.66900000000000048 ) ) ;
#40 = DIRECTION ( 'NONE',  ( 2.819763479737528676E-15, -1.000000000000000000, -6.123233995736774664E-17 ) ) ;
#41 = ORIENTED_EDGE ( 'NONE', *, *, #265, .T. ) ;
#42 = CIRCLE ( 'NONE', #3641, 0.3500000000000000333 ) ;
#43 = CIRCLE ( 'NONE', #3195, 0.2500000000000000000 ) ;
#44 = FACE_OUTER_BOUND ( 'NONE', #453, .T. ) ;
#45 = EDGE_CURVE ( 'NONE', #3719, #3737, #1827, .T. ) ;
#46 = COLOUR_RGB ( '',0.7529411764705882248, 0.7529411764705882248, 0.7529411764705882248 ) ;
#47 = DIRECTION ( 'NONE',  ( 0.7071067811865449082, 0.7071067811865501263, 0.000000000000000000 ) ) ;
#48 =( LENGTH_UNIT ( ) NAMED_UNIT ( * ) SI_UNIT ( .MILLI., .METRE. ) );
#49 =( LENGTH_UNIT ( ) NAMED_UNIT ( * ) SI_UNIT ( .MILLI., .METRE. ) );
#50 = ORIENTED_EDGE ( 'NONE', *, *, #2509, .T. ) ;
#51 = AXIS2_PLACEMENT_3D ( 'NONE', #3698, #3756, #1208 ) ;
#52 = DIRECTION ( 'NONE',  ( -2.965281433470046157E-15, 0.9961946980917455452, 0.08715574274765826301 ) ) ;
#53 = UNCERTAINTY_MEASURE_WITH_UNIT (LENGTH_MEASURE( 1.000000000000000082E-05 ), #2399, 'distance_accuracy_value', 'NONE');
#54 = CARTESIAN_POINT ( 'NONE',  ( -2.969499999999997364, -1.905500000000011518, 6.999999999999999112 ) ) ;
#55 = CYLINDRICAL_SURFACE ( 'NONE', #3080, 0.3899999999999999578 ) ;
#56 = EDGE_CURVE ( 'NONE', #3564, #1353, #5229, .T. ) ;
#57 = CARTESIAN_POINT ( 'NONE',  ( 4.853000000000003311, -2.297999999999984055, 7.250000000000002665 ) ) ;
#58 = EDGE_LOOP ( 'NONE', ( #4241, #5315, #1930, #2991 ) ) ;
#59 = FILL_AREA_STYLE ('',( #157 ) ) ;
#60 = PRESENTATION_LAYER_ASSIGNMENT (  '', '', ( #3744 ) ) ;
#61 = CIRCLE ( 'NONE', #5224, 0.3500000000000000333 ) ;
#62 = CARTESIAN_POINT ( 'NONE',  ( -4.203000000000010061, 2.297999999999984944, 6.999999999999998224 ) ) ;
#63 = TOROIDAL_SURFACE ( 'NONE', #3749, 0.2250000000000000888, 0.2000000000000000111 ) ;
#64 = CARTESIAN_POINT ( 'NONE',  ( 1.020000000000002016, -0.6349999999999963451, -4.970668954329532310E-17 ) ) ;
#65 = DIRECTION ( 'NONE',  ( 5.376517026358582749E-16, 6.123233995736954623E-17, -1.000000000000000000 ) ) ;
#66 = ORIENTED_EDGE ( 'NONE', *, *, #3422, .T. ) ;
#67 = CYLINDRICAL_SURFACE ( 'NONE', #2419, 0.3899999999999999578 ) ;
#68 =( NAMED_UNIT ( * ) SI_UNIT ( $, .STERADIAN. ) SOLID_ANGLE_UNIT ( ) );
#69 = SURFACE_SIDE_STYLE ('',( #3864 ) ) ;
#70 = FILL_AREA_STYLE ('',( #3002 ) ) ;
#71 = ORIENTED_EDGE ( 'NONE', *, *, #5474, .F. ) ;
#72 = DIRECTION ( 'NONE',  ( 1.988267581731810705E-16, 6.123233995736836294E-17, -1.000000000000000000 ) ) ;
#73 = MECHANICAL_DESIGN_GEOMETRIC_PRESENTATION_REPRESENTATION (  '', ( #2850 ), #335 ) ;
#74 = CARTESIAN_POINT ( 'NONE',  ( 4.131063546504073258, 2.226063546504098323, 25.23039567330874533 ) ) ;
#75 = PRESENTATION_STYLE_ASSIGNMENT (( #4757 ) ) ;
#76 =( NAMED_UNIT ( * ) SI_UNIT ( $, .STERADIAN. ) SOLID_ANGLE_UNIT ( ) );
#77 = ORIENTED_EDGE ( 'NONE', *, *, #4099, .F. ) ;
#78 = ADVANCED_FACE ( 'NONE', ( #2639 ), #950, .T. ) ;
#79 = AXIS2_PLACEMENT_3D ( 'NONE', #4919, #3535, #1041 ) ;
#80 = EDGE_CURVE ( 'NONE', #4744, #3226, #4881, .T. ) ;
#81 = STYLED_ITEM ( 'NONE', ( #895 ), #2235 ) ;
#82 =( NAMED_UNIT ( * ) PLANE_ANGLE_UNIT ( ) SI_UNIT ( $, .RADIAN. ) );
#83 = ADVANCED_FACE ( 'NONE', ( #1010 ), #952, .T. ) ;
#84 =( GEOMETRIC_REPRESENTATION_CONTEXT ( 3 ) GLOBAL_UNCERTAINTY_ASSIGNED_CONTEXT ( ( #1558 ) ) GLOBAL_UNIT_ASSIGNED_CONTEXT ( ( #2721, #1824, #583 ) ) REPRESENTATION_CONTEXT ( 'NONE', 'WORKASPACE' ) );
#85 = CARTESIAN_POINT ( 'NONE',  ( -2.969500000000005357, 1.255499999999989624, 0.9999999999999991118 ) ) ;
#86 = CARTESIAN_POINT ( 'NONE',  ( -3.619499999999997719, -1.255500000000013605, 0.9999999999999974465 ) ) ;
#87 = EDGE_LOOP ( 'NONE', ( #1636, #25, #3420, #2801, #2271, #5402 ) ) ;
#88 = PRODUCT ( 'TC2030-MCP-NL-10', 'TC2030-MCP-NL-10', '', ( #624 ) ) ;
#89 = CARTESIAN_POINT ( 'NONE',  ( 3.619499999999999496, 0.3862611844575010722, 1.350000000000002309 ) ) ;
#90 = CIRCLE ( 'NONE', #3242, 0.1000000000000000472 ) ;
#91 = FACE_OUTER_BOUND ( 'NONE', #1556, .T. ) ;
#92 = CARTESIAN_POINT ( 'NONE',  ( 0.8800000000000020028, -0.6349999999999971223, -7.754243568754071168E-17 ) ) ;
#93 = MECHANICAL_DESIGN_GEOMETRIC_PRESENTATION_REPRESENTATION (  '', ( #1883 ), #272 ) ;
#94 = COLOUR_RGB ( '',0.2862745098039215508, 0.3254901960784313819, 0.5882352941176470784 ) ;
#95 = ORIENTED_EDGE ( 'NONE', *, *, #2554, .F. ) ;
#96 = EDGE_CURVE ( 'NONE', #3204, #3822, #5005, .T. ) ;
#97 = DIRECTION ( 'NONE',  ( -1.988267581731810705E-16, -6.123233995736836294E-17, 1.000000000000000000 ) ) ;
#98 = UNCERTAINTY_MEASURE_WITH_UNIT (LENGTH_MEASURE( 1.000000000000000082E-05 ), #513, 'distance_accuracy_value', 'NONE');
#99 =( NAMED_UNIT ( * ) PLANE_ANGLE_UNIT ( ) SI_UNIT ( $, .RADIAN. ) );
#100 = DIRECTION ( 'NONE',  ( 1.000000000000000000, 3.336006684570784876E-15, 0.000000000000000000 ) ) ;
#101 = TOROIDAL_SURFACE ( 'NONE', #1199, 0.2999999999999999889, 0.3499999999999999778 ) ;
#102 = AXIS2_PLACEMENT_3D ( 'NONE', #960, #2647, #514 ) ;
#103 = FACE_OUTER_BOUND ( 'NONE', #1319, .T. ) ;
#104 = CARTESIAN_POINT ( 'NONE',  ( -4.320969464493999546, 1.942906756058715878, 25.22414207777594086 ) ) ;
#105 = FILL_AREA_STYLE ('',( #973 ) ) ;
#106 = CARTESIAN_POINT ( 'NONE',  ( 3.181632034355962535, 0.5983932188134634123, 1.000000000000002665 ) ) ;
#107 = ORIENTED_EDGE ( 'NONE', *, *, #997, .F. ) ;
#108 = STYLED_ITEM ( 'NONE', ( #1181 ), #4024 ) ;
#109 = AXIS2_PLACEMENT_3D ( 'NONE', #4998, #5415, #709 ) ;
#110 = CARTESIAN_POINT ( 'NONE',  ( 2.100261184457493435, -1.555499999999993443, 1.000000000000000888 ) ) ;
#111 = EDGE_CURVE ( 'NONE', #1910, #810, #3720, .T. ) ;
#112 = AXIS2_PLACEMENT_3D ( 'NONE', #3734, #1184, #2876 ) ;
#113 = CARTESIAN_POINT ( 'NONE',  ( -4.321981201456846833, -1.769454647697231042, 25.21257787137383133 ) ) ;
#114 = FILL_AREA_STYLE ('',( #4768 ) ) ;
#115 = DIRECTION ( 'NONE',  ( -0.7071067811865496822, 0.7071067811865453523, 0.000000000000000000 ) ) ;
#116 = ADVANCED_FACE ( 'NONE', ( #5355 ), #5551, .T. ) ;
#117 = CARTESIAN_POINT ( 'NONE',  ( -3.752388249660503217, -1.902983082116111557, 25.66900000000000048 ) ) ;
#118 = COLOUR_RGB ( '',0.8627450980392157298, 0.5882352941176470784, 0.06274509803921568540 ) ;
#119 = ORIENTED_EDGE ( 'NONE', *, *, #4356, .T. ) ;
#120 = TOROIDAL_SURFACE ( 'NONE', #849, 0.2250000000000000888, 0.2000000000000000111 ) ;
#121 = ORIENTED_EDGE ( 'NONE', *, *, #3613, .T. ) ;
#122 = DIRECTION ( 'NONE',  ( -2.966873679532033666E-15, 1.000000000000000000, 6.123233995736770966E-17 ) ) ;
#123 = DIRECTION ( 'NONE',  ( 5.376517026358582749E-16, 6.123233995736954623E-17, -1.000000000000000000 ) ) ;
#124 = FILL_AREA_STYLE_COLOUR ( '', #759 ) ;
#125 = ORIENTED_EDGE ( 'NONE', *, *, #997, .T. ) ;
#126 = AXIS2_PLACEMENT_3D ( 'NONE', #4480, #4532, #2343 ) ;
#127 = SURFACE_SIDE_STYLE ('',( #1811 ) ) ;
#128 = FILL_AREA_STYLE ('',( #3133 ) ) ;
#129 = CARTESIAN_POINT ( 'NONE',  ( -2.539999999999996039, -1.016000000000008674, -5.500000000000001776 ) ) ;
#130 = SURFACE_SIDE_STYLE ('',( #2253 ) ) ;
#131 =( LENGTH_UNIT ( ) NAMED_UNIT ( * ) SI_UNIT ( .MILLI., .METRE. ) );
#132 = VERTEX_POINT ( 'NONE', #2826 ) ;
#133 =( NAMED_UNIT ( * ) PLANE_ANGLE_UNIT ( ) SI_UNIT ( $, .RADIAN. ) );
#134 = AXIS2_PLACEMENT_3D ( 'NONE', #3923, #3030, #4776 ) ;
#135 = STYLED_ITEM ( 'NONE', ( #3231 ), #348 ) ;
#136 =( LENGTH_UNIT ( ) NAMED_UNIT ( * ) SI_UNIT ( .MILLI., .METRE. ) );
#137 = DIRECTION ( 'NONE',  ( -1.000000000000000000, -3.336006684570780932E-15, 0.000000000000000000 ) ) ;
#138 = ORIENTED_EDGE ( 'NONE', *, *, #1999, .F. ) ;
#139 = AXIS2_PLACEMENT_3D ( 'NONE', #4323, #1315, #5484 ) ;
#140 = CARTESIAN_POINT ( 'NONE',  ( 1.659999999999998144, 0.6350000000000060041, 1.000000000000000888 ) ) ;
#141 = DIRECTION ( 'NONE',  ( 1.000000000000000000, 3.336006684570782904E-15, 6.672013369141565217E-16 ) ) ;
#142 = TOROIDAL_SURFACE ( 'NONE', #1678, 0.1500000000000000777, 0.1000000000000000056 ) ;
#143 = STYLED_ITEM ( 'NONE', ( #2599 ), #4519 ) ;
#144 = DIRECTION ( 'NONE',  ( 1.988267581731810705E-16, 6.123233995736836294E-17, -1.000000000000000000 ) ) ;
#145 = ORIENTED_EDGE ( 'NONE', *, *, #4963, .T. ) ;
#146 = EDGE_CURVE ( 'NONE', #716, #2787, #3802, .T. ) ;
#147 = AXIS2_PLACEMENT_3D ( 'NONE', #2175, #1774, #4819 ) ;
#148 = CARTESIAN_POINT ( 'NONE',  ( -4.131063546504095463, 2.226063546504069013, 25.23039567330873822 ) ) ;
#149 =( LENGTH_UNIT ( ) NAMED_UNIT ( * ) SI_UNIT ( .MILLI., .METRE. ) );
#150 = ORIENTED_EDGE ( 'NONE', *, *, #1592, .F. ) ;
#151 = CARTESIAN_POINT ( 'NONE',  ( 2.969500000000002249, -0.3862611844574787567, 1.000000000000000888 ) ) ;
#152 = UNCERTAINTY_MEASURE_WITH_UNIT (LENGTH_MEASURE( 1.000000000000000082E-05 ), #4755, 'distance_accuracy_value', 'NONE');
#153 = FILL_AREA_STYLE_COLOUR ( '', #5072 ) ;
#154 = SURFACE_STYLE_USAGE ( .BOTH. , #520 ) ;
#155 =( LENGTH_UNIT ( ) NAMED_UNIT ( * ) SI_UNIT ( .MILLI., .METRE. ) );
#156 = DIRECTION ( 'NONE',  ( -1.988267581731810212E-16, -6.123233995736836294E-17, 1.000000000000000000 ) ) ;
#157 = FILL_AREA_STYLE_COLOUR ( '', #3327 ) ;
#158 = CARTESIAN_POINT ( 'NONE',  ( 2.969500000000000917, -0.3862611844574791453, 7.000000000000001776 ) ) ;
#159 = CIRCLE ( 'NONE', #902, 0.1000000000000000472 ) ;
#160 = ORIENTED_EDGE ( 'NONE', *, *, #210, .F. ) ;
#161 = EDGE_CURVE ( 'NONE', #424, #541, #4841, .T. ) ;
#162 = DIRECTION ( 'NONE',  ( 5.376517026358582749E-16, 6.123233995736954623E-17, -1.000000000000000000 ) ) ;
#163 = SURFACE_STYLE_USAGE ( .BOTH. , #4054 ) ;
#164 =( GEOMETRIC_REPRESENTATION_CONTEXT ( 3 ) GLOBAL_UNCERTAINTY_ASSIGNED_CONTEXT ( ( #969 ) ) GLOBAL_UNIT_ASSIGNED_CONTEXT ( ( #4835, #3169, #560 ) ) REPRESENTATION_CONTEXT ( 'NONE', 'WORKASPACE' ) );
#165 = DIRECTION ( 'NONE',  ( 1.000000000000000000, 3.336006684570780932E-15, 0.000000000000000000 ) ) ;
#166 = CYLINDRICAL_SURFACE ( 'NONE', #4492, 0.2500000000000000000 ) ;
#167 = EDGE_LOOP ( 'NONE', ( #1253, #2959, #2250, #5346 ) ) ;
#168 = AXIS2_PLACEMENT_3D ( 'NONE', #2259, #4020, #1031 ) ;
#169 = FACE_OUTER_BOUND ( 'NONE', #234, .T. ) ;
#170 = EDGE_CURVE ( 'NONE', #3095, #3204, #42, .T. ) ;
#171 = CARTESIAN_POINT ( 'NONE',  ( -2.540000000000002256, 1.015999999999990910, -5.500000000000001776 ) ) ;
#172 = SURFACE_STYLE_USAGE ( .BOTH. , #4470 ) ;
#173 = EDGE_LOOP ( 'NONE', ( #1587, #1549 ) ) ;
#174 = EDGE_LOOP ( 'NONE', ( #1259, #3302, #4278, #5556 ) ) ;
#175 = COLOUR_RGB ( '',0.2509803921568627416, 0.2509803921568627416, 0.2509803921568627416 ) ;
#176 = CARTESIAN_POINT ( 'NONE',  ( 1.020000000000002682, -0.6349999999999962341, -3.175000000000000711 ) ) ;
#177 = CARTESIAN_POINT ( 'NONE',  ( -1.020000000000001350, 0.6349999999999964562, -3.175000000000000711 ) ) ;
#178 = PRESENTATION_LAYER_ASSIGNMENT (  '', '', ( #2603 ) ) ;
#179 = SURFACE_STYLE_FILL_AREA ( #105 ) ;
#180 = DIRECTION ( 'NONE',  ( 1.000000000000000000, 3.469446951953614189E-15, 5.376517026358585707E-16 ) ) ;
#181 = UNCERTAINTY_MEASURE_WITH_UNIT (LENGTH_MEASURE( 1.000000000000000082E-05 ), #5398, 'distance_accuracy_value', 'NONE');
#182 = COLOUR_RGB ( '',0.7921568627450980005, 0.8196078431372548767, 0.9333333333333333481 ) ;
#183 = PRESENTATION_LAYER_ASSIGNMENT (  '', '', ( #4808 ) ) ;
#184 = CARTESIAN_POINT ( 'NONE',  ( -2.969499999999997808, -1.255500000000011385, 0.9999999999999991118 ) ) ;
#185 = VECTOR ( 'NONE', #1539, 1000.000000000000000 ) ;
#186 = FILL_AREA_STYLE ('',( #1078 ) ) ;
#187 =( GEOMETRIC_REPRESENTATION_CONTEXT ( 3 ) GLOBAL_UNCERTAINTY_ASSIGNED_CONTEXT ( ( #1614 ) ) GLOBAL_UNIT_ASSIGNED_CONTEXT ( ( #2572, #5593, #2536 ) ) REPRESENTATION_CONTEXT ( 'NONE', 'WORKASPACE' ) );
#188 = DIRECTION ( 'NONE',  ( 2.966873679532033666E-15, -1.000000000000000000, -6.123233995736770966E-17 ) ) ;
#189 = LINE ( 'NONE', #4109, #1525 ) ;
#190 = AXIS2_PLACEMENT_3D ( 'NONE', #4012, #4871, #3540 ) ;
#191 = AXIS2_PLACEMENT_3D ( 'NONE', #605, #1459, #4953 ) ;
#192 = SURFACE_SIDE_STYLE ('',( #3325 ) ) ;
#193 = ORIENTED_EDGE ( 'NONE', *, *, #692, .T. ) ;
#194 = CARTESIAN_POINT ( 'NONE',  ( 4.251516619242171835, -2.105610473703418251, 25.23039567366632951 ) ) ;
#195 = CARTESIAN_POINT ( 'NONE',  ( 4.321981201456840616, 1.769454647697228600, 25.21257787137383488 ) ) ;
#196 = PRESENTATION_LAYER_ASSIGNMENT (  '', '', ( #1393 ) ) ;
#197 = VERTEX_POINT ( 'NONE', #3745 ) ;
#198 = DIRECTION ( 'NONE',  ( -0.7071067811865455743, -0.7071067811865494601, -2.377337905956540562E-16 ) ) ;
#199 = VERTEX_POINT ( 'NONE', #5541 ) ;
#200 = VECTOR ( 'NONE', #5142, 1000.000000000000000 ) ;
#201 = PRESENTATION_LAYER_ASSIGNMENT (  '', '', ( #477 ) ) ;
#202 = UNCERTAINTY_MEASURE_WITH_UNIT (LENGTH_MEASURE( 1.000000000000000082E-05 ), #4049, 'distance_accuracy_value', 'NONE');
#203 = FACE_OUTER_BOUND ( 'NONE', #4949, .T. ) ;
#204 = FACE_OUTER_BOUND ( 'NONE', #1585, .T. ) ;
#205 = CARTESIAN_POINT ( 'NONE',  ( 3.674454647697204646, 2.377049439419695265, 25.66900000000000048 ) ) ;
#206 =( NAMED_UNIT ( * ) PLANE_ANGLE_UNIT ( ) SI_UNIT ( $, .RADIAN. ) );
#207 = VECTOR ( 'NONE', #1026, 1000.000000000000000 ) ;
#208 = SURFACE_STYLE_FILL_AREA ( #4955 ) ;
#209 = SURFACE_SIDE_STYLE ('',( #1461 ) ) ;
#210 = EDGE_CURVE ( 'NONE', #4294, #4053, #3861, .T. ) ;
#211 =( NAMED_UNIT ( * ) SI_UNIT ( $, .STERADIAN. ) SOLID_ANGLE_UNIT ( ) );
#212 = PRESENTATION_STYLE_ASSIGNMENT (( #4982 ) ) ;
#213 = FACE_OUTER_BOUND ( 'NONE', #5219, .T. ) ;
#214 = PRESENTATION_STYLE_ASSIGNMENT (( #1492 ) ) ;
#215 = ORIENTED_EDGE ( 'NONE', *, *, #3627, .T. ) ;
#216 = SURFACE_STYLE_USAGE ( .BOTH. , #1518 ) ;
#217 = PRESENTATION_STYLE_ASSIGNMENT (( #4985 ) ) ;
#218 = EDGE_CURVE ( 'NONE', #2737, #760, #3193, .T. ) ;
#219 = STYLED_ITEM ( 'NONE', ( #3930 ), #507 ) ;
#220 = CARTESIAN_POINT ( 'NONE',  ( 4.321981201456847721, -1.729522885660040199, 25.21257787137383133 ) ) ;
#221 = FACE_OUTER_BOUND ( 'NONE', #1045, .T. ) ;
#222 = CARTESIAN_POINT ( 'NONE',  ( -2.969500000000005357, 1.255499999999989624, 1.349999999999998757 ) ) ;
#223 = MECHANICAL_DESIGN_GEOMETRIC_PRESENTATION_REPRESENTATION (  '', ( #1921 ), #4940 ) ;
#224 = CIRCLE ( 'NONE', #317, 0.4250000000000000444 ) ;
#225 = ORIENTED_EDGE ( 'NONE', *, *, #4834, .F. ) ;
#226 = STYLED_ITEM ( 'NONE', ( #5098 ), #4211 ) ;
#227 = CARTESIAN_POINT ( 'NONE',  ( 2.100261184457495212, -1.905499999999994198, 7.000000000000002665 ) ) ;
#228 = SURFACE_SIDE_STYLE ('',( #3670 ) ) ;
#229 = CIRCLE ( 'NONE', #4763, 0.6499999999999995781 ) ;
#230 = VERTEX_POINT ( 'NONE', #2541 ) ;
#231 = CARTESIAN_POINT ( 'NONE',  ( -4.320989596384137599, 1.939455342551617445, 25.22391196921872236 ) ) ;
#232 = ORIENTED_EDGE ( 'NONE', *, *, #4833, .T. ) ;
#233 = SURFACE_STYLE_USAGE ( .BOTH. , #2361 ) ;
#234 = EDGE_LOOP ( 'NONE', ( #698, #1903, #4761, #4124, #4261, #1117, #3820, #5122, #434, #4046, #3254, #5386 ) ) ;
#235 = MECHANICAL_DESIGN_GEOMETRIC_PRESENTATION_REPRESENTATION (  '', ( #1244 ), #678 ) ;
#236 = CARTESIAN_POINT ( 'NONE',  ( 3.674454647697217968, -2.416981201456837702, 25.21257787137383843 ) ) ;
#237 =( NAMED_UNIT ( * ) SI_UNIT ( $, .STERADIAN. ) SOLID_ANGLE_UNIT ( ) );
#238 = STYLED_ITEM ( 'NONE', ( #4408 ), #1493 ) ;
#239 = CARTESIAN_POINT ( 'NONE',  ( 1.420000000000002816, -0.6349999999999947908, -3.075000000000001510 ) ) ;
#240 = SURFACE_SIDE_STYLE ('',( #1963 ) ) ;
#241 = FILL_AREA_STYLE ('',( #3311 ) ) ;
#242 = CARTESIAN_POINT ( 'NONE',  ( 4.305468757942098712, -3.047995311701711785, 18.00005358749448803 ) ) ;
#243 = EDGE_LOOP ( 'NONE', ( #3932, #4679, #3148, #1777, #1482, #1324, #1454, #3023, #4250, #3765, #1109, #332 ) ) ;
#244 = CARTESIAN_POINT ( 'NONE',  ( -2.540000000000002256, 1.015999999999990910, -5.500000000000001776 ) ) ;
#245 = FILL_AREA_STYLE ('',( #2318 ) ) ;
#246 =( LENGTH_UNIT ( ) NAMED_UNIT ( * ) SI_UNIT ( .MILLI., .METRE. ) );
#247 = EDGE_CURVE ( 'NONE', #3487, #618, #5240, .T. ) ;
#248 = ORIENTED_EDGE ( 'NONE', *, *, #3889, .T. ) ;
#249 = ADVANCED_FACE ( 'NONE', ( #411 ), #1716, .T. ) ;
#250 = DIRECTION ( 'NONE',  ( -2.966873679532033666E-15, 1.000000000000000000, 6.123233995736770966E-17 ) ) ;
#251 = DIRECTION ( 'NONE',  ( 1.000000000000000000, 3.469446951953614189E-15, 0.000000000000000000 ) ) ;
#252 = ORIENTED_EDGE ( 'NONE', *, *, #5210, .F. ) ;
#253 = CIRCLE ( 'NONE', #1002, 0.6499999999999995781 ) ;
#254 = CARTESIAN_POINT ( 'NONE',  ( -0.2500000000000019984, 0.6349999999999992317, -4.970668954329532310E-17 ) ) ;
#255 =( NAMED_UNIT ( * ) SI_UNIT ( $, .STERADIAN. ) SOLID_ANGLE_UNIT ( ) );
#256 = EDGE_LOOP ( 'NONE', ( #896, #3456, #893, #1830 ) ) ;
#257 = FACE_OUTER_BOUND ( 'NONE', #1856, .T. ) ;
#258 = VECTOR ( 'NONE', #4674, 1000.000000000000000 ) ;
#259 = EDGE_LOOP ( 'NONE', ( #4426, #5371, #1603, #3395 ) ) ;
#260 = SURFACE_SIDE_STYLE ('',( #4503 ) ) ;
#261 = AXIS2_PLACEMENT_3D ( 'NONE', #2753, #645, #4515 ) ;
#262 = UNCERTAINTY_MEASURE_WITH_UNIT (LENGTH_MEASURE( 1.000000000000000082E-05 ), #4320, 'distance_accuracy_value', 'NONE');
#263 = DIRECTION ( 'NONE',  ( 6.385093352530581152E-17, -6.123233995736745082E-17, 1.000000000000000000 ) ) ;
#264 = PRESENTATION_STYLE_ASSIGNMENT (( #2819 ) ) ;
#265 = EDGE_CURVE ( 'NONE', #1785, #2211, #4810, .T. ) ;
#266 = COLOUR_RGB ( '',0.2862745098039215508, 0.3254901960784313819, 0.5882352941176470784 ) ;
#267 =( NAMED_UNIT ( * ) SI_UNIT ( $, .STERADIAN. ) SOLID_ANGLE_UNIT ( ) );
#268 = CIRCLE ( 'NONE', #4540, 0.2500000000000000555 ) ;
#269 = CARTESIAN_POINT ( 'NONE',  ( -4.911924735629840555, -2.359398181870228761, 18.46949242010061454 ) ) ;
#270 = ORIENTED_EDGE ( 'NONE', *, *, #111, .F. ) ;
#271 =( LENGTH_UNIT ( ) NAMED_UNIT ( * ) SI_UNIT ( .MILLI., .METRE. ) );
#272 =( GEOMETRIC_REPRESENTATION_CONTEXT ( 3 ) GLOBAL_UNCERTAINTY_ASSIGNED_CONTEXT ( ( #654 ) ) GLOBAL_UNIT_ASSIGNED_CONTEXT ( ( #4803, #3924, #1734 ) ) REPRESENTATION_CONTEXT ( 'NONE', 'WORKASPACE' ) );
#273 = TOROIDAL_SURFACE ( 'NONE', #539, 0.1500000000000000777, 0.1000000000000000056 ) ;
#274 = DIRECTION ( 'NONE',  ( 1.000000000000000000, 3.469446951953614189E-15, 0.000000000000000000 ) ) ;
#275 = CARTESIAN_POINT ( 'NONE',  ( -4.321981201456857491, 1.769454647697197069, 25.21257787137383488 ) ) ;
#276 = UNCERTAINTY_MEASURE_WITH_UNIT (LENGTH_MEASURE( 1.000000000000000082E-05 ), #246, 'distance_accuracy_value', 'NONE');
#277 = EDGE_CURVE ( 'NONE', #3551, #5391, #1746, .T. ) ;
#278 = CIRCLE ( 'NONE', #1023, 0.3899999999999999578 ) ;
#279 =( NAMED_UNIT ( * ) PLANE_ANGLE_UNIT ( ) SI_UNIT ( $, .RADIAN. ) );
#280 = VERTEX_POINT ( 'NONE', #3046 ) ;
#282 = DIRECTION ( 'NONE',  ( -1.988267581731810705E-16, -6.123233995736836294E-17, 1.000000000000000000 ) ) ;
#281 = SURFACE_SIDE_STYLE ('',( #2411 ) ) ;
#283 = ADVANCED_FACE ( 'NONE', ( #4730 ), #3108, .T. ) ;
#284 = EDGE_CURVE ( 'NONE', #5170, #1910, #1837, .T. ) ;
#285 = AXIS2_PLACEMENT_3D ( 'NONE', #801, #1959, #1151 ) ;
#286 = ORIENTED_EDGE ( 'NONE', *, *, #417, .F. ) ;
#287 =( GEOMETRIC_REPRESENTATION_CONTEXT ( 3 ) GLOBAL_UNCERTAINTY_ASSIGNED_CONTEXT ( ( #2404 ) ) GLOBAL_UNIT_ASSIGNED_CONTEXT ( ( #1677, #3369, #3461 ) ) REPRESENTATION_CONTEXT ( 'NONE', 'WORKASPACE' ) );
#288 = CARTESIAN_POINT ( 'NONE',  ( -4.853000000000009528, 2.297999999999982723, 7.249999999999997335 ) ) ;
#289 = ORIENTED_EDGE ( 'NONE', *, *, #3728, .T. ) ;
#290 = SURFACE_STYLE_USAGE ( .BOTH. , #1941 ) ;
#291 = CARTESIAN_POINT ( 'NONE',  ( 4.303000000000006153, -3.047999999999985832, 7.250000000000001776 ) ) ;
#292 = SURFACE_STYLE_FILL_AREA ( #241 ) ;
#293 = ORIENTED_EDGE ( 'NONE', *, *, #1060, .F. ) ;
#294 = CARTESIAN_POINT ( 'NONE',  ( 2.100261184457492547, -1.255499999999993621, 1.350000000000000533 ) ) ;
#295 = AXIS2_PLACEMENT_3D ( 'NONE', #3653, #1489, #3210 ) ;
#296 = FACE_OUTER_BOUND ( 'NONE', #720, .T. ) ;
#297 = ORIENTED_EDGE ( 'NONE', *, *, #1464, .T. ) ;
#298 = CARTESIAN_POINT ( 'NONE',  ( -1.659999999999998366, -0.6350000000000060041, 1.000000000000000888 ) ) ;
#299 = AXIS2_PLACEMENT_3D ( 'NONE', #3614, #2948, #4695 ) ;
#300 = PLANE ( 'NONE',  #5594 ) ;
#301 =( NAMED_UNIT ( * ) PLANE_ANGLE_UNIT ( ) SI_UNIT ( $, .RADIAN. ) );
#302 = VERTEX_POINT ( 'NONE', #4016 ) ;
#303 = AXIS2_PLACEMENT_3D ( 'NONE', #4034, #1481, #1861 ) ;
#304 = CIRCLE ( 'NONE', #5209, 0.2500000000000000555 ) ;
#305 =( NAMED_UNIT ( * ) PLANE_ANGLE_UNIT ( ) SI_UNIT ( $, .RADIAN. ) );
#306 =( NAMED_UNIT ( * ) PLANE_ANGLE_UNIT ( ) SI_UNIT ( $, .RADIAN. ) );
#307 =( LENGTH_UNIT ( ) NAMED_UNIT ( * ) SI_UNIT ( .MILLI., .METRE. ) );
#308 = DIRECTION ( 'NONE',  ( 1.988267581731810705E-16, 6.123233995736836294E-17, -1.000000000000000000 ) ) ;
#309 = ADVANCED_FACE ( 'NONE', ( #4073 ), #522, .T. ) ;
#310 =( GEOMETRIC_REPRESENTATION_CONTEXT ( 3 ) GLOBAL_UNCERTAINTY_ASSIGNED_CONTEXT ( ( #1190 ) ) GLOBAL_UNIT_ASSIGNED_CONTEXT ( ( #1495, #4512, #4159 ) ) REPRESENTATION_CONTEXT ( 'NONE', 'WORKASPACE' ) );
#311 = VECTOR ( 'NONE', #3189, 1000.000000000000000 ) ;
#312 = UNCERTAINTY_MEASURE_WITH_UNIT (LENGTH_MEASURE( 1.000000000000000082E-05 ), #3488, 'distance_accuracy_value', 'NONE');
#313 = DIRECTION ( 'NONE',  ( 1.949721177319739211E-16, -0.08715574274765815199, -0.9961946980917455452 ) ) ;
#314 = SURFACE_STYLE_USAGE ( .BOTH. , #2444 ) ;
#315 = FILL_AREA_STYLE_COLOUR ( '', #4520 ) ;
#316 = CARTESIAN_POINT ( 'NONE',  ( 2.964999999999999858, 1.012690715862678094E-14, 1.000000000000000888 ) ) ;
#317 = AXIS2_PLACEMENT_3D ( 'NONE', #171, #562, #2278 ) ;
#318 = CYLINDRICAL_SURFACE ( 'NONE', #1128, 0.3900000000000000133 ) ;
#319 = EDGE_LOOP ( 'NONE', ( #2810, #794, #1237, #2062 ) ) ;
#320 = MECHANICAL_DESIGN_GEOMETRIC_PRESENTATION_REPRESENTATION (  '', ( #143 ), #2293 ) ;
#321 = CARTESIAN_POINT ( 'NONE',  ( 1.883964786502841039E-15, -0.6350000000000000089, 0.000000000000000000 ) ) ;
#322 = UNCERTAINTY_MEASURE_WITH_UNIT (LENGTH_MEASURE( 1.000000000000000082E-05 ), #1, 'distance_accuracy_value', 'NONE');
#323 = CARTESIAN_POINT ( 'NONE',  ( -1.270000000000001350, 0.6349999999999955680, -3.175000000000000711 ) ) ;
#324 =( NAMED_UNIT ( * ) PLANE_ANGLE_UNIT ( ) SI_UNIT ( $, .RADIAN. ) );
#325 = ORIENTED_EDGE ( 'NONE', *, *, #2092, .F. ) ;
#326 = CARTESIAN_POINT ( 'NONE',  ( 4.203000000000005620, -2.947999999999985743, 7.000000000000001776 ) ) ;
#327 = DIRECTION ( 'NONE',  ( 0.7071067811865499042, -0.7071067811865451302, 0.000000000000000000 ) ) ;
#328 = ADVANCED_FACE ( 'NONE', ( #2742 ), #1662, .T. ) ;
#329 = ORIENTED_EDGE ( 'NONE', *, *, #3973, .F. ) ;
#330 = CARTESIAN_POINT ( 'NONE',  ( 2.115000000000001101, 7.422447082426799108E-15, -5.700000000000000178 ) ) ;
#331 = VECTOR ( 'NONE', #5292, 1000.000000000000000 ) ;
#332 = ORIENTED_EDGE ( 'NONE', *, *, #4057, .T. ) ;
#333 = SURFACE_STYLE_USAGE ( .BOTH. , #2526 ) ;
#334 = ORIENTED_EDGE ( 'NONE', *, *, #1890, .F. ) ;
#335 =( GEOMETRIC_REPRESENTATION_CONTEXT ( 3 ) GLOBAL_UNCERTAINTY_ASSIGNED_CONTEXT ( ( #4371 ) ) GLOBAL_UNIT_ASSIGNED_CONTEXT ( ( #3310, #5419, #4780 ) ) REPRESENTATION_CONTEXT ( 'NONE', 'WORKASPACE' ) );
#336 = FILL_AREA_STYLE ('',( #4713 ) ) ;
#337 = CARTESIAN_POINT ( 'NONE',  ( 4.853000000000003311, -2.297999999999982279, 7.250000000000002665 ) ) ;
#338 =( LENGTH_UNIT ( ) NAMED_UNIT ( * ) SI_UNIT ( .MILLI., .METRE. ) );
#339 = MECHANICAL_DESIGN_GEOMETRIC_PRESENTATION_REPRESENTATION (  '', ( #4253 ), #2317 ) ;
#340 = EDGE_CURVE ( 'NONE', #5052, #743, #968, .T. ) ;
#341 = LINE ( 'NONE', #4657, #1767 ) ;
#342 = CARTESIAN_POINT ( 'NONE',  ( -3.823883852410975503, -1.769454647697229710, 25.66900000000000048 ) ) ;
#343 = DIRECTION ( 'NONE',  ( -2.668805347656626087E-15, 1.000000000000000000, 0.000000000000000000 ) ) ;
#344 = ORIENTED_EDGE ( 'NONE', *, *, #620, .T. ) ;
#345 =( GEOMETRIC_REPRESENTATION_CONTEXT ( 3 ) GLOBAL_UNCERTAINTY_ASSIGNED_CONTEXT ( ( #2842 ) ) GLOBAL_UNIT_ASSIGNED_CONTEXT ( ( #3722, #1607, #1582 ) ) REPRESENTATION_CONTEXT ( 'NONE', 'WORKASPACE' ) );
#346 =( NAMED_UNIT ( * ) PLANE_ANGLE_UNIT ( ) SI_UNIT ( $, .RADIAN. ) );
#347 = DIRECTION ( 'NONE',  ( 1.000000000000000000, -4.670409358399099300E-15, 0.000000000000000000 ) ) ;
#348 = ADVANCED_FACE ( 'NONE', ( #2315 ), #633, .T. ) ;
#349 = MECHANICAL_DESIGN_GEOMETRIC_PRESENTATION_REPRESENTATION (  '', ( #4442 ), #84 ) ;
#350 = CARTESIAN_POINT ( 'NONE',  ( 4.202999999999990521, 2.298000000000014253, 7.250000000000002665 ) ) ;
#351 = CARTESIAN_POINT ( 'NONE',  ( 3.823883852410978168, -1.769454647697202843, 25.66900000000000048 ) ) ;
#352 = ORIENTED_EDGE ( 'NONE', *, *, #437, .F. ) ;
#353 = CARTESIAN_POINT ( 'NONE',  ( -3.269500000000005180, 1.255499999999988736, 0.9999999999999974465 ) ) ;
#354 = STYLED_ITEM ( 'NONE', ( #4315 ), #2548 ) ;
#355 = COLOUR_RGB ( '',0.2862745098039215508, 0.3254901960784313819, 0.5882352941176470784 ) ;
#356 = CIRCLE ( 'NONE', #3610, 0.3899999999999999578 ) ;
#357 = ORIENTED_EDGE ( 'NONE', *, *, #111, .T. ) ;
#358 = CARTESIAN_POINT ( 'NONE',  ( -3.823883852410987050, 1.769454647697199512, 25.16900000000000048 ) ) ;
#359 = DIRECTION ( 'NONE',  ( -1.000000000000000000, -3.571489509364014096E-15, 0.000000000000000000 ) ) ;
#360 = LINE ( 'NONE', #4267, #4697 ) ;
#361 = AXIS2_PLACEMENT_3D ( 'NONE', #2242, #1835, #3589 ) ;
#362 = ORIENTED_EDGE ( 'NONE', *, *, #4729, .T. ) ;
#363 = ORIENTED_EDGE ( 'NONE', *, *, #45, .T. ) ;
#364 = DIRECTION ( 'NONE',  ( -1.000000000000000000, -3.469446951953613400E-15, 0.000000000000000000 ) ) ;
#365 = DIRECTION ( 'NONE',  ( 1.000000000000000000, 3.433306879537431628E-15, 7.228014483236697541E-16 ) ) ;
#366 = COLOUR_RGB ( '',0.2862745098039215508, 0.3254901960784313819, 0.5882352941176470784 ) ;
#367 = ORIENTED_EDGE ( 'NONE', *, *, #3810, .F. ) ;
#368 = FACE_OUTER_BOUND ( 'NONE', #1731, .T. ) ;
#369 = SURFACE_STYLE_FILL_AREA ( #3860 ) ;
#370 = CIRCLE ( 'NONE', #112, 0.3899999999999999578 ) ;
#371 =( NAMED_UNIT ( * ) PLANE_ANGLE_UNIT ( ) SI_UNIT ( $, .RADIAN. ) );
#372 = SURFACE_SIDE_STYLE ('',( #402 ) ) ;
#373 = ORIENTED_EDGE ( 'NONE', *, *, #5147, .F. ) ;
#374 = PRESENTATION_LAYER_ASSIGNMENT (  '', '', ( #1735 ) ) ;
#375 = DIRECTION ( 'NONE',  ( 1.988267581731810705E-16, 6.123233995736836294E-17, -1.000000000000000000 ) ) ;
#376 = UNCERTAINTY_MEASURE_WITH_UNIT (LENGTH_MEASURE( 1.000000000000000082E-05 ), #1025, 'distance_accuracy_value', 'NONE');
#377 = DIRECTION ( 'NONE',  ( 1.000000000000000000, 3.614007241618348376E-15, 5.560011140951305498E-16 ) ) ;
#378 = DIRECTION ( 'NONE',  ( 3.491481338843133750E-15, -1.000000000000000000, -6.123233995736768501E-17 ) ) ;
#379 = FILL_AREA_STYLE_COLOUR ( '', #2563 ) ;
#380 = VECTOR ( 'NONE', #2262, 1000.000000000000000 ) ;
#381 = LINE ( 'NONE', #5428, #1983 ) ;
#382 = VERTEX_POINT ( 'NONE', #4660 ) ;
#383 = CARTESIAN_POINT ( 'NONE',  ( -0.8799999999999982281, -0.6350000000000032285, 2.096841640279847982E-16 ) ) ;
#384 = EDGE_CURVE ( 'NONE', #5489, #2559, #5566, .T. ) ;
#385 = MECHANICAL_DESIGN_GEOMETRIC_PRESENTATION_REPRESENTATION (  '', ( #477 ), #1218 ) ;
#386 =( LENGTH_UNIT ( ) NAMED_UNIT ( * ) SI_UNIT ( .MILLI., .METRE. ) );
#387 = VECTOR ( 'NONE', #589, 1000.000000000000000 ) ;
#388 = VECTOR ( 'NONE', #4131, 1000.000000000000000 ) ;
#389 = FACE_OUTER_BOUND ( 'NONE', #2898, .T. ) ;
#390 = VERTEX_POINT ( 'NONE', #1594 ) ;
#391 = EDGE_CURVE ( 'NONE', #390, #627, #4029, .T. ) ;
#392 = AXIS2_PLACEMENT_3D ( 'NONE', #350, #752, #165 ) ;
#393 = CARTESIAN_POINT ( 'NONE',  ( -1.269999999999998019, -0.6350000000000044498, 0.000000000000000000 ) ) ;
#394 = VERTEX_POINT ( 'NONE', #1185 ) ;
#395 = ORIENTED_EDGE ( 'NONE', *, *, #3521, .F. ) ;
#396 =( NAMED_UNIT ( * ) SI_UNIT ( $, .STERADIAN. ) SOLID_ANGLE_UNIT ( ) );
#397 = VECTOR ( 'NONE', #2157, 1000.000000000000227 ) ;
#398 = MECHANICAL_DESIGN_GEOMETRIC_PRESENTATION_REPRESENTATION (  '', ( #135 ), #3839 ) ;
#399 = SURFACE_STYLE_USAGE ( .BOTH. , #2619 ) ;
#400 = DIRECTION ( 'NONE',  ( -1.988267581731810705E-16, -6.123233995736836294E-17, 1.000000000000000000 ) ) ;
#401 = DIRECTION ( 'NONE',  ( -0.7071067811865499042, 0.7071067811865452413, -1.511381849721047276E-16 ) ) ;
#402 = SURFACE_STYLE_FILL_AREA ( #70 ) ;
#403 =( NAMED_UNIT ( * ) SI_UNIT ( $, .STERADIAN. ) SOLID_ANGLE_UNIT ( ) );
#404 = VERTEX_POINT ( 'NONE', #316 ) ;
#405 = STYLED_ITEM ( 'NONE', ( #4596 ), #1003 ) ;
#406 = SURFACE_SIDE_STYLE ('',( #3953 ) ) ;
#407 = CIRCLE ( 'NONE', #3848, 0.3899999999999999578 ) ;
#408 =( NAMED_UNIT ( * ) SI_UNIT ( $, .STERADIAN. ) SOLID_ANGLE_UNIT ( ) );
#409 =( LENGTH_UNIT ( ) NAMED_UNIT ( * ) SI_UNIT ( .MILLI., .METRE. ) );
#410 = VECTOR ( 'NONE', #2314, 1000.000000000000000 ) ;
#411 = FACE_OUTER_BOUND ( 'NONE', #3691, .T. ) ;
#412 = DIRECTION ( 'NONE',  ( -1.000000000000000000, -3.469446951953613400E-15, 0.000000000000000000 ) ) ;
#413 = VERTEX_POINT ( 'NONE', #3708 ) ;
#414 = DIRECTION ( 'NONE',  ( 1.988267581731810705E-16, 6.123233995736836294E-17, -1.000000000000000000 ) ) ;
#415 =( GEOMETRIC_REPRESENTATION_CONTEXT ( 3 ) GLOBAL_UNCERTAINTY_ASSIGNED_CONTEXT ( ( #4254 ) ) GLOBAL_UNIT_ASSIGNED_CONTEXT ( ( #5291, #3130, #5317 ) ) REPRESENTATION_CONTEXT ( 'NONE', 'WORKASPACE' ) );
#416 = FACE_OUTER_BOUND ( 'NONE', #4269, .T. ) ;
#417 = EDGE_CURVE ( 'NONE', #642, #2360, #5169, .T. ) ;
#418 = EDGE_CURVE ( 'NONE', #5170, #4180, #304, .T. ) ;
#419 = VECTOR ( 'NONE', #3717, 1000.000000000000000 ) ;
#420 = ORIENTED_EDGE ( 'NONE', *, *, #4680, .T. ) ;
#421 =( NAMED_UNIT ( * ) PLANE_ANGLE_UNIT ( ) SI_UNIT ( $, .RADIAN. ) );
#422 = SURFACE_SIDE_STYLE ('',( #4772 ) ) ;
#423 = VERTEX_POINT ( 'NONE', #2393 ) ;
#424 = VERTEX_POINT ( 'NONE', #2369 ) ;
#425 = DIRECTION ( 'NONE',  ( -3.491481338843133355E-15, 1.000000000000000000, 6.123233995736767268E-17 ) ) ;
#426 = CARTESIAN_POINT ( 'NONE',  ( -4.952995311701721803, -2.400468757942110010, 18.00005358749447737 ) ) ;
#427 = EDGE_LOOP ( 'NONE', ( #1043, #357 ) ) ;
#428 = UNCERTAINTY_MEASURE_WITH_UNIT (LENGTH_MEASURE( 1.000000000000000082E-05 ), #3726, 'distance_accuracy_value', 'NONE');
#429 = FILL_AREA_STYLE ('',( #2564 ) ) ;
#430 = DIRECTION ( 'NONE',  ( -2.966873679532033666E-15, 1.000000000000000000, 6.123233995736770966E-17 ) ) ;
#431 =( LENGTH_UNIT ( ) NAMED_UNIT ( * ) SI_UNIT ( .MILLI., .METRE. ) );
#432 = DIRECTION ( 'NONE',  ( -6.385093352530581152E-17, 6.123233995736745082E-17, -1.000000000000000000 ) ) ;
#433 = DIRECTION ( 'NONE',  ( -3.491481338843133355E-15, 1.000000000000000000, 6.123233995736767268E-17 ) ) ;
#434 = ORIENTED_EDGE ( 'NONE', *, *, #1306, .T. ) ;
#435 = TOROIDAL_SURFACE ( 'NONE', #79, 0.1500000000000000777, 0.1000000000000000056 ) ;
#436 =( NAMED_UNIT ( * ) SI_UNIT ( $, .STERADIAN. ) SOLID_ANGLE_UNIT ( ) );
#437 = EDGE_CURVE ( 'NONE', #5242, #4622, #3021, .T. ) ;
#438 = DIRECTION ( 'NONE',  ( 1.988267581731810705E-16, 6.123233995736836294E-17, -1.000000000000000000 ) ) ;
#439 =( LENGTH_UNIT ( ) NAMED_UNIT ( * ) SI_UNIT ( .MILLI., .METRE. ) );
#440 = FILL_AREA_STYLE_COLOUR ( '', #3004 ) ;
#441 = STYLED_ITEM ( 'NONE', ( #5383 ), #2055 ) ;
#442 = ORIENTED_EDGE ( 'NONE', *, *, #4050, .F. ) ;
#443 =( BOUNDED_CURVE ( )  B_SPLINE_CURVE ( 3, ( #1186, #5121, #2877, #242 ),
 .UNSPECIFIED., .F., .T. ) 
 B_SPLINE_CURVE_WITH_KNOTS ( ( 4, 4 ),
 ( 5.501585242055420544, 7.064785372303752808 ),
 .UNSPECIFIED. ) 
 CURVE ( )  GEOMETRIC_REPRESENTATION_ITEM ( )  RATIONAL_B_SPLINE_CURVE ( ( 1.000000000000000000, 0.8065248903853483586, 0.8065248903853483586, 1.000000000000000000 ) ) 
 REPRESENTATION_ITEM ( '' )  );
#444 = STYLED_ITEM ( 'NONE', ( #3215 ), #2342 ) ;
#445 = SURFACE_STYLE_FILL_AREA ( #114 ) ;
#446 = DIRECTION ( 'NONE',  ( 1.000000000000000000, 3.336006684570782904E-15, 1.988267581731812924E-16 ) ) ;
#447 = VERTEX_POINT ( 'NONE', #3764 ) ;
#448 =( GEOMETRIC_REPRESENTATION_CONTEXT ( 3 ) GLOBAL_UNCERTAINTY_ASSIGNED_CONTEXT ( ( #3650 ) ) GLOBAL_UNIT_ASSIGNED_CONTEXT ( ( #1545, #4593, #2352 ) ) REPRESENTATION_CONTEXT ( 'NONE', 'WORKASPACE' ) );
#449 = ADVANCED_FACE ( 'NONE', ( #1964 ), #2907, .T. ) ;
#450 = CARTESIAN_POINT ( 'NONE',  ( 2.312393218813448392, 1.467632034355972115, 1.350000000000000533 ) ) ;
#451 = AXIS2_PLACEMENT_3D ( 'NONE', #3630, #971, #2198 ) ;
#452 = PLANE ( 'NONE',  #3111 ) ;
#453 = EDGE_LOOP ( 'NONE', ( #1462, #4813, #2150, #5318 ) ) ;
#454 = CARTESIAN_POINT ( 'NONE',  ( 3.181632034355962535, 0.5983932188134636343, 1.000000000000002665 ) ) ;
#455 = ORIENTED_EDGE ( 'NONE', *, *, #2421, .F. ) ;
#456 =( GEOMETRIC_REPRESENTATION_CONTEXT ( 3 ) GLOBAL_UNCERTAINTY_ASSIGNED_CONTEXT ( ( #312 ) ) GLOBAL_UNIT_ASSIGNED_CONTEXT ( ( #3488, #4396, #5586 ) ) REPRESENTATION_CONTEXT ( 'NONE', 'WORKASPACE' ) );
#457 = ADVANCED_FACE ( 'NONE', ( #4248 ), #2556, .T. ) ;
#458 = CARTESIAN_POINT ( 'NONE',  ( -4.953000000000010061, 2.398822921787155060, 18.00000000000000000 ) ) ;
#459 = CARTESIAN_POINT ( 'NONE',  ( 4.302999999999989278, 3.048000000000013809, 18.00000000000000355 ) ) ;
#460 = PRESENTATION_LAYER_ASSIGNMENT (  '', '', ( #5176 ) ) ;
#461 = DIRECTION ( 'NONE',  ( 3.613946018757868503E-15, -1.000000000000000000, -6.123233995736764803E-17 ) ) ;
#462 = AXIS2_PLACEMENT_3D ( 'NONE', #3799, #5537, #4370 ) ;
#463 = PRESENTATION_STYLE_ASSIGNMENT (( #1708 ) ) ;
#464 = DIRECTION ( 'NONE',  ( 1.988267581731810705E-16, 6.123233995736836294E-17, -1.000000000000000000 ) ) ;
#465 = ORIENTED_EDGE ( 'NONE', *, *, #1029, .T. ) ;
#466 = FILL_AREA_STYLE ('',( #2595 ) ) ;
#467 = CARTESIAN_POINT ( 'NONE',  ( 1.269999999999998685, 0.6350000000000048939, -3.175000000000000711 ) ) ;
#468 =( NAMED_UNIT ( * ) SI_UNIT ( $, .STERADIAN. ) SOLID_ANGLE_UNIT ( ) );
#469 = VECTOR ( 'NONE', #4737, 1000.000000000000114 ) ;
#470 = CARTESIAN_POINT ( 'NONE',  ( -1.317506431553811078E-15, 0.6350000000000002309, -3.175000000000000711 ) ) ;
#471 = SURFACE_STYLE_FILL_AREA ( #913 ) ;
#472 = ORIENTED_EDGE ( 'NONE', *, *, #4168, .T. ) ;
#473 = PRESENTATION_LAYER_ASSIGNMENT (  '', '', ( #2353 ) ) ;
#474 = STYLED_ITEM ( 'NONE', ( #1880 ), #4863 ) ;
#475 = DIRECTION ( 'NONE',  ( -1.000000000000000000, -3.491481338843133355E-15, -5.376517026358584721E-16 ) ) ;
#476 = ORIENTED_EDGE ( 'NONE', *, *, #2818, .T. ) ;
#477 = STYLED_ITEM ( 'NONE', ( #1341 ), #5279 ) ;
#478 = DIRECTION ( 'NONE',  ( -1.988267581731810212E-16, -6.123233995736836294E-17, 1.000000000000000000 ) ) ;
#479 = DIRECTION ( 'NONE',  ( 0.7071067811865456854, 0.7071067811865494601, 0.000000000000000000 ) ) ;
#480 = CIRCLE ( 'NONE', #4839, 0.3899999999999999578 ) ;
#481 = SURFACE_STYLE_USAGE ( .BOTH. , #5329 ) ;
#482 = ORIENTED_EDGE ( 'NONE', *, *, #4583, .T. ) ;
#483 = PRESENTATION_STYLE_ASSIGNMENT (( #2212 ) ) ;
#484 = VERTEX_POINT ( 'NONE', #3040 ) ;
#485 = SURFACE_STYLE_FILL_AREA ( #5286 ) ;
#486 = EDGE_CURVE ( 'NONE', #484, #3388, #3381, .T. ) ;
#487 = FILL_AREA_STYLE ('',( #2650 ) ) ;
#488 = DIRECTION ( 'NONE',  ( 1.000000000000000000, 3.252606517456511724E-15, 0.000000000000000000 ) ) ;
#489 = EDGE_CURVE ( 'NONE', #1000, #4265, #3199, .T. ) ;
#490 =( LENGTH_UNIT ( ) NAMED_UNIT ( * ) SI_UNIT ( .MILLI., .METRE. ) );
#491 = EDGE_LOOP ( 'NONE', ( #4039, #4860, #3624, #2401 ) ) ;
#492 = AXIS2_PLACEMENT_3D ( 'NONE', #5492, #4573, #2812 ) ;
#493 = PRESENTATION_LAYER_ASSIGNMENT (  '', '', ( #2283 ) ) ;
#494 = SURFACE_STYLE_USAGE ( .BOTH. , #2675 ) ;
#495 = UNCERTAINTY_MEASURE_WITH_UNIT (LENGTH_MEASURE( 1.000000000000000082E-05 ), #1260, 'distance_accuracy_value', 'NONE');
#496 =( NAMED_UNIT ( * ) SI_UNIT ( $, .STERADIAN. ) SOLID_ANGLE_UNIT ( ) );
#497 = FACE_OUTER_BOUND ( 'NONE', #2807, .T. ) ;
#498 = COLOUR_RGB ( '',0.7529411764705882248, 0.7529411764705882248, 0.7529411764705882248 ) ;
#499 = SURFACE_STYLE_USAGE ( .BOTH. , #5600 ) ;
#500 = ORIENTED_EDGE ( 'NONE', *, *, #3776, .F. ) ;
#501 = VECTOR ( 'NONE', #1689, 1000.000000000000000 ) ;
#502 = PRESENTATION_LAYER_ASSIGNMENT (  '', '', ( #3655 ) ) ;
#503 = DIRECTION ( 'NONE',  ( 1.000000000000000000, 3.469446951953614189E-15, 5.376517026358585707E-16 ) ) ;
#504 = CARTESIAN_POINT ( 'NONE',  ( -2.969500000000005357, 1.255499999999989624, 1.349999999999998757 ) ) ;
#505 = CARTESIAN_POINT ( 'NONE',  ( -4.202999999999994962, -2.298000000000013809, 7.249999999999997335 ) ) ;
#506 = COLOUR_RGB ( '',0.8627450980392157298, 0.5882352941176470784, 0.06274509803921568540 ) ;
#507 = ADVANCED_FACE ( 'NONE', ( #4366 ), #4688, .F. ) ;
#508 = CARTESIAN_POINT ( 'NONE',  ( -3.780185667963011031, -1.875185667963027436, 25.66900000000000048 ) ) ;
#509 = ORIENTED_EDGE ( 'NONE', *, *, #3255, .F. ) ;
#510 = SURFACE_STYLE_FILL_AREA ( #954 ) ;
#511 = VERTEX_POINT ( 'NONE', #2166 ) ;
#512 = CARTESIAN_POINT ( 'NONE',  ( -1.659999999999998144, -0.6350000000000058931, -2.096841640279847982E-16 ) ) ;
#513 =( LENGTH_UNIT ( ) NAMED_UNIT ( * ) SI_UNIT ( .MILLI., .METRE. ) );
#514 = DIRECTION ( 'NONE',  ( -1.000000000000000000, -3.571489509364014096E-15, 0.000000000000000000 ) ) ;
#515 = FACE_BOUND ( 'NONE', #3498, .T. ) ;
#516 = SURFACE_STYLE_USAGE ( .BOTH. , #127 ) ;
#517 = ADVANCED_FACE ( 'NONE', ( #4782 ), #2107, .T. ) ;
#518 = CARTESIAN_POINT ( 'NONE',  ( -4.853000000000009528, 2.297999999999982723, 6.999999999999997335 ) ) ;
#519 = CARTESIAN_POINT ( 'NONE',  ( -3.619500000000005713, 1.255499999999987626, 1.349999999999996980 ) ) ;
#520 = SURFACE_SIDE_STYLE ('',( #4101 ) ) ;
#521 =( BOUNDED_CURVE ( )  B_SPLINE_CURVE ( 3, ( #5283, #2187, #5172, #426 ),
 .UNSPECIFIED., .F., .T. ) 
 B_SPLINE_CURVE_WITH_KNOTS ( ( 4, 4 ),
 ( 5.501585242055420544, 7.064785372303752808 ),
 .UNSPECIFIED. ) 
 CURVE ( )  GEOMETRIC_REPRESENTATION_ITEM ( )  RATIONAL_B_SPLINE_CURVE ( ( 1.000000000000000000, 0.8065248903853483586, 0.8065248903853483586, 1.000000000000000000 ) ) 
 REPRESENTATION_ITEM ( '' )  );
#522 = CYLINDRICAL_SURFACE ( 'NONE', #3018, 0.6500000000000000222 ) ;
#523 = ORIENTED_EDGE ( 'NONE', *, *, #3945, .T. ) ;
#524 = CIRCLE ( 'NONE', #4524, 0.2000000000000000944 ) ;
#525 = COLOUR_RGB ( '',0.8627450980392157298, 0.5882352941176470784, 0.06274509803921568540 ) ;
#526 = CARTESIAN_POINT ( 'NONE',  ( -4.131063546504082140, -2.226063546504100987, 25.23039567330873822 ) ) ;
#527 = DIRECTION ( 'NONE',  ( 1.988267581731810705E-16, 6.123233995736836294E-17, -1.000000000000000000 ) ) ;
#528 = DIRECTION ( 'NONE',  ( -1.000000000000000000, -3.336006684570782904E-15, -6.672013369141565217E-16 ) ) ;
#529 = DIRECTION ( 'NONE',  ( 1.988267581731810705E-16, 6.123233995736836294E-17, -1.000000000000000000 ) ) ;
#530 = ORIENTED_EDGE ( 'NONE', *, *, #2011, .F. ) ;
#531 = CARTESIAN_POINT ( 'NONE',  ( 3.674454647697205978, 1.918883852410988133, 25.16900000000000048 ) ) ;
#532 = ORIENTED_EDGE ( 'NONE', *, *, #3697, .F. ) ;
#533 = SURFACE_STYLE_USAGE ( .BOTH. , #4440 ) ;
#534 = LINE ( 'NONE', #4887, #4351 ) ;
#535 = FILL_AREA_STYLE ('',( #3144 ) ) ;
#536 = CARTESIAN_POINT ( 'NONE',  ( 0.3900000000000016787, -0.6349999999999988987, 1.000000000000000888 ) ) ;
#537 = DIRECTION ( 'NONE',  ( 0.000000000000000000, 0.000000000000000000, 1.000000000000000000 ) ) ;
#538 = CIRCLE ( 'NONE', #1451, 0.5000000000000000000 ) ;
#539 = AXIS2_PLACEMENT_3D ( 'NONE', #5221, #3051, #4904 ) ;
#540 = ORIENTED_EDGE ( 'NONE', *, *, #3967, .T. ) ;
#541 = VERTEX_POINT ( 'NONE', #2245 ) ;
#542 = UNCERTAINTY_MEASURE_WITH_UNIT (LENGTH_MEASURE( 1.000000000000000082E-05 ), #1441, 'distance_accuracy_value', 'NONE');
#543 =( LENGTH_UNIT ( ) NAMED_UNIT ( * ) SI_UNIT ( .MILLI., .METRE. ) );
#544 = DIRECTION ( 'NONE',  ( -1.988267581731810705E-16, -6.123233995736836294E-17, 1.000000000000000000 ) ) ;
#545 = CIRCLE ( 'NONE', #2244, 0.3900000000000000133 ) ;
#546 =( NAMED_UNIT ( * ) PLANE_ANGLE_UNIT ( ) SI_UNIT ( $, .RADIAN. ) );
#547 = LINE ( 'NONE', #2743, #2263 ) ;
#548 = ORIENTED_EDGE ( 'NONE', *, *, #4840, .F. ) ;
#549 = CARTESIAN_POINT ( 'NONE',  ( 0.8799999999999982281, 0.6350000000000033396, -2.096841640279847982E-16 ) ) ;
#550 = STYLED_ITEM ( 'NONE', ( #4861 ), #4098 ) ;
#551 = EDGE_CURVE ( 'NONE', #1599, #3419, #3537, .T. ) ;
#552 = EDGE_LOOP ( 'NONE', ( #1400, #362, #2279, #2037 ) ) ;
#553 = AXIS2_PLACEMENT_3D ( 'NONE', #4836, #3171, #488 ) ;
#554 = PLANE ( 'NONE',  #2863 ) ;
#555 = FILL_AREA_STYLE_COLOUR ( '', #3393 ) ;
#556 = DIRECTION ( 'NONE',  ( -0.08682659386424725068, -0.08682659386424786130, -0.9924325091389669673 ) ) ;
#557 =( GEOMETRIC_REPRESENTATION_CONTEXT ( 3 ) GLOBAL_UNCERTAINTY_ASSIGNED_CONTEXT ( ( #276 ) ) GLOBAL_UNIT_ASSIGNED_CONTEXT ( ( #246, #3213, #2429 ) ) REPRESENTATION_CONTEXT ( 'NONE', 'WORKASPACE' ) );
#558 = ORIENTED_EDGE ( 'NONE', *, *, #5067, .T. ) ;
#559 = STYLED_ITEM ( 'NONE', ( #4045 ), #5308 ) ;
#560 =( NAMED_UNIT ( * ) SI_UNIT ( $, .STERADIAN. ) SOLID_ANGLE_UNIT ( ) );
#561 = FACE_BOUND ( 'NONE', #2654, .T. ) ;
#562 = DIRECTION ( 'NONE',  ( -1.988267581731810705E-16, -6.123233995736836294E-17, 1.000000000000000000 ) ) ;
#563 =( GEOMETRIC_REPRESENTATION_CONTEXT ( 3 ) GLOBAL_UNCERTAINTY_ASSIGNED_CONTEXT ( ( #53 ) ) GLOBAL_UNIT_ASSIGNED_CONTEXT ( ( #2399, #1251, #2915 ) ) REPRESENTATION_CONTEXT ( 'NONE', 'WORKASPACE' ) );
#564 = EDGE_LOOP ( 'NONE', ( #2033, #2961 ) ) ;
#565 = CIRCLE ( 'NONE', #126, 0.2500000000000000000 ) ;
#566 = CYLINDRICAL_SURFACE ( 'NONE', #4948, 0.6500000000000000222 ) ;
#567 = ORIENTED_EDGE ( 'NONE', *, *, #4792, .T. ) ;
#568 = MECHANICAL_DESIGN_GEOMETRIC_PRESENTATION_REPRESENTATION (  '', ( #4406 ), #2637 ) ;
#569 = DIRECTION ( 'NONE',  ( -1.000000000000000000, -3.614007241618348376E-15, -5.376517026358584721E-16 ) ) ;
#570 = SURFACE_SIDE_STYLE ('',( #5321 ) ) ;
#571 = CARTESIAN_POINT ( 'NONE',  ( -3.269500000000005180, 1.255499999999988736, 1.349999999999996980 ) ) ;
#572 =( NAMED_UNIT ( * ) PLANE_ANGLE_UNIT ( ) SI_UNIT ( $, .RADIAN. ) );
#573 = PRESENTATION_LAYER_ASSIGNMENT (  '', '', ( #5116 ) ) ;
#574 = COLOUR_RGB ( '',0.2862745098039215508, 0.3254901960784313819, 0.5882352941176470784 ) ;
#575 = UNCERTAINTY_MEASURE_WITH_UNIT (LENGTH_MEASURE( 1.000000000000000082E-05 ), #149, 'distance_accuracy_value', 'NONE');
#576 = CARTESIAN_POINT ( 'NONE',  ( -3.674454647697212639, -1.918883852410990798, 25.66900000000000048 ) ) ;
#577 = AXIS2_PLACEMENT_3D ( 'NONE', #4914, #3196, #2728 ) ;
#578 = AXIS2_PLACEMENT_3D ( 'NONE', #1881, #3145, #4890 ) ;
#579 = CARTESIAN_POINT ( 'NONE',  ( 4.131063546504075035, 2.226063546504097879, 25.23039567330873822 ) ) ;
#580 = ORIENTED_EDGE ( 'NONE', *, *, #5104, .F. ) ;
#581 = AXIS2_PLACEMENT_3D ( 'NONE', #2828, #4592, #2320 ) ;
#582 = CIRCLE ( 'NONE', #578, 0.5000000000000000000 ) ;
#583 =( NAMED_UNIT ( * ) SI_UNIT ( $, .STERADIAN. ) SOLID_ANGLE_UNIT ( ) );
#584 = EDGE_CURVE ( 'NONE', #3948, #1991, #2674, .T. ) ;
#585 = EDGE_CURVE ( 'NONE', #2478, #413, #5314, .T. ) ;
#586 = FILL_AREA_STYLE_COLOUR ( '', #4545 ) ;
#587 = FILL_AREA_STYLE ('',( #4490 ) ) ;
#588 = PRESENTATION_LAYER_ASSIGNMENT (  '', '', ( #2200 ) ) ;
#589 = DIRECTION ( 'NONE',  ( -1.988267581731810459E-16, -6.123233995736835061E-17, 1.000000000000000000 ) ) ;
#590 = CIRCLE ( 'NONE', #5477, 0.6500000000000000222 ) ;
#591 = LINE ( 'NONE', #1802, #4411 ) ;
#592 = ORIENTED_EDGE ( 'NONE', *, *, #4968, .F. ) ;
#593 = MECHANICAL_DESIGN_GEOMETRIC_PRESENTATION_REPRESENTATION (  '', ( #238 ), #5394 ) ;
#594 = DIRECTION ( 'NONE',  ( 1.000000000000000000, 3.448710007688152381E-15, 2.749740109373716394E-16 ) ) ;
#595 =( LENGTH_UNIT ( ) NAMED_UNIT ( * ) SI_UNIT ( .MILLI., .METRE. ) );
#596 =( NAMED_UNIT ( * ) PLANE_ANGLE_UNIT ( ) SI_UNIT ( $, .RADIAN. ) );
#597 =( NAMED_UNIT ( * ) SI_UNIT ( $, .STERADIAN. ) SOLID_ANGLE_UNIT ( ) );
#598 = ORIENTED_EDGE ( 'NONE', *, *, #3005, .F. ) ;
#599 = ORIENTED_EDGE ( 'NONE', *, *, #3255, .T. ) ;
#600 = FILL_AREA_STYLE ('',( #5444 ) ) ;
#601 = UNCERTAINTY_MEASURE_WITH_UNIT (LENGTH_MEASURE( 1.000000000000000082E-05 ), #1781, 'distance_accuracy_value', 'NONE');
#602 = FACE_OUTER_BOUND ( 'NONE', #2616, .T. ) ;
#603 = DIRECTION ( 'NONE',  ( -1.988267581731810705E-16, -6.123233995736836294E-17, 1.000000000000000000 ) ) ;
#604 = CARTESIAN_POINT ( 'NONE',  ( 4.303000000000006153, -3.047999999999985832, 18.00000000000000355 ) ) ;
#605 = CARTESIAN_POINT ( 'NONE',  ( 1.270000000000002682, -0.6349999999999953459, -3.175000000000000711 ) ) ;
#606 = DIRECTION ( 'NONE',  ( 1.000000000000000000, 3.571489509364014096E-15, 1.988267581731813171E-16 ) ) ;
#607 = CYLINDRICAL_SURFACE ( 'NONE', #1479, 0.3900000000000000133 ) ;
#608 = EDGE_LOOP ( 'NONE', ( #3505, #5161 ) ) ;
#609 = CARTESIAN_POINT ( 'NONE',  ( 3.674454647697204646, 2.416981201456861239, 25.21257787137383488 ) ) ;
#610 =( NAMED_UNIT ( * ) SI_UNIT ( $, .STERADIAN. ) SOLID_ANGLE_UNIT ( ) );
#611 =( NAMED_UNIT ( * ) SI_UNIT ( $, .STERADIAN. ) SOLID_ANGLE_UNIT ( ) );
#612 = PRESENTATION_LAYER_ASSIGNMENT (  '', '', ( #2850 ) ) ;
#613 = CARTESIAN_POINT ( 'NONE',  ( 1.269999999999998685, 0.6350000000000048939, -3.075000000000001510 ) ) ;
#614 = DIRECTION ( 'NONE',  ( 1.988267581731810705E-16, 6.123233995736836294E-17, -1.000000000000000000 ) ) ;
#615 =( LENGTH_UNIT ( ) NAMED_UNIT ( * ) SI_UNIT ( .MILLI., .METRE. ) );
#616 = LINE ( 'NONE', #1222, #2866 ) ;
#617 = STYLED_ITEM ( 'NONE', ( #2779 ), #2052 ) ;
#618 = VERTEX_POINT ( 'NONE', #536 ) ;
#619 = CIRCLE ( 'NONE', #1005, 0.2500000000000000000 ) ;
#620 = EDGE_CURVE ( 'NONE', #821, #4239, #582, .T. ) ;
#621 = CARTESIAN_POINT ( 'NONE',  ( -4.952995311701736014, 2.400468757942072262, 18.00005358749447737 ) ) ;
#622 = MECHANICAL_DESIGN_GEOMETRIC_PRESENTATION_REPRESENTATION (  '', ( #4266 ), #1270 ) ;
#623 = CARTESIAN_POINT ( 'NONE',  ( 4.951557841984041808, 2.778937850140520638, 18.01648394155113309 ) ) ;
#624 = PRODUCT_CONTEXT ( 'NONE', #3514, 'mechanical' ) ;
#625 = EDGE_CURVE ( 'NONE', #199, #5171, #224, .T. ) ;
#626 = ORIENTED_EDGE ( 'NONE', *, *, #3151, .T. ) ;
#627 = VERTEX_POINT ( 'NONE', #3172 ) ;
#628 = CARTESIAN_POINT ( 'NONE',  ( 1.883964786502841039E-15, -0.6350000000000000089, 0.000000000000000000 ) ) ;
#629 = CARTESIAN_POINT ( 'NONE',  ( -0.3899999999999980704, -0.6350000000000014522, -7.754243568754069936E-17 ) ) ;
#630 = MECHANICAL_DESIGN_GEOMETRIC_PRESENTATION_REPRESENTATION (  '', ( #3348 ), #2887 ) ;
#631 = AXIS2_PLACEMENT_3D ( 'NONE', #129, #603, #4843 ) ;
#632 = DIRECTION ( 'NONE',  ( 6.385093352530581152E-17, -6.123233995736745082E-17, 1.000000000000000000 ) ) ;
#633 = CYLINDRICAL_SURFACE ( 'NONE', #3475, 0.2500000000000000555 ) ;
#634 = CARTESIAN_POINT ( 'NONE',  ( 4.953000000000005620, -3.047999999999984055, 18.00000000000000355 ) ) ;
#635 = EDGE_CURVE ( 'NONE', #1674, #3822, #2734, .T. ) ;
#636 = UNCERTAINTY_MEASURE_WITH_UNIT (LENGTH_MEASURE( 1.000000000000000082E-05 ), #155, 'distance_accuracy_value', 'NONE');
#637 = AXIS2_PLACEMENT_3D ( 'NONE', #3859, #1294, #2997 ) ;
#638 = CIRCLE ( 'NONE', #5516, 0.6500000000000000222 ) ;
#639 = CARTESIAN_POINT ( 'NONE',  ( -2.540000000000002256, 1.015999999999990910, -5.700000000000000178 ) ) ;
#640 = MECHANICAL_DESIGN_GEOMETRIC_PRESENTATION_REPRESENTATION (  '', ( #3442 ), #4459 ) ;
#641 = PRESENTATION_STYLE_ASSIGNMENT (( #4934 ) ) ;
#642 = VERTEX_POINT ( 'NONE', #148 ) ;
#643 = FILL_AREA_STYLE_COLOUR ( '', #4495 ) ;
#644 = PRESENTATION_LAYER_ASSIGNMENT (  '', '', ( #3704 ) ) ;
#645 = DIRECTION ( 'NONE',  ( 1.988267581731810705E-16, 6.123233995736836294E-17, -1.000000000000000000 ) ) ;
#646 = EDGE_LOOP ( 'NONE', ( #4751, #4698 ) ) ;
#647 = CARTESIAN_POINT ( 'NONE',  ( 4.952995311701730685, -2.400468757942074927, 18.00005358749448447 ) ) ;
#648 =( LENGTH_UNIT ( ) NAMED_UNIT ( * ) SI_UNIT ( .MILLI., .METRE. ) );
#649 = VECTOR ( 'NONE', #2853, 1000.000000000000000 ) ;
#650 = ORIENTED_EDGE ( 'NONE', *, *, #3186, .F. ) ;
#651 = DIRECTION ( 'NONE',  ( -1.988267581731810459E-16, -6.123233995736835061E-17, 1.000000000000000000 ) ) ;
#652 = VERTEX_POINT ( 'NONE', #3595 ) ;
#653 = MECHANICAL_DESIGN_GEOMETRIC_PRESENTATION_REPRESENTATION (  '', ( #3358 ), #4197 ) ;
#654 = UNCERTAINTY_MEASURE_WITH_UNIT (LENGTH_MEASURE( 1.000000000000000082E-05 ), #4803, 'distance_accuracy_value', 'NONE');
#655 = ADVANCED_FACE ( 'NONE', ( #5337 ), #4920, .T. ) ;
#656 = EDGE_CURVE ( 'NONE', #2776, #1570, #2275, .T. ) ;
#657 = SURFACE_SIDE_STYLE ('',( #2820 ) ) ;
#658 = PRESENTATION_LAYER_ASSIGNMENT (  '', '', ( #3113 ) ) ;
#659 = CARTESIAN_POINT ( 'NONE',  ( -4.131063546504095463, 2.226063546504069013, 25.23039567330873822 ) ) ;
#660 = VECTOR ( 'NONE', #1753, 1000.000000000000000 ) ;
#661 = UNCERTAINTY_MEASURE_WITH_UNIT (LENGTH_MEASURE( 1.000000000000000082E-05 ), #3052, 'distance_accuracy_value', 'NONE');
#662 = DIRECTION ( 'NONE',  ( -1.988267581731810459E-16, -6.123233995736835061E-17, 1.000000000000000000 ) ) ;
#663 = EDGE_LOOP ( 'NONE', ( #1747, #5173, #4705, #3225 ) ) ;
#664 = CARTESIAN_POINT ( 'NONE',  ( -3.619500000000005713, 1.255499999999987626, 0.9999999999999974465 ) ) ;
#665 = CARTESIAN_POINT ( 'NONE',  ( 3.269500000000002071, -0.3862611844574775355, 1.000000000000002665 ) ) ;
#666 = MECHANICAL_DESIGN_GEOMETRIC_PRESENTATION_REPRESENTATION (  '', ( #219 ), #5560 ) ;
#667 = LINE ( 'NONE', #5486, #419 ) ;
#668 = CIRCLE ( 'NONE', #2825, 0.2500000000000000000 ) ;
#669 =( LENGTH_UNIT ( ) NAMED_UNIT ( * ) SI_UNIT ( .MILLI., .METRE. ) );
#670 = ORIENTED_EDGE ( 'NONE', *, *, #5243, .T. ) ;
#671 = STYLED_ITEM ( 'NONE', ( #1749 ), #4300 ) ;
#672 = SURFACE_SIDE_STYLE ('',( #4570 ) ) ;
#673 = DIRECTION ( 'NONE',  ( 1.000000000000000000, 4.670409358399093778E-15, 0.000000000000000000 ) ) ;
#674 = EDGE_CURVE ( 'NONE', #511, #3672, #4937, .T. ) ;
#675 = COLOUR_RGB ( '',0.7529411764705882248, 0.7529411764705882248, 0.7529411764705882248 ) ;
#676 =( NAMED_UNIT ( * ) SI_UNIT ( $, .STERADIAN. ) SOLID_ANGLE_UNIT ( ) );
#677 = EDGE_LOOP ( 'NONE', ( #1669, #4085 ) ) ;
#678 =( GEOMETRIC_REPRESENTATION_CONTEXT ( 3 ) GLOBAL_UNCERTAINTY_ASSIGNED_CONTEXT ( ( #2398 ) ) GLOBAL_UNIT_ASSIGNED_CONTEXT ( ( #1877, #3194, #2325 ) ) REPRESENTATION_CONTEXT ( 'NONE', 'WORKASPACE' ) );
#679 = ORIENTED_EDGE ( 'NONE', *, *, #3627, .F. ) ;
#680 = PRESENTATION_STYLE_ASSIGNMENT (( #4578 ) ) ;
#681 = AXIS2_PLACEMENT_3D ( 'NONE', #2059, #3801, #909 ) ;
#682 = CARTESIAN_POINT ( 'NONE',  ( 3.982766749692321806, 2.297614522761303846, 25.66900000000000048 ) ) ;
#683 = CARTESIAN_POINT ( 'NONE',  ( 4.131063546504088357, -2.226063546504072566, 25.23039567330873822 ) ) ;
#684 = FILL_AREA_STYLE_COLOUR ( '', #5200 ) ;
#685 = ORIENTED_EDGE ( 'NONE', *, *, #4161, .T. ) ;
#686 = EDGE_CURVE ( 'NONE', #3084, #1674, #5388, .T. ) ;
#687 =( NAMED_UNIT ( * ) PLANE_ANGLE_UNIT ( ) SI_UNIT ( $, .RADIAN. ) );
#688 = DIRECTION ( 'NONE',  ( -1.988267581731810459E-16, -6.123233995736835061E-17, 1.000000000000000000 ) ) ;
#689 = CARTESIAN_POINT ( 'NONE',  ( -3.823883852410987938, 1.769454647697199512, 25.66900000000000048 ) ) ;
#690 = ORIENTED_EDGE ( 'NONE', *, *, #4394, .F. ) ;
#691 = FILL_AREA_STYLE ('',( #1897 ) ) ;
#692 = EDGE_CURVE ( 'NONE', #5170, #1935, #704, .T. ) ;
#693 = FACE_OUTER_BOUND ( 'NONE', #4590, .T. ) ;
#694 = SURFACE_STYLE_USAGE ( .BOTH. , #3324 ) ;
#695 = MECHANICAL_DESIGN_GEOMETRIC_PRESENTATION_REPRESENTATION (  '', ( #3143 ), #996 ) ;
#696 =( BOUNDED_SURFACE ( )  B_SPLINE_SURFACE ( 3, 2, ( 
 ( #236, #3649, #3626 ),
 ( #1484, #4126, #4951 ),
 ( #1069, #2764, #5392 ),
 ( #2388, #4528, #2336 ) ),
 .UNSPECIFIED., .F., .F., .F. ) 
 B_SPLINE_SURFACE_WITH_KNOTS ( ( 4, 4 ),
 ( 3, 3 ),
 ( 5.501585242055420544, 6.283185307179586232 ),
 ( 0.000000000000000000, 1.000000000000000000 ),
 .UNSPECIFIED. ) 
 GEOMETRIC_REPRESENTATION_ITEM ( )  RATIONAL_B_SPLINE_SURFACE ( (
 ( 1.000000000000000000, 0.7372773368101295244, 1.000000000000000000),
 ( 1.000000000000000000, 0.7449550586513133954, 1.000000000000000000),
 ( 1.000000000000000000, 0.7493005499708346173, 1.000000000000000000),
 ( 1.000000000000000000, 0.7492634205062623787, 1.000000000000000000) ) ) 
 REPRESENTATION_ITEM ( '' )  SURFACE ( )  );
#697 = DIRECTION ( 'NONE',  ( 2.966873679532033666E-15, -1.000000000000000000, -6.123233995736770966E-17 ) ) ;
#698 = ORIENTED_EDGE ( 'NONE', *, *, #1095, .T. ) ;
#699 = EDGE_CURVE ( 'NONE', #975, #1137, #5559, .T. ) ;
#700 = CIRCLE ( 'NONE', #5156, 0.1500000000000001887 ) ;
#701 = FILL_AREA_STYLE_COLOUR ( '', #1542 ) ;
#702 = DIRECTION ( 'NONE',  ( -1.000000000000000000, -3.614007241618348376E-15, -5.376517026358584721E-16 ) ) ;
#703 = PRESENTATION_LAYER_ASSIGNMENT (  '', '', ( #2769 ) ) ;
#704 = LINE ( 'NONE', #4121, #4022 ) ;
#705 = SURFACE_SIDE_STYLE ('',( #769 ) ) ;
#706 = ORIENTED_EDGE ( 'NONE', *, *, #2597, .F. ) ;
#707 = ADVANCED_FACE ( 'NONE', ( #1611 ), #2783, .T. ) ;
#708 =( BOUNDED_CURVE ( )  B_SPLINE_CURVE ( 3, ( #526, #2230, #3991, #113 ),
 .UNSPECIFIED., .F., .T. ) 
 B_SPLINE_CURVE_WITH_KNOTS ( ( 4, 4 ),
 ( 5.023672399006094625E-16, 0.7816000651241674646 ),
 .UNSPECIFIED. ) 
 CURVE ( )  GEOMETRIC_REPRESENTATION_ITEM ( )  RATIONAL_B_SPLINE_CURVE ( ( 1.000000000000000000, 0.9497364005219712801, 0.9497364005219712801, 1.000000000000000000 ) ) 
 REPRESENTATION_ITEM ( '' )  );
#709 = DIRECTION ( 'NONE',  ( 1.000000000000000000, 3.469446951953614189E-15, 1.988267581731812924E-16 ) ) ;
#710 = DIRECTION ( 'NONE',  ( -1.988267581731810459E-16, -6.123233995736835061E-17, 1.000000000000000000 ) ) ;
#711 =( NAMED_UNIT ( * ) SI_UNIT ( $, .STERADIAN. ) SOLID_ANGLE_UNIT ( ) );
#712 = CARTESIAN_POINT ( 'NONE',  ( -4.010610473703452250, 2.346516619242156931, 25.23039567366624425 ) ) ;
#713 =( NAMED_UNIT ( * ) PLANE_ANGLE_UNIT ( ) SI_UNIT ( $, .RADIAN. ) );
#714 = PRESENTATION_STYLE_ASSIGNMENT (( #3341 ) ) ;
#715 = PRESENTATION_LAYER_ASSIGNMENT (  '', '', ( #2229 ) ) ;
#716 = VERTEX_POINT ( 'NONE', #288 ) ;
#717 =( NAMED_UNIT ( * ) PLANE_ANGLE_UNIT ( ) SI_UNIT ( $, .RADIAN. ) );
#718 = DIRECTION ( 'NONE',  ( -2.478176394252581338E-15, 1.000000000000000000, 0.000000000000000000 ) ) ;
#719 = FILL_AREA_STYLE ('',( #753 ) ) ;
#720 = EDGE_LOOP ( 'NONE', ( #734, #2602, #4884, #5146 ) ) ;
#721 = SURFACE_SIDE_STYLE ('',( #2750 ) ) ;
#722 = MECHANICAL_DESIGN_GEOMETRIC_PRESENTATION_REPRESENTATION (  '', ( #5347 ), #2237 ) ;
#723 = AXIS2_PLACEMENT_3D ( 'NONE', #1329, #5149, #4779 ) ;
#724 = CARTESIAN_POINT ( 'NONE',  ( 4.203000000000005620, -2.947999999999985743, 7.250000000000001776 ) ) ;
#725 = UNCERTAINTY_MEASURE_WITH_UNIT (LENGTH_MEASURE( 1.000000000000000082E-05 ), #2465, 'distance_accuracy_value', 'NONE');
#726 = CIRCLE ( 'NONE', #3796, 0.4250000000000000444 ) ;
#727 = EDGE_CURVE ( 'NONE', #3715, #3121, #5460, .T. ) ;
#728 = ADVANCED_FACE ( 'NONE', ( #2041 ), #1354, .T. ) ;
#729 = ORIENTED_EDGE ( 'NONE', *, *, #3809, .F. ) ;
#730 = PRESENTATION_STYLE_ASSIGNMENT (( #763 ) ) ;
#731 = EDGE_CURVE ( 'NONE', #2478, #1839, #1291, .T. ) ;
#732 = CIRCLE ( 'NONE', #2707, 0.2000000000000000944 ) ;
#733 = CARTESIAN_POINT ( 'NONE',  ( -4.282049439419702175, 1.769454647697198180, 25.66900000000000404 ) ) ;
#734 = ORIENTED_EDGE ( 'NONE', *, *, #2509, .F. ) ;
#735 =( GEOMETRIC_REPRESENTATION_CONTEXT ( 3 ) GLOBAL_UNCERTAINTY_ASSIGNED_CONTEXT ( ( #5103 ) ) GLOBAL_UNIT_ASSIGNED_CONTEXT ( ( #1513, #3652, #3261 ) ) REPRESENTATION_CONTEXT ( 'NONE', 'WORKASPACE' ) );
#736 = ORIENTED_EDGE ( 'NONE', *, *, #3271, .F. ) ;
#737 = AXIS2_PLACEMENT_3D ( 'NONE', #3659, #3157, #5300 ) ;
#738 = CIRCLE ( 'NONE', #553, 0.1000000000000000472 ) ;
#739 =( NAMED_UNIT ( * ) PLANE_ANGLE_UNIT ( ) SI_UNIT ( $, .RADIAN. ) );
#740 = DIRECTION ( 'NONE',  ( 1.988267581731810705E-16, 6.123233995736836294E-17, -1.000000000000000000 ) ) ;
#741 = CARTESIAN_POINT ( 'NONE',  ( -3.831993128589314956, 2.366714774011329236, 25.66900000000000048 ) ) ;
#742 = CARTESIAN_POINT ( 'NONE',  ( -4.303000000000009706, 2.397999999999983700, 18.00000000000000000 ) ) ;
#743 = VERTEX_POINT ( 'NONE', #2929 ) ;
#744 = CIRCLE ( 'NONE', #737, 0.3899999999999999578 ) ;
#745 =( BOUNDED_CURVE ( )  B_SPLINE_CURVE ( 3, ( #5145, #2869, #4207, #2930 ),
 .UNSPECIFIED., .F., .T. ) 
 B_SPLINE_CURVE_WITH_KNOTS ( ( 4, 4 ),
 ( 3.141592653589790451, 3.145390751863075707 ),
 .UNSPECIFIED. ) 
 CURVE ( )  GEOMETRIC_REPRESENTATION_ITEM ( )  RATIONAL_B_SPLINE_CURVE ( ( 1.000000000000000000, 0.9999987978711534220, 0.9999987978711534220, 1.000000000000000000 ) ) 
 REPRESENTATION_ITEM ( '' )  );
#746 = PRESENTATION_STYLE_ASSIGNMENT (( #2880 ) ) ;
#747 = PLANE ( 'NONE',  #1103 ) ;
#748 = DIRECTION ( 'NONE',  ( -1.988267581731810459E-16, -6.123233995736835061E-17, 1.000000000000000000 ) ) ;
#749 = DIRECTION ( 'NONE',  ( 3.491481338843133355E-15, -1.000000000000000000, -6.123233995736774664E-17 ) ) ;
#750 =( NAMED_UNIT ( * ) SI_UNIT ( $, .STERADIAN. ) SOLID_ANGLE_UNIT ( ) );
#751 = ADVANCED_FACE ( 'NONE', ( #4298 ), #5581, .T. ) ;
#752 = DIRECTION ( 'NONE',  ( 1.988267581731811198E-16, 6.123233995736836294E-17, -1.000000000000000000 ) ) ;
#753 = FILL_AREA_STYLE_COLOUR ( '', #5192 ) ;
#754 = ORIENTED_EDGE ( 'NONE', *, *, #2727, .T. ) ;
#755 = AXIS2_PLACEMENT_3D ( 'NONE', #2455, #5097, #2576 ) ;
#756 = COLOUR_RGB ( '',0.2509803921568627416, 0.2509803921568627416, 0.2509803921568627416 ) ;
#757 = CARTESIAN_POINT ( 'NONE',  ( 3.674454647697217080, -1.918883852410969704, 25.66900000000000048 ) ) ;
#758 = PRESENTATION_LAYER_ASSIGNMENT (  '', '', ( #1136 ) ) ;
#759 = COLOUR_RGB ( '',0.7921568627450980005, 0.8196078431372548767, 0.9333333333333333481 ) ;
#760 = VERTEX_POINT ( 'NONE', #6 ) ;
#761 = COLOUR_RGB ( '',0.8627450980392157298, 0.5882352941176470784, 0.06274509803921568540 ) ;
#762 = COLOUR_RGB ( '',0.2509803921568627416, 0.2509803921568627416, 0.2509803921568627416 ) ;
#763 = SURFACE_STYLE_USAGE ( .BOTH. , #2864 ) ;
#764 = SURFACE_SIDE_STYLE ('',( #3248 ) ) ;
#765 = STYLED_ITEM ( 'NONE', ( #4163 ), #965 ) ;
#766 = ORIENTED_EDGE ( 'NONE', *, *, #1066, .F. ) ;
#767 = PRESENTATION_STYLE_ASSIGNMENT (( #2582 ) ) ;
#768 = ORIENTED_EDGE ( 'NONE', *, *, #4379, .F. ) ;
#769 = SURFACE_STYLE_FILL_AREA ( #1209 ) ;
#770 = ORIENTED_EDGE ( 'NONE', *, *, #4489, .F. ) ;
#771 = SURFACE_STYLE_FILL_AREA ( #3424 ) ;
#772 = UNCERTAINTY_MEASURE_WITH_UNIT (LENGTH_MEASURE( 1.000000000000000082E-05 ), #4097, 'distance_accuracy_value', 'NONE');
#773 = PRESENTATION_STYLE_ASSIGNMENT (( #2473 ) ) ;
#774 = SURFACE_SIDE_STYLE ('',( #36 ) ) ;
#775 =( NAMED_UNIT ( * ) SI_UNIT ( $, .STERADIAN. ) SOLID_ANGLE_UNIT ( ) );
#776 = SURFACE_STYLE_USAGE ( .BOTH. , #2906 ) ;
#777 = MECHANICAL_DESIGN_GEOMETRIC_PRESENTATION_REPRESENTATION (  '', ( #1057 ), #2746 ) ;
#778 = CARTESIAN_POINT ( 'NONE',  ( -9.588068780215250796E-15, 1.918883852410978141, 25.16900000000000048 ) ) ;
#779 = PRESENTATION_STYLE_ASSIGNMENT (( #1267 ) ) ;
#780 = ORIENTED_EDGE ( 'NONE', *, *, #391, .T. ) ;
#781 = AXIS2_PLACEMENT_3D ( 'NONE', #358, #2635, #1352 ) ;
#782 = DIRECTION ( 'NONE',  ( 3.613946018757868503E-15, -1.000000000000000000, -6.123233995736764803E-17 ) ) ;
#783 = CARTESIAN_POINT ( 'NONE',  ( 3.674454647697217524, -1.918883852410964819, 25.16900000000000048 ) ) ;
#784 = DIRECTION ( 'NONE',  ( -2.966873679532034060E-15, 1.000000000000000000, 6.123233995736770966E-17 ) ) ;
#786 = UNCERTAINTY_MEASURE_WITH_UNIT (LENGTH_MEASURE( 1.000000000000000082E-05 ), #5322, 'distance_accuracy_value', 'NONE');
#785 = PRESENTATION_LAYER_ASSIGNMENT (  '', '', ( #238 ) ) ;
#787 = FILL_AREA_STYLE_COLOUR ( '', #4615 ) ;
#788 = DIRECTION ( 'NONE',  ( 1.988267581731810705E-16, 6.123233995736836294E-17, -1.000000000000000000 ) ) ;
#789 = LINE ( 'NONE', #5037, #649 ) ;
#790 = EDGE_LOOP ( 'NONE', ( #3105, #1801, #2893, #3244 ) ) ;
#791 =( LENGTH_UNIT ( ) NAMED_UNIT ( * ) SI_UNIT ( .MILLI., .METRE. ) );
#792 = FILL_AREA_STYLE ('',( #5547 ) ) ;
#793 = UNCERTAINTY_MEASURE_WITH_UNIT (LENGTH_MEASURE( 1.000000000000000082E-05 ), #4945, 'distance_accuracy_value', 'NONE');
#794 = ORIENTED_EDGE ( 'NONE', *, *, #2376, .T. ) ;
#795 = CARTESIAN_POINT ( 'NONE',  ( 1.270000000000002682, -0.6349999999999953459, -3.175000000000000711 ) ) ;
#796 = DIRECTION ( 'NONE',  ( -1.988267581731810705E-16, -6.123233995736836294E-17, 1.000000000000000000 ) ) ;
#797 = COLOUR_RGB ( '',0.2862745098039215508, 0.3254901960784313819, 0.5882352941176470784 ) ;
#798 = ORIENTED_EDGE ( 'NONE', *, *, #5068, .F. ) ;
#799 = VERTEX_POINT ( 'NONE', #1325 ) ;
#800 = CARTESIAN_POINT ( 'NONE',  ( -4.952999999999994074, -3.048000000000017806, 7.249999999999997335 ) ) ;
#801 = CARTESIAN_POINT ( 'NONE',  ( 0.1500000000000025757, -0.6349999999999992317, -3.075000000000001510 ) ) ;
#802 = CYLINDRICAL_SURFACE ( 'NONE', #3563, 0.3500000000000000333 ) ;
#803 = ORIENTED_EDGE ( 'NONE', *, *, #1349, .F. ) ;
#804 = DIRECTION ( 'NONE',  ( 0.7071067811865455743, 0.7071067811865494601, 0.000000000000000000 ) ) ;
#805 = FILL_AREA_STYLE_COLOUR ( '', #2606 ) ;
#806 = EDGE_CURVE ( 'NONE', #4991, #3095, #865, .T. ) ;
#807 = CARTESIAN_POINT ( 'NONE',  ( -1.270000000000001350, 0.6349999999999955680, -3.175000000000000711 ) ) ;
#808 = SURFACE_SIDE_STYLE ('',( #5180 ) ) ;
#809 = CARTESIAN_POINT ( 'NONE',  ( -1.119999999999997220, -0.6350000000000036726, -3.075000000000001510 ) ) ;
#810 = VERTEX_POINT ( 'NONE', #4360 ) ;
#811 = SURFACE_STYLE_USAGE ( .BOTH. , #4691 ) ;
#812 =( GEOMETRIC_REPRESENTATION_CONTEXT ( 3 ) GLOBAL_UNCERTAINTY_ASSIGNED_CONTEXT ( ( #1985 ) ) GLOBAL_UNIT_ASSIGNED_CONTEXT ( ( #1627, #1274, #750 ) ) REPRESENTATION_CONTEXT ( 'NONE', 'WORKASPACE' ) );
#813 = DIRECTION ( 'NONE',  ( -1.988267581731810459E-16, -6.123233995736835061E-17, 1.000000000000000000 ) ) ;
#814 = EDGE_CURVE ( 'NONE', #1570, #5289, #897, .T. ) ;
#815 = DIRECTION ( 'NONE',  ( 0.08682659386424725068, 0.08682659386424786130, 0.9924325091389669673 ) ) ;
#816 = ORIENTED_EDGE ( 'NONE', *, *, #1999, .T. ) ;
#817 = DIRECTION ( 'NONE',  ( -2.966873679532033666E-15, 1.000000000000000000, 6.123233995736770966E-17 ) ) ;
#818 = STYLED_ITEM ( 'NONE', ( #1470 ), #2580 ) ;
#819 =( GEOMETRIC_REPRESENTATION_CONTEXT ( 3 ) GLOBAL_UNCERTAINTY_ASSIGNED_CONTEXT ( ( #2441 ) ) GLOBAL_UNIT_ASSIGNED_CONTEXT ( ( #5417, #3338, #4214 ) ) REPRESENTATION_CONTEXT ( 'NONE', 'WORKASPACE' ) );
#820 = STYLED_ITEM ( 'NONE', ( #680 ), #2967 ) ;
#821 = VERTEX_POINT ( 'NONE', #39 ) ;
#822 =( GEOMETRIC_REPRESENTATION_CONTEXT ( 3 ) GLOBAL_UNCERTAINTY_ASSIGNED_CONTEXT ( ( #1020 ) ) GLOBAL_UNIT_ASSIGNED_CONTEXT ( ( #3710, #3292, #2849 ) ) REPRESENTATION_CONTEXT ( 'NONE', 'WORKASPACE' ) );
#823 = SURFACE_STYLE_FILL_AREA ( #5140 ) ;
#824 = DIRECTION ( 'NONE',  ( 1.000000000000000000, 3.336006684570782904E-15, 0.000000000000000000 ) ) ;
#825 = AXIS2_PLACEMENT_3D ( 'NONE', #2588, #4304, #1241 ) ;
#826 = ORIENTED_EDGE ( 'NONE', *, *, #4797, .T. ) ;
#827 = EDGE_LOOP ( 'NONE', ( #3064, #2729, #2695, #2583 ) ) ;
#828 =( GEOMETRIC_REPRESENTATION_CONTEXT ( 3 ) GLOBAL_UNCERTAINTY_ASSIGNED_CONTEXT ( ( #4071 ) ) GLOBAL_UNIT_ASSIGNED_CONTEXT ( ( #1605, #34, #2492 ) ) REPRESENTATION_CONTEXT ( 'NONE', 'WORKASPACE' ) );
#829 = STYLED_ITEM ( 'NONE', ( #4555 ), #3354 ) ;
#830 = VERTEX_POINT ( 'NONE', #1756 ) ;
#831 = UNCERTAINTY_MEASURE_WITH_UNIT (LENGTH_MEASURE( 1.000000000000000082E-05 ), #4694, 'distance_accuracy_value', 'NONE');
#832 = CARTESIAN_POINT ( 'NONE',  ( 6.557696498048873919E-15, -3.048000000000000931, 12.50000000000000000 ) ) ;
#833 = SURFACE_STYLE_FILL_AREA ( #2904 ) ;
#834 = MECHANICAL_DESIGN_GEOMETRIC_PRESENTATION_REPRESENTATION (  '', ( #3528 ), #2890 ) ;
#835 = FILL_AREA_STYLE_COLOUR ( '', #1780 ) ;
#836 = DIRECTION ( 'NONE',  ( -3.491481338843133355E-15, 1.000000000000000000, 6.123233995736767268E-17 ) ) ;
#837 = CARTESIAN_POINT ( 'NONE',  ( 3.429119407771253680, 0.8458805922287561119, 1.000000000000002665 ) ) ;
#838 = FILL_AREA_STYLE_COLOUR ( '', #756 ) ;
#839 = ORIENTED_EDGE ( 'NONE', *, *, #1369, .F. ) ;
#840 = AXIS2_PLACEMENT_3D ( 'NONE', #2937, #2503, #3039 ) ;
#841 = EDGE_CURVE ( 'NONE', #5232, #652, #3486, .T. ) ;
#842 = PRESENTATION_STYLE_ASSIGNMENT (( #811 ) ) ;
#843 = EDGE_CURVE ( 'NONE', #4239, #4359, #3527, .T. ) ;
#844 = FILL_AREA_STYLE_COLOUR ( '', #5349 ) ;
#845 = CARTESIAN_POINT ( 'NONE',  ( -1.269999999999998019, -0.6350000000000044498, 0.000000000000000000 ) ) ;
#846 = CYLINDRICAL_SURFACE ( 'NONE', #3239, 0.3899999999999999578 ) ;
#847 = CARTESIAN_POINT ( 'NONE',  ( 1.883964786502841039E-15, -0.6350000000000000089, 0.000000000000000000 ) ) ;
#848 = AXIS2_PLACEMENT_3D ( 'NONE', #470, #912, #412 ) ;
#849 = AXIS2_PLACEMENT_3D ( 'NONE', #2177, #3114, #3497 ) ;
#850 = SURFACE_SIDE_STYLE ('',( #3014 ) ) ;
#851 = SURFACE_STYLE_USAGE ( .BOTH. , #3347 ) ;
#852 = ORIENTED_EDGE ( 'NONE', *, *, #3005, .T. ) ;
#853 = DIRECTION ( 'NONE',  ( 1.000000000000000000, 3.614007241618349165E-15, 7.228014483236697541E-16 ) ) ;
#854 = UNCERTAINTY_MEASURE_WITH_UNIT (LENGTH_MEASURE( 1.000000000000000082E-05 ), #2385, 'distance_accuracy_value', 'NONE');
#855 = FILL_AREA_STYLE_COLOUR ( '', #942 ) ;
#856 = EDGE_LOOP ( 'NONE', ( #3987, #3616 ) ) ;
#857 = AXIS2_PLACEMENT_3D ( 'NONE', #4258, #5482, #1135 ) ;
#858 = FILL_AREA_STYLE ('',( #1350 ) ) ;
#859 = CARTESIAN_POINT ( 'NONE',  ( 3.634522885660044000, 2.416981201456861683, 25.21257787137383133 ) ) ;
#860 = ORIENTED_EDGE ( 'NONE', *, *, #4161, .F. ) ;
#861 = PRESENTATION_LAYER_ASSIGNMENT (  '', '', ( #2185 ) ) ;
#862 = CARTESIAN_POINT ( 'NONE',  ( -4.953000000000010949, 3.047999999999981391, 18.00000000000000000 ) ) ;
#863 = EDGE_LOOP ( 'NONE', ( #4030, #1172 ) ) ;
#864 = EDGE_CURVE ( 'NONE', #5111, #2386, #2555, .T. ) ;
#865 = CIRCLE ( 'NONE', #134, 0.2999999999999999334 ) ;
#866 = PRESENTATION_LAYER_ASSIGNMENT (  '', '', ( #4759 ) ) ;
#867 = FILL_AREA_STYLE_COLOUR ( '', #182 ) ;
#868 = CARTESIAN_POINT ( 'NONE',  ( 4.302999999999989278, 3.048000000000014253, 7.250000000000001776 ) ) ;
#869 = DIRECTION ( 'NONE',  ( 1.000000000000000000, 3.252606517456511724E-15, 0.000000000000000000 ) ) ;
#870 = DIRECTION ( 'NONE',  ( 1.000000000000000000, 3.491481338843130989E-15, 0.000000000000000000 ) ) ;
#871 = FILL_AREA_STYLE ('',( #4748 ) ) ;
#872 = CARTESIAN_POINT ( 'NONE',  ( -2.539999999999997371, -1.016000000000009118, 0.9999999999999991118 ) ) ;
#873 = ORIENTED_EDGE ( 'NONE', *, *, #2199, .F. ) ;
#874 = AXIS2_PLACEMENT_3D ( 'NONE', #2513, #1279, #853 ) ;
#875 = AXIS2_PLACEMENT_3D ( 'NONE', #2640, #65, #5280 ) ;
#876 =( NAMED_UNIT ( * ) SI_UNIT ( $, .STERADIAN. ) SOLID_ANGLE_UNIT ( ) );
#877 = LINE ( 'NONE', #5155, #2699 ) ;
#878 = SURFACE_STYLE_USAGE ( .BOTH. , #4756 ) ;
#879 = AXIS2_PLACEMENT_3D ( 'NONE', #222, #4461, #141 ) ;
#880 = SURFACE_STYLE_FILL_AREA ( #2540 ) ;
#881 =( GEOMETRIC_REPRESENTATION_CONTEXT ( 3 ) GLOBAL_UNCERTAINTY_ASSIGNED_CONTEXT ( ( #2966 ) ) GLOBAL_UNIT_ASSIGNED_CONTEXT ( ( #3669, #2921, #1575 ) ) REPRESENTATION_CONTEXT ( 'NONE', 'WORKASPACE' ) );
#882 = DIRECTION ( 'NONE',  ( -2.668805347656625298E-15, 0.9961946980917454342, 0.08715574274766044183 ) ) ;
#883 = PLANE ( 'NONE',  #4395 ) ;
#884 = EDGE_LOOP ( 'NONE', ( #3673, #125, #4676, #4191 ) ) ;
#885 = ADVANCED_FACE ( 'NONE', ( #4391 ), #1140, .T. ) ;
#886 =( NAMED_UNIT ( * ) PLANE_ANGLE_UNIT ( ) SI_UNIT ( $, .RADIAN. ) );
#887 = STYLED_ITEM ( 'NONE', ( #2260 ), #1514 ) ;
#888 = SURFACE_SIDE_STYLE ('',( #5605 ) ) ;
#889 = DIRECTION ( 'NONE',  ( -2.966873679532033666E-15, 1.000000000000000000, 6.123233995736770966E-17 ) ) ;
#890 = EDGE_CURVE ( 'NONE', #3672, #511, #4219, .T. ) ;
#891 = EDGE_CURVE ( 'NONE', #5365, #5391, #985, .T. ) ;
#892 =( LENGTH_UNIT ( ) NAMED_UNIT ( * ) SI_UNIT ( .MILLI., .METRE. ) );
#893 = ORIENTED_EDGE ( 'NONE', *, *, #2147, .T. ) ;
#894 = CARTESIAN_POINT ( 'NONE',  ( -2.539999999999996039, -1.016000000000008674, -5.700000000000000178 ) ) ;
#895 = PRESENTATION_STYLE_ASSIGNMENT (( #3418 ) ) ;
#896 = ORIENTED_EDGE ( 'NONE', *, *, #4484, .F. ) ;
#897 = LINE ( 'NONE', #454, #397 ) ;
#898 = UNCERTAINTY_MEASURE_WITH_UNIT (LENGTH_MEASURE( 1.000000000000000082E-05 ), #4927, 'distance_accuracy_value', 'NONE');
#899 = CARTESIAN_POINT ( 'NONE',  ( -4.952995311701736014, 2.400468757942072262, 18.00005358749447737 ) ) ;
#900 = DIRECTION ( 'NONE',  ( -1.988267581731810705E-16, -6.123233995736836294E-17, 1.000000000000000000 ) ) ;
#901 = CARTESIAN_POINT ( 'NONE',  ( -2.147608146926841022E-15, 0.6349999999999998979, 1.000000000000000888 ) ) ;
#902 = AXIS2_PLACEMENT_3D ( 'NONE', #2936, #461, #869 ) ;
#903 = EDGE_LOOP ( 'NONE', ( #1761, #4649, #532, #41 ) ) ;
#904 = CARTESIAN_POINT ( 'NONE',  ( -3.674454647697212639, -1.918883852410991686, 25.16900000000000048 ) ) ;
#905 =( GEOMETRIC_REPRESENTATION_CONTEXT ( 3 ) GLOBAL_UNCERTAINTY_ASSIGNED_CONTEXT ( ( #202 ) ) GLOBAL_UNIT_ASSIGNED_CONTEXT ( ( #4049, #687, #610 ) ) REPRESENTATION_CONTEXT ( 'NONE', 'WORKASPACE' ) );
#906 = UNCERTAINTY_MEASURE_WITH_UNIT (LENGTH_MEASURE( 1.000000000000000082E-05 ), #5130, 'distance_accuracy_value', 'NONE');
#907 = CARTESIAN_POINT ( 'NONE',  ( 4.952999999999988745, 3.048000000000016030, 18.00000000000000355 ) ) ;
#908 = CARTESIAN_POINT ( 'NONE',  ( 3.674454647697217080, -1.918883852410969704, 25.66900000000000048 ) ) ;
#909 = DIRECTION ( 'NONE',  ( 1.000000000000000000, 3.469446951953613400E-15, 1.988267581731812678E-16 ) ) ;
#910 = FACE_OUTER_BOUND ( 'NONE', #4915, .T. ) ;
#911 = FILL_AREA_STYLE ('',( #2510 ) ) ;
#912 = DIRECTION ( 'NONE',  ( -1.988267581731810705E-16, -6.123233995736836294E-17, 1.000000000000000000 ) ) ;
#913 = FILL_AREA_STYLE ('',( #2601 ) ) ;
#914 = CIRCLE ( 'NONE', #4439, 0.6500000000000003553 ) ;
#915 = ORIENTED_EDGE ( 'NONE', *, *, #3847, .T. ) ;
#916 = COLOUR_RGB ( '',0.8627450980392157298, 0.5882352941176470784, 0.06274509803921568540 ) ;
#917 = DIRECTION ( 'NONE',  ( -5.376517026358582749E-16, -6.123233995736954623E-17, 1.000000000000000000 ) ) ;
#918 = FACE_OUTER_BOUND ( 'NONE', #3604, .T. ) ;
#919 = SURFACE_STYLE_USAGE ( .BOTH. , #3849 ) ;
#920 = EDGE_LOOP ( 'NONE', ( #442, #4806, #2780, #4008 ) ) ;
#921 = AXIS2_PLACEMENT_3D ( 'NONE', #5127, #788, #1305 ) ;
#922 = DIRECTION ( 'NONE',  ( 1.000000000000000000, 3.252606517456513302E-15, 0.000000000000000000 ) ) ;
#923 = EDGE_CURVE ( 'NONE', #1779, #760, #591, .T. ) ;
#924 = STYLED_ITEM ( 'NONE', ( #2901 ), #3423 ) ;
#925 = DIRECTION ( 'NONE',  ( 1.000000000000000000, 3.336006684570782904E-15, 0.000000000000000000 ) ) ;
#926 = ORIENTED_EDGE ( 'NONE', *, *, #2754, .F. ) ;
#927 = ORIENTED_EDGE ( 'NONE', *, *, #4291, .F. ) ;
#928 =( GEOMETRIC_REPRESENTATION_CONTEXT ( 3 ) GLOBAL_UNCERTAINTY_ASSIGNED_CONTEXT ( ( #3106 ) ) GLOBAL_UNIT_ASSIGNED_CONTEXT ( ( #2685, #133, #3966 ) ) REPRESENTATION_CONTEXT ( 'NONE', 'WORKASPACE' ) );
#929 = DIRECTION ( 'NONE',  ( 5.376517026358582749E-16, 6.123233995736954623E-17, -1.000000000000000000 ) ) ;
#930 = CARTESIAN_POINT ( 'NONE',  ( 3.181632034355966976, -0.5983932188134420960, 1.000000000000002665 ) ) ;
#931 = AXIS2_PLACEMENT_3D ( 'NONE', #2571, #52, #5211 ) ;
#932 = CARTESIAN_POINT ( 'NONE',  ( 3.619500000000002160, -0.3862611844574764808, 1.000000000000002665 ) ) ;
#933 = AXIS2_PLACEMENT_3D ( 'NONE', #3211, #4534, #4154 ) ;
#934 = DIRECTION ( 'NONE',  ( -1.000000000000000000, -3.469446951953614189E-15, 0.000000000000000000 ) ) ;
#935 = FILL_AREA_STYLE_COLOUR ( '', #762 ) ;
#936 = EDGE_LOOP ( 'NONE', ( #3362, #798, #4226, #71 ) ) ;
#937 = VECTOR ( 'NONE', #3629, 1000.000000000000000 ) ;
#938 = AXIS2_PLACEMENT_3D ( 'NONE', #1892, #2660, #4429 ) ;
#939 = LINE ( 'NONE', #907, #5433 ) ;
#940 = FACE_OUTER_BOUND ( 'NONE', #1374, .T. ) ;
#941 = SURFACE_STYLE_USAGE ( .BOTH. , #1744 ) ;
#942 = COLOUR_RGB ( '',0.2509803921568627416, 0.2509803921568627416, 0.2509803921568627416 ) ;
#943 = VERTEX_POINT ( 'NONE', #5356 ) ;
#944 = SURFACE_STYLE_USAGE ( .BOTH. , #4432 ) ;
#945 = EDGE_CURVE ( 'NONE', #1936, #394, #3739, .T. ) ;
#946 = CARTESIAN_POINT ( 'NONE',  ( 1.270000000000002016, -0.6349999999999955680, 0.000000000000000000 ) ) ;
#947 = FILL_AREA_STYLE ('',( #3782 ) ) ;
#948 = DIRECTION ( 'NONE',  ( 1.988267581731810705E-16, 6.123233995736836294E-17, -1.000000000000000000 ) ) ;
#949 = PRESENTATION_LAYER_ASSIGNMENT (  '', '', ( #559 ) ) ;
#950 =( BOUNDED_SURFACE ( )  B_SPLINE_SURFACE ( 3, 2, ( 
 ( #2725, #4415, #508 ),
 ( #3970, #5249, #117 ),
 ( #4491, #1373, #1799 ),
 ( #3140, #3090, #3118 ) ),
 .UNSPECIFIED., .F., .F., .F. ) 
 B_SPLINE_SURFACE_WITH_KNOTS ( ( 4, 4 ),
 ( 3, 3 ),
 ( 8.131516293641291144E-16, 0.7816000651241702402 ),
 ( 0.000000000000000000, 1.000000000000000000 ),
 .UNSPECIFIED. ) 
 GEOMETRIC_REPRESENTATION_ITEM ( )  RATIONAL_B_SPLINE_SURFACE ( (
 ( 1.000000000000000000, 0.7492634205062556063, 1.000000000000000000),
 ( 1.000000000000000000, 0.7493005499708234041, 1.000000000000000000),
 ( 1.000000000000000000, 0.7449550586513129513, 1.000000000000000000),
 ( 1.000000000000000000, 0.7372773368101199765, 1.000000000000000000) ) ) 
 REPRESENTATION_ITEM ( '' )  SURFACE ( )  );
#951 = STYLED_ITEM ( 'NONE', ( #3865 ), #5500 ) ;
#952 = CYLINDRICAL_SURFACE ( 'NONE', #392, 0.6500000000000003553 ) ;
#953 = ORIENTED_EDGE ( 'NONE', *, *, #391, .F. ) ;
#954 = FILL_AREA_STYLE ('',( #4418 ) ) ;
#955 = ORIENTED_EDGE ( 'NONE', *, *, #3559, .T. ) ;
#956 = ADVANCED_FACE ( 'NONE', ( #1778 ), #166, .T. ) ;
#957 =( GEOMETRIC_REPRESENTATION_CONTEXT ( 3 ) GLOBAL_UNCERTAINTY_ASSIGNED_CONTEXT ( ( #4902 ) ) GLOBAL_UNIT_ASSIGNED_CONTEXT ( ( #4525, #2333, #3979 ) ) REPRESENTATION_CONTEXT ( 'NONE', 'WORKASPACE' ) );
#958 = DIRECTION ( 'NONE',  ( -0.08715574274765833240, -3.653019817937428183E-16, 0.9961946980917455452 ) ) ;
#959 = UNCERTAINTY_MEASURE_WITH_UNIT (LENGTH_MEASURE( 1.000000000000000082E-05 ), #1690, 'distance_accuracy_value', 'NONE');
#960 = CARTESIAN_POINT ( 'NONE',  ( -2.540000000000002256, 1.015999999999990910, -5.700000000000000178 ) ) ;
#961 = DIRECTION ( 'NONE',  ( -1.000000000000000000, -3.491481338843133355E-15, -1.988267581731812678E-16 ) ) ;
#962 = CARTESIAN_POINT ( 'NONE',  ( 1.660000000000001918, -0.6349999999999943467, 7.754243568754069936E-17 ) ) ;
#963 = DIRECTION ( 'NONE',  ( 0.000000000000000000, 0.000000000000000000, 1.000000000000000000 ) ) ;
#964 = ORIENTED_EDGE ( 'NONE', *, *, #2649, .F. ) ;
#965 = ADVANCED_FACE ( 'NONE', ( #1168 ), #2434, .F. ) ;
#966 = FILL_AREA_STYLE_COLOUR ( '', #3484 ) ;
#967 = AXIS2_PLACEMENT_3D ( 'NONE', #862, #1236, #3421 ) ;
#968 = CIRCLE ( 'NONE', #2916, 0.2500000000000000555 ) ;
#969 = UNCERTAINTY_MEASURE_WITH_UNIT (LENGTH_MEASURE( 1.000000000000000082E-05 ), #4835, 'distance_accuracy_value', 'NONE');
#970 = DIRECTION ( 'NONE',  ( -1.000000000000000000, -3.571489509364014096E-15, -5.102127870520019996E-16 ) ) ;
#971 = DIRECTION ( 'NONE',  ( 1.988267581731810705E-16, 6.123233995736836294E-17, -1.000000000000000000 ) ) ;
#972 =( NAMED_UNIT ( * ) SI_UNIT ( $, .STERADIAN. ) SOLID_ANGLE_UNIT ( ) );
#973 = FILL_AREA_STYLE_COLOUR ( '', #5375 ) ;
#974 = CARTESIAN_POINT ( 'NONE',  ( -4.952995311701721803, -2.400468757942110010, 18.00005358749447737 ) ) ;
#975 = VERTEX_POINT ( 'NONE', #3275 ) ;
#976 = MECHANICAL_DESIGN_GEOMETRIC_PRESENTATION_REPRESENTATION (  '', ( #3655 ), #4416 ) ;
#977 = STYLED_ITEM ( 'NONE', ( #1439 ), #1044 ) ;
#978 = AXIS2_PLACEMENT_3D ( 'NONE', #3493, #5131, #1276 ) ;
#979 = AXIS2_PLACEMENT_3D ( 'NONE', #3160, #3642, #4912 ) ;
#980 = SURFACE_STYLE_FILL_AREA ( #2607 ) ;
#981 = PRESENTATION_STYLE_ASSIGNMENT (( #4854 ) ) ;
#982 = COLOUR_RGB ( '',0.8627450980392157298, 0.5882352941176470784, 0.06274509803921568540 ) ;
#983 = LINE ( 'NONE', #4742, #1579 ) ;
#984 = ORIENTED_EDGE ( 'NONE', *, *, #5139, .F. ) ;
#985 = LINE ( 'NONE', #2186, #2371 ) ;
#986 = ORIENTED_EDGE ( 'NONE', *, *, #5177, .F. ) ;
#987 = CARTESIAN_POINT ( 'NONE',  ( -2.969499999999996032, -1.905500000000011296, 0.9999999999999991118 ) ) ;
#988 = DIRECTION ( 'NONE',  ( -1.988267581731810459E-16, -6.123233995736835061E-17, 1.000000000000000000 ) ) ;
#989 =( NAMED_UNIT ( * ) SI_UNIT ( $, .STERADIAN. ) SOLID_ANGLE_UNIT ( ) );
#990 = PRESENTATION_STYLE_ASSIGNMENT (( #2305 ) ) ;
#991 = CARTESIAN_POINT ( 'NONE',  ( 4.952995311701716474, 2.400468757942107345, 18.00005358749448447 ) ) ;
#992 = CARTESIAN_POINT ( 'NONE',  ( 2.559880592228749752, -1.715119407771247939, 1.000000000000000888 ) ) ;
#993 = ORIENTED_EDGE ( 'NONE', *, *, #4099, .T. ) ;
#994 = CARTESIAN_POINT ( 'NONE',  ( 3.823883852410967954, 1.809715535079775339, 25.66899999999999338 ) ) ;
#995 = ADVANCED_FACE ( 'NONE', ( #4990 ), #1499, .T. ) ;
#996 =( GEOMETRIC_REPRESENTATION_CONTEXT ( 3 ) GLOBAL_UNCERTAINTY_ASSIGNED_CONTEXT ( ( #1682 ) ) GLOBAL_UNIT_ASSIGNED_CONTEXT ( ( #3152, #546, #1866 ) ) REPRESENTATION_CONTEXT ( 'NONE', 'WORKASPACE' ) );
#997 = EDGE_CURVE ( 'NONE', #132, #5153, #668, .T. ) ;
#998 = DIRECTION ( 'NONE',  ( -1.988267581731810459E-16, -6.123233995736835061E-17, 1.000000000000000000 ) ) ;
#999 = DIRECTION ( 'NONE',  ( -1.000000000000000000, -3.502807018799321714E-15, -6.672013369141565217E-16 ) ) ;
#1000 = VERTEX_POINT ( 'NONE', #5407 ) ;
#1001 = LINE ( 'NONE', #2258, #3125 ) ;
#1002 = AXIS2_PLACEMENT_3D ( 'NONE', #2646, #4441, #2701 ) ;
#1003 = ADVANCED_FACE ( 'NONE', ( #1577, #1523 ), #3243, .F. ) ;
#1004 = SURFACE_STYLE_USAGE ( .BOTH. , #3658 ) ;
#1005 = AXIS2_PLACEMENT_3D ( 'NONE', #5228, #3779, #3391 ) ;
#1006 = DIRECTION ( 'NONE',  ( 1.000000000000000000, 3.502807018799321714E-15, 0.000000000000000000 ) ) ;
#1007 = ORIENTED_EDGE ( 'NONE', *, *, #4185, .F. ) ;
#1008 = CIRCLE ( 'NONE', #4155, 0.5000000000000002220 ) ;
#1009 = SURFACE_STYLE_FILL_AREA ( #1083 ) ;
#1010 = FACE_OUTER_BOUND ( 'NONE', #4297, .T. ) ;
#1011 = VERTEX_POINT ( 'NONE', #2178 ) ;
#1012 = EDGE_LOOP ( 'NONE', ( #3110, #2023, #420, #3941 ) ) ;
#1013 = DIRECTION ( 'NONE',  ( -3.448710007688152381E-15, 1.000000000000000000, 6.123233995736758640E-17 ) ) ;
#1014 = DIRECTION ( 'NONE',  ( -1.988267581731810705E-16, -6.123233995736836294E-17, 1.000000000000000000 ) ) ;
#1015 =( GEOMETRIC_REPRESENTATION_CONTEXT ( 3 ) GLOBAL_UNCERTAINTY_ASSIGNED_CONTEXT ( ( #5319 ) ) GLOBAL_UNIT_ASSIGNED_CONTEXT ( ( #3834, #4314, #2113 ) ) REPRESENTATION_CONTEXT ( 'NONE', 'WORKASPACE' ) );
#1016 = DIRECTION ( 'NONE',  ( 0.08682659386424779191, -0.08682659386424738945, 0.9924325091389669673 ) ) ;
#1017 = STYLED_ITEM ( 'NONE', ( #2631 ), #3088 ) ;
#1018 = ORIENTED_EDGE ( 'NONE', *, *, #2078, .T. ) ;
#1019 = ORIENTED_EDGE ( 'NONE', *, *, #4133, .T. ) ;
#1020 = UNCERTAINTY_MEASURE_WITH_UNIT (LENGTH_MEASURE( 1.000000000000000082E-05 ), #3710, 'distance_accuracy_value', 'NONE');
#1021 = LINE ( 'NONE', #176, #3621 ) ;
#1022 = DIRECTION ( 'NONE',  ( 1.988267581731810212E-16, 6.123233995736836294E-17, -1.000000000000000000 ) ) ;
#1023 = AXIS2_PLACEMENT_3D ( 'NONE', #5109, #5462, #5409 ) ;
#1024 = AXIS2_PLACEMENT_3D ( 'NONE', #3465, #5212, #1336 ) ;
#1025 =( LENGTH_UNIT ( ) NAMED_UNIT ( * ) SI_UNIT ( .MILLI., .METRE. ) );
#1026 = DIRECTION ( 'NONE',  ( -6.385093352530581152E-17, 6.123233995736745082E-17, -1.000000000000000000 ) ) ;
#1027 = STYLED_ITEM ( 'NONE', ( #3057 ), #3958 ) ;
#1028 = EDGE_CURVE ( 'NONE', #2787, #3564, #5569, .T. ) ;
#1029 = EDGE_CURVE ( 'NONE', #3558, #2077, #2289, .T. ) ;
#1030 = CARTESIAN_POINT ( 'NONE',  ( 3.429119407771258121, -0.8458805922287334633, 7.000000000000001776 ) ) ;
#1031 = DIRECTION ( 'NONE',  ( 1.000000000000000000, 3.854941057726238689E-15, 0.000000000000000000 ) ) ;
#1032 = AXIS2_PLACEMENT_3D ( 'NONE', #3031, #4801, #4392 ) ;
#1033 = CARTESIAN_POINT ( 'NONE',  ( 2.969499999999998252, 0.3862611844574983522, 7.000000000000001776 ) ) ;
#1034 = PRESENTATION_LAYER_ASSIGNMENT (  '', '', ( #1818 ) ) ;
#1035 =( NAMED_UNIT ( * ) SI_UNIT ( $, .STERADIAN. ) SOLID_ANGLE_UNIT ( ) );
#1036 = DIRECTION ( 'NONE',  ( 1.000000000000000000, 3.502807018799322109E-15, 1.988267581731812924E-16 ) ) ;
#1037 = FACE_OUTER_BOUND ( 'NONE', #1012, .T. ) ;
#1038 = DIRECTION ( 'NONE',  ( 2.819763479737528676E-15, -1.000000000000000000, -6.123233995736774664E-17 ) ) ;
#1039 = ORIENTED_EDGE ( 'NONE', *, *, #247, .F. ) ;
#1040 =( NAMED_UNIT ( * ) PLANE_ANGLE_UNIT ( ) SI_UNIT ( $, .RADIAN. ) );
#1041 = DIRECTION ( 'NONE',  ( 1.000000000000000000, 3.469446951953614189E-15, 1.988267581731812924E-16 ) ) ;
#1042 = LINE ( 'NONE', #3622, #2169 ) ;
#1043 = ORIENTED_EDGE ( 'NONE', *, *, #2027, .T. ) ;
#1044 = ADVANCED_FACE ( 'NONE', ( #918 ), #3550, .T. ) ;
#1045 = EDGE_LOOP ( 'NONE', ( #1289, #2173, #5498, #2395 ) ) ;
#1046 = CARTESIAN_POINT ( 'NONE',  ( -4.203000000000011838, 2.947999999999984855, 7.249999999999998224 ) ) ;
#1047 = AXIS2_PLACEMENT_3D ( 'NONE', #3146, #963, #1882 ) ;
#1048 = CARTESIAN_POINT ( 'NONE',  ( -4.131063546504095463, 2.226063546504069013, 25.23039567330873822 ) ) ;
#1049 = DIRECTION ( 'NONE',  ( -1.988267581731810705E-16, -6.123233995736836294E-17, 1.000000000000000000 ) ) ;
#1050 = DIRECTION ( 'NONE',  ( -1.000000000000000000, -3.614007241618348376E-15, -5.376517026358584721E-16 ) ) ;
#1051 = SURFACE_SIDE_STYLE ('',( #4957 ) ) ;
#1052 = AXIS2_PLACEMENT_3D ( 'NONE', #3120, #2642, #1855 ) ;
#1053 = ADVANCED_FACE ( 'NONE', ( #1110 ), #4856, .T. ) ;
#1054 = DIRECTION ( 'NONE',  ( -1.000000000000000000, -3.469446951953614189E-15, 0.000000000000000000 ) ) ;
#1055 = FACE_OUTER_BOUND ( 'NONE', #4671, .T. ) ;
#1056 = ORIENTED_EDGE ( 'NONE', *, *, #340, .T. ) ;
#1057 = STYLED_ITEM ( 'NONE', ( #1226 ), #1269 ) ;
#1058 = CARTESIAN_POINT ( 'NONE',  ( -1.270000000000001350, 0.6349999999999955680, -3.175000000000000711 ) ) ;
#1059 = CARTESIAN_POINT ( 'NONE',  ( -1.270000000000001350, 0.6349999999999955680, -3.075000000000001510 ) ) ;
#1060 = EDGE_CURVE ( 'NONE', #2862, #943, #4538, .T. ) ;
#1061 = CYLINDRICAL_SURFACE ( 'NONE', #4773, 0.6500000000000000222 ) ;
#1062 = COLOUR_RGB ( '',0.2509803921568627416, 0.2509803921568627416, 0.2509803921568627416 ) ;
#1063 = AXIS2_PLACEMENT_3D ( 'NONE', #4531, #632, #2765 ) ;
#1064 = SURFACE_STYLE_USAGE ( .BOTH. , #192 ) ;
#1065 = CARTESIAN_POINT ( 'NONE',  ( 4.321981201456850386, -1.769454647697200622, 25.21257787137383843 ) ) ;
#1066 = EDGE_CURVE ( 'NONE', #2776, #3372, #229, .T. ) ;
#1067 = PRESENTATION_STYLE_ASSIGNMENT (( #4946 ) ) ;
#1068 = ORIENTED_EDGE ( 'NONE', *, *, #4541, .F. ) ;
#1069 = CARTESIAN_POINT ( 'NONE',  ( 4.010610473703438927, -2.346516619242152046, 25.23039567366632241 ) ) ;
#1070 = UNCERTAINTY_MEASURE_WITH_UNIT (LENGTH_MEASURE( 1.000000000000000082E-05 ), #3787, 'distance_accuracy_value', 'NONE');
#1071 = PRESENTATION_STYLE_ASSIGNMENT (( #314 ) ) ;
#1072 = ADVANCED_FACE ( 'NONE', ( #1055 ), #5008, .F. ) ;
#1073 = FILL_AREA_STYLE_COLOUR ( '', #5406 ) ;
#1074 =( LENGTH_UNIT ( ) NAMED_UNIT ( * ) SI_UNIT ( .MILLI., .METRE. ) );
#1075 = CARTESIAN_POINT ( 'NONE',  ( 4.302999999999989278, 3.048000000000014253, 12.50000000000000178 ) ) ;
#1076 = DIRECTION ( 'NONE',  ( -1.000000000000000000, -3.614007241618348376E-15, -5.560011140951305498E-16 ) ) ;
#1077 = DIRECTION ( 'NONE',  ( -1.988267581731810459E-16, -6.123233995736835061E-17, 1.000000000000000000 ) ) ;
#1078 = FILL_AREA_STYLE_COLOUR ( '', #1119 ) ;
#1079 = MECHANICAL_DESIGN_GEOMETRIC_PRESENTATION_REPRESENTATION (  '', ( #4966 ), #164 ) ;
#1080 = DIRECTION ( 'NONE',  ( 1.988267581731810705E-16, 6.123233995736836294E-17, -1.000000000000000000 ) ) ;
#1081 = PRESENTATION_STYLE_ASSIGNMENT (( #5380 ) ) ;
#1082 = CARTESIAN_POINT ( 'NONE',  ( 2.969499999999999584, 0.3862611844574987408, 1.350000000000000533 ) ) ;
#1083 = FILL_AREA_STYLE ('',( #555 ) ) ;
#1084 = CARTESIAN_POINT ( 'NONE',  ( -4.952999999999994074, -3.048000000000018694, 18.00000000000000000 ) ) ;
#1085 = MECHANICAL_DESIGN_GEOMETRIC_PRESENTATION_REPRESENTATION (  '', ( #617 ), #345 ) ;
#1086 = EDGE_CURVE ( 'NONE', #4180, #382, #1571, .T. ) ;
#1087 = EDGE_CURVE ( 'NONE', #627, #390, #5022, .T. ) ;
#1088 = FILL_AREA_STYLE_COLOUR ( '', #525 ) ;
#1089 =( GEOMETRIC_REPRESENTATION_CONTEXT ( 3 ) GLOBAL_UNCERTAINTY_ASSIGNED_CONTEXT ( ( #4011 ) ) GLOBAL_UNIT_ASSIGNED_CONTEXT ( ( #5457, #301, #2354 ) ) REPRESENTATION_CONTEXT ( 'NONE', 'WORKASPACE' ) );
#1090 = EDGE_LOOP ( 'NONE', ( #225, #4463, #5, #363 ) ) ;
#1091 = PRESENTATION_STYLE_ASSIGNMENT (( #1120 ) ) ;
#1092 = ORIENTED_EDGE ( 'NONE', *, *, #5377, .F. ) ;
#1093 = ORIENTED_EDGE ( 'NONE', *, *, #3054, .T. ) ;
#1094 = PRODUCT_DEFINITION ( 'UNKNOWN', '', #2364, #4047 ) ;
#1095 = EDGE_CURVE ( 'NONE', #2363, #1358, #4227, .T. ) ;
#1096 = SURFACE_SIDE_STYLE ('',( #3256 ) ) ;
#1097 = PRESENTATION_LAYER_ASSIGNMENT (  '', '', ( #3081 ) ) ;
#1098 = CARTESIAN_POINT ( 'NONE',  ( -3.674454647697226850, 2.377049439419678833, 25.66900000000000404 ) ) ;
#1099 = MECHANICAL_DESIGN_GEOMETRIC_PRESENTATION_REPRESENTATION (  '', ( #820 ), #1529 ) ;
#1100 = SURFACE_SIDE_STYLE ('',( #292 ) ) ;
#1101 = FACE_OUTER_BOUND ( 'NONE', #4526, .T. ) ;
#1102 = ORIENTED_EDGE ( 'NONE', *, *, #1978, .T. ) ;
#1103 = AXIS2_PLACEMENT_3D ( 'NONE', #321, #5124, #3073 ) ;
#1104 = COLOUR_RGB ( '',0.2862745098039215508, 0.3254901960784313819, 0.5882352941176470784 ) ;
#1105 = FACE_OUTER_BOUND ( 'NONE', #1177, .T. ) ;
#1106 = SURFACE_SIDE_STYLE ('',( #1967 ) ) ;
#1107 = LINE ( 'NONE', #4562, #4193 ) ;
#1108 = AXIS2_PLACEMENT_3D ( 'NONE', #4754, #1221, #347 ) ;
#1109 = ORIENTED_EDGE ( 'NONE', *, *, #2914, .T. ) ;
#1110 = FACE_OUTER_BOUND ( 'NONE', #3814, .T. ) ;
#1111 = EDGE_CURVE ( 'NONE', #230, #2167, #3748, .T. ) ;
#1112 = DIRECTION ( 'NONE',  ( 6.385093352530581152E-17, -6.123233995736745082E-17, 1.000000000000000000 ) ) ;
#1113 = PRESENTATION_LAYER_ASSIGNMENT (  '', '', ( #550 ) ) ;
#1114 = CARTESIAN_POINT ( 'NONE',  ( 2.100261184457492547, -1.255499999999993621, 1.000000000000000888 ) ) ;
#1115 =( BOUNDED_CURVE ( )  B_SPLINE_CURVE ( 3, ( #609, #4931, #2714, #5245 ),
 .UNSPECIFIED., .F., .T. ) 
 B_SPLINE_CURVE_WITH_KNOTS ( ( 4, 4 ),
 ( 5.501585242055420544, 6.283185307179586232 ),
 .UNSPECIFIED. ) 
 CURVE ( )  GEOMETRIC_REPRESENTATION_ITEM ( )  RATIONAL_B_SPLINE_CURVE ( ( 1.000000000000000000, 0.9497364005219713912, 0.9497364005219713912, 1.000000000000000000 ) ) 
 REPRESENTATION_ITEM ( '' )  );
#1116 = MECHANICAL_DESIGN_GEOMETRIC_PRESENTATION_REPRESENTATION (  '', ( #3175 ), #4731 ) ;
#1117 = ORIENTED_EDGE ( 'NONE', *, *, #4256, .T. ) ;
#1118 = STYLED_ITEM ( 'NONE', ( #1091 ), #4895 ) ;
#1119 = COLOUR_RGB ( '',0.2862745098039215508, 0.3254901960784313819, 0.5882352941176470784 ) ;
#1120 = SURFACE_STYLE_USAGE ( .BOTH. , #1553 ) ;
#1121 = EDGE_CURVE ( 'NONE', #4830, #4822, #4943, .T. ) ;
#1122 = ORIENTED_EDGE ( 'NONE', *, *, #4453, .F. ) ;
#1123 = VERTEX_POINT ( 'NONE', #5162 ) ;
#1124 = UNCERTAINTY_MEASURE_WITH_UNIT (LENGTH_MEASURE( 1.000000000000000082E-05 ), #3500, 'distance_accuracy_value', 'NONE');
#1125 = DIRECTION ( 'NONE',  ( -1.000000000000000000, -3.448710007688152381E-15, -5.376517026358584721E-16 ) ) ;
#1126 = FILL_AREA_STYLE ('',( #3706 ) ) ;
#1127 = FILL_AREA_STYLE ('',( #1534 ) ) ;
#1128 = AXIS2_PLACEMENT_3D ( 'NONE', #5497, #3709, #1648 ) ;
#1129 = SURFACE_SIDE_STYLE ('',( #2394 ) ) ;
#1130 = ORIENTED_EDGE ( 'NONE', *, *, #3750, .T. ) ;
#1131 = VECTOR ( 'NONE', #556, 1000.000000000000114 ) ;
#1132 = DIRECTION ( 'NONE',  ( -1.988267581731810459E-16, -6.123233995736835061E-17, 1.000000000000000000 ) ) ;
#1133 = CARTESIAN_POINT ( 'NONE',  ( 2.765000000000001013, 9.679663484683361643E-15, -5.500000000000001776 ) ) ;
#1134 = UNCERTAINTY_MEASURE_WITH_UNIT (LENGTH_MEASURE( 1.000000000000000082E-05 ), #892, 'distance_accuracy_value', 'NONE');
#1135 = DIRECTION ( 'NONE',  ( 1.000000000000000000, 3.469446951953613400E-15, 1.988267581731812678E-16 ) ) ;
#1136 = STYLED_ITEM ( 'NONE', ( #1687 ), #283 ) ;
#1137 = VERTEX_POINT ( 'NONE', #1254 ) ;
#1138 = DIRECTION ( 'NONE',  ( 1.000000000000000000, 2.668805347656628059E-15, 6.672013369141570147E-16 ) ) ;
#1139 = LINE ( 'NONE', #665, #2413 ) ;
#1140 = TOROIDAL_SURFACE ( 'NONE', #3290, 0.2249999999999999778, 0.2000000000000000111 ) ;
#1141 = SURFACE_SIDE_STYLE ('',( #5009 ) ) ;
#1142 = SURFACE_SIDE_STYLE ('',( #2861 ) ) ;
#1143 = AXIS2_PLACEMENT_3D ( 'NONE', #3188, #1080, #1924 ) ;
#1144 = FILL_AREA_STYLE ('',( #4517 ) ) ;
#1145 = EDGE_LOOP ( 'NONE', ( #352, #1997 ) ) ;
#1146 = COLOUR_RGB ( '',0.7529411764705882248, 0.7529411764705882248, 0.7529411764705882248 ) ;
#1147 = DIRECTION ( 'NONE',  ( 1.988267581731810705E-16, 6.123233995736836294E-17, -1.000000000000000000 ) ) ;
#1148 = CARTESIAN_POINT ( 'NONE',  ( 4.271714774011130977, 1.926993128589419291, 25.66899999999999693 ) ) ;
#1149 = ORIENTED_EDGE ( 'NONE', *, *, #2421, .T. ) ;
#1150 = SURFACE_SIDE_STYLE ('',( #3250 ) ) ;
#1151 = DIRECTION ( 'NONE',  ( -1.000000000000000000, -3.252606517456513302E-15, 0.000000000000000000 ) ) ;
#1152 = ORIENTED_EDGE ( 'NONE', *, *, #2914, .F. ) ;
#1153 = STYLED_ITEM ( 'NONE', ( #4869 ), #1283 ) ;
#1154 = SURFACE_STYLE_USAGE ( .BOTH. , #1240 ) ;
#1155 = CYLINDRICAL_SURFACE ( 'NONE', #2875, 0.3900000000000000133 ) ;
#1156 = AXIS2_PLACEMENT_3D ( 'NONE', #1309, #4284, #2088 ) ;
#1157 = CARTESIAN_POINT ( 'NONE',  ( 3.831993128589400666, 2.366714774011255518, 25.66900000000000404 ) ) ;
#1158 = CARTESIAN_POINT ( 'NONE',  ( -3.674454647697228182, 2.416981201456834594, 25.21257787137383133 ) ) ;
#1159 =( NAMED_UNIT ( * ) SI_UNIT ( $, .STERADIAN. ) SOLID_ANGLE_UNIT ( ) );
#1160 = ORIENTED_EDGE ( 'NONE', *, *, #1111, .F. ) ;
#1161 = EDGE_CURVE ( 'NONE', #975, #2363, #3387, .T. ) ;
#1162 = DIRECTION ( 'NONE',  ( 1.000000000000000000, 3.614007241618343643E-15, 0.000000000000000000 ) ) ;
#1163 = CARTESIAN_POINT ( 'NONE',  ( -4.092690640145181469, -2.187690640145196319, 25.66900000000000048 ) ) ;
#1164 = VERTEX_POINT ( 'NONE', #298 ) ;
#1165 = EDGE_CURVE ( 'NONE', #1235, #2578, #4734, .T. ) ;
#1166 = FILL_AREA_STYLE ('',( #5042 ) ) ;
#1167 = PRESENTATION_LAYER_ASSIGNMENT (  '', '', ( #3501 ) ) ;
#1168 = FACE_OUTER_BOUND ( 'NONE', #5429, .T. ) ;
#1169 = ORIENTED_EDGE ( 'NONE', *, *, #1857, .T. ) ;
#1170 = VECTOR ( 'NONE', #122, 1000.000000000000000 ) ;
#1171 = SURFACE_STYLE_FILL_AREA ( #4650 ) ;
#1172 = ORIENTED_EDGE ( 'NONE', *, *, #3392, .F. ) ;
#1173 = CARTESIAN_POINT ( 'NONE',  ( -4.202614522761199289, 2.077766749692239845, 25.66899999999993653 ) ) ;
#1174 = CIRCLE ( 'NONE', #3234, 0.3500000000000000333 ) ;
#1175 = CARTESIAN_POINT ( 'NONE',  ( 2.559880592228748419, -1.715119407771248161, 7.000000000000001776 ) ) ;
#1176 = PRESENTATION_STYLE_ASSIGNMENT (( #1673 ) ) ;
#1177 = EDGE_LOOP ( 'NONE', ( #4271, #2380, #839, #2494 ) ) ;
#1178 = EDGE_CURVE ( 'NONE', #4822, #4830, #407, .T. ) ;
#1179 = VECTOR ( 'NONE', #4483, 1000.000000000000000 ) ;
#1180 = UNCERTAINTY_MEASURE_WITH_UNIT (LENGTH_MEASURE( 1.000000000000000082E-05 ), #3674, 'distance_accuracy_value', 'NONE');
#1181 = PRESENTATION_STYLE_ASSIGNMENT (( #5055 ) ) ;
#1182 = LINE ( 'NONE', #2873, #2508 ) ;
#1183 = CARTESIAN_POINT ( 'NONE',  ( 3.674454647697205090, 2.416981201456860351, 25.21257787137383488 ) ) ;
#1184 = DIRECTION ( 'NONE',  ( 1.988267581731810705E-16, 6.123233995736836294E-17, -1.000000000000000000 ) ) ;
#1185 = CARTESIAN_POINT ( 'NONE',  ( 3.674454647697204646, 2.416981201456861239, 25.21257787137383488 ) ) ;
#1186 = CARTESIAN_POINT ( 'NONE',  ( 4.952995311701730685, -2.400468757942074927, 18.00005358749448447 ) ) ;
#1187 = CIRCLE ( 'NONE', #4894, 0.2500000000000000000 ) ;
#1188 = CARTESIAN_POINT ( 'NONE',  ( 3.751824435404690128, 1.903546900521338348, 25.66900000000000048 ) ) ;
#1189 = DIRECTION ( 'NONE',  ( 1.988267581731810705E-16, 6.123233995736836294E-17, -1.000000000000000000 ) ) ;
#1190 = UNCERTAINTY_MEASURE_WITH_UNIT (LENGTH_MEASURE( 1.000000000000000082E-05 ), #1495, 'distance_accuracy_value', 'NONE');
#1191 = COLOUR_RGB ( '',0.2862745098039215508, 0.3254901960784313819, 0.5882352941176470784 ) ;
#1192 = AXIS2_PLACEMENT_3D ( 'NONE', #1788, #4872, #4013 ) ;
#1193 =( NAMED_UNIT ( * ) SI_UNIT ( $, .STERADIAN. ) SOLID_ANGLE_UNIT ( ) );
#1194 = CARTESIAN_POINT ( 'NONE',  ( -4.202614522761241922, -2.077766749692490755, 25.66899999999999693 ) ) ;
#1195 = ORIENTED_EDGE ( 'NONE', *, *, #3870, .T. ) ;
#1196 = EDGE_CURVE ( 'NONE', #5307, #3163, #5508, .T. ) ;
#1197 = FACE_OUTER_BOUND ( 'NONE', #4368, .T. ) ;
#1198 = PLANE ( 'NONE',  #2377 ) ;
#1199 = AXIS2_PLACEMENT_3D ( 'NONE', #294, #3375, #2881 ) ;
#1200 = STYLED_ITEM ( 'NONE', ( #1763 ), #3288 ) ;
#1201 = EDGE_CURVE ( 'NONE', #3119, #447, #2121, .T. ) ;
#1202 =( NAMED_UNIT ( * ) SI_UNIT ( $, .STERADIAN. ) SOLID_ANGLE_UNIT ( ) );
#1203 = DIRECTION ( 'NONE',  ( 6.385093352530581152E-17, -6.123233995736745082E-17, 1.000000000000000000 ) ) ;
#1204 = ORIENTED_EDGE ( 'NONE', *, *, #5154, .F. ) ;
#1205 = AXIS2_PLACEMENT_3D ( 'NONE', #5231, #5197, #1399 ) ;
#1206 = VERTEX_POINT ( 'NONE', #2952 ) ;
#1207 = DIRECTION ( 'NONE',  ( -1.988267581731810705E-16, -6.123233995736836294E-17, 1.000000000000000000 ) ) ;
#1208 = DIRECTION ( 'NONE',  ( 1.000000000000000000, 3.491481338843133355E-15, 0.000000000000000000 ) ) ;
#1209 = FILL_AREA_STYLE ('',( #1909 ) ) ;
#1210 = SURFACE_STYLE_USAGE ( .BOTH. , #3758 ) ;
#1211 = VECTOR ( 'NONE', #3428, 1000.000000000000000 ) ;
#1212 = CARTESIAN_POINT ( 'NONE',  ( 4.202999999999988745, 2.948000000000014609, 7.250000000000002665 ) ) ;
#1213 = DIRECTION ( 'NONE',  ( 0.000000000000000000, 0.000000000000000000, 1.000000000000000000 ) ) ;
#1214 = DIRECTION ( 'NONE',  ( -1.988267581731810705E-16, -6.123233995736836294E-17, 1.000000000000000000 ) ) ;
#1215 = CARTESIAN_POINT ( 'NONE',  ( -3.752388249660512987, 1.902983082116082914, 25.66900000000000048 ) ) ;
#1216 = CARTESIAN_POINT ( 'NONE',  ( 2.495357067885372476E-15, -0.6349999999999997868, -3.075000000000001510 ) ) ;
#1217 = DIRECTION ( 'NONE',  ( -1.000000000000000000, -3.614007241618348376E-15, -5.560011140951305498E-16 ) ) ;
#1218 =( GEOMETRIC_REPRESENTATION_CONTEXT ( 3 ) GLOBAL_UNCERTAINTY_ASSIGNED_CONTEXT ( ( #181 ) ) GLOBAL_UNIT_ASSIGNED_CONTEXT ( ( #5398, #3182, #2316 ) ) REPRESENTATION_CONTEXT ( 'NONE', 'WORKASPACE' ) );
#1219 = DIRECTION ( 'NONE',  ( 1.000000000000000000, 3.613946018757865348E-15, 0.000000000000000000 ) ) ;
#1220 = PRESENTATION_STYLE_ASSIGNMENT (( #2425 ) ) ;
#1221 = DIRECTION ( 'NONE',  ( -1.988267581731810212E-16, -6.123233995736836294E-17, 1.000000000000000000 ) ) ;
#1222 = CARTESIAN_POINT ( 'NONE',  ( -4.202999999999993186, -2.948000000000014165, 7.249999999999997335 ) ) ;
#1223 = MECHANICAL_DESIGN_GEOMETRIC_PRESENTATION_REPRESENTATION (  '', ( #3365 ), #3279 ) ;
#1224 =( LENGTH_UNIT ( ) NAMED_UNIT ( * ) SI_UNIT ( .MILLI., .METRE. ) );
#1225 = VERTEX_POINT ( 'NONE', #4644 ) ;
#1226 = PRESENTATION_STYLE_ASSIGNMENT (( #2889 ) ) ;
#1227 = COLOUR_RGB ( '',0.2862745098039215508, 0.3254901960784313819, 0.5882352941176470784 ) ;
#1228 = DIRECTION ( 'NONE',  ( -0.7071067811865452413, -0.7071067811865499042, -1.219758261085591863E-16 ) ) ;
#1229 = ORIENTED_EDGE ( 'NONE', *, *, #5372, .F. ) ;
#1230 = MECHANICAL_DESIGN_GEOMETRIC_PRESENTATION_REPRESENTATION (  '', ( #2283 ), #5299 ) ;
#1231 = DIRECTION ( 'NONE',  ( -1.988267581731810212E-16, -6.123233995736836294E-17, 1.000000000000000000 ) ) ;
#1232 = DIRECTION ( 'NONE',  ( -2.966873679532033666E-15, 1.000000000000000000, 6.123233995736770966E-17 ) ) ;
#1233 = EDGE_CURVE ( 'NONE', #3095, #975, #5135, .T. ) ;
#1234 = ORIENTED_EDGE ( 'NONE', *, *, #284, .F. ) ;
#1235 = VERTEX_POINT ( 'NONE', #326 ) ;
#1236 = DIRECTION ( 'NONE',  ( -0.9961946980917455452, -3.483531948310959730E-15, 0.08715574274765809648 ) ) ;
#1237 = ORIENTED_EDGE ( 'NONE', *, *, #2726, .F. ) ;
#1238 =( GEOMETRIC_REPRESENTATION_CONTEXT ( 3 ) GLOBAL_UNCERTAINTY_ASSIGNED_CONTEXT ( ( #1134 ) ) GLOBAL_UNIT_ASSIGNED_CONTEXT ( ( #892, #31, #1202 ) ) REPRESENTATION_CONTEXT ( 'NONE', 'WORKASPACE' ) );
#1239 = COLOUR_RGB ( '',0.2509803921568627416, 0.2509803921568627416, 0.2509803921568627416 ) ;
#1240 = SURFACE_SIDE_STYLE ('',( #4173 ) ) ;
#1241 = DIRECTION ( 'NONE',  ( -1.000000000000000000, -3.357436149580553077E-15, -2.749740109373716394E-16 ) ) ;
#1242 = FACE_OUTER_BOUND ( 'NONE', #256, .T. ) ;
#1243 = DIRECTION ( 'NONE',  ( -1.000000000000000000, -3.252606517456511724E-15, 0.000000000000000000 ) ) ;
#1244 = STYLED_ITEM ( 'NONE', ( #3666 ), #1408 ) ;
#1245 = ORIENTED_EDGE ( 'NONE', *, *, #1196, .F. ) ;
#1246 = CARTESIAN_POINT ( 'NONE',  ( 3.780185667963003926, 1.875185667963024327, 25.66900000000000048 ) ) ;
#1247 = DIRECTION ( 'NONE',  ( -1.000000000000000000, -3.614007241618348376E-15, -5.376517026358584721E-16 ) ) ;
#1248 = PRESENTATION_LAYER_ASSIGNMENT (  '', '', ( #1422 ) ) ;
#1249 = CARTESIAN_POINT ( 'NONE',  ( 3.751824435404700786, -1.903546900521315699, 25.66900000000000048 ) ) ;
#1250 = LINE ( 'NONE', #1768, #1418 ) ;
#1251 =( NAMED_UNIT ( * ) PLANE_ANGLE_UNIT ( ) SI_UNIT ( $, .RADIAN. ) );
#1252 = CARTESIAN_POINT ( 'NONE',  ( -1.520000000000001350, 0.6349999999999945688, -3.075000000000001510 ) ) ;
#1253 = ORIENTED_EDGE ( 'NONE', *, *, #2784, .T. ) ;
#1254 = CARTESIAN_POINT ( 'NONE',  ( -2.969499999999996032, -1.905500000000011296, 1.349999999999998757 ) ) ;
#1255 = ORIENTED_EDGE ( 'NONE', *, *, #3496, .F. ) ;
#1256 = SURFACE_STYLE_USAGE ( .BOTH. , #5552 ) ;
#1257 = PRESENTATION_LAYER_ASSIGNMENT (  '', '', ( #3059 ) ) ;
#1258 = LINE ( 'NONE', #859, #1982 ) ;
#1259 = ORIENTED_EDGE ( 'NONE', *, *, #1262, .F. ) ;
#1260 =( LENGTH_UNIT ( ) NAMED_UNIT ( * ) SI_UNIT ( .MILLI., .METRE. ) );
#1261 = DIRECTION ( 'NONE',  ( -1.988267581731810705E-16, -6.123233995736836294E-17, 1.000000000000000000 ) ) ;
#1262 = EDGE_CURVE ( 'NONE', #4068, #2644, #3320, .T. ) ;
#1263 = ORIENTED_EDGE ( 'NONE', *, *, #3973, .T. ) ;
#1264 = COLOUR_RGB ( '',0.2509803921568627416, 0.2509803921568627416, 0.2509803921568627416 ) ;
#1265 = EDGE_CURVE ( 'NONE', #3564, #2862, #2029, .T. ) ;
#1266 = PRESENTATION_STYLE_ASSIGNMENT (( #1760 ) ) ;
#1267 = SURFACE_STYLE_USAGE ( .BOTH. , #5113 ) ;
#1268 = ORIENTED_EDGE ( 'NONE', *, *, #1752, .F. ) ;
#1269 = ADVANCED_FACE ( 'NONE', ( #1197 ), #142, .T. ) ;
#1270 =( GEOMETRIC_REPRESENTATION_CONTEXT ( 3 ) GLOBAL_UNCERTAINTY_ASSIGNED_CONTEXT ( ( #3149 ) ) GLOBAL_UNIT_ASSIGNED_CONTEXT ( ( #386, #4324, #5137 ) ) REPRESENTATION_CONTEXT ( 'NONE', 'WORKASPACE' ) );
#1271 = CARTESIAN_POINT ( 'NONE',  ( -3.780185667963021690, 1.875185667962997460, 25.66900000000000048 ) ) ;
#1272 = CARTESIAN_POINT ( 'NONE',  ( -4.303000000000011482, 3.047999999999984055, 18.00000000000000000 ) ) ;
#1273 = DIRECTION ( 'NONE',  ( -1.988267581731810705E-16, -6.123233995736836294E-17, 1.000000000000000000 ) ) ;
#1274 =( NAMED_UNIT ( * ) PLANE_ANGLE_UNIT ( ) SI_UNIT ( $, .RADIAN. ) );
#1275 = MECHANICAL_DESIGN_GEOMETRIC_PRESENTATION_REPRESENTATION (  '', ( #818 ), #448 ) ;
#1276 = DIRECTION ( 'NONE',  ( 1.000000000000000000, 3.469446951953614189E-15, 0.000000000000000000 ) ) ;
#1277 = PRESENTATION_STYLE_ASSIGNMENT (( #1364 ) ) ;
#1278 = ORIENTED_EDGE ( 'NONE', *, *, #4551, .T. ) ;
#1279 = DIRECTION ( 'NONE',  ( 1.988267581731810705E-16, 6.123233995736836294E-17, -1.000000000000000000 ) ) ;
#1280 = STYLED_ITEM ( 'NONE', ( #4283 ), #2718 ) ;
#1281 =( LENGTH_UNIT ( ) NAMED_UNIT ( * ) SI_UNIT ( .MILLI., .METRE. ) );
#1282 =( NAMED_UNIT ( * ) SI_UNIT ( $, .STERADIAN. ) SOLID_ANGLE_UNIT ( ) );
#1283 = ADVANCED_FACE ( 'NONE', ( #3807 ), #566, .T. ) ;
#1284 = DIRECTION ( 'NONE',  ( -1.000000000000000000, -3.491481338843133355E-15, -5.376517026358584721E-16 ) ) ;
#1285 = ORIENTED_EDGE ( 'NONE', *, *, #3473, .T. ) ;
#1286 = SURFACE_STYLE_USAGE ( .BOTH. , #5167 ) ;
#1287 = LINE ( 'NONE', #2493, #258 ) ;
#1288 = AXIS2_PLACEMENT_3D ( 'NONE', #3264, #5094, #2086 ) ;
#1289 = ORIENTED_EDGE ( 'NONE', *, *, #4864, .F. ) ;
#1290 = EDGE_LOOP ( 'NONE', ( #770, #2135, #329, #1433 ) ) ;
#1291 = LINE ( 'NONE', #800, #4848 ) ;
#1292 = COLOUR_RGB ( '',0.7529411764705882248, 0.7529411764705882248, 0.7529411764705882248 ) ;
#1293 = CIRCLE ( 'NONE', #1626, 0.2500000000000000000 ) ;
#1294 = DIRECTION ( 'NONE',  ( 3.613946018757868503E-15, -1.000000000000000000, -6.123233995736764803E-17 ) ) ;
#1295 = SURFACE_SIDE_STYLE ('',( #369 ) ) ;
#1296 =( GEOMETRIC_REPRESENTATION_CONTEXT ( 3 ) GLOBAL_UNCERTAINTY_ASSIGNED_CONTEXT ( ( #1410 ) ) GLOBAL_UNIT_ASSIGNED_CONTEXT ( ( #1502, #1040, #1904 ) ) REPRESENTATION_CONTEXT ( 'NONE', 'WORKASPACE' ) );
#1297 = ADVANCED_FACE ( 'NONE', ( #4827 ), #4436, .T. ) ;
#1298 = DIRECTION ( 'NONE',  ( 1.000000000000000000, 3.614007241618343643E-15, 0.000000000000000000 ) ) ;
#1299 = SURFACE_STYLE_FILL_AREA ( #4398 ) ;
#1300 = ORIENTED_EDGE ( 'NONE', *, *, #5210, .T. ) ;
#1301 = CIRCLE ( 'NONE', #4561, 0.2500000000000000000 ) ;
#1302 = COLOUR_RGB ( '',0.2509803921568627416, 0.2509803921568627416, 0.2509803921568627416 ) ;
#1303 = UNCERTAINTY_MEASURE_WITH_UNIT (LENGTH_MEASURE( 1.000000000000000082E-05 ), #5088, 'distance_accuracy_value', 'NONE');
#1304 = FILL_AREA_STYLE ('',( #2057 ) ) ;
#1305 = DIRECTION ( 'NONE',  ( 1.000000000000000000, 3.491481338843130989E-15, 0.000000000000000000 ) ) ;
#1306 = EDGE_CURVE ( 'NONE', #3577, #4991, #341, .T. ) ;
#1307 = ADVANCED_FACE ( 'NONE', ( #3762 ), #1322, .T. ) ;
#1308 = CLOSED_SHELL ( 'NONE', ( #1703, #5128, #2052, #3336, #5213, #1736, #1514, #2267, #1800, #116, #4652, #2370, #517, #751, #3770, #3926, #328, #1053, #3098, #1864, #1493, #5411, #3568, #5308, #1522, #3958, #2248, #2548, #4678, #1003, #4880, #507, #4559, #1795, #1283, #5584, #1408, #4098, #2468, #17, #1297, #1072, #4863, #995, #4026, #4608, #4282, #965, #3590, #1826, #4024, #3689, #728, #3511, #3088, #2402, #4065, #5279, #283, #3049, #4634, #2261, #83, #3281, #3423, #309, #2741, #4519, #249, #5481, #4211, #3499, #2718, #5278, #2235, #2266, #4496, #3679, #2055, #4326, #2967, #1455, #3929, #4300, #3062, #4954, #1442, #885, #4903, #956, #4586, #3354, #707, #5247, #1402, #348, #2580, #5047, #1591, #1745, #3055, #3880, #1269, #3288, #5500, #3448, #3063, #4200, #1919, #2342, #3660, #2618, #4245, #1307, #4257, #457, #1044, #2925, #4935, #4067, #655, #3459, #1664, #78, #449, #2490, #4895 ) ) ;
#1309 = CARTESIAN_POINT ( 'NONE',  ( 1.269999999999998019, 0.6350000000000046718, 0.000000000000000000 ) ) ;
#1310 = CARTESIAN_POINT ( 'NONE',  ( -2.969499999999997808, -1.255500000000011385, 1.349999999999998757 ) ) ;
#1311 = VECTOR ( 'NONE', #815, 1000.000000000000114 ) ;
#1312 = DIRECTION ( 'NONE',  ( -0.08682659386424779191, 0.08682659386424740333, -0.9924325091389671893 ) ) ;
#1313 = FILL_AREA_STYLE ('',( #3494 ) ) ;
#1314 = VERTEX_POINT ( 'NONE', #2182 ) ;
#1315 = DIRECTION ( 'NONE',  ( 1.988267581731810705E-16, 6.123233995736836294E-17, -1.000000000000000000 ) ) ;
#1316 =( BOUNDED_SURFACE ( )  B_SPLINE_SURFACE ( 3, 2, ( 
 ( #5451, #2886, #5133 ),
 ( #1569, #3346, #1969 ),
 ( #4190, #1194, #4696 ),
 ( #3746, #1163, #4665 ) ),
 .UNSPECIFIED., .F., .F., .F. ) 
 B_SPLINE_SURFACE_WITH_KNOTS ( ( 4, 4 ),
 ( 3, 3 ),
 ( 5.501585242055417879, 6.283185307179587120 ),
 ( 0.000000000000000000, 1.000000000000000000 ),
 .UNSPECIFIED. ) 
 GEOMETRIC_REPRESENTATION_ITEM ( )  RATIONAL_B_SPLINE_SURFACE ( (
 ( 1.000000000000000000, 0.7372773368101200875, 1.000000000000000000),
 ( 1.000000000000000000, 0.7449550586513120631, 1.000000000000000000),
 ( 1.000000000000000000, 0.7493005499708246253, 1.000000000000000000),
 ( 1.000000000000000000, 0.7492634205062556063, 1.000000000000000000) ) ) 
 REPRESENTATION_ITEM ( '' )  SURFACE ( )  );
#1317 = FACE_OUTER_BOUND ( 'NONE', #167, .T. ) ;
#1318 =( GEOMETRIC_REPRESENTATION_CONTEXT ( 3 ) GLOBAL_UNCERTAINTY_ASSIGNED_CONTEXT ( ( #4511 ) ) GLOBAL_UNIT_ASSIGNED_CONTEXT ( ( #5002, #2022, #3312 ) ) REPRESENTATION_CONTEXT ( 'NONE', 'WORKASPACE' ) );
#1319 = EDGE_LOOP ( 'NONE', ( #780, #3598 ) ) ;
#1320 = CYLINDRICAL_SURFACE ( 'NONE', #2428, 0.3899999999999999578 ) ;
#1321 = DIRECTION ( 'NONE',  ( -3.491481338843133355E-15, 1.000000000000000000, 6.123233995736767268E-17 ) ) ;
#1322 = CYLINDRICAL_SURFACE ( 'NONE', #3572, 0.3500000000000001443 ) ;
#1323 = SURFACE_STYLE_USAGE ( .BOTH. , #5195 ) ;
#1324 = ORIENTED_EDGE ( 'NONE', *, *, #1846, .T. ) ;
#1325 = CARTESIAN_POINT ( 'NONE',  ( -1.660000000000001918, 0.6349999999999940137, -2.096841640279847982E-16 ) ) ;
#1326 = MECHANICAL_DESIGN_GEOMETRIC_PRESENTATION_REPRESENTATION (  '', ( #4759 ), #1409 ) ;
#1327 = ORIENTED_EDGE ( 'NONE', *, *, #4394, .T. ) ;
#1328 = PRESENTATION_LAYER_ASSIGNMENT (  '', '', ( #1921 ) ) ;
#1329 = CARTESIAN_POINT ( 'NONE',  ( -4.203000000000010061, 2.297999999999984944, 7.249999999999997335 ) ) ;
#1330 = CARTESIAN_POINT ( 'NONE',  ( 0.3899999999999980149, 0.6350000000000013411, 2.096841640279847982E-16 ) ) ;
#1331 =( NAMED_UNIT ( * ) SI_UNIT ( $, .STERADIAN. ) SOLID_ANGLE_UNIT ( ) );
#1332 =( NAMED_UNIT ( * ) SI_UNIT ( $, .STERADIAN. ) SOLID_ANGLE_UNIT ( ) );
#1333 = ORIENTED_EDGE ( 'NONE', *, *, #891, .T. ) ;
#1334 = AXIS2_PLACEMENT_3D ( 'NONE', #3297, #188, #5376 ) ;
#1335 = COLOUR_RGB ( '',0.2862745098039215508, 0.3254901960784313819, 0.5882352941176470784 ) ;
#1336 = DIRECTION ( 'NONE',  ( -2.478176394252581338E-15, 1.000000000000000000, 0.000000000000000000 ) ) ;
#1337 = CARTESIAN_POINT ( 'NONE',  ( 3.780185667963015028, -1.875185667963001013, 25.66900000000000048 ) ) ;
#1338 =( GEOMETRIC_REPRESENTATION_CONTEXT ( 3 ) GLOBAL_UNCERTAINTY_ASSIGNED_CONTEXT ( ( #1303 ) ) GLOBAL_UNIT_ASSIGNED_CONTEXT ( ( #5088, #3453, #2209 ) ) REPRESENTATION_CONTEXT ( 'NONE', 'WORKASPACE' ) );
#1339 = FILL_AREA_STYLE ('',( #3837 ) ) ;
#1340 = COLOUR_RGB ( '',0.8627450980392157298, 0.5882352941176470784, 0.06274509803921568540 ) ;
#1341 = PRESENTATION_STYLE_ASSIGNMENT (( #5217 ) ) ;
#1342 = VERTEX_POINT ( 'NONE', #64 ) ;
#1343 = EDGE_CURVE ( 'NONE', #4830, #2867, #3218, .T. ) ;
#1344 = STYLED_ITEM ( 'NONE', ( #4669 ), #1442 ) ;
#1345 = FACE_OUTER_BOUND ( 'NONE', #1478, .T. ) ;
#1346 = SURFACE_STYLE_FILL_AREA ( #947 ) ;
#1347 =( LENGTH_UNIT ( ) NAMED_UNIT ( * ) SI_UNIT ( .MILLI., .METRE. ) );
#1348 = ORIENTED_EDGE ( 'NONE', *, *, #3888, .F. ) ;
#1349 = EDGE_CURVE ( 'NONE', #4922, #4000, #4568, .T. ) ;
#1350 = FILL_AREA_STYLE_COLOUR ( '', #4354 ) ;
#1351 =( NAMED_UNIT ( * ) SI_UNIT ( $, .STERADIAN. ) SOLID_ANGLE_UNIT ( ) );
#1352 = DIRECTION ( 'NONE',  ( -1.000000000000000000, -3.469446951953614189E-15, 0.000000000000000000 ) ) ;
#1353 = VERTEX_POINT ( 'NONE', #4964 ) ;
#1354 = PLANE ( 'NONE',  #967 ) ;
#1355 = ORIENTED_EDGE ( 'NONE', *, *, #5067, .F. ) ;
#1356 = MECHANICAL_DESIGN_GEOMETRIC_PRESENTATION_REPRESENTATION (  '', ( #2214 ), #2125 ) ;
#1357 = CARTESIAN_POINT ( 'NONE',  ( 0.3899999999999978484, 0.6350000000000012301, 1.000000000000000888 ) ) ;
#1358 = VERTEX_POINT ( 'NONE', #3553 ) ;
#1359 = EDGE_CURVE ( 'NONE', #3276, #1599, #2008, .T. ) ;
#1360 =( LENGTH_UNIT ( ) NAMED_UNIT ( * ) SI_UNIT ( .MILLI., .METRE. ) );
#1361 = MECHANICAL_DESIGN_GEOMETRIC_PRESENTATION_REPRESENTATION (  '', ( #5328 ), #905 ) ;
#1362 = UNCERTAINTY_MEASURE_WITH_UNIT (LENGTH_MEASURE( 1.000000000000000082E-05 ), #431, 'distance_accuracy_value', 'NONE');
#1363 = DIRECTION ( 'NONE',  ( -1.000000000000000000, -3.854941057726238689E-15, 0.000000000000000000 ) ) ;
#1364 = SURFACE_STYLE_USAGE ( .BOTH. , #850 ) ;
#1365 = MECHANICAL_DESIGN_GEOMETRIC_PRESENTATION_REPRESENTATION (  '', ( #2769 ), #2039 ) ;
#1366 = ORIENTED_EDGE ( 'NONE', *, *, #3007, .F. ) ;
#1367 = FACE_OUTER_BOUND ( 'NONE', #1945, .T. ) ;
#1368 = CIRCLE ( 'NONE', #261, 0.3900000000000000133 ) ;
#1369 = EDGE_CURVE ( 'NONE', #4991, #4353, #61, .T. ) ;
#1370 = DIRECTION ( 'NONE',  ( 1.988267581731810705E-16, 6.123233995736836294E-17, -1.000000000000000000 ) ) ;
#1371 = CIRCLE ( 'NONE', #5174, 0.3899999999999999578 ) ;
#1372 = COLOUR_RGB ( '',0.8627450980392157298, 0.5882352941176470784, 0.06274509803921568540 ) ;
#1373 = CARTESIAN_POINT ( 'NONE',  ( -3.831993128589180841, -2.366714774011336342, 25.66900000000000404 ) ) ;
#1374 = EDGE_LOOP ( 'NONE', ( #5165, #736, #1840, #3914 ) ) ;
#1375 = FILL_AREA_STYLE_COLOUR ( '', #4758 ) ;
#1376 = ORIENTED_EDGE ( 'NONE', *, *, #656, .T. ) ;
#1377 = MECHANICAL_DESIGN_GEOMETRIC_PRESENTATION_REPRESENTATION (  '', ( #4082 ), #5261 ) ;
#1378 = FILL_AREA_STYLE ('',( #3832 ) ) ;
#1379 = DIRECTION ( 'NONE',  ( 1.000000000000000000, 3.336006684570782904E-15, 0.000000000000000000 ) ) ;
#1380 = PRESENTATION_STYLE_ASSIGNMENT (( #399 ) ) ;
#1381 = AXIS2_PLACEMENT_3D ( 'NONE', #4618, #5075, #2778 ) ;
#1382 = FACE_BOUND ( 'NONE', #1698, .T. ) ;
#1383 = ORIENTED_EDGE ( 'NONE', *, *, #4610, .F. ) ;
#1384 = MECHANICAL_DESIGN_GEOMETRIC_PRESENTATION_REPRESENTATION (  '', ( #2885 ), #4279 ) ;
#1385 =( NAMED_UNIT ( * ) PLANE_ANGLE_UNIT ( ) SI_UNIT ( $, .RADIAN. ) );
#1386 = COLOUR_RGB ( '',0.2862745098039215508, 0.3254901960784313819, 0.5882352941176470784 ) ;
#1387 = LINE ( 'NONE', #1888, #2871 ) ;
#1388 = CARTESIAN_POINT ( 'NONE',  ( -1.269999999999997575, -0.6350000000000042277, -3.175000000000000711 ) ) ;
#1389 = DIRECTION ( 'NONE',  ( 1.000000000000000000, 3.491481338843133355E-15, 5.376517026358584721E-16 ) ) ;
#1390 = ORIENTED_EDGE ( 'NONE', *, *, #3167, .F. ) ;
#1391 = STYLED_ITEM ( 'NONE', ( #767 ), #4954 ) ;
#1392 = DIRECTION ( 'NONE',  ( -1.000000000000000000, -3.491481338843133355E-15, -4.500924720696962274E-16 ) ) ;
#1393 = STYLED_ITEM ( 'NONE', ( #4375 ), #5247 ) ;
#1394 =( NAMED_UNIT ( * ) PLANE_ANGLE_UNIT ( ) SI_UNIT ( $, .RADIAN. ) );
#1395 = FACE_OUTER_BOUND ( 'NONE', #3139, .T. ) ;
#1396 =( NAMED_UNIT ( * ) SI_UNIT ( $, .STERADIAN. ) SOLID_ANGLE_UNIT ( ) );
#1397 = EDGE_LOOP ( 'NONE', ( #145, #2158 ) ) ;
#1398 = CARTESIAN_POINT ( 'NONE',  ( 2.540000000000000924, 8.894080183443658215E-15, -5.500000000000001776 ) ) ;
#1399 = DIRECTION ( 'NONE',  ( 1.000000000000000000, 3.252606517456511724E-15, 0.000000000000000000 ) ) ;
#1400 = ORIENTED_EDGE ( 'NONE', *, *, #30, .F. ) ;
#1401 = COLOUR_RGB ( '',0.2862745098039215508, 0.3254901960784313819, 0.5882352941176470784 ) ;
#1402 = ADVANCED_FACE ( 'NONE', ( #1828 ), #1498, .T. ) ;
#1403 = STYLED_ITEM ( 'NONE', ( #2672 ), #3684 ) ;
#1404 = CARTESIAN_POINT ( 'NONE',  ( 4.092690640145178804, -2.187690640145163457, 25.66900000000000404 ) ) ;
#1405 = DIRECTION ( 'NONE',  ( 1.988267581731810705E-16, 6.123233995736836294E-17, -1.000000000000000000 ) ) ;
#1406 = FACE_BOUND ( 'NONE', #3065, .T. ) ;
#1407 = ORIENTED_EDGE ( 'NONE', *, *, #5474, .T. ) ;
#1408 = ADVANCED_FACE ( 'NONE', ( #1037 ), #1061, .T. ) ;
#1409 =( GEOMETRIC_REPRESENTATION_CONTEXT ( 3 ) GLOBAL_UNCERTAINTY_ASSIGNED_CONTEXT ( ( #3316 ) ) GLOBAL_UNIT_ASSIGNED_CONTEXT ( ( #2082, #4277, #2971 ) ) REPRESENTATION_CONTEXT ( 'NONE', 'WORKASPACE' ) );
#1410 = UNCERTAINTY_MEASURE_WITH_UNIT (LENGTH_MEASURE( 1.000000000000000082E-05 ), #1502, 'distance_accuracy_value', 'NONE');
#1411 = DIRECTION ( 'NONE',  ( -2.966873679532034060E-15, 1.000000000000000000, 0.000000000000000000 ) ) ;
#1412 = LINE ( 'NONE', #4952, #2397 ) ;
#1413 = LINE ( 'NONE', #2341, #410 ) ;
#1414 = PRESENTATION_LAYER_ASSIGNMENT (  '', '', ( #5381 ) ) ;
#1415 =( NAMED_UNIT ( * ) SI_UNIT ( $, .STERADIAN. ) SOLID_ANGLE_UNIT ( ) );
#1416 = LINE ( 'NONE', #3520, #3229 ) ;
#1417 = MECHANICAL_DESIGN_GEOMETRIC_PRESENTATION_REPRESENTATION (  '', ( #977 ), #3131 ) ;
#1418 = VECTOR ( 'NONE', #813, 1000.000000000000000 ) ;
#1419 = SURFACE_STYLE_FILL_AREA ( #3607 ) ;
#1420 = LINE ( 'NONE', #1438, #2803 ) ;
#1421 = STYLED_ITEM ( 'NONE', ( #3789 ), #1307 ) ;
#1422 = STYLED_ITEM ( 'NONE', ( #3044 ), #1522 ) ;
#1423 = FILL_AREA_STYLE_COLOUR ( '', #1561 ) ;
#1424 = ORIENTED_EDGE ( 'NONE', *, *, #4963, .F. ) ;
#1425 = PRESENTATION_STYLE_ASSIGNMENT (( #3556 ) ) ;
#1426 = ORIENTED_EDGE ( 'NONE', *, *, #3167, .T. ) ;
#1427 = EDGE_CURVE ( 'NONE', #3276, #4235, #2806, .T. ) ;
#1428 = SURFACE_SIDE_STYLE ('',( #5287 ) ) ;
#1429 = EDGE_CURVE ( 'NONE', #1137, #3777, #667, .T. ) ;
#1430 = EDGE_LOOP ( 'NONE', ( #3029, #2213, #472, #367 ) ) ;
#1431 = PRESENTATION_STYLE_ASSIGNMENT (( #1789 ) ) ;
#1432 = CARTESIAN_POINT ( 'NONE',  ( 4.305468757942098712, -3.047995311701711785, 18.00005358749448803 ) ) ;
#1433 = ORIENTED_EDGE ( 'NONE', *, *, #2665, .F. ) ;
#1434 = UNCERTAINTY_MEASURE_WITH_UNIT (LENGTH_MEASURE( 1.000000000000000082E-05 ), #4811, 'distance_accuracy_value', 'NONE');
#1435 = CIRCLE ( 'NONE', #2854, 0.6500000000000000222 ) ;
#1436 = CARTESIAN_POINT ( 'NONE',  ( -3.674454647697212639, -1.918883852410990798, 25.66900000000000048 ) ) ;
#1437 = COLOUR_RGB ( '',0.2862745098039215508, 0.3254901960784313819, 0.5882352941176470784 ) ;
#1438 = CARTESIAN_POINT ( 'NONE',  ( -3.823883852410975503, -1.729522885660068621, 25.66900000000000048 ) ) ;
#1439 = PRESENTATION_STYLE_ASSIGNMENT (( #2206 ) ) ;
#1440 = AXIS2_PLACEMENT_3D ( 'NONE', #1793, #4433, #2228 ) ;
#1441 =( LENGTH_UNIT ( ) NAMED_UNIT ( * ) SI_UNIT ( .MILLI., .METRE. ) );
#1442 = ADVANCED_FACE ( 'NONE', ( #5434 ), #63, .T. ) ;
#1443 = PRESENTATION_LAYER_ASSIGNMENT (  '', '', ( #818 ) ) ;
#1444 = EDGE_LOOP ( 'NONE', ( #5517, #3581, #5452, #2435 ) ) ;
#1445 = CARTESIAN_POINT ( 'NONE',  ( 2.515239743702690898E-15, -0.6349999999999997868, -3.175000000000000711 ) ) ;
#1446 = AXIS2_PLACEMENT_3D ( 'NONE', #2221, #1022, #100 ) ;
#1447 = SURFACE_SIDE_STYLE ('',( #880 ) ) ;
#1448 = DIRECTION ( 'NONE',  ( 1.988267581731810459E-16, 6.123233995736835061E-17, -1.000000000000000000 ) ) ;
#1449 = FACE_BOUND ( 'NONE', #564, .T. ) ;
#1450 = CARTESIAN_POINT ( 'NONE',  ( 2.515239743702690898E-15, -0.6349999999999997868, -3.175000000000000711 ) ) ;
#1451 = AXIS2_PLACEMENT_3D ( 'NONE', #783, #4220, #2942 ) ;
#1452 = STYLED_ITEM ( 'NONE', ( #3894 ), #3055 ) ;
#1453 = EDGE_LOOP ( 'NONE', ( #1234, #2544, #1019, #270 ) ) ;
#1454 = ORIENTED_EDGE ( 'NONE', *, *, #4610, .T. ) ;
#1455 = ADVANCED_FACE ( 'NONE', ( #1547, #3273 ), #2459, .F. ) ;
#1456 = DIRECTION ( 'NONE',  ( -1.988267581731810459E-16, -6.123233995736835061E-17, 1.000000000000000000 ) ) ;
#1457 = PRESENTATION_LAYER_ASSIGNMENT (  '', '', ( #1725 ) ) ;
#1458 = AXIS2_PLACEMENT_3D ( 'NONE', #3376, #5125, #5183 ) ;
#1459 = DIRECTION ( 'NONE',  ( 5.376517026358582749E-16, 6.123233995736954623E-17, -1.000000000000000000 ) ) ;
#1460 = CARTESIAN_POINT ( 'NONE',  ( -2.539999999999996039, -1.016000000000008674, -5.500000000000001776 ) ) ;
#1461 = SURFACE_STYLE_FILL_AREA ( #3232 ) ;
#1462 = ORIENTED_EDGE ( 'NONE', *, *, #3662, .F. ) ;
#1463 =( GEOMETRIC_REPRESENTATION_CONTEXT ( 3 ) GLOBAL_UNCERTAINTY_ASSIGNED_CONTEXT ( ( #4127 ) ) GLOBAL_UNIT_ASSIGNED_CONTEXT ( ( #1526, #305, #3753 ) ) REPRESENTATION_CONTEXT ( 'NONE', 'WORKASPACE' ) );
#1464 = EDGE_CURVE ( 'NONE', #1991, #2386, #4293, .T. ) ;
#1465 = PRESENTATION_STYLE_ASSIGNMENT (( #3683 ) ) ;
#1466 = DIRECTION ( 'NONE',  ( 1.988267581731810705E-16, 6.123233995736836294E-17, -1.000000000000000000 ) ) ;
#1467 = DIRECTION ( 'NONE',  ( -1.988267581731810705E-16, -6.123233995736836294E-17, 1.000000000000000000 ) ) ;
#1468 = DIRECTION ( 'NONE',  ( 1.000000000000000000, 3.336006684570782904E-15, 1.988267581731812924E-16 ) ) ;
#1469 = ORIENTED_EDGE ( 'NONE', *, *, #3468, .T. ) ;
#1470 = PRESENTATION_STYLE_ASSIGNMENT (( #5456 ) ) ;
#1471 = MECHANICAL_DESIGN_GEOMETRIC_PRESENTATION_REPRESENTATION (  '', ( #5540 ), #1552 ) ;
#1472 =( GEOMETRIC_REPRESENTATION_CONTEXT ( 3 ) GLOBAL_UNCERTAINTY_ASSIGNED_CONTEXT ( ( #5041 ) ) GLOBAL_UNIT_ASSIGNED_CONTEXT ( ( #4969, #4550, #4523 ) ) REPRESENTATION_CONTEXT ( 'NONE', 'WORKASPACE' ) );
#1473 = CYLINDRICAL_SURFACE ( 'NONE', #1613, 0.6500000000000000222 ) ;
#1474 = SURFACE_SIDE_STYLE ('',( #4544 ) ) ;
#1475 = FILL_AREA_STYLE_COLOUR ( '', #4567 ) ;
#1476 = PRESENTATION_LAYER_ASSIGNMENT (  '', '', ( #4009 ) ) ;
#1477 = DIRECTION ( 'NONE',  ( 0.08682659386424800008, -0.08682659386424726455, -0.9924325091389669673 ) ) ;
#1478 = EDGE_LOOP ( 'NONE', ( #3349, #5592, #3795, #1327 ) ) ;
#1479 = AXIS2_PLACEMENT_3D ( 'NONE', #3986, #2767, #1050 ) ;
#1480 = FACE_BOUND ( 'NONE', #1984, .T. ) ;
#1481 = DIRECTION ( 'NONE',  ( 1.988267581731810705E-16, 6.123233995736836294E-17, -1.000000000000000000 ) ) ;
#1482 = ORIENTED_EDGE ( 'NONE', *, *, #1738, .T. ) ;
#1483 = PRESENTATION_LAYER_ASSIGNMENT (  '', '', ( #3365 ) ) ;
#1484 = CARTESIAN_POINT ( 'NONE',  ( 3.844455342551639010, -2.415989596384127136, 25.22391196921859446 ) ) ;
#1485 = DIRECTION ( 'NONE',  ( 1.000000000000000000, 2.966873679532034060E-15, 1.112675276070189244E-16 ) ) ;
#1486 = CARTESIAN_POINT ( 'NONE',  ( 2.100261184457484109, 1.555500000000006988, 1.350000000000000533 ) ) ;
#1487 = FILL_AREA_STYLE_COLOUR ( '', #506 ) ;
#1488 = FILL_AREA_STYLE ('',( #4449 ) ) ;
#1489 = DIRECTION ( 'NONE',  ( 1.988267581731810705E-16, 6.123233995736836294E-17, -1.000000000000000000 ) ) ;
#1490 = CARTESIAN_POINT ( 'NONE',  ( 1.419999999999999041, 0.6350000000000054490, -3.175000000000000711 ) ) ;
#1491 =( GEOMETRIC_REPRESENTATION_CONTEXT ( 3 ) GLOBAL_UNCERTAINTY_ASSIGNED_CONTEXT ( ( #4693 ) ) GLOBAL_UNIT_ASSIGNED_CONTEXT ( ( #2356, #279, #3718 ) ) REPRESENTATION_CONTEXT ( 'NONE', 'WORKASPACE' ) );
#1492 = SURFACE_STYLE_USAGE ( .BOTH. , #4537 ) ;
#1493 = ADVANCED_FACE ( 'NONE', ( #1317 ), #3022, .T. ) ;
#1494 = EDGE_CURVE ( 'NONE', #1500, #1342, #5480, .T. ) ;
#1495 =( LENGTH_UNIT ( ) NAMED_UNIT ( * ) SI_UNIT ( .MILLI., .METRE. ) );
#1496 = DIRECTION ( 'NONE',  ( 1.988267581731810705E-16, 6.123233995736836294E-17, -1.000000000000000000 ) ) ;
#1497 = MECHANICAL_DESIGN_GEOMETRIC_PRESENTATION_REPRESENTATION (  '', ( #3946 ), #310 ) ;
#1498 = PLANE ( 'NONE',  #979 ) ;
#1499 = CYLINDRICAL_SURFACE ( 'NONE', #5302, 0.4250000000000000444 ) ;
#1500 = VERTEX_POINT ( 'NONE', #2204 ) ;
#1501 = PRESENTATION_LAYER_ASSIGNMENT (  '', '', ( #887 ) ) ;
#1502 =( LENGTH_UNIT ( ) NAMED_UNIT ( * ) SI_UNIT ( .MILLI., .METRE. ) );
#1503 = CARTESIAN_POINT ( 'NONE',  ( 3.823883849520886447, 1.808915879698171469, 25.66900000000000048 ) ) ;
#1504 = EDGE_LOOP ( 'NONE', ( #1149, #3784 ) ) ;
#1505 = ORIENTED_EDGE ( 'NONE', *, *, #2124, .F. ) ;
#1506 = SURFACE_STYLE_FILL_AREA ( #3333 ) ;
#1507 = EDGE_LOOP ( 'NONE', ( #626, #465 ) ) ;
#1508 = ORIENTED_EDGE ( 'NONE', *, *, #945, .F. ) ;
#1509 = CYLINDRICAL_SURFACE ( 'NONE', #3705, 0.2500000000000000000 ) ;
#1510 = UNCERTAINTY_MEASURE_WITH_UNIT (LENGTH_MEASURE( 1.000000000000000082E-05 ), #3826, 'distance_accuracy_value', 'NONE');
#1511 = CYLINDRICAL_SURFACE ( 'NONE', #5342, 0.5000000000000000000 ) ;
#1512 = SURFACE_STYLE_FILL_AREA ( #1126 ) ;
#1513 =( LENGTH_UNIT ( ) NAMED_UNIT ( * ) SI_UNIT ( .MILLI., .METRE. ) );
#1514 = ADVANCED_FACE ( 'NONE', ( #2348 ), #2567, .T. ) ;
#1515 = AXIS2_PLACEMENT_3D ( 'NONE', #4305, #900, #2475 ) ;
#1516 = AXIS2_PLACEMENT_3D ( 'NONE', #2304, #1405, #4889 ) ;
#1517 = ORIENTED_EDGE ( 'NONE', *, *, #3422, .F. ) ;
#1518 = SURFACE_SIDE_STYLE ('',( #3270 ) ) ;
#1519 = DIRECTION ( 'NONE',  ( -1.988267581731810705E-16, -6.123233995736836294E-17, 1.000000000000000000 ) ) ;
#1520 =( NAMED_UNIT ( * ) PLANE_ANGLE_UNIT ( ) SI_UNIT ( $, .RADIAN. ) );
#1521 = DIRECTION ( 'NONE',  ( 1.988267581731810705E-16, 6.123233995736836294E-17, -1.000000000000000000 ) ) ;
#1522 = ADVANCED_FACE ( 'NONE', ( #213 ), #2115, .T. ) ;
#1523 = FACE_OUTER_BOUND ( 'NONE', #677, .T. ) ;
#1524 = ORIENTED_EDGE ( 'NONE', *, *, #161, .T. ) ;
#1525 = VECTOR ( 'NONE', #3241, 1000.000000000000114 ) ;
#1526 =( LENGTH_UNIT ( ) NAMED_UNIT ( * ) SI_UNIT ( .MILLI., .METRE. ) );
#1527 = CARTESIAN_POINT ( 'NONE',  ( -4.321981201456859267, 1.769454647697197736, 25.21257787137382422 ) ) ;
#1528 = ORIENTED_EDGE ( 'NONE', *, *, #620, .F. ) ;
#1529 =( GEOMETRIC_REPRESENTATION_CONTEXT ( 3 ) GLOBAL_UNCERTAINTY_ASSIGNED_CONTEXT ( ( #2789 ) ) GLOBAL_UNIT_ASSIGNED_CONTEXT ( ( #3285, #2366, #237 ) ) REPRESENTATION_CONTEXT ( 'NONE', 'WORKASPACE' ) );
#1530 = SURFACE_STYLE_USAGE ( .BOTH. , #260 ) ;
#1531 = PRESENTATION_STYLE_ASSIGNMENT (( #1154 ) ) ;
#1532 =( NAMED_UNIT ( * ) SI_UNIT ( $, .STERADIAN. ) SOLID_ANGLE_UNIT ( ) );
#1533 = CARTESIAN_POINT ( 'NONE',  ( -3.674454647697224186, 1.918883852410967039, 25.16900000000000048 ) ) ;
#1534 = FILL_AREA_STYLE_COLOUR ( '', #1386 ) ;
#1535 =( LENGTH_UNIT ( ) NAMED_UNIT ( * ) SI_UNIT ( .MILLI., .METRE. ) );
#1536 = ORIENTED_EDGE ( 'NONE', *, *, #3750, .F. ) ;
#1537 =( GEOMETRIC_REPRESENTATION_CONTEXT ( 3 ) GLOBAL_UNCERTAINTY_ASSIGNED_CONTEXT ( ( #4577 ) ) GLOBAL_UNIT_ASSIGNED_CONTEXT ( ( #1360, #1385, #876 ) ) REPRESENTATION_CONTEXT ( 'NONE', 'WORKASPACE' ) );
#1538 = AXIS2_PLACEMENT_3D ( 'NONE', #2998, #430, #1213 ) ;
#1539 = DIRECTION ( 'NONE',  ( -1.000000000000000000, -3.491481338843133355E-15, -5.376517026358584721E-16 ) ) ;
#1540 = CARTESIAN_POINT ( 'NONE',  ( -0.8799999999999982281, -0.6350000000000032285, 7.754243568754068703E-17 ) ) ;
#1541 = SURFACE_SIDE_STYLE ('',( #4585 ) ) ;
#1542 = COLOUR_RGB ( '',0.8627450980392157298, 0.5882352941176470784, 0.06274509803921568540 ) ;
#1543 = MECHANICAL_DESIGN_GEOMETRIC_PRESENTATION_REPRESENTATION (  '', ( #829 ), #3609 ) ;
#1544 = ORIENTED_EDGE ( 'NONE', *, *, #5185, .F. ) ;
#1545 =( LENGTH_UNIT ( ) NAMED_UNIT ( * ) SI_UNIT ( .MILLI., .METRE. ) );
#1546 = FILL_AREA_STYLE_COLOUR ( '', #2771 ) ;
#1547 = FACE_BOUND ( 'NONE', #646, .T. ) ;
#1548 = SURFACE_STYLE_FILL_AREA ( #5436 ) ;
#1549 = ORIENTED_EDGE ( 'NONE', *, *, #1178, .T. ) ;
#1550 = AXIS2_PLACEMENT_3D ( 'NONE', #901, #4781, #4306 ) ;
#1551 = DIRECTION ( 'NONE',  ( -1.988267581731810459E-16, -6.123233995736835061E-17, 1.000000000000000000 ) ) ;
#1552 =( GEOMETRIC_REPRESENTATION_CONTEXT ( 3 ) GLOBAL_UNCERTAINTY_ASSIGNED_CONTEXT ( ( #4195 ) ) GLOBAL_UNIT_ASSIGNED_CONTEXT ( ( #136, #5350, #611 ) ) REPRESENTATION_CONTEXT ( 'NONE', 'WORKASPACE' ) );
#1553 = SURFACE_SIDE_STYLE ('',( #4119 ) ) ;
#1554 = CARTESIAN_POINT ( 'NONE',  ( 1.269999999999998685, 0.6350000000000048939, -3.175000000000000711 ) ) ;
#1555 = EDGE_CURVE ( 'NONE', #821, #5111, #3836, .T. ) ;
#1556 = EDGE_LOOP ( 'NONE', ( #548, #4204, #1658, #482 ) ) ;
#1557 = EDGE_CURVE ( 'NONE', #3956, #2867, #2932, .T. ) ;
#1558 = UNCERTAINTY_MEASURE_WITH_UNIT (LENGTH_MEASURE( 1.000000000000000082E-05 ), #2721, 'distance_accuracy_value', 'NONE');
#1559 = DIRECTION ( 'NONE',  ( 2.668805347656626087E-15, -1.000000000000000000, 0.000000000000000000 ) ) ;
#1560 = FILL_AREA_STYLE ('',( #5393 ) ) ;
#1561 = COLOUR_RGB ( '',0.2862745098039215508, 0.3254901960784313819, 0.5882352941176470784 ) ;
#1562 =( GEOMETRIC_REPRESENTATION_CONTEXT ( 3 ) GLOBAL_UNCERTAINTY_ASSIGNED_CONTEXT ( ( #4104 ) ) GLOBAL_UNIT_ASSIGNED_CONTEXT ( ( #49, #3403, #2624 ) ) REPRESENTATION_CONTEXT ( 'NONE', 'WORKASPACE' ) );
#1563 = CARTESIAN_POINT ( 'NONE',  ( -3.847906756058745881, 2.415969464493974428, 25.22414207777594441 ) ) ;
#1564 = DIRECTION ( 'NONE',  ( 1.988267581731810705E-16, 6.123233995736836294E-17, -1.000000000000000000 ) ) ;
#1565 = ORIENTED_EDGE ( 'NONE', *, *, #247, .T. ) ;
#1566 = UNCERTAINTY_MEASURE_WITH_UNIT (LENGTH_MEASURE( 1.000000000000000082E-05 ), #2497, 'distance_accuracy_value', 'NONE');
#1567 = SURFACE_STYLE_FILL_AREA ( #3713 ) ;
#1568 = MECHANICAL_DESIGN_GEOMETRIC_PRESENTATION_REPRESENTATION (  '', ( #1136 ), #2909 ) ;
#1569 = CARTESIAN_POINT ( 'NONE',  ( -4.320989596384126941, -1.939455342551643202, 25.22391196921871526 ) ) ;
#1570 = VERTEX_POINT ( 'NONE', #3179 ) ;
#1571 = LINE ( 'NONE', #3383, #501 ) ;
#1572 = COLOUR_RGB ( '',0.7529411764705882248, 0.7529411764705882248, 0.7529411764705882248 ) ;
#1573 = COLOUR_RGB ( '',0.2509803921568627416, 0.2509803921568627416, 0.2509803921568627416 ) ;
#1574 = CARTESIAN_POINT ( 'NONE',  ( -3.674454647697228182, 2.416981201456834594, 25.21257787137383133 ) ) ;
#1575 =( NAMED_UNIT ( * ) SI_UNIT ( $, .STERADIAN. ) SOLID_ANGLE_UNIT ( ) );
#1576 = VECTOR ( 'NONE', #3017, 1000.000000000000000 ) ;
#1577 = FACE_BOUND ( 'NONE', #2491, .T. ) ;
#1578 = VERTEX_POINT ( 'NONE', #2680 ) ;
#1579 = VECTOR ( 'NONE', #3884, 1000.000000000000000 ) ;
#1580 = DIRECTION ( 'NONE',  ( 1.988267581731810705E-16, 6.123233995736836294E-17, -1.000000000000000000 ) ) ;
#1581 = PRESENTATION_STYLE_ASSIGNMENT (( #2006 ) ) ;
#1582 =( NAMED_UNIT ( * ) SI_UNIT ( $, .STERADIAN. ) SOLID_ANGLE_UNIT ( ) );
#1583 = VECTOR ( 'NONE', #4112, 1000.000000000000000 ) ;
#1584 = COLOUR_RGB ( '',0.2509803921568627416, 0.2509803921568627416, 0.2509803921568627416 ) ;
#1585 = EDGE_LOOP ( 'NONE', ( #3920, #95, #248, #2189 ) ) ;
#1586 = CARTESIAN_POINT ( 'NONE',  ( 1.419999999999999041, 0.6350000000000054490, -3.075000000000001510 ) ) ;
#1587 = ORIENTED_EDGE ( 'NONE', *, *, #1121, .T. ) ;
#1588 = FACE_OUTER_BOUND ( 'NONE', #319, .T. ) ;
#1589 = FILL_AREA_STYLE ('',( #3732 ) ) ;
#1590 = FILL_AREA_STYLE ('',( #3675 ) ) ;
#1591 = ADVANCED_FACE ( 'NONE', ( #103 ), #4014, .T. ) ;
#1592 = EDGE_CURVE ( 'NONE', #642, #4053, #5053, .T. ) ;
#1593 = FILL_AREA_STYLE ('',( #2368 ) ) ;
#1594 = CARTESIAN_POINT ( 'NONE',  ( -1.119999999999997220, -0.6350000000000036726, -3.175000000000000711 ) ) ;
#1595 = CARTESIAN_POINT ( 'NONE',  ( 4.953000000000005620, -3.047999999999984055, 18.00000000000000355 ) ) ;
#1596 = FACE_OUTER_BOUND ( 'NONE', #3223, .T. ) ;
#1597 = CARTESIAN_POINT ( 'NONE',  ( -4.952999999999995850, -2.398000000000017895, 7.249999999999997335 ) ) ;
#1598 = SURFACE_STYLE_FILL_AREA ( #719 ) ;
#1599 = VERTEX_POINT ( 'NONE', #519 ) ;
#1600 = DIRECTION ( 'NONE',  ( -1.988267581731810459E-16, -6.123233995736835061E-17, 1.000000000000000000 ) ) ;
#1601 = FILL_AREA_STYLE_COLOUR ( '', #4233 ) ;
#1602 = CIRCLE ( 'NONE', #3315, 0.1000000000000000472 ) ;
#1603 = ORIENTED_EDGE ( 'NONE', *, *, #1890, .T. ) ;
#1604 = CIRCLE ( 'NONE', #1516, 0.2999999999999999334 ) ;
#1605 =( LENGTH_UNIT ( ) NAMED_UNIT ( * ) SI_UNIT ( .MILLI., .METRE. ) );
#1607 =( NAMED_UNIT ( * ) PLANE_ANGLE_UNIT ( ) SI_UNIT ( $, .RADIAN. ) );
#1606 = PRESENTATION_STYLE_ASSIGNMENT (( #3754 ) ) ;
#1608 = VERTEX_POINT ( 'NONE', #2659 ) ;
#1609 = FILL_AREA_STYLE ('',( #5490 ) ) ;
#1610 = CIRCLE ( 'NONE', #4795, 0.1000000000000000056 ) ;
#1611 = FACE_OUTER_BOUND ( 'NONE', #608, .T. ) ;
#1612 = VERTEX_POINT ( 'NONE', #604 ) ;
#1613 = AXIS2_PLACEMENT_3D ( 'NONE', #505, #527, #2181 ) ;
#1614 = UNCERTAINTY_MEASURE_WITH_UNIT (LENGTH_MEASURE( 1.000000000000000082E-05 ), #2572, 'distance_accuracy_value', 'NONE');
#1615 = DIRECTION ( 'NONE',  ( 1.000000000000000000, 3.614007241618348376E-15, 5.376517026358584721E-16 ) ) ;
#1616 = CARTESIAN_POINT ( 'NONE',  ( -2.969500000000006690, 1.255499999999989402, 6.999999999999998224 ) ) ;
#1617 =( NAMED_UNIT ( * ) PLANE_ANGLE_UNIT ( ) SI_UNIT ( $, .RADIAN. ) );
#1618 = PRESENTATION_STYLE_ASSIGNMENT (( #290 ) ) ;
#1619 = SURFACE_STYLE_FILL_AREA ( #5496 ) ;
#1620 = DIRECTION ( 'NONE',  ( -1.988267581731810705E-16, -6.123233995736836294E-17, 1.000000000000000000 ) ) ;
#1621 = LINE ( 'NONE', #4581, #388 ) ;
#1622 = MECHANICAL_DESIGN_GEOMETRIC_PRESENTATION_REPRESENTATION (  '', ( #4362 ), #5166 ) ;
#1623 = EDGE_CURVE ( 'NONE', #3822, #3777, #2313, .T. ) ;
#1624 = DIRECTION ( 'NONE',  ( 1.000000000000000000, 3.491481338843133355E-15, 5.376517026358584721E-16 ) ) ;
#1625 = FILL_AREA_STYLE ('',( #4726 ) ) ;
#1626 = AXIS2_PLACEMENT_3D ( 'NONE', #3858, #2964, #3399 ) ;
#1627 =( LENGTH_UNIT ( ) NAMED_UNIT ( * ) SI_UNIT ( .MILLI., .METRE. ) );
#1628 = AXIS2_PLACEMENT_3D ( 'NONE', #1486, #1125, #4530 ) ;
#1629 = ORIENTED_EDGE ( 'NONE', *, *, #3613, .F. ) ;
#1630 = DIRECTION ( 'NONE',  ( 6.385093352530581152E-17, -6.123233995736745082E-17, 1.000000000000000000 ) ) ;
#1631 = EDGE_CURVE ( 'NONE', #5338, #2559, #1412, .T. ) ;
#1632 = AXIS2_PLACEMENT_3D ( 'NONE', #3989, #4076, #1392 ) ;
#1633 = PRESENTATION_LAYER_ASSIGNMENT (  '', '', ( #1804 ) ) ;
#1634 =( NAMED_UNIT ( * ) PLANE_ANGLE_UNIT ( ) SI_UNIT ( $, .RADIAN. ) );
#1635 = CIRCLE ( 'NONE', #462, 0.3900000000000000133 ) ;
#1636 = ORIENTED_EDGE ( 'NONE', *, *, #1631, .T. ) ;
#1637 = VECTOR ( 'NONE', #1551, 1000.000000000000000 ) ;
#1638 = LINE ( 'NONE', #3303, #1637 ) ;
#1639 = CYLINDRICAL_SURFACE ( 'NONE', #2405, 0.3899999999999999578 ) ;
#1640 = ORIENTED_EDGE ( 'NONE', *, *, #5298, .F. ) ;
#1641 = AXIS2_PLACEMENT_3D ( 'NONE', #504, #2205, #446 ) ;
#1642 = CARTESIAN_POINT ( 'NONE',  ( -3.619499999999997719, -1.255500000000013605, 1.349999999999996980 ) ) ;
#1643 = CIRCLE ( 'NONE', #4829, 0.2249999999999999500 ) ;
#1644 = DIRECTION ( 'NONE',  ( 1.988267581731810705E-16, 6.123233995736836294E-17, -1.000000000000000000 ) ) ;
#1645 = SURFACE_SIDE_STYLE ('',( #3038 ) ) ;
#1646 = CARTESIAN_POINT ( 'NONE',  ( -1.270000000000002016, 0.6349999999999953459, 0.000000000000000000 ) ) ;
#1647 = PRESENTATION_STYLE_ASSIGNMENT (( #1943 ) ) ;
#1648 = DIRECTION ( 'NONE',  ( -1.000000000000000000, -3.614007241618348376E-15, -5.376517026358584721E-16 ) ) ;
#1649 = SURFACE_STYLE_FILL_AREA ( #4584 ) ;
#1650 = LINE ( 'NONE', #3868, #2424 ) ;
#1651 = CARTESIAN_POINT ( 'NONE',  ( 4.303000000000006153, -3.047999999999985832, 18.00000000000000355 ) ) ;
#1652 = FILL_AREA_STYLE ('',( #2025 ) ) ;
#1653 = CIRCLE ( 'NONE', #2448, 0.4250000000000000444 ) ;
#1654 = SURFACE_STYLE_FILL_AREA ( #3408 ) ;
#1655 = CARTESIAN_POINT ( 'NONE',  ( -3.714715535079772923, 1.918883852410961710, 25.66900000000000048 ) ) ;
#1656 = CARTESIAN_POINT ( 'NONE',  ( 3.780185667963015028, -1.875185667963001013, 25.66900000000000048 ) ) ;
#1657 =( NAMED_UNIT ( * ) SI_UNIT ( $, .STERADIAN. ) SOLID_ANGLE_UNIT ( ) );
#1658 = ORIENTED_EDGE ( 'NONE', *, *, #5185, .T. ) ;
#1659 = DIRECTION ( 'NONE',  ( 1.988267581731810705E-16, 6.123233995736836294E-17, -1.000000000000000000 ) ) ;
#1660 = PRESENTATION_LAYER_ASSIGNMENT (  '', '', ( #1403 ) ) ;
#1661 = CARTESIAN_POINT ( 'NONE',  ( -4.953000000000009173, 2.397999999999980147, 7.249999999999997335 ) ) ;
#1662 = TOROIDAL_SURFACE ( 'NONE', #4847, 0.2250000000000000888, 0.2000000000000000111 ) ;
#1663 = EDGE_CURVE ( 'NONE', #132, #423, #3631, .T. ) ;
#1664 = ADVANCED_FACE ( 'NONE', ( #2287 ), #2636, .T. ) ;
#1665 = DIRECTION ( 'NONE',  ( -5.376517026358582749E-16, -6.123233995736954623E-17, 1.000000000000000000 ) ) ;
#1666 = AXIS2_PLACEMENT_3D ( 'NONE', #4216, #4178, #4560 ) ;
#1667 = DIRECTION ( 'NONE',  ( 3.613946018757868503E-15, -1.000000000000000000, -6.123233995736764803E-17 ) ) ;
#1668 = CARTESIAN_POINT ( 'NONE',  ( 1.270000000000002682, -0.6349999999999953459, -3.175000000000000711 ) ) ;
#1669 = ORIENTED_EDGE ( 'NONE', *, *, #2892, .T. ) ;
#1670 = PRESENTATION_LAYER_ASSIGNMENT (  '', '', ( #671 ) ) ;
#1671 = ORIENTED_EDGE ( 'NONE', *, *, #4143, .F. ) ;
#1672 = SURFACE_SIDE_STYLE ('',( #3821 ) ) ;
#1673 = SURFACE_STYLE_USAGE ( .BOTH. , #705 ) ;
#1674 = VERTEX_POINT ( 'NONE', #4100 ) ;
#1675 = VECTOR ( 'NONE', #817, 1000.000000000000000 ) ;
#1676 = PRESENTATION_STYLE_ASSIGNMENT (( #2500 ) ) ;
#1677 =( LENGTH_UNIT ( ) NAMED_UNIT ( * ) SI_UNIT ( .MILLI., .METRE. ) );
#1678 = AXIS2_PLACEMENT_3D ( 'NONE', #4007, #3981, #4037 ) ;
#1679 = CARTESIAN_POINT ( 'NONE',  ( 4.131063546504088357, -2.226063546504072566, 25.23039567330873822 ) ) ;
#1680 = ORIENTED_EDGE ( 'NONE', *, *, #1592, .T. ) ;
#1681 = DIRECTION ( 'NONE',  ( -1.988267581731810459E-16, -6.123233995736835061E-17, 1.000000000000000000 ) ) ;
#1683 = AXIS2_PLACEMENT_3D ( 'NONE', #2551, #4703, #2517 ) ;
#1682 = UNCERTAINTY_MEASURE_WITH_UNIT (LENGTH_MEASURE( 1.000000000000000082E-05 ), #3152, 'distance_accuracy_value', 'NONE');
#1684 = DIRECTION ( 'NONE',  ( -0.7071067811865454633, -0.7071067811865497932, 0.000000000000000000 ) ) ;
#1685 = DIRECTION ( 'NONE',  ( -1.000000000000000000, -3.614007241618348376E-15, -5.376517026358584721E-16 ) ) ;
#1686 = EDGE_CURVE ( 'NONE', #4294, #2360, #3875, .T. ) ;
#1687 = PRESENTATION_STYLE_ASSIGNMENT (( #4374 ) ) ;
#1688 = ORIENTED_EDGE ( 'NONE', *, *, #2759, .F. ) ;
#1689 = DIRECTION ( 'NONE',  ( -1.988267581731810459E-16, -6.123233995736835061E-17, 1.000000000000000000 ) ) ;
#1690 =( LENGTH_UNIT ( ) NAMED_UNIT ( * ) SI_UNIT ( .MILLI., .METRE. ) );
#1691 = DIRECTION ( 'NONE',  ( 2.966873679532033666E-15, -1.000000000000000000, -6.123233995736763571E-17 ) ) ;
#1692 = FILL_AREA_STYLE_COLOUR ( '', #5034 ) ;
#1693 = ORIENTED_EDGE ( 'NONE', *, *, #5026, .T. ) ;
#1694 = EDGE_CURVE ( 'NONE', #830, #1000, #1602, .T. ) ;
#1695 = SURFACE_STYLE_FILL_AREA ( #5576 ) ;
#1696 = DIRECTION ( 'NONE',  ( 0.000000000000000000, 0.000000000000000000, 1.000000000000000000 ) ) ;
#1697 = AXIS2_PLACEMENT_3D ( 'NONE', #1388, #3542, #3207 ) ;
#1698 = EDGE_LOOP ( 'NONE', ( #1701, #4431 ) ) ;
#1699 = ORIENTED_EDGE ( 'NONE', *, *, #1349, .T. ) ;
#1700 = PRESENTATION_STYLE_ASSIGNMENT (( #333 ) ) ;
#1701 = ORIENTED_EDGE ( 'NONE', *, *, #3636, .F. ) ;
#1702 = PRESENTATION_LAYER_ASSIGNMENT (  '', '', ( #4253 ) ) ;
#1703 = ADVANCED_FACE ( 'NONE', ( #4999 ), #5554, .T. ) ;
#1704 = DIRECTION ( 'NONE',  ( 1.000000000000000000, 3.854941057726238689E-15, 0.000000000000000000 ) ) ;
#1705 = CARTESIAN_POINT ( 'NONE',  ( 4.304645842090448760, 3.047998437232043667, 18.00001786251964475 ) ) ;
#1706 = PRESENTATION_LAYER_ASSIGNMENT (  '', '', ( #4975 ) ) ;
#1707 = CARTESIAN_POINT ( 'NONE',  ( 4.253962220923436455, 2.103164872084737791, 25.23039567330873822 ) ) ;
#1708 = SURFACE_STYLE_USAGE ( .BOTH. , #5235 ) ;
#1709 = DIRECTION ( 'NONE',  ( 1.000000000000000000, 3.502807018799321714E-15, 6.672013369141565217E-16 ) ) ;
#1710 = CARTESIAN_POINT ( 'NONE',  ( 3.619500000000002160, -0.3862611844574764808, 1.350000000000002309 ) ) ;
#1711 = ORIENTED_EDGE ( 'NONE', *, *, #5438, .T. ) ;
#1712 = AXIS2_PLACEMENT_3D ( 'NONE', #2031, #4764, #2920 ) ;
#1713 = CARTESIAN_POINT ( 'NONE',  ( 2.100261184457494323, -1.905499999999993754, 1.350000000000000533 ) ) ;
#1714 = CARTESIAN_POINT ( 'NONE',  ( -1.519999999999998241, -0.6350000000000052269, -4.970668954329532310E-17 ) ) ;
#1715 = AXIS2_PLACEMENT_3D ( 'NONE', #1950, #162, #4961 ) ;
#1716 = CYLINDRICAL_SURFACE ( 'NONE', #2451, 0.6500000000000002442 ) ;
#1717 = PRESENTATION_STYLE_ASSIGNMENT (( #499 ) ) ;
#1718 =( NAMED_UNIT ( * ) PLANE_ANGLE_UNIT ( ) SI_UNIT ( $, .RADIAN. ) );
#1719 = ORIENTED_EDGE ( 'NONE', *, *, #170, .F. ) ;
#1720 = DIRECTION ( 'NONE',  ( 2.966873679532034060E-15, -1.000000000000000000, -6.123233995736770966E-17 ) ) ;
#1721 = CIRCLE ( 'NONE', #5427, 0.6499999999999995781 ) ;
#1722 = CIRCLE ( 'NONE', #1538, 0.3500000000000000333 ) ;
#1723 = ORIENTED_EDGE ( 'NONE', *, *, #4770, .T. ) ;
#1724 =( BOUNDED_CURVE ( )  B_SPLINE_CURVE ( 3, ( #1651, #5184, #3406, #3377 ),
 .UNSPECIFIED., .F., .T. ) 
 B_SPLINE_CURVE_WITH_KNOTS ( ( 4, 4 ),
 ( -8.881784197001252323E-16, 0.003798098273282513558 ),
 .UNSPECIFIED. ) 
 CURVE ( )  GEOMETRIC_REPRESENTATION_ITEM ( )  RATIONAL_B_SPLINE_CURVE ( ( 1.000000000000000000, 0.9999987978711534220, 0.9999987978711534220, 1.000000000000000000 ) ) 
 REPRESENTATION_ITEM ( '' )  );
#1725 = STYLED_ITEM ( 'NONE', ( #5536 ), #3679 ) ;
#1726 = DIRECTION ( 'NONE',  ( 1.988267581731810705E-16, 6.123233995736836294E-17, -1.000000000000000000 ) ) ;
#1727 = FILL_AREA_STYLE ('',( #3 ) ) ;
#1728 = VERTEX_POINT ( 'NONE', #3230 ) ;
#1729 =( NAMED_UNIT ( * ) PLANE_ANGLE_UNIT ( ) SI_UNIT ( $, .RADIAN. ) );
#1730 = PRESENTATION_LAYER_ASSIGNMENT (  '', '', ( #1027 ) ) ;
#1731 = EDGE_LOOP ( 'NONE', ( #5143, #5078, #3972, #3485 ) ) ;
#1732 = SURFACE_STYLE_USAGE ( .BOTH. , #2043 ) ;
#1733 = UNCERTAINTY_MEASURE_WITH_UNIT (LENGTH_MEASURE( 1.000000000000000082E-05 ), #1074, 'distance_accuracy_value', 'NONE');
#1734 =( NAMED_UNIT ( * ) SI_UNIT ( $, .STERADIAN. ) SOLID_ANGLE_UNIT ( ) );
#1735 = STYLED_ITEM ( 'NONE', ( #3478 ), #4200 ) ;
#1736 = ADVANCED_FACE ( 'NONE', ( #3733 ), #3586, .T. ) ;
#1737 = FILL_AREA_STYLE ('',( #2968 ) ) ;
#1738 = EDGE_CURVE ( 'NONE', #2239, #3998, #4458, .T. ) ;
#1739 = EDGE_LOOP ( 'NONE', ( #4446, #5017, #2512, #1130 ) ) ;
#1740 = LINE ( 'NONE', #1713, #2791 ) ;
#1741 = UNCERTAINTY_MEASURE_WITH_UNIT (LENGTH_MEASURE( 1.000000000000000082E-05 ), #2183, 'distance_accuracy_value', 'NONE');
#1742 = SURFACE_STYLE_USAGE ( .BOTH. , #2537 ) ;
#1743 = CARTESIAN_POINT ( 'NONE',  ( -1.270000000000002016, 0.6349999999999953459, 0.000000000000000000 ) ) ;
#1744 = SURFACE_SIDE_STYLE ('',( #4316 ) ) ;
#1745 = ADVANCED_FACE ( 'NONE', ( #2565 ), #3828, .T. ) ;
#1746 = LINE ( 'NONE', #57, #3197 ) ;
#1747 = ORIENTED_EDGE ( 'NONE', *, *, #418, .F. ) ;
#1748 = SURFACE_STYLE_FILL_AREA ( #3414 ) ;
#1749 = PRESENTATION_STYLE_ASSIGNMENT (( #5548 ) ) ;
#1750 =( NAMED_UNIT ( * ) SI_UNIT ( $, .STERADIAN. ) SOLID_ANGLE_UNIT ( ) );
#1751 = SURFACE_SIDE_STYLE ('',( #35 ) ) ;
#1752 = EDGE_CURVE ( 'NONE', #5153, #424, #159, .T. ) ;
#1753 = DIRECTION ( 'NONE',  ( 1.000000000000000000, 3.491481338843133355E-15, 4.537009299541455732E-16 ) ) ;
#1754 = FACE_BOUND ( 'NONE', #3971, .T. ) ;
#1755 = ORIENTED_EDGE ( 'NONE', *, *, #2226, .T. ) ;
#1756 = CARTESIAN_POINT ( 'NONE',  ( 1.520000000000002682, -0.6349999999999945688, -3.075000000000001510 ) ) ;
#1757 = PRESENTATION_LAYER_ASSIGNMENT (  '', '', ( #1918 ) ) ;
#1758 = ORIENTED_EDGE ( 'NONE', *, *, #1464, .F. ) ;
#1759 = CARTESIAN_POINT ( 'NONE',  ( -4.953000000000009173, 2.397999999999979259, 18.00000000000000000 ) ) ;
#1760 = SURFACE_STYLE_USAGE ( .BOTH. , #808 ) ;
#1761 = ORIENTED_EDGE ( 'NONE', *, *, #4541, .T. ) ;
#1762 = PRESENTATION_LAYER_ASSIGNMENT (  '', '', ( #3946 ) ) ;
#1763 = PRESENTATION_STYLE_ASSIGNMENT (( #494 ) ) ;
#1764 = EDGE_CURVE ( 'NONE', #5099, #2386, #3811, .T. ) ;
#1765 = CARTESIAN_POINT ( 'NONE',  ( -0.8800000000000021139, 0.6349999999999966782, 7.754243568754068703E-17 ) ) ;
#1766 =( NAMED_UNIT ( * ) PLANE_ANGLE_UNIT ( ) SI_UNIT ( $, .RADIAN. ) );
#1767 = VECTOR ( 'NONE', #3919, 1000.000000000000114 ) ;
#1768 = CARTESIAN_POINT ( 'NONE',  ( 3.619500000000002160, -0.3862611844574764808, 1.000000000000002665 ) ) ;
#1769 =( LENGTH_UNIT ( ) NAMED_UNIT ( * ) SI_UNIT ( .MILLI., .METRE. ) );
#1770 = FILL_AREA_STYLE_COLOUR ( '', #1820 ) ;
#1771 = ORIENTED_EDGE ( 'NONE', *, *, #4792, .F. ) ;
#1772 = VECTOR ( 'NONE', #4196, 1000.000000000000000 ) ;
#1773 = EDGE_CURVE ( 'NONE', #3850, #1578, #2486, .T. ) ;
#1774 = DIRECTION ( 'NONE',  ( -1.988267581731810212E-16, -6.123233995736836294E-17, 1.000000000000000000 ) ) ;
#1775 = SURFACE_STYLE_FILL_AREA ( #3116 ) ;
#1776 =( NAMED_UNIT ( * ) SI_UNIT ( $, .STERADIAN. ) SOLID_ANGLE_UNIT ( ) );
#1777 = ORIENTED_EDGE ( 'NONE', *, *, #5068, .T. ) ;
#1778 = FACE_OUTER_BOUND ( 'NONE', #3899, .T. ) ;
#1779 = VERTEX_POINT ( 'NONE', #2105 ) ;
#1780 = COLOUR_RGB ( '',0.8627450980392157298, 0.5882352941176470784, 0.06274509803921568540 ) ;
#1781 =( LENGTH_UNIT ( ) NAMED_UNIT ( * ) SI_UNIT ( .MILLI., .METRE. ) );
#1782 =( NAMED_UNIT ( * ) PLANE_ANGLE_UNIT ( ) SI_UNIT ( $, .RADIAN. ) );
#1783 =( NAMED_UNIT ( * ) SI_UNIT ( $, .STERADIAN. ) SOLID_ANGLE_UNIT ( ) );
#1784 = DIRECTION ( 'NONE',  ( -1.000000000000000000, -3.252606517456511724E-15, 0.000000000000000000 ) ) ;
#1785 = VERTEX_POINT ( 'NONE', #2589 ) ;
#1786 = LINE ( 'NONE', #2196, #3164 ) ;
#1787 = PRESENTATION_LAYER_ASSIGNMENT (  '', '', ( #81 ) ) ;
#1788 = CARTESIAN_POINT ( 'NONE',  ( 4.310355056593201617, 2.405355056593224905, 17.88755170555929652 ) ) ;
#1789 = SURFACE_STYLE_USAGE ( .BOTH. , #4447 ) ;
#1790 = FACE_OUTER_BOUND ( 'NONE', #58, .T. ) ;
#1791 = AXIS2_PLACEMENT_3D ( 'NONE', #5515, #3817, #824 ) ;
#1792 = VERTEX_POINT ( 'NONE', #5563 ) ;
#1793 = CARTESIAN_POINT ( 'NONE',  ( -1.441493996755563156E-15, -4.439344646909205327E-16, 7.249999999999999112 ) ) ;
#1794 = FILL_AREA_STYLE ('',( #3053 ) ) ;
#1795 = ADVANCED_FACE ( 'NONE', ( #1242 ), #3401, .F. ) ;
#1796 = ORIENTED_EDGE ( 'NONE', *, *, #4256, .F. ) ;
#1797 = CIRCLE ( 'NONE', #5422, 0.3900000000000000133 ) ;
#1798 = FILL_AREA_STYLE ('',( #2474 ) ) ;
#1799 = CARTESIAN_POINT ( 'NONE',  ( -3.713915879698138411, -1.918883849520913065, 25.66900000000000048 ) ) ;
#1800 = ADVANCED_FACE ( 'NONE', ( #5335 ), #435, .T. ) ;
#1801 = ORIENTED_EDGE ( 'NONE', *, *, #2332, .T. ) ;
#1802 = CARTESIAN_POINT ( 'NONE',  ( -1.019999999999997575, -0.6350000000000034506, -3.175000000000000711 ) ) ;
#1803 = ORIENTED_EDGE ( 'NONE', *, *, #674, .F. ) ;
#1804 = STYLED_ITEM ( 'NONE', ( #4725 ), #3689 ) ;
#1805 = COLOUR_RGB ( '',0.7529411764705882248, 0.7529411764705882248, 0.7529411764705882248 ) ;
#1806 = CARTESIAN_POINT ( 'NONE',  ( 4.131063546504087469, -2.226063546504072566, 25.23039567330874533 ) ) ;
#1807 =( NAMED_UNIT ( * ) PLANE_ANGLE_UNIT ( ) SI_UNIT ( $, .RADIAN. ) );
#1808 = FILL_AREA_STYLE_COLOUR ( '', #3161 ) ;
#1809 = CARTESIAN_POINT ( 'NONE',  ( -0.3900000000000019562, 0.6349999999999986766, -2.096841640279847982E-16 ) ) ;
#1810 = EDGE_LOOP ( 'NONE', ( #2155, #2225, #4199, #3951 ) ) ;
#1811 = SURFACE_STYLE_FILL_AREA ( #3565 ) ;
#1812 = AXIS2_PLACEMENT_3D ( 'NONE', #3974, #3619, #4421 ) ;
#1813 = PRESENTATION_LAYER_ASSIGNMENT (  '', '', ( #2163 ) ) ;
#1814 = CARTESIAN_POINT ( 'NONE',  ( -1.270000000000002016, 0.6349999999999953459, 0.000000000000000000 ) ) ;
#1815 = FILL_AREA_STYLE ('',( #3574 ) ) ;
#1816 = ORIENTED_EDGE ( 'NONE', *, *, #3468, .F. ) ;
#1817 = CIRCLE ( 'NONE', #2798, 0.3899999999999999578 ) ;
#1818 = STYLED_ITEM ( 'NONE', ( #463 ), #4678 ) ;
#1819 = FACE_OUTER_BOUND ( 'NONE', #2752, .T. ) ;
#1820 = COLOUR_RGB ( '',0.8627450980392157298, 0.5882352941176470784, 0.06274509803921568540 ) ;
#1821 = PRESENTATION_LAYER_ASSIGNMENT (  '', '', ( #2438 ) ) ;
#1822 = ORIENTED_EDGE ( 'NONE', *, *, #5510, .F. ) ;
#1823 = LINE ( 'NONE', #2843, #2070 ) ;
#1824 =( NAMED_UNIT ( * ) PLANE_ANGLE_UNIT ( ) SI_UNIT ( $, .RADIAN. ) );
#1825 = EDGE_CURVE ( 'NONE', #5607, #1570, #1604, .T. ) ;
#1826 = ADVANCED_FACE ( 'NONE', ( #4060 ), #300, .F. ) ;
#1827 = CIRCLE ( 'NONE', #2546, 0.6500000000000000222 ) ;
#1828 = FACE_OUTER_BOUND ( 'NONE', #1507, .T. ) ;
#1829 = FILL_AREA_STYLE ('',( #1423 ) ) ;
#1830 = ORIENTED_EDGE ( 'NONE', *, *, #841, .T. ) ;
#1831 =( NAMED_UNIT ( * ) PLANE_ANGLE_UNIT ( ) SI_UNIT ( $, .RADIAN. ) );
#1832 = VERTEX_POINT ( 'NONE', #757 ) ;
#1833 = STYLED_ITEM ( 'NONE', ( #37 ), #78 ) ;
#1834 = SURFACE_STYLE_FILL_AREA ( #4521 ) ;
#1835 = DIRECTION ( 'NONE',  ( 5.376517026358582749E-16, 6.123233995736954623E-17, -1.000000000000000000 ) ) ;
#1836 = STYLED_ITEM ( 'NONE', ( #1067 ), #655 ) ;
#1837 = CIRCLE ( 'NONE', #5014, 0.1000000000000000056 ) ;
#1838 = FACE_OUTER_BOUND ( 'NONE', #1090, .T. ) ;
#1839 = VERTEX_POINT ( 'NONE', #1661 ) ;
#1840 = ORIENTED_EDGE ( 'NONE', *, *, #4168, .F. ) ;
#1841 = AXIS2_PLACEMENT_3D ( 'NONE', #4335, #2128, #364 ) ;
#1842 = UNCERTAINTY_MEASURE_WITH_UNIT (LENGTH_MEASURE( 1.000000000000000082E-05 ), #1920, 'distance_accuracy_value', 'NONE');
#1843 = PRESENTATION_STYLE_ASSIGNMENT (( #4478 ) ) ;
#1844 = LINE ( 'NONE', #1075, #207 ) ;
#1845 = ORIENTED_EDGE ( 'NONE', *, *, #9, .T. ) ;
#1846 = EDGE_CURVE ( 'NONE', #3998, #2464, #2066, .T. ) ;
#1847 = AXIS2_PLACEMENT_3D ( 'NONE', #847, #4809, #5216 ) ;
#1848 = DIRECTION ( 'NONE',  ( -1.988267581731810705E-16, -6.123233995736836294E-17, 1.000000000000000000 ) ) ;
#1849 = CARTESIAN_POINT ( 'NONE',  ( -1.317506431553811078E-15, 0.6350000000000002309, -3.175000000000000711 ) ) ;
#1850 = VERTEX_POINT ( 'NONE', #4230 ) ;
#1851 =( BOUNDED_CURVE ( )  B_SPLINE_CURVE ( 3, ( #621, #2758, #5310, #2330 ),
 .UNSPECIFIED., .F., .T. ) 
 B_SPLINE_CURVE_WITH_KNOTS ( ( 4, 4 ),
 ( 5.501585242055417879, 7.064785372303748368 ),
 .UNSPECIFIED. ) 
 CURVE ( )  GEOMETRIC_REPRESENTATION_ITEM ( )  RATIONAL_B_SPLINE_CURVE ( ( 1.000000000000000000, 0.8065248903853488027, 0.8065248903853488027, 1.000000000000000000 ) ) 
 REPRESENTATION_ITEM ( '' )  );
#1852 = FILL_AREA_STYLE ('',( #4938 ) ) ;
#1853 = PRESENTATION_STYLE_ASSIGNMENT (( #4055 ) ) ;
#1854 =( LENGTH_UNIT ( ) NAMED_UNIT ( * ) SI_UNIT ( .MILLI., .METRE. ) );
#1855 = DIRECTION ( 'NONE',  ( -1.000000000000000000, -4.336808689942017736E-15, 0.000000000000000000 ) ) ;
#1856 = EDGE_LOOP ( 'NONE', ( #150, #4846, #2705, #984 ) ) ;
#1857 = EDGE_CURVE ( 'NONE', #3781, #2247, #1416, .T. ) ;
#1858 = CARTESIAN_POINT ( 'NONE',  ( 3.181632034355966976, -0.5983932188134420960, 1.350000000000002309 ) ) ;
#1859 =( BOUNDED_CURVE ( )  B_SPLINE_CURVE ( 3, ( #1656, #3714, #2917, #351 ),
 .UNSPECIFIED., .F., .T. ) 
 B_SPLINE_CURVE_WITH_KNOTS ( ( 4, 4 ),
 ( 8.131516293641291144E-16, 0.7816000651241673536 ),
 .UNSPECIFIED. ) 
 CURVE ( )  GEOMETRIC_REPRESENTATION_ITEM ( )  RATIONAL_B_SPLINE_CURVE ( ( 1.000000000000000000, 0.9497364005219712801, 0.9497364005219712801, 1.000000000000000000 ) ) 
 REPRESENTATION_ITEM ( '' )  );
#1860 = LINE ( 'NONE', #5336, #5446 ) ;
#1861 = DIRECTION ( 'NONE',  ( 1.000000000000000000, 3.336006684570782904E-15, 0.000000000000000000 ) ) ;
#1862 = EDGE_CURVE ( 'NONE', #5187, #2239, #2129, .T. ) ;
#1863 = ORIENTED_EDGE ( 'NONE', *, *, #1427, .T. ) ;
#1864 = ADVANCED_FACE ( 'NONE', ( #1367 ), #3546, .T. ) ;
#1865 =( GEOMETRIC_REPRESENTATION_CONTEXT ( 3 ) GLOBAL_UNCERTAINTY_ASSIGNED_CONTEXT ( ( #1362 ) ) GLOBAL_UNIT_ASSIGNED_CONTEXT ( ( #431, #2081, #775 ) ) REPRESENTATION_CONTEXT ( 'NONE', 'WORKASPACE' ) );
#1866 =( NAMED_UNIT ( * ) SI_UNIT ( $, .STERADIAN. ) SOLID_ANGLE_UNIT ( ) );
#1867 = DIRECTION ( 'NONE',  ( -6.385093352530581152E-17, 6.123233995736745082E-17, -1.000000000000000000 ) ) ;
#1868 =( NAMED_UNIT ( * ) SI_UNIT ( $, .STERADIAN. ) SOLID_ANGLE_UNIT ( ) );
#1869 = EDGE_CURVE ( 'NONE', #3079, #4622, #5449, .T. ) ;
#1870 = ORIENTED_EDGE ( 'NONE', *, *, #7, .T. ) ;
#1871 = CIRCLE ( 'NONE', #5495, 0.1500000000000000777 ) ;
#1872 = FILL_AREA_STYLE ('',( #4816 ) ) ;
#1873 = MECHANICAL_DESIGN_GEOMETRIC_PRESENTATION_REPRESENTATION (  '', ( #81 ), #5059 ) ;
#1874 = CARTESIAN_POINT ( 'NONE',  ( 3.823883852410963069, 1.769454647697226823, 25.66900000000000048 ) ) ;
#1875 = FACE_OUTER_BOUND ( 'NONE', #1290, .T. ) ;
#1876 = CARTESIAN_POINT ( 'NONE',  ( -1.120000000000001217, 0.6349999999999961231, -3.075000000000001510 ) ) ;
#1877 =( LENGTH_UNIT ( ) NAMED_UNIT ( * ) SI_UNIT ( .MILLI., .METRE. ) );
#1878 = ORIENTED_EDGE ( 'NONE', *, *, #2078, .F. ) ;
#1879 =( NAMED_UNIT ( * ) SI_UNIT ( $, .STERADIAN. ) SOLID_ANGLE_UNIT ( ) );
#1880 = PRESENTATION_STYLE_ASSIGNMENT (( #3126 ) ) ;
#1881 = CARTESIAN_POINT ( 'NONE',  ( 3.823883852410978168, -1.769454647697202843, 25.16900000000000048 ) ) ;
#1882 = DIRECTION ( 'NONE',  ( 1.000000000000000000, 0.000000000000000000, 0.000000000000000000 ) ) ;
#1883 = STYLED_ITEM ( 'NONE', ( #1676 ), #3568 ) ;
#1884 = PRESENTATION_LAYER_ASSIGNMENT (  '', '', ( #1452 ) ) ;
#1885 = ORIENTED_EDGE ( 'NONE', *, *, #2376, .F. ) ;
#1886 =( BOUNDED_CURVE ( )  B_SPLINE_CURVE ( 3, ( #3632, #104, #3136, #1048 ),
 .UNSPECIFIED., .F., .T. ) 
 B_SPLINE_CURVE_WITH_KNOTS ( ( 4, 4 ),
 ( 5.501585242055417879, 6.283185307179585344 ),
 .UNSPECIFIED. ) 
 CURVE ( )  GEOMETRIC_REPRESENTATION_ITEM ( )  RATIONAL_B_SPLINE_CURVE ( ( 1.000000000000000000, 0.9497364005219710581, 0.9497364005219710581, 1.000000000000000000 ) ) 
 REPRESENTATION_ITEM ( '' )  );
#1887 = CARTESIAN_POINT ( 'NONE',  ( 2.965000000000001190, 1.033815873147970128E-14, -5.700000000000000178 ) ) ;
#1888 = CARTESIAN_POINT ( 'NONE',  ( -0.3899999999999980704, -0.6350000000000014522, -2.096841640279847982E-16 ) ) ;
#1889 = VECTOR ( 'NONE', #1132, 1000.000000000000000 ) ;
#1890 = EDGE_CURVE ( 'NONE', #799, #4743, #3187, .T. ) ;
#1891 =( GEOMETRIC_REPRESENTATION_CONTEXT ( 3 ) GLOBAL_UNCERTAINTY_ASSIGNED_CONTEXT ( ( #4529 ) ) GLOBAL_UNIT_ASSIGNED_CONTEXT ( ( #3570, #3729, #4148 ) ) REPRESENTATION_CONTEXT ( 'NONE', 'WORKASPACE' ) );
#1892 = CARTESIAN_POINT ( 'NONE',  ( -2.540000000000003588, 1.015999999999990466, 0.9999999999999991118 ) ) ;
#1893 = CARTESIAN_POINT ( 'NONE',  ( -4.853000000000011305, 2.947999999999982634, 7.249999999999997335 ) ) ;
#1894 = DIRECTION ( 'NONE',  ( -1.988267581731810705E-16, -6.123233995736836294E-17, 1.000000000000000000 ) ) ;
#1895 = VECTOR ( 'NONE', #4677, 1000.000000000000000 ) ;
#1896 = CYLINDRICAL_SURFACE ( 'NONE', #5360, 0.2500000000000000000 ) ;
#1897 = FILL_AREA_STYLE_COLOUR ( '', #675 ) ;
#1898 =( GEOMETRIC_REPRESENTATION_CONTEXT ( 3 ) GLOBAL_UNCERTAINTY_ASSIGNED_CONTEXT ( ( #2002 ) ) GLOBAL_UNIT_ASSIGNED_CONTEXT ( ( #4225, #324, #2949 ) ) REPRESENTATION_CONTEXT ( 'NONE', 'WORKASPACE' ) );
#1899 = MECHANICAL_DESIGN_GEOMETRIC_PRESENTATION_REPRESENTATION (  '', ( #474 ), #2994 ) ;
#1900 = SURFACE_STYLE_FILL_AREA ( #1928 ) ;
#1901 = CARTESIAN_POINT ( 'NONE',  ( 3.429119407771259453, -0.8458805922287331303, 1.350000000000002309 ) ) ;
#1902 = CARTESIAN_POINT ( 'NONE',  ( 1.019999999999998685, 0.6350000000000040057, -3.175000000000000711 ) ) ;
#1903 = ORIENTED_EDGE ( 'NONE', *, *, #3810, .T. ) ;
#1904 =( NAMED_UNIT ( * ) SI_UNIT ( $, .STERADIAN. ) SOLID_ANGLE_UNIT ( ) );
#1905 = EDGE_CURVE ( 'NONE', #3672, #2098, #524, .T. ) ;
#1906 = VERTEX_POINT ( 'NONE', #4932 ) ;
#1907 = FILL_AREA_STYLE ('',( #2868 ) ) ;
#1908 = DIRECTION ( 'NONE',  ( -1.000000000000000000, -3.491481338843133355E-15, -2.749740109373716394E-16 ) ) ;
#1909 = FILL_AREA_STYLE_COLOUR ( '', #1239 ) ;
#1910 = VERTEX_POINT ( 'NONE', #1966 ) ;
#1911 = ORIENTED_EDGE ( 'NONE', *, *, #3701, .F. ) ;
#1912 = PRESENTATION_STYLE_ASSIGNMENT (( #1530 ) ) ;
#1913 = CARTESIAN_POINT ( 'NONE',  ( -3.674454647697227738, 2.416981201456835038, 25.21257787137382422 ) ) ;
#1914 =( LENGTH_UNIT ( ) NAMED_UNIT ( * ) SI_UNIT ( .MILLI., .METRE. ) );
#1915 = SURFACE_SIDE_STYLE ('',( #208 ) ) ;
#1916 =( NAMED_UNIT ( * ) PLANE_ANGLE_UNIT ( ) SI_UNIT ( $, .RADIAN. ) );
#1917 = EDGE_LOOP ( 'NONE', ( #4654, #1407, #540, #215, #2927, #670 ) ) ;
#1918 = STYLED_ITEM ( 'NONE', ( #1647 ), #449 ) ;
#1919 = ADVANCED_FACE ( 'NONE', ( #1105 ), #4105, .T. ) ;
#1920 =( LENGTH_UNIT ( ) NAMED_UNIT ( * ) SI_UNIT ( .MILLI., .METRE. ) );
#1921 = STYLED_ITEM ( 'NONE', ( #1425 ), #956 ) ;
#1922 = PRESENTATION_LAYER_ASSIGNMENT (  '', '', ( #226 ) ) ;
#1923 = ORIENTED_EDGE ( 'NONE', *, *, #56, .F. ) ;
#1924 = DIRECTION ( 'NONE',  ( 1.000000000000000000, 3.491481338843133750E-15, 1.988267581731813171E-16 ) ) ;
#1925 = EDGE_CURVE ( 'NONE', #3597, #3121, #700, .T. ) ;
#1926 = VECTOR ( 'NONE', #5603, 1000.000000000000000 ) ;
#1927 = COLOUR_RGB ( '',0.2509803921568627416, 0.2509803921568627416, 0.2509803921568627416 ) ;
#1928 = FILL_AREA_STYLE ('',( #5485 ) ) ;
#1929 = CARTESIAN_POINT ( 'NONE',  ( -1.270000000000001350, 0.6349999999999955680, -3.075000000000001510 ) ) ;
#1930 = ORIENTED_EDGE ( 'NONE', *, *, #3992, .T. ) ;
#1931 = STYLED_ITEM ( 'NONE', ( #4232 ), #1455 ) ;
#1932 = FACE_OUTER_BOUND ( 'NONE', #5281, .T. ) ;
#1933 = CARTESIAN_POINT ( 'NONE',  ( -4.271714774011354798, 1.926993128589453708, 25.66900000000000404 ) ) ;
#1934 =( LENGTH_UNIT ( ) NAMED_UNIT ( * ) SI_UNIT ( .MILLI., .METRE. ) );
#1935 = VERTEX_POINT ( 'NONE', #4777 ) ;
#1936 = VERTEX_POINT ( 'NONE', #4522 ) ;
#1937 =( NAMED_UNIT ( * ) SI_UNIT ( $, .STERADIAN. ) SOLID_ANGLE_UNIT ( ) );
#1938 = UNCERTAINTY_MEASURE_WITH_UNIT (LENGTH_MEASURE( 1.000000000000000082E-05 ), #1347, 'distance_accuracy_value', 'NONE');
#1939 = CYLINDRICAL_SURFACE ( 'NONE', #2777, 0.6500000000000000222 ) ;
#1940 = SURFACE_STYLE_FILL_AREA ( #1560 ) ;
#1941 = SURFACE_SIDE_STYLE ('',( #2367 ) ) ;
#1942 = DIRECTION ( 'NONE',  ( -1.000000000000000000, -3.491481338843133355E-15, -5.376517026358584721E-16 ) ) ;
#1943 = SURFACE_STYLE_USAGE ( .BOTH. , #1100 ) ;
#1944 = FACE_OUTER_BOUND ( 'NONE', #3330, .T. ) ;
#1945 = EDGE_LOOP ( 'NONE', ( #3567, #2706, #2280, #1544 ) ) ;
#1946 =( NAMED_UNIT ( * ) SI_UNIT ( $, .STERADIAN. ) SOLID_ANGLE_UNIT ( ) );
#1947 = SURFACE_STYLE_FILL_AREA ( #4456 ) ;
#1948 = UNCERTAINTY_MEASURE_WITH_UNIT (LENGTH_MEASURE( 1.000000000000000082E-05 ), #2164, 'distance_accuracy_value', 'NONE');
#1949 = ORIENTED_EDGE ( 'NONE', *, *, #864, .T. ) ;
#1950 = CARTESIAN_POINT ( 'NONE',  ( 2.515239743702690898E-15, -0.6349999999999997868, -3.175000000000000711 ) ) ;
#1951 = CARTESIAN_POINT ( 'NONE',  ( -1.520000000000001350, 0.6349999999999946798, -3.175000000000000711 ) ) ;
#1952 = EDGE_CURVE ( 'NONE', #2553, #3517, #1851, .T. ) ;
#1953 =( NAMED_UNIT ( * ) PLANE_ANGLE_UNIT ( ) SI_UNIT ( $, .RADIAN. ) );
#1954 = DIRECTION ( 'NONE',  ( -1.988267581731810705E-16, -6.123233995736836294E-17, 1.000000000000000000 ) ) ;
#1955 = ORIENTED_EDGE ( 'NONE', *, *, #2547, .F. ) ;
#1956 = PRESENTATION_LAYER_ASSIGNMENT (  '', '', ( #4442 ) ) ;
#1957 =( NAMED_UNIT ( * ) PLANE_ANGLE_UNIT ( ) SI_UNIT ( $, .RADIAN. ) );
#1958 = PRESENTATION_LAYER_ASSIGNMENT (  '', '', ( #4362 ) ) ;
#1959 = DIRECTION ( 'NONE',  ( -3.491481338843133355E-15, 1.000000000000000000, 6.123233995736767268E-17 ) ) ;
#1960 = EDGE_LOOP ( 'NONE', ( #50, #2989, #4733, #1816 ) ) ;
#1961 = MECHANICAL_DESIGN_GEOMETRIC_PRESENTATION_REPRESENTATION (  '', ( #2603 ), #3249 ) ;
#1962 =( NAMED_UNIT ( * ) SI_UNIT ( $, .STERADIAN. ) SOLID_ANGLE_UNIT ( ) );
#1963 = SURFACE_STYLE_FILL_AREA ( #1593 ) ;
#1964 = FACE_OUTER_BOUND ( 'NONE', #4419, .T. ) ;
#1965 = TOROIDAL_SURFACE ( 'NONE', #2068, 0.2250000000000000888, 0.2000000000000000111 ) ;
#1966 = CARTESIAN_POINT ( 'NONE',  ( -0.1499999999999975520, -0.6350000000000005640, -3.175000000000000711 ) ) ;
#1967 = SURFACE_STYLE_FILL_AREA ( #59 ) ;
#1968 = VECTOR ( 'NONE', #4853, 1000.000000000000114 ) ;
#1969 = CARTESIAN_POINT ( 'NONE',  ( -3.823883849520893552, -1.808915879698173912, 25.66900000000000048 ) ) ;
#1970 = MECHANICAL_DESIGN_GEOMETRIC_PRESENTATION_REPRESENTATION (  '', ( #3805 ), #3170 ) ;
#1971 = ORIENTED_EDGE ( 'NONE', *, *, #5026, .F. ) ;
#1972 = SURFACE_STYLE_FILL_AREA ( #3687 ) ;
#1973 = AXIS2_PLACEMENT_3D ( 'NONE', #987, #1013, #594 ) ;
#1974 = CARTESIAN_POINT ( 'NONE',  ( 1.270000000000002016, -0.6349999999999955680, 0.000000000000000000 ) ) ;
#1975 = STYLED_ITEM ( 'NONE', ( #4558 ), #4608 ) ;
#1976 = EDGE_LOOP ( 'NONE', ( #4972, #4383, #4361, #4471 ) ) ;
#1977 = PRESENTATION_LAYER_ASSIGNMENT (  '', '', ( #1118 ) ) ;
#1978 = EDGE_CURVE ( 'NONE', #2028, #1785, #253, .T. ) ;
#1979 = EDGE_CURVE ( 'NONE', #4118, #1779, #3877, .T. ) ;
#1980 = DIRECTION ( 'NONE',  ( 1.000000000000000000, 3.614007241618349165E-15, 7.228014483236697541E-16 ) ) ;
#1981 = CARTESIAN_POINT ( 'NONE',  ( 4.202999999999990521, 2.298000000000014253, 7.250000000000000888 ) ) ;
#1982 = VECTOR ( 'NONE', #2558, 1000.000000000000000 ) ;
#1983 = VECTOR ( 'NONE', #3295, 1000.000000000000000 ) ;
#1984 = EDGE_LOOP ( 'NONE', ( #2075, #3818 ) ) ;
#1985 = UNCERTAINTY_MEASURE_WITH_UNIT (LENGTH_MEASURE( 1.000000000000000082E-05 ), #1627, 'distance_accuracy_value', 'NONE');
#1986 = STYLED_ITEM ( 'NONE', ( #5063 ), #83 ) ;
#1987 = DIRECTION ( 'NONE',  ( 9.540979117872439019E-15, -1.000000000000000000, 0.000000000000000000 ) ) ;
#1988 = DIRECTION ( 'NONE',  ( 1.000000000000000000, 3.336006684570782904E-15, 0.000000000000000000 ) ) ;
#1989 = AXIS2_PLACEMENT_3D ( 'NONE', #5030, #1564, #3794 ) ;
#1990 = FILL_AREA_STYLE_COLOUR ( '', #3938 ) ;
#1991 = VERTEX_POINT ( 'NONE', #3507 ) ;
#1992 = DIRECTION ( 'NONE',  ( 0.9961946980917455452, 3.472858448172637709E-15, 0.08715574274765833240 ) ) ;
#1993 = LINE ( 'NONE', #3263, #185 ) ;
#1994 = CIRCLE ( 'NONE', #5206, 0.3500000000000000333 ) ;
#1995 = CARTESIAN_POINT ( 'NONE',  ( 2.100261184457493435, -1.555499999999993443, 1.350000000000000533 ) ) ;
#1996 = CARTESIAN_POINT ( 'NONE',  ( -3.808546900521335488, 1.846824435404683218, 25.66899999999999338 ) ) ;
#1997 = ORIENTED_EDGE ( 'NONE', *, *, #5549, .F. ) ;
#1998 = SURFACE_SIDE_STYLE ('',( #2655 ) ) ;
#1999 = EDGE_CURVE ( 'NONE', #4410, #2478, #1435, .T. ) ;
#2000 = MECHANICAL_DESIGN_GEOMETRIC_PRESENTATION_REPRESENTATION (  '', ( #765 ), #1491 ) ;
#2001 = DIRECTION ( 'NONE',  ( 1.988267581731810705E-16, 6.123233995736836294E-17, -1.000000000000000000 ) ) ;
#2002 = UNCERTAINTY_MEASURE_WITH_UNIT (LENGTH_MEASURE( 1.000000000000000082E-05 ), #4225, 'distance_accuracy_value', 'NONE');
#2003 = AXIS2_PLACEMENT_3D ( 'NONE', #62, #1370, #137 ) ;
#2004 = CARTESIAN_POINT ( 'NONE',  ( 1.270000000000002682, -0.6349999999999953459, -3.175000000000000711 ) ) ;
#2005 = ORIENTED_EDGE ( 'NONE', *, *, #841, .F. ) ;
#2006 = SURFACE_STYLE_USAGE ( .BOTH. , #672 ) ;
#2007 = CARTESIAN_POINT ( 'NONE',  ( 3.807983082116081608, 1.847388249660494086, 25.66900000000000048 ) ) ;
#2008 = CIRCLE ( 'NONE', #879, 0.6500000000000000222 ) ;
#2009 = CIRCLE ( 'NONE', #781, 0.5000000000000000000 ) ;
#2010 = DIRECTION ( 'NONE',  ( -1.988267581731810705E-16, -6.123233995736836294E-17, 1.000000000000000000 ) ) ;
#2011 = EDGE_CURVE ( 'NONE', #3965, #1164, #3097, .T. ) ;
#2012 = ORIENTED_EDGE ( 'NONE', *, *, #843, .T. ) ;
#2013 = DIRECTION ( 'NONE',  ( 0.7071067811865446862, 0.7071067811865502373, 0.000000000000000000 ) ) ;
#2014 = FACE_OUTER_BOUND ( 'NONE', #4376, .T. ) ;
#2015 = ORIENTED_EDGE ( 'NONE', *, *, #4143, .T. ) ;
#2016 = DIRECTION ( 'NONE',  ( 1.988267581731810705E-16, 6.123233995736836294E-17, -1.000000000000000000 ) ) ;
#2017 = DIRECTION ( 'NONE',  ( -1.000000000000000000, -3.614007241618348376E-15, -5.376517026358584721E-16 ) ) ;
#2018 = EDGE_CURVE ( 'NONE', #5543, #484, #3975, .T. ) ;
#2019 = CYLINDRICAL_SURFACE ( 'NONE', #5277, 0.2500000000000000000 ) ;
#2020 = EDGE_CURVE ( 'NONE', #743, #1578, #534, .T. ) ;
#2021 = CARTESIAN_POINT ( 'NONE',  ( -2.539999999999997371, -1.016000000000009118, 0.9999999999999991118 ) ) ;
#2022 =( NAMED_UNIT ( * ) PLANE_ANGLE_UNIT ( ) SI_UNIT ( $, .RADIAN. ) );
#2023 = ORIENTED_EDGE ( 'NONE', *, *, #2092, .T. ) ;
#2024 =( NAMED_UNIT ( * ) SI_UNIT ( $, .STERADIAN. ) SOLID_ANGLE_UNIT ( ) );
#2025 = FILL_AREA_STYLE_COLOUR ( '', #266 ) ;
#2026 = EDGE_CURVE ( 'NONE', #3577, #2666, #2034, .T. ) ;
#2027 = EDGE_CURVE ( 'NONE', #810, #1910, #1871, .T. ) ;
#2028 = VERTEX_POINT ( 'NONE', #4116 ) ;
#2029 = LINE ( 'NONE', #4290, #1576 ) ;
#2030 = CARTESIAN_POINT ( 'NONE',  ( -3.780185667963011031, -1.875185667963027436, 25.66900000000000048 ) ) ;
#2031 = CARTESIAN_POINT ( 'NONE',  ( -2.314999999999996394, -1.016000000000007786, -5.500000000000001776 ) ) ;
#2032 =( GEOMETRIC_REPRESENTATION_CONTEXT ( 3 ) GLOBAL_UNCERTAINTY_ASSIGNED_CONTEXT ( ( #376 ) ) GLOBAL_UNIT_ASSIGNED_CONTEXT ( ( #1025, #2739, #972 ) ) REPRESENTATION_CONTEXT ( 'NONE', 'WORKASPACE' ) );
#2033 = ORIENTED_EDGE ( 'NONE', *, *, #3112, .F. ) ;
#2034 = CIRCLE ( 'NONE', #5246, 0.3500000000000000333 ) ;
#2035 = DIRECTION ( 'NONE',  ( 1.000000000000000000, 3.469446951953613400E-15, 1.988267581731812678E-16 ) ) ;
#2036 = CARTESIAN_POINT ( 'NONE',  ( 0.1499999999999987454, 0.6350000000000007860, -3.075000000000001510 ) ) ;
#2037 = ORIENTED_EDGE ( 'NONE', *, *, #5105, .T. ) ;
#2038 = CARTESIAN_POINT ( 'NONE',  ( -2.964999999999996305, -1.016000000000010450, -5.500000000000001776 ) ) ;
#2039 =( GEOMETRIC_REPRESENTATION_CONTEXT ( 3 ) GLOBAL_UNCERTAINTY_ASSIGNED_CONTEXT ( ( #2219 ) ) GLOBAL_UNIT_ASSIGNED_CONTEXT ( ( #3159, #4412, #1035 ) ) REPRESENTATION_CONTEXT ( 'NONE', 'WORKASPACE' ) );
#2040 = ORIENTED_EDGE ( 'NONE', *, *, #4647, .F. ) ;
#2041 = FACE_OUTER_BOUND ( 'NONE', #1917, .T. ) ;
#2042 = ORIENTED_EDGE ( 'NONE', *, *, #4905, .T. ) ;
#2043 = SURFACE_SIDE_STYLE ('',( #771 ) ) ;
#2044 = CARTESIAN_POINT ( 'NONE',  ( -0.1500000000000014100, 0.6349999999999994538, -3.175000000000000711 ) ) ;
#2045 = SURFACE_STYLE_USAGE ( .BOTH. , #3483 ) ;
#2046 =( NAMED_UNIT ( * ) SI_UNIT ( $, .STERADIAN. ) SOLID_ANGLE_UNIT ( ) );
#2047 =( NAMED_UNIT ( * ) SI_UNIT ( $, .STERADIAN. ) SOLID_ANGLE_UNIT ( ) );
#2048 = CARTESIAN_POINT ( 'NONE',  ( 4.952999999999990521, 2.398000000000013898, 18.00000000000000355 ) ) ;
#2049 =( NAMED_UNIT ( * ) PLANE_ANGLE_UNIT ( ) SI_UNIT ( $, .RADIAN. ) );
#2050 = MECHANICAL_DESIGN_GEOMETRIC_PRESENTATION_REPRESENTATION (  '', ( #2229 ), #812 ) ;
#2051 = ORIENTED_EDGE ( 'NONE', *, *, #1028, .F. ) ;
#2052 = ADVANCED_FACE ( 'NONE', ( #1932 ), #3235, .T. ) ;
#2053 = FILL_AREA_STYLE ('',( #5479 ) ) ;
#2054 = CARTESIAN_POINT ( 'NONE',  ( -4.305468757942084501, -3.047995311701741539, 18.00005358749448447 ) ) ;
#2055 = ADVANCED_FACE ( 'NONE', ( #5076 ), #2808, .T. ) ;
#2056 = UNCERTAINTY_MEASURE_WITH_UNIT (LENGTH_MEASURE( 1.000000000000000082E-05 ), #2406, 'distance_accuracy_value', 'NONE');
#2057 = FILL_AREA_STYLE_COLOUR ( '', #94 ) ;
#2058 = AXIS2_PLACEMENT_3D ( 'NONE', #3676, #2790, #5418 ) ;
#2059 = CARTESIAN_POINT ( 'NONE',  ( -1.337389107371129304E-15, 0.6350000000000002309, -3.075000000000001510 ) ) ;
#2060 = CARTESIAN_POINT ( 'NONE',  ( 2.100261184457494323, -1.905499999999993754, 1.000000000000000888 ) ) ;
#2061 = DIRECTION ( 'NONE',  ( -6.385093352530581152E-17, 6.123233995736745082E-17, -1.000000000000000000 ) ) ;
#2062 = ORIENTED_EDGE ( 'NONE', *, *, #3639, .F. ) ;
#2063 = MECHANICAL_DESIGN_GEOMETRIC_PRESENTATION_REPRESENTATION (  '', ( #5176 ), #3617 ) ;
#2064 =( GEOMETRIC_REPRESENTATION_CONTEXT ( 3 ) GLOBAL_UNCERTAINTY_ASSIGNED_CONTEXT ( ( #4976 ) ) GLOBAL_UNIT_ASSIGNED_CONTEXT ( ( #1281, #5604, #3910 ) ) REPRESENTATION_CONTEXT ( 'NONE', 'WORKASPACE' ) );
#2065 = PRESENTATION_STYLE_ASSIGNMENT (( #3843 ) ) ;
#2066 =( BOUNDED_CURVE ( )  B_SPLINE_CURVE ( 3, ( #2030, #3412, #2604, #1436 ),
 .UNSPECIFIED., .F., .T. ) 
 B_SPLINE_CURVE_WITH_KNOTS ( ( 4, 4 ),
 ( 8.131516293641291144E-16, 0.7816000651241702402 ),
 .UNSPECIFIED. ) 
 CURVE ( )  GEOMETRIC_REPRESENTATION_ITEM ( )  RATIONAL_B_SPLINE_CURVE ( ( 1.000000000000000000, 0.9497364005219708361, 0.9497364005219708361, 1.000000000000000000 ) ) 
 REPRESENTATION_ITEM ( '' )  );
#2067 = AXIS2_PLACEMENT_3D ( 'NONE', #2594, #72, #4369 ) ;
#2068 = AXIS2_PLACEMENT_3D ( 'NONE', #244, #3682, #5425 ) ;
#2069 = ORIENTED_EDGE ( 'NONE', *, *, #585, .F. ) ;
#2070 = VECTOR ( 'NONE', #710, 1000.000000000000000 ) ;
#2071 = AXIS2_PLACEMENT_3D ( 'NONE', #2288, #5369, #999 ) ;
#2072 = CARTESIAN_POINT ( 'NONE',  ( -0.1500000000000014100, 0.6349999999999996758, -3.075000000000001510 ) ) ;
#2073 = DIRECTION ( 'NONE',  ( -1.988267581731810459E-16, -6.123233995736835061E-17, 1.000000000000000000 ) ) ;
#2074 = ORIENTED_EDGE ( 'NONE', *, *, #5585, .T. ) ;
#2075 = ORIENTED_EDGE ( 'NONE', *, *, #2322, .F. ) ;
#2076 = FILL_AREA_STYLE ('',( #2585 ) ) ;
#2077 = VERTEX_POINT ( 'NONE', #4571 ) ;
#2078 = EDGE_CURVE ( 'NONE', #3471, #943, #914, .T. ) ;
#2079 = DIRECTION ( 'NONE',  ( 2.966873679532033666E-15, -1.000000000000000000, -6.123233995736763571E-17 ) ) ;
#2080 = SURFACE_STYLE_USAGE ( .BOTH. , #1295 ) ;
#2081 =( NAMED_UNIT ( * ) PLANE_ANGLE_UNIT ( ) SI_UNIT ( $, .RADIAN. ) );
#2082 =( LENGTH_UNIT ( ) NAMED_UNIT ( * ) SI_UNIT ( .MILLI., .METRE. ) );
#2083 = FACE_OUTER_BOUND ( 'NONE', #790, .T. ) ;
#2084 = EDGE_LOOP ( 'NONE', ( #3003, #1285, #3526, #1505 ) ) ;
#2085 = SURFACE_STYLE_USAGE ( .BOTH. , #3867 ) ;
#2086 = DIRECTION ( 'NONE',  ( 1.000000000000000000, 3.469446951953614189E-15, 0.000000000000000000 ) ) ;
#2087 = DIRECTION ( 'NONE',  ( 1.000000000000000000, 3.491481338843133355E-15, 0.000000000000000000 ) ) ;
#2088 = DIRECTION ( 'NONE',  ( -1.000000000000000000, -3.614007241618348376E-15, -5.376517026358584721E-16 ) ) ;
#2089 = ORIENTED_EDGE ( 'NONE', *, *, #4117, .T. ) ;
#2090 = EDGE_CURVE ( 'NONE', #4574, #618, #3509, .T. ) ;
#2091 = STYLED_ITEM ( 'NONE', ( #5450 ), #116 ) ;
#2092 = EDGE_CURVE ( 'NONE', #3204, #4353, #3323, .T. ) ;
#2093 = FILL_AREA_STYLE ('',( #855 ) ) ;
#2094 = ORIENTED_EDGE ( 'NONE', *, *, #923, .F. ) ;
#2095 =( NAMED_UNIT ( * ) SI_UNIT ( $, .STERADIAN. ) SOLID_ANGLE_UNIT ( ) );
#2096 = CARTESIAN_POINT ( 'NONE',  ( 1.269999999999998019, 0.6350000000000046718, 0.000000000000000000 ) ) ;
#2097 = STYLED_ITEM ( 'NONE', ( #3301 ), #995 ) ;
#2098 = VERTEX_POINT ( 'NONE', #5577 ) ;
#2099 = ORIENTED_EDGE ( 'NONE', *, *, #1201, .T. ) ;
#2100 = DIRECTION ( 'NONE',  ( 0.000000000000000000, 0.000000000000000000, 1.000000000000000000 ) ) ;
#2101 = ORIENTED_EDGE ( 'NONE', *, *, #1686, .F. ) ;
#2102 = DIRECTION ( 'NONE',  ( 0.08682659386424801395, -0.08682659386424727843, -0.9924325091389671893 ) ) ;
#2103 = CIRCLE ( 'NONE', #2832, 0.3500000000000000333 ) ;
#2104 = FILL_AREA_STYLE_COLOUR ( '', #2980 ) ;
#2105 = CARTESIAN_POINT ( 'NONE',  ( -1.019999999999997575, -0.6350000000000035616, -3.075000000000001510 ) ) ;
#2106 = VECTOR ( 'NONE', #5405, 1000.000000000000000 ) ;
#2107 = CYLINDRICAL_SURFACE ( 'NONE', #3291, 0.2500000000000000555 ) ;
#2108 = DIRECTION ( 'NONE',  ( 1.988267581731810705E-16, 6.123233995736836294E-17, -1.000000000000000000 ) ) ;
#2109 = ORIENTED_EDGE ( 'NONE', *, *, #3560, .F. ) ;
#2110 = SURFACE_STYLE_FILL_AREA ( #18 ) ;
#2111 = CYLINDRICAL_SURFACE ( 'NONE', #2518, 0.6499999999999995781 ) ;
#2112 = UNCERTAINTY_MEASURE_WITH_UNIT (LENGTH_MEASURE( 1.000000000000000082E-05 ), #5511, 'distance_accuracy_value', 'NONE');
#2113 =( NAMED_UNIT ( * ) SI_UNIT ( $, .STERADIAN. ) SOLID_ANGLE_UNIT ( ) );
#2114 = LINE ( 'NONE', #2945, #2965 ) ;
#2115 = CYLINDRICAL_SURFACE ( 'NONE', #1156, 0.3899999999999999578 ) ;
#2116 = CARTESIAN_POINT ( 'NONE',  ( -4.303822921787167743, -3.048000000000016474, 18.00000000000000000 ) ) ;
#2117 = DIRECTION ( 'NONE',  ( 1.988267581731811198E-16, 6.123233995736835061E-17, -1.000000000000000000 ) ) ;
#2118 = SURFACE_STYLE_FILL_AREA ( #2142 ) ;
#2119 =( NAMED_UNIT ( * ) PLANE_ANGLE_UNIT ( ) SI_UNIT ( $, .RADIAN. ) );
#2120 = ORIENTED_EDGE ( 'NONE', *, *, #3245, .T. ) ;
#2121 = LINE ( 'NONE', #383, #4414 ) ;
#2122 = ORIENTED_EDGE ( 'NONE', *, *, #277, .F. ) ;
#2123 = FILL_AREA_STYLE_COLOUR ( '', #5499 ) ;
#2124 = EDGE_CURVE ( 'NONE', #511, #1123, #5194, .T. ) ;
#2125 =( GEOMETRIC_REPRESENTATION_CONTEXT ( 3 ) GLOBAL_UNCERTAINTY_ASSIGNED_CONTEXT ( ( #2573 ) ) GLOBAL_UNIT_ASSIGNED_CONTEXT ( ( #5475, #4978, #1962 ) ) REPRESENTATION_CONTEXT ( 'NONE', 'WORKASPACE' ) );
#2126 = FACE_OUTER_BOUND ( 'NONE', #3887, .T. ) ;
#2127 = ORIENTED_EDGE ( 'NONE', *, *, #2754, .T. ) ;
#2128 = DIRECTION ( 'NONE',  ( -1.988267581731810705E-16, -6.123233995736836294E-17, 1.000000000000000000 ) ) ;
#2129 = CIRCLE ( 'NONE', #3772, 0.5000000000000000000 ) ;
#2130 = EDGE_CURVE ( 'NONE', #4235, #3719, #1287, .T. ) ;
#2131 = AXIS2_PLACEMENT_3D ( 'NONE', #2958, #3452, #5609 ) ;
#2132 = CARTESIAN_POINT ( 'NONE',  ( 3.181632034355962979, 0.5983932188134636343, 1.350000000000002309 ) ) ;
#2133 = DIRECTION ( 'NONE',  ( 1.988267581731810705E-16, 6.123233995736836294E-17, -1.000000000000000000 ) ) ;
#2134 = PLANE ( 'NONE',  #5010 ) ;
#2135 = ORIENTED_EDGE ( 'NONE', *, *, #1752, .T. ) ;
#2136 = CARTESIAN_POINT ( 'NONE',  ( -1.269999999999998019, -0.6350000000000044498, 1.000000000000000888 ) ) ;
#2137 = SURFACE_STYLE_FILL_AREA ( #1625 ) ;
#2138 = DIRECTION ( 'NONE',  ( -1.000000000000000000, -3.469446951953614189E-15, 0.000000000000000000 ) ) ;
#2139 = SURFACE_STYLE_USAGE ( .BOTH. , #3379 ) ;
#2140 = DIRECTION ( 'NONE',  ( -1.988267581731810705E-16, -6.123233995736836294E-17, 1.000000000000000000 ) ) ;
#2141 = CARTESIAN_POINT ( 'NONE',  ( -4.852999999999995318, -2.298000000000016030, 7.249999999999997335 ) ) ;
#2142 = FILL_AREA_STYLE ('',( #1770 ) ) ;
#2143 = ORIENTED_EDGE ( 'NONE', *, *, #1738, .F. ) ;
#2144 =( NAMED_UNIT ( * ) SI_UNIT ( $, .STERADIAN. ) SOLID_ANGLE_UNIT ( ) );
#2145 =( GEOMETRIC_REPRESENTATION_CONTEXT ( 3 ) GLOBAL_UNCERTAINTY_ASSIGNED_CONTEXT ( ( #5473 ) ) GLOBAL_UNIT_ASSIGNED_CONTEXT ( ( #4347, #1766, #496 ) ) REPRESENTATION_CONTEXT ( 'NONE', 'WORKASPACE' ) );
#2146 = DIRECTION ( 'NONE',  ( -3.482699675675338723E-15, 1.000000000000000000, 0.000000000000000000 ) ) ;
#2147 = EDGE_CURVE ( 'NONE', #484, #5232, #360, .T. ) ;
#2148 = MECHANICAL_DESIGN_GEOMETRIC_PRESENTATION_REPRESENTATION (  '', ( #1017 ), #928 ) ;
#2149 = FACE_OUTER_BOUND ( 'NONE', #2608, .T. ) ;
#2150 = ORIENTED_EDGE ( 'NONE', *, *, #5359, .T. ) ;
#2151 = AXIS2_PLACEMENT_3D ( 'NONE', #467, #3074, #2138 ) ;
#2152 = DIRECTION ( 'NONE',  ( -1.000000000000000000, -3.614007241618348376E-15, -5.376517026358584721E-16 ) ) ;
#2153 = CARTESIAN_POINT ( 'NONE',  ( -3.823883852410975503, -1.769454647697229710, 25.66900000000000048 ) ) ;
#2154 = SURFACE_STYLE_FILL_AREA ( #1798 ) ;
#2155 = ORIENTED_EDGE ( 'NONE', *, *, #2199, .T. ) ;
#2156 = ORIENTED_EDGE ( 'NONE', *, *, #1631, .F. ) ;
#2157 = DIRECTION ( 'NONE',  ( 0.7071067811865499042, -0.7071067811865452413, 3.368793620385341492E-16 ) ) ;
#2158 = ORIENTED_EDGE ( 'NONE', *, *, #5544, .T. ) ;
#2159 = EDGE_CURVE ( 'NONE', #1839, #5307, #3879, .T. ) ;
#2160 = FILL_AREA_STYLE ('',( #3099 ) ) ;
#2161 = CARTESIAN_POINT ( 'NONE',  ( -4.953000000000010949, 3.047999999999982279, 7.249999999999997335 ) ) ;
#2162 = CIRCLE ( 'NONE', #285, 0.1000000000000000056 ) ;
#2163 = STYLED_ITEM ( 'NONE', ( #2476 ), #4652 ) ;
#2164 =( LENGTH_UNIT ( ) NAMED_UNIT ( * ) SI_UNIT ( .MILLI., .METRE. ) );
#2165 = CARTESIAN_POINT ( 'NONE',  ( -2.765000000000002345, 1.015999999999990022, -5.500000000000001776 ) ) ;
#2166 = CARTESIAN_POINT ( 'NONE',  ( 2.115000000000001101, 7.211195509573878768E-15, -5.500000000000001776 ) ) ;
#2167 = VERTEX_POINT ( 'NONE', #5553 ) ;
#2168 = EDGE_CURVE ( 'NONE', #4265, #1000, #3417, .T. ) ;
#2169 = VECTOR ( 'NONE', #3536, 1000.000000000000000 ) ;
#2170 = CARTESIAN_POINT ( 'NONE',  ( -4.302999999999994607, -3.048000000000016030, 18.00000000000000000 ) ) ;
#2171 = AXIS2_PLACEMENT_3D ( 'NONE', #3964, #5571, #1389 ) ;
#2172 = CARTESIAN_POINT ( 'NONE',  ( -4.852999999999993541, -2.948000000000015941, 7.249999999999997335 ) ) ;
#2173 = ORIENTED_EDGE ( 'NONE', *, *, #2837, .F. ) ;
#2174 = DIRECTION ( 'NONE',  ( -1.000000000000000000, -3.469446951953614189E-15, 0.000000000000000000 ) ) ;
#2175 = CARTESIAN_POINT ( 'NONE',  ( -2.539999999999996039, -1.016000000000008674, -5.700000000000000178 ) ) ;
#2176 = VECTOR ( 'NONE', #688, 1000.000000000000000 ) ;
#2177 = CARTESIAN_POINT ( 'NONE',  ( -2.539999999999996039, -1.016000000000008674, -5.500000000000001776 ) ) ;
#2178 = CARTESIAN_POINT ( 'NONE',  ( -2.315000000000002167, 1.015999999999992021, -5.700000000000000178 ) ) ;
#2179 = ORIENTED_EDGE ( 'NONE', *, *, #340, .F. ) ;
#2180 = COLOUR_RGB ( '',0.2862745098039215508, 0.3254901960784313819, 0.5882352941176470784 ) ;
#2181 = DIRECTION ( 'NONE',  ( 1.000000000000000000, 3.336006684570782904E-15, 0.000000000000000000 ) ) ;
#2182 = CARTESIAN_POINT ( 'NONE',  ( -2.115000000000003766, 1.015999999999992243, 0.9999999999999991118 ) ) ;
#2183 =( LENGTH_UNIT ( ) NAMED_UNIT ( * ) SI_UNIT ( .MILLI., .METRE. ) );
#2184 = ORIENTED_EDGE ( 'NONE', *, *, #1764, .F. ) ;
#2185 = STYLED_ITEM ( 'NONE', ( #5079 ), #707 ) ;
#2186 = CARTESIAN_POINT ( 'NONE',  ( 4.852999999999988212, 2.948000000000016385, 7.000000000000002665 ) ) ;
#2187 = CARTESIAN_POINT ( 'NONE',  ( -4.683937850140499570, -3.046557841984070869, 18.01648394155109756 ) ) ;
#2188 = AXIS2_PLACEMENT_3D ( 'NONE', #837, #3402, #401 ) ;
#2189 = ORIENTED_EDGE ( 'NONE', *, *, #2322, .T. ) ;
#2190 = AXIS2_PLACEMENT_3D ( 'NONE', #1084, #2775, #697 ) ;
#2191 = SURFACE_SIDE_STYLE ('',( #485 ) ) ;
#2192 = FACE_BOUND ( 'NONE', #5301, .T. ) ;
#2193 = ORIENTED_EDGE ( 'NONE', *, *, #686, .F. ) ;
#2194 = VECTOR ( 'NONE', #1630, 1000.000000000000000 ) ;
#2195 = AXIS2_PLACEMENT_3D ( 'NONE', #24, #2543, #4349 ) ;
#2196 = CARTESIAN_POINT ( 'NONE',  ( -4.852999999999993541, -2.948000000000015941, 6.999999999999997335 ) ) ;
#2197 = CARTESIAN_POINT ( 'NONE',  ( 3.429119407771252348, 0.8458805922287557788, 7.000000000000001776 ) ) ;
#2198 = DIRECTION ( 'NONE',  ( 1.000000000000000000, 3.469446951953613400E-15, 5.376517026358584721E-16 ) ) ;
#2199 = EDGE_CURVE ( 'NONE', #5543, #2744, #1174, .T. ) ;
#2200 = STYLED_ITEM ( 'NONE', ( #4413 ), #1297 ) ;
#2201 = CARTESIAN_POINT ( 'NONE',  ( -3.619500000000007045, 1.255499999999987182, 6.999999999999999112 ) ) ;
#2202 = DIRECTION ( 'NONE',  ( 1.988267581731810705E-16, 6.123233995736836294E-17, -1.000000000000000000 ) ) ;
#2203 = EDGE_LOOP ( 'NONE', ( #2995, #2365, #5572, #1711, #5558, #927 ) ) ;
#2204 = CARTESIAN_POINT ( 'NONE',  ( 1.520000000000002016, -0.6349999999999945688, 4.970668954329534159E-17 ) ) ;
#2205 = DIRECTION ( 'NONE',  ( 1.988267581731810705E-16, 6.123233995736836294E-17, -1.000000000000000000 ) ) ;
#2206 = SURFACE_STYLE_USAGE ( .BOTH. , #5325 ) ;
#2207 = EDGE_LOOP ( 'NONE', ( #3724, #3747, #4921, #5134 ) ) ;
#2208 = FACE_BOUND ( 'NONE', #863, .T. ) ;
#2209 =( NAMED_UNIT ( * ) SI_UNIT ( $, .STERADIAN. ) SOLID_ANGLE_UNIT ( ) );
#2210 = SURFACE_STYLE_FILL_AREA ( #3525 ) ;
#2211 = VERTEX_POINT ( 'NONE', #3357 ) ;
#2212 = SURFACE_STYLE_USAGE ( .BOTH. , #5252 ) ;
#2213 = ORIENTED_EDGE ( 'NONE', *, *, #1359, .F. ) ;
#2214 = STYLED_ITEM ( 'NONE', ( #264 ), #1703 ) ;
#2215 = CARTESIAN_POINT ( 'NONE',  ( 3.823883849520896661, -1.808915879698148155, 25.66900000000000048 ) ) ;
#2216 = PRESENTATION_STYLE_ASSIGNMENT (( #5285 ) ) ;
#2217 = CYLINDRICAL_SURFACE ( 'NONE', #3812, 0.6499999999999998002 ) ;
#2218 = ORIENTED_EDGE ( 'NONE', *, *, #3967, .F. ) ;
#2219 = UNCERTAINTY_MEASURE_WITH_UNIT (LENGTH_MEASURE( 1.000000000000000082E-05 ), #3159, 'distance_accuracy_value', 'NONE');
#2220 = CARTESIAN_POINT ( 'NONE',  ( -3.780185667963011031, -1.875185667963027436, 25.16900000000000048 ) ) ;
#2221 = CARTESIAN_POINT ( 'NONE',  ( 4.303000000000004377, -2.397999999999985477, 7.250000000000000888 ) ) ;
#2222 = DIRECTION ( 'NONE',  ( -2.966873679532033666E-15, 1.000000000000000000, 6.123233995736770966E-17 ) ) ;
#2223 = CARTESIAN_POINT ( 'NONE',  ( 4.852999999999989988, 2.298000000000016918, 7.000000000000002665 ) ) ;
#2224 = PRESENTATION_LAYER_ASSIGNMENT (  '', '', ( #4266 ) ) ;
#2225 = ORIENTED_EDGE ( 'NONE', *, *, #2609, .F. ) ;
#2226 = EDGE_CURVE ( 'NONE', #1342, #1500, #619, .T. ) ;
#2227 = EDGE_CURVE ( 'NONE', #743, #2077, #1610, .T. ) ;
#2228 = DIRECTION ( 'NONE',  ( 1.000000000000000000, 3.491481338843133355E-15, 5.376517026358584721E-16 ) ) ;
#2229 = STYLED_ITEM ( 'NONE', ( #5504 ), #2490 ) ;
#2230 = CARTESIAN_POINT ( 'NONE',  ( -4.253962220923443560, -2.103164872084740011, 25.23039567330873822 ) ) ;
#2231 = DIRECTION ( 'NONE',  ( 1.000000000000000000, 3.614007241618346010E-15, 0.000000000000000000 ) ) ;
#2232 = ORIENTED_EDGE ( 'NONE', *, *, #1764, .T. ) ;
#2233 = CIRCLE ( 'NONE', #3984, 0.2500000000000000000 ) ;
#2234 = PRODUCT_RELATED_PRODUCT_CATEGORY ( 'part', '', ( #88 ) ) ;
#2235 = ADVANCED_FACE ( 'NONE', ( #4706 ), #1639, .T. ) ;
#2236 = PRESENTATION_STYLE_ASSIGNMENT (( #163 ) ) ;
#2237 =( GEOMETRIC_REPRESENTATION_CONTEXT ( 3 ) GLOBAL_UNCERTAINTY_ASSIGNED_CONTEXT ( ( #98 ) ) GLOBAL_UNIT_ASSIGNED_CONTEXT ( ( #513, #1807, #2024 ) ) REPRESENTATION_CONTEXT ( 'NONE', 'WORKASPACE' ) );
#2238 = MECHANICAL_DESIGN_GEOMETRIC_PRESENTATION_REPRESENTATION (  '', ( #4373 ), #3253 ) ;
#2239 = VERTEX_POINT ( 'NONE', #2153 ) ;
#2240 = EDGE_LOOP ( 'NONE', ( #592, #2460, #2143, #4417 ) ) ;
#2241 = VECTOR ( 'NONE', #4727, 1000.000000000000227 ) ;
#2242 = CARTESIAN_POINT ( 'NONE',  ( -1.270000000000001350, 0.6349999999999955680, -3.175000000000000711 ) ) ;
#2243 = MECHANICAL_DESIGN_GEOMETRIC_PRESENTATION_REPRESENTATION (  '', ( #3704 ), #1463 ) ;
#2244 = AXIS2_PLACEMENT_3D ( 'NONE', #4345, #3405, #1247 ) ;
#2245 = CARTESIAN_POINT ( 'NONE',  ( -1.120000000000001217, 0.6349999999999961231, -3.175000000000000711 ) ) ;
#2246 = APPLICATION_PROTOCOL_DEFINITION ( 'draft international standard', 'automotive_design', 1998, #2347 ) ;
#2247 = VERTEX_POINT ( 'NONE', #3918 ) ;
#2248 = ADVANCED_FACE ( 'NONE', ( #3853 ), #4332, .T. ) ;
#2249 = FILL_AREA_STYLE_COLOUR ( '', #2378 ) ;
#2250 = ORIENTED_EDGE ( 'NONE', *, *, #5549, .T. ) ;
#2251 = COLOUR_RGB ( '',0.7529411764705882248, 0.7529411764705882248, 0.7529411764705882248 ) ;
#2252 = CARTESIAN_POINT ( 'NONE',  ( 3.269500000000002071, -0.3862611844574776465, 1.000000000000002665 ) ) ;
#2253 = SURFACE_STYLE_FILL_AREA ( #1488 ) ;
#2254 = DIRECTION ( 'NONE',  ( 1.988267581731810459E-16, 6.123233995736835061E-17, -1.000000000000000000 ) ) ;
#2255 = LINE ( 'NONE', #634, #3464 ) ;
#2256 = EDGE_LOOP ( 'NONE', ( #1263, #1524 ) ) ;
#2257 = AXIS2_PLACEMENT_3D ( 'NONE', #2651, #4061, #4469 ) ;
#2258 = CARTESIAN_POINT ( 'NONE',  ( 4.303000000000006153, -3.047999999999985832, 18.00000000000000355 ) ) ;
#2259 = CARTESIAN_POINT ( 'NONE',  ( -2.539999999999996039, -1.016000000000008674, -5.700000000000000178 ) ) ;
#2260 = PRESENTATION_STYLE_ASSIGNMENT (( #1004 ) ) ;
#2261 = ADVANCED_FACE ( 'NONE', ( #3552 ), #1473, .T. ) ;
#2262 = DIRECTION ( 'NONE',  ( -2.966873679532034060E-15, 1.000000000000000000, 6.123233995736770966E-17 ) ) ;
#2263 = VECTOR ( 'NONE', #4510, 1000.000000000000000 ) ;
#2264 = FILL_AREA_STYLE ('',( #2913 ) ) ;
#2265 = MECHANICAL_DESIGN_GEOMETRIC_PRESENTATION_REPRESENTATION (  '', ( #1833 ), #5199 ) ;
#2266 = ADVANCED_FACE ( 'NONE', ( #2208, #1395 ), #554, .F. ) ;
#2267 = ADVANCED_FACE ( 'NONE', ( #1875 ), #5164, .T. ) ;
#2268 = CIRCLE ( 'NONE', #4565, 0.1000000000000000472 ) ;
#2269 = DIRECTION ( 'NONE',  ( -1.988267581731810459E-16, -6.123233995736835061E-17, 1.000000000000000000 ) ) ;
#2270 =( NAMED_UNIT ( * ) PLANE_ANGLE_UNIT ( ) SI_UNIT ( $, .RADIAN. ) );
#2271 = ORIENTED_EDGE ( 'NONE', *, *, #5359, .F. ) ;
#2272 = MECHANICAL_DESIGN_GEOMETRIC_PRESENTATION_REPRESENTATION (  '', ( #2730 ), #4208 ) ;
#2273 = CARTESIAN_POINT ( 'NONE',  ( 3.780185667963015028, -1.875185667963001235, 25.66900000000000048 ) ) ;
#2274 = PRESENTATION_STYLE_ASSIGNMENT (( #5333 ) ) ;
#2275 = CIRCLE ( 'NONE', #4502, 0.3500000000000000333 ) ;
#2276 = AXIS2_PLACEMENT_3D ( 'NONE', #2021, #4151, #4130 ) ;
#2277 = SURFACE_STYLE_FILL_AREA ( #487 ) ;
#2278 = DIRECTION ( 'NONE',  ( -1.000000000000000000, -3.571489509364014096E-15, 0.000000000000000000 ) ) ;
#2279 = ORIENTED_EDGE ( 'NONE', *, *, #4484, .T. ) ;
#2280 = ORIENTED_EDGE ( 'NONE', *, *, #3776, .T. ) ;
#2281 = VECTOR ( 'NONE', #3615, 1000.000000000000000 ) ;
#2282 = CARTESIAN_POINT ( 'NONE',  ( 4.952995311701730685, -2.400468757942074927, 18.00005358749448447 ) ) ;
#2283 = STYLED_ITEM ( 'NONE', ( #3370 ), #517 ) ;
#2284 = UNCERTAINTY_MEASURE_WITH_UNIT (LENGTH_MEASURE( 1.000000000000000082E-05 ), #4251, 'distance_accuracy_value', 'NONE');
#2285 = SURFACE_STYLE_USAGE ( .BOTH. , #2678 ) ;
#2286 = CARTESIAN_POINT ( 'NONE',  ( 3.823883852410963069, 1.769454647697226823, 25.66900000000000048 ) ) ;
#2287 = FACE_OUTER_BOUND ( 'NONE', #4093, .T. ) ;
#2288 = CARTESIAN_POINT ( 'NONE',  ( 2.969499999999999584, 0.3862611844574987408, 1.000000000000000888 ) ) ;
#2289 = CIRCLE ( 'NONE', #5470, 0.1500000000000000777 ) ;
#2290 = FILL_AREA_STYLE_COLOUR ( '', #3359 ) ;
#2291 = AXIS2_PLACEMENT_3D ( 'NONE', #5020, #308, #365 ) ;
#2292 = FACE_OUTER_BOUND ( 'NONE', #243, .T. ) ;
#2293 =( GEOMETRIC_REPRESENTATION_CONTEXT ( 3 ) GLOBAL_UNCERTAINTY_ASSIGNED_CONTEXT ( ( #3892 ) ) GLOBAL_UNIT_ASSIGNED_CONTEXT ( ( #409, #5598, #468 ) ) REPRESENTATION_CONTEXT ( 'NONE', 'WORKASPACE' ) );
#2294 = SURFACE_STYLE_FILL_AREA ( #2800 ) ;
#2295 = PRESENTATION_LAYER_ASSIGNMENT (  '', '', ( #1344 ) ) ;
#2296 = CARTESIAN_POINT ( 'NONE',  ( -4.957881610352854906, 2.405355056593192042, 17.94420293834527058 ) ) ;
#2297 = CARTESIAN_POINT ( 'NONE',  ( 1.269999999999998019, 0.6350000000000046718, 0.000000000000000000 ) ) ;
#2298 = SURFACE_STYLE_USAGE ( .BOTH. , #1474 ) ;
#2299 = SURFACE_SIDE_STYLE ('',( #2210 ) ) ;
#2300 = DIRECTION ( 'NONE',  ( 2.602085213965210642E-15, -1.000000000000000000, 0.000000000000000000 ) ) ;
#2301 = ORIENTED_EDGE ( 'NONE', *, *, #1427, .F. ) ;
#2302 = EDGE_CURVE ( 'NONE', #5153, #3874, #3612, .T. ) ;
#2303 =( LENGTH_UNIT ( ) NAMED_UNIT ( * ) SI_UNIT ( .MILLI., .METRE. ) );
#2304 = CARTESIAN_POINT ( 'NONE',  ( 2.100261184457484998, 1.255500000000007166, 1.000000000000000888 ) ) ;
#2305 = SURFACE_STYLE_USAGE ( .BOTH. , #1428 ) ;
#2306 = DIRECTION ( 'NONE',  ( -1.988267581731810705E-16, -6.123233995736836294E-17, 1.000000000000000000 ) ) ;
#2307 = VERTEX_POINT ( 'NONE', #275 ) ;
#2308 = ORIENTED_EDGE ( 'NONE', *, *, #2817, .F. ) ;
#2309 = PLANE ( 'NONE',  #3994 ) ;
#2310 =( NAMED_UNIT ( * ) SI_UNIT ( $, .STERADIAN. ) SOLID_ANGLE_UNIT ( ) );
#2311 = CARTESIAN_POINT ( 'NONE',  ( 1.270000000000002682, -0.6349999999999953459, -3.075000000000001510 ) ) ;
#2312 = AXIS2_PLACEMENT_3D ( 'NONE', #1533, #2874, #1987 ) ;
#2313 = LINE ( 'NONE', #4428, #331 ) ;
#2314 = DIRECTION ( 'NONE',  ( -2.966873679532033666E-15, 1.000000000000000000, 6.123233995736770966E-17 ) ) ;
#2315 = FACE_OUTER_BOUND ( 'NONE', #2469, .T. ) ;
#2316 =( NAMED_UNIT ( * ) SI_UNIT ( $, .STERADIAN. ) SOLID_ANGLE_UNIT ( ) );
#2317 =( GEOMETRIC_REPRESENTATION_CONTEXT ( 3 ) GLOBAL_UNCERTAINTY_ASSIGNED_CONTEXT ( ( #2677 ) ) GLOBAL_UNIT_ASSIGNED_CONTEXT ( ( #5546, #4700, #3444 ) ) REPRESENTATION_CONTEXT ( 'NONE', 'WORKASPACE' ) );
#2318 = FILL_AREA_STYLE_COLOUR ( '', #1264 ) ;
#2319 = DIRECTION ( 'NONE',  ( -1.000000000000000000, -3.502807018799324475E-15, 0.000000000000000000 ) ) ;
#2320 = DIRECTION ( 'NONE',  ( -1.000000000000000000, -3.448710007688152381E-15, -2.749740109373716394E-16 ) ) ;
#2321 = PLANE ( 'NONE',  #2461 ) ;
#2322 = EDGE_CURVE ( 'NONE', #5493, #5580, #1368, .T. ) ;
#2323 = VECTOR ( 'NONE', #4566, 1000.000000000000000 ) ;
#2324 =( NAMED_UNIT ( * ) SI_UNIT ( $, .STERADIAN. ) SOLID_ANGLE_UNIT ( ) );
#2325 =( NAMED_UNIT ( * ) SI_UNIT ( $, .STERADIAN. ) SOLID_ANGLE_UNIT ( ) );
#2326 = CIRCLE ( 'NONE', #921, 0.2249999999999999500 ) ;
#2327 = DIRECTION ( 'NONE',  ( -1.000000000000000000, -3.469446951953614189E-15, 0.000000000000000000 ) ) ;
#2328 = ORIENTED_EDGE ( 'NONE', *, *, #1111, .T. ) ;
#2329 =( NAMED_UNIT ( * ) SI_UNIT ( $, .STERADIAN. ) SOLID_ANGLE_UNIT ( ) );
#2330 = CARTESIAN_POINT ( 'NONE',  ( -4.305468757942104929, 3.047995311701709120, 18.00005358749449158 ) ) ;
#2331 = CARTESIAN_POINT ( 'NONE',  ( 2.100261184457484998, 1.255500000000007166, 1.000000000000000888 ) ) ;
#2332 = EDGE_CURVE ( 'NONE', #4353, #2666, #189, .T. ) ;
#2333 =( NAMED_UNIT ( * ) PLANE_ANGLE_UNIT ( ) SI_UNIT ( $, .RADIAN. ) );
#2334 = CIRCLE ( 'NONE', #637, 0.1000000000000000472 ) ;
#2335 = ORIENTED_EDGE ( 'NONE', *, *, #1825, .F. ) ;
#2336 = CARTESIAN_POINT ( 'NONE',  ( 3.780185667963015028, -1.875185667963001013, 25.66900000000000048 ) ) ;
#2337 = UNCERTAINTY_MEASURE_WITH_UNIT (LENGTH_MEASURE( 1.000000000000000082E-05 ), #2303, 'distance_accuracy_value', 'NONE');
#2338 = CIRCLE ( 'NONE', #4623, 0.5000000000000003331 ) ;
#2339 = STYLED_ITEM ( 'NONE', ( #1912 ), #3336 ) ;
#2340 = DIRECTION ( 'NONE',  ( -3.491481338843133355E-15, 1.000000000000000000, 6.123233995736767268E-17 ) ) ;
#2341 = CARTESIAN_POINT ( 'NONE',  ( -4.852999999999993541, -2.948000000000015941, 7.249999999999997335 ) ) ;
#2342 = ADVANCED_FACE ( 'NONE', ( #3299 ), #4612, .T. ) ;
#2343 = DIRECTION ( 'NONE',  ( 1.000000000000000000, 3.469446951953614189E-15, 5.376517026358585707E-16 ) ) ;
#2344 = MECHANICAL_DESIGN_GEOMETRIC_PRESENTATION_REPRESENTATION (  '', ( #1027 ), #3912 ) ;
#2345 = CIRCLE ( 'NONE', #5529, 0.3900000000000000133 ) ;
#2346 = CARTESIAN_POINT ( 'NONE',  ( -2.114999999999996216, -1.016000000000007120, -5.700000000000000178 ) ) ;
#2347 = APPLICATION_CONTEXT ( 'automotive_design' ) ;
#2348 = FACE_OUTER_BOUND ( 'NONE', #3432, .T. ) ;
#2349 = AXIS2_PLACEMENT_3D ( 'NONE', #5259, #123, #2735 ) ;
#2350 = ORIENTED_EDGE ( 'NONE', *, *, #9, .F. ) ;
#2351 = SURFACE_SIDE_STYLE ('',( #3664 ) ) ;
#2352 =( NAMED_UNIT ( * ) SI_UNIT ( $, .STERADIAN. ) SOLID_ANGLE_UNIT ( ) );
#2353 = STYLED_ITEM ( 'NONE', ( #214 ), #5128 ) ;
#2354 =( NAMED_UNIT ( * ) SI_UNIT ( $, .STERADIAN. ) SOLID_ANGLE_UNIT ( ) );
#2355 = DIRECTION ( 'NONE',  ( 1.988267581731810459E-16, 6.123233995736835061E-17, -1.000000000000000000 ) ) ;
#2356 =( LENGTH_UNIT ( ) NAMED_UNIT ( * ) SI_UNIT ( .MILLI., .METRE. ) );
#2357 = COLOUR_RGB ( '',0.8627450980392157298, 0.5882352941176470784, 0.06274509803921568540 ) ;
#2358 = EDGE_LOOP ( 'NONE', ( #5083, #685, #1517, #3222 ) ) ;
#2359 = CARTESIAN_POINT ( 'NONE',  ( -4.251516619242161177, 2.105610473703398267, 25.23039567366651781 ) ) ;
#2360 = VERTEX_POINT ( 'NONE', #1574 ) ;
#2361 = SURFACE_SIDE_STYLE ('',( #1506 ) ) ;
#2362 =( GEOMETRIC_REPRESENTATION_CONTEXT ( 3 ) GLOBAL_UNCERTAINTY_ASSIGNED_CONTEXT ( ( #3266 ) ) GLOBAL_UNIT_ASSIGNED_CONTEXT ( ( #1224, #4664, #1193 ) ) REPRESENTATION_CONTEXT ( 'NONE', 'WORKASPACE' ) );
#2363 = VERTEX_POINT ( 'NONE', #3321 ) ;
#2364 = PRODUCT_DEFINITION_FORMATION_WITH_SPECIFIED_SOURCE ( 'ANY', '', #88, .NOT_KNOWN. ) ;
#2365 = ORIENTED_EDGE ( 'NONE', *, *, #4785, .F. ) ;
#2366 =( NAMED_UNIT ( * ) PLANE_ANGLE_UNIT ( ) SI_UNIT ( $, .RADIAN. ) );
#2367 = SURFACE_STYLE_FILL_AREA ( #4176 ) ;
#2368 = FILL_AREA_STYLE_COLOUR ( '', #3628 ) ;
#2369 = CARTESIAN_POINT ( 'NONE',  ( -1.420000000000001483, 0.6349999999999949019, -3.175000000000000711 ) ) ;
#2370 = ADVANCED_FACE ( 'NONE', ( #5432 ), #4194, .T. ) ;
#2371 = VECTOR ( 'NONE', #1038, 1000.000000000000000 ) ;
#2372 = TOROIDAL_SURFACE ( 'NONE', #2195, 0.3000000000000000999, 0.3499999999999999778 ) ;
#2373 = CARTESIAN_POINT ( 'NONE',  ( -2.540000000000002256, 1.015999999999990910, -5.700000000000000178 ) ) ;
#2374 = ORIENTED_EDGE ( 'NONE', *, *, #3761, .F. ) ;
#2375 = MECHANICAL_DESIGN_GEOMETRIC_PRESENTATION_REPRESENTATION (  '', ( #405 ), #1238 ) ;
#2376 = EDGE_CURVE ( 'NONE', #5489, #1608, #1008, .T. ) ;
#2377 = AXIS2_PLACEMENT_3D ( 'NONE', #1974, #929, #3824 ) ;
#2378 = COLOUR_RGB ( '',0.2509803921568627416, 0.2509803921568627416, 0.2509803921568627416 ) ;
#2379 = DIRECTION ( 'NONE',  ( -1.988267581731810212E-16, -6.123233995736836294E-17, 1.000000000000000000 ) ) ;
#2380 = ORIENTED_EDGE ( 'NONE', *, *, #2332, .F. ) ;
#2381 = AXIS2_PLACEMENT_3D ( 'NONE', #946, #2633, #503 ) ;
#2382 = CARTESIAN_POINT ( 'NONE',  ( 4.953000000000005620, -2.398822921787157725, 18.00000000000000000 ) ) ;
#2383 = CARTESIAN_POINT ( 'NONE',  ( 1.685138028329659771E-15, -0.6350000000000001199, 1.000000000000000888 ) ) ;
#2384 = EDGE_LOOP ( 'NONE', ( #293, #5012, #1068, #852, #3883, #1426, #4299, #1018 ) ) ;
#2385 =( LENGTH_UNIT ( ) NAMED_UNIT ( * ) SI_UNIT ( .MILLI., .METRE. ) );
#2386 = VERTEX_POINT ( 'NONE', #3911 ) ;
#2387 = DIRECTION ( 'NONE',  ( -1.988267581731810459E-16, -6.123233995736835061E-17, 1.000000000000000000 ) ) ;
#2388 = CARTESIAN_POINT ( 'NONE',  ( 4.131063546504087469, -2.226063546504071677, 25.23039567330874533 ) ) ;
#2389 = UNCERTAINTY_MEASURE_WITH_UNIT (LENGTH_MEASURE( 1.000000000000000082E-05 ), #615, 'distance_accuracy_value', 'NONE');
#2390 = SURFACE_STYLE_USAGE ( .BOTH. , #2418 ) ;
#2391 = CARTESIAN_POINT ( 'NONE',  ( 3.674454647697206422, 1.918883852410988133, 25.66900000000000048 ) ) ;
#2392 =( NAMED_UNIT ( * ) SI_UNIT ( $, .STERADIAN. ) SOLID_ANGLE_UNIT ( ) );
#2393 = CARTESIAN_POINT ( 'NONE',  ( -1.020000000000002016, 0.6349999999999963451, 4.970668954329534159E-17 ) ) ;
#2394 = SURFACE_STYLE_FILL_AREA ( #2908 ) ;
#2395 = ORIENTED_EDGE ( 'NONE', *, *, #2168, .F. ) ;
#2396 = SURFACE_STYLE_FILL_AREA ( #2053 ) ;
#2397 = VECTOR ( 'NONE', #4072, 1000.000000000000114 ) ;
#2398 = UNCERTAINTY_MEASURE_WITH_UNIT (LENGTH_MEASURE( 1.000000000000000082E-05 ), #1877, 'distance_accuracy_value', 'NONE');
#2399 =( LENGTH_UNIT ( ) NAMED_UNIT ( * ) SI_UNIT ( .MILLI., .METRE. ) );
#2400 = EDGE_CURVE ( 'NONE', #3079, #5487, #5505, .T. ) ;
#2401 = ORIENTED_EDGE ( 'NONE', *, *, #1165, .T. ) ;
#2402 = ADVANCED_FACE ( 'NONE', ( #4668, #416 ), #5163, .T. ) ;
#2403 = CARTESIAN_POINT ( 'NONE',  ( 2.100261184457484998, 1.255500000000007166, 1.350000000000000533 ) ) ;
#2405 = AXIS2_PLACEMENT_3D ( 'NONE', #2096, #796, #2521 ) ;
#2404 = UNCERTAINTY_MEASURE_WITH_UNIT (LENGTH_MEASURE( 1.000000000000000082E-05 ), #1677, 'distance_accuracy_value', 'NONE');
#2406 =( LENGTH_UNIT ( ) NAMED_UNIT ( * ) SI_UNIT ( .MILLI., .METRE. ) );
#2407 =( NAMED_UNIT ( * ) PLANE_ANGLE_UNIT ( ) SI_UNIT ( $, .RADIAN. ) );
#2408 = ORIENTED_EDGE ( 'NONE', *, *, #3594, .F. ) ;
#2409 = STYLED_ITEM ( 'NONE', ( #2579 ), #2402 ) ;
#2410 = CARTESIAN_POINT ( 'NONE',  ( -1.520000000000002016, 0.6349999999999945688, -4.970668954329532310E-17 ) ) ;
#2412 = CARTESIAN_POINT ( 'NONE',  ( 3.823883852410968398, 1.769454647697227045, 25.66900000000000048 ) ) ;
#2411 = SURFACE_STYLE_FILL_AREA ( #3694 ) ;
#2413 = VECTOR ( 'NONE', #4140, 1000.000000000000000 ) ;
#2414 = DIRECTION ( 'NONE',  ( -2.478176394252581338E-15, 1.000000000000000000, 0.000000000000000000 ) ) ;
#2415 = CIRCLE ( 'NONE', #451, 0.2500000000000000555 ) ;
#2416 =( BOUNDED_CURVE ( )  B_SPLINE_CURVE ( 3, ( #3036, #1705, #3426, #5175 ),
 .UNSPECIFIED., .F., .T. ) 
 B_SPLINE_CURVE_WITH_KNOTS ( ( 4, 4 ),
 ( 3.137794555316512746, 3.141592653589793116 ),
 .UNSPECIFIED. ) 
 CURVE ( )  GEOMETRIC_REPRESENTATION_ITEM ( )  RATIONAL_B_SPLINE_CURVE ( ( 1.000000000000000000, 0.9999987978711534220, 0.9999987978711534220, 1.000000000000000000 ) ) 
 REPRESENTATION_ITEM ( '' )  );
#2417 = CARTESIAN_POINT ( 'NONE',  ( -3.780185667963011031, -1.875185667963027436, 25.66900000000000048 ) ) ;
#2418 = SURFACE_SIDE_STYLE ('',( #2872 ) ) ;
#2419 = AXIS2_PLACEMENT_3D ( 'NONE', #4339, #3508, #3458 ) ;
#2420 = CARTESIAN_POINT ( 'NONE',  ( 3.844455342551604371, 2.415989596384127136, 25.22391196921886092 ) ) ;
#2421 = EDGE_CURVE ( 'NONE', #2955, #3487, #4605, .T. ) ;
#2422 = CARTESIAN_POINT ( 'NONE',  ( 3.847906756058738775, -2.415969464493978425, 25.22414207777594441 ) ) ;
#2423 = ORIENTED_EDGE ( 'NONE', *, *, #2581, .F. ) ;
#2424 = VECTOR ( 'NONE', #1681, 1000.000000000000000 ) ;
#2425 = SURFACE_STYLE_USAGE ( .BOTH. , #3766 ) ;
#2426 =( NAMED_UNIT ( * ) PLANE_ANGLE_UNIT ( ) SI_UNIT ( $, .RADIAN. ) );
#2427 =( BOUNDED_CURVE ( )  B_SPLINE_CURVE ( 3, ( #5159, #3015, #3047, #974 ),
 .UNSPECIFIED., .F., .T. ) 
 B_SPLINE_CURVE_WITH_KNOTS ( ( 4, 4 ),
 ( 3.141592653589793560, 3.145390751863075707 ),
 .UNSPECIFIED. ) 
 CURVE ( )  GEOMETRIC_REPRESENTATION_ITEM ( )  RATIONAL_B_SPLINE_CURVE ( ( 1.000000000000000000, 0.9999987978711534220, 0.9999987978711534220, 1.000000000000000000 ) ) 
 REPRESENTATION_ITEM ( '' )  );
#2428 = AXIS2_PLACEMENT_3D ( 'NONE', #393, #3025, #2152 ) ;
#2429 =( NAMED_UNIT ( * ) SI_UNIT ( $, .STERADIAN. ) SOLID_ANGLE_UNIT ( ) );
#2430 =( GEOMETRIC_REPRESENTATION_CONTEXT ( 3 ) GLOBAL_UNCERTAINTY_ASSIGNED_CONTEXT ( ( #1070 ) ) GLOBAL_UNIT_ASSIGNED_CONTEXT ( ( #3787, #4681, #3890 ) ) REPRESENTATION_CONTEXT ( 'NONE', 'WORKASPACE' ) );
#2431 = ORIENTED_EDGE ( 'NONE', *, *, #1686, .T. ) ;
#2432 = EDGE_CURVE ( 'NONE', #1850, #197, #4906, .T. ) ;
#2433 = AXIS2_PLACEMENT_3D ( 'NONE', #5028, #5000, #1942 ) ;
#2434 = PLANE ( 'NONE',  #2190 ) ;
#2435 = ORIENTED_EDGE ( 'NONE', *, *, #1343, .F. ) ;
#2436 = CIRCLE ( 'NONE', #2799, 0.2249999999999999500 ) ;
#2437 = EDGE_CURVE ( 'NONE', #4296, #5487, #4358, .T. ) ;
#2438 = STYLED_ITEM ( 'NONE', ( #3331 ), #4903 ) ;
#2439 = DIRECTION ( 'NONE',  ( -1.000000000000000000, -3.336006684570784088E-15, -6.672013369141568175E-16 ) ) ;
#2440 = ORIENTED_EDGE ( 'NONE', *, *, #2597, .T. ) ;
#2441 = UNCERTAINTY_MEASURE_WITH_UNIT (LENGTH_MEASURE( 1.000000000000000082E-05 ), #5417, 'distance_accuracy_value', 'NONE');
#2442 = SURFACE_STYLE_FILL_AREA ( #1589 ) ;
#2443 = DIRECTION ( 'NONE',  ( 2.945886225445475788E-15, -0.9961946980917455452, 0.08715574274765815199 ) ) ;
#2444 = SURFACE_SIDE_STYLE ('',( #4977 ) ) ;
#2445 = AXIS2_PLACEMENT_3D ( 'NONE', #323, #5036, #1162 ) ;
#2446 = CARTESIAN_POINT ( 'NONE',  ( -3.982766749692502994, 2.297614522761282974, 25.66900000000000048 ) ) ;
#2447 = CYLINDRICAL_SURFACE ( 'NONE', #2520, 0.6500000000000000222 ) ;
#2448 = AXIS2_PLACEMENT_3D ( 'NONE', #872, #5181, #4805 ) ;
#2449 =( NAMED_UNIT ( * ) PLANE_ANGLE_UNIT ( ) SI_UNIT ( $, .RADIAN. ) );
#2450 = ORIENTED_EDGE ( 'NONE', *, *, #3313, .F. ) ;
#2451 = AXIS2_PLACEMENT_3D ( 'NONE', #3838, #1312, #882 ) ;
#2452 =( LENGTH_UNIT ( ) NAMED_UNIT ( * ) SI_UNIT ( .MILLI., .METRE. ) );
#2453 = DIRECTION ( 'NONE',  ( 1.988267581731810705E-16, 6.123233995736836294E-17, -1.000000000000000000 ) ) ;
#2454 = UNCERTAINTY_MEASURE_WITH_UNIT (LENGTH_MEASURE( 1.000000000000000082E-05 ), #3999, 'distance_accuracy_value', 'NONE');
#2455 = CARTESIAN_POINT ( 'NONE',  ( -1.269999999999998019, -0.6350000000000044498, 0.000000000000000000 ) ) ;
#2456 = AXIS2_PLACEMENT_3D ( 'NONE', #778, #4980, #2477 ) ;
#2457 = ORIENTED_EDGE ( 'NONE', *, *, #5544, .F. ) ;
#2458 = UNCERTAINTY_MEASURE_WITH_UNIT (LENGTH_MEASURE( 1.000000000000000082E-05 ), #5241, 'distance_accuracy_value', 'NONE');
#2459 = PLANE ( 'NONE',  #1683 ) ;
#2460 = ORIENTED_EDGE ( 'NONE', *, *, #3809, .T. ) ;
#2461 = AXIS2_PLACEMENT_3D ( 'NONE', #26, #5220, #3050 ) ;
#2462 = SURFACE_STYLE_USAGE ( .BOTH. , #764 ) ;
#2463 = VECTOR ( 'NONE', #2387, 1000.000000000000000 ) ;
#2464 = VERTEX_POINT ( 'NONE', #576 ) ;
#2465 =( LENGTH_UNIT ( ) NAMED_UNIT ( * ) SI_UNIT ( .MILLI., .METRE. ) );
#2466 = CARTESIAN_POINT ( 'NONE',  ( -2.969500000000006690, 1.905499999999989535, 1.349999999999998757 ) ) ;
#2467 = CARTESIAN_POINT ( 'NONE',  ( -4.305468757942084501, -3.047995311701741539, 18.00005358749448447 ) ) ;
#2468 = ADVANCED_FACE ( 'NONE', ( #1345 ), #3942, .T. ) ;
#2469 = EDGE_LOOP ( 'NONE', ( #4120, #3154, #193, #754 ) ) ;
#2470 = MECHANICAL_DESIGN_GEOMETRIC_PRESENTATION_REPRESENTATION (  '', ( #1344 ), #4865 ) ;
#2471 = SURFACE_STYLE_FILL_AREA ( #336 ) ;
#2472 = CARTESIAN_POINT ( 'NONE',  ( -4.305468757942104929, 3.047995311701709120, 18.00005358749449158 ) ) ;
#2473 = SURFACE_STYLE_USAGE ( .BOTH. , #4656 ) ;
#2474 = FILL_AREA_STYLE_COLOUR ( '', #3656 ) ;
#2475 = DIRECTION ( 'NONE',  ( -1.000000000000000000, -3.469446951953614189E-15, 0.000000000000000000 ) ) ;
#2476 = PRESENTATION_STYLE_ASSIGNMENT (( #776 ) ) ;
#2477 = DIRECTION ( 'NONE',  ( 2.966873679532032877E-15, -1.000000000000000000, 0.000000000000000000 ) ) ;
#2478 = VERTEX_POINT ( 'NONE', #1597 ) ;
#2479 = DIRECTION ( 'NONE',  ( 5.376517026358582749E-16, 6.123233995736954623E-17, -1.000000000000000000 ) ) ;
#2480 = FACE_BOUND ( 'NONE', #2888, .T. ) ;
#2481 = DIRECTION ( 'NONE',  ( -1.988267581731810705E-16, -6.123233995736836294E-17, 1.000000000000000000 ) ) ;
#2482 =( NAMED_UNIT ( * ) SI_UNIT ( $, .STERADIAN. ) SOLID_ANGLE_UNIT ( ) );
#2483 = CARTESIAN_POINT ( 'NONE',  ( -3.823883852410984829, 1.809715535079748028, 25.66899999999999338 ) ) ;
#2484 = ORIENTED_EDGE ( 'NONE', *, *, #1201, .F. ) ;
#2485 = CARTESIAN_POINT ( 'NONE',  ( 1.659999999999998144, 0.6350000000000060041, 2.096841640279847982E-16 ) ) ;
#2486 = CIRCLE ( 'NONE', #4790, 0.2500000000000000555 ) ;
#2487 = SURFACE_SIDE_STYLE ('',( #2549 ) ) ;
#2488 =( NAMED_UNIT ( * ) SI_UNIT ( $, .STERADIAN. ) SOLID_ANGLE_UNIT ( ) );
#2489 = PRESENTATION_LAYER_ASSIGNMENT (  '', '', ( #4966 ) ) ;
#2490 = ADVANCED_FACE ( 'NONE', ( #5597 ), #3344, .T. ) ;
#2491 = EDGE_LOOP ( 'NONE', ( #1640, #4289 ) ) ;
#2492 =( NAMED_UNIT ( * ) SI_UNIT ( $, .STERADIAN. ) SOLID_ANGLE_UNIT ( ) );
#2493 = CARTESIAN_POINT ( 'NONE',  ( -2.969500000000008466, 1.905499999999989313, 6.999999999999998224 ) ) ;
#2494 = ORIENTED_EDGE ( 'NONE', *, *, #1306, .F. ) ;
#2495 = COLOUR_RGB ( '',0.2509803921568627416, 0.2509803921568627416, 0.2509803921568627416 ) ;
#2496 = ORIENTED_EDGE ( 'NONE', *, *, #45, .F. ) ;
#2497 =( LENGTH_UNIT ( ) NAMED_UNIT ( * ) SI_UNIT ( .MILLI., .METRE. ) );
#2498 = LINE ( 'NONE', #2466, #1895 ) ;
#2499 = FILL_AREA_STYLE ('',( #5523 ) ) ;
#2500 = SURFACE_STYLE_USAGE ( .BOTH. , #4363 ) ;
#2501 = EDGE_CURVE ( 'NONE', #2570, #2098, #2326, .T. ) ;
#2502 = DIRECTION ( 'NONE',  ( 1.988267581731810705E-16, 6.123233995736836294E-17, -1.000000000000000000 ) ) ;
#2503 = DIRECTION ( 'NONE',  ( -1.988267581731810705E-16, -6.123233995736836294E-17, 1.000000000000000000 ) ) ;
#2504 = AXIS2_PLACEMENT_3D ( 'NONE', #3768, #1521, #4911 ) ;
#2505 = ORIENTED_EDGE ( 'NONE', *, *, #5027, .T. ) ;
#2506 = SURFACE_SIDE_STYLE ('',( #3900 ) ) ;
#2507 = AXIS2_PLACEMENT_3D ( 'NONE', #832, #2079, #5202 ) ;
#2508 = VECTOR ( 'NONE', #4630, 1000.000000000000000 ) ;
#2509 = EDGE_CURVE ( 'NONE', #302, #830, #3425, .T. ) ;
#2510 = FILL_AREA_STYLE_COLOUR ( '', #2180 ) ;
#2511 = CARTESIAN_POINT ( 'NONE',  ( -0.2499999999999975575, -0.6350000000000007860, -3.075000000000001510 ) ) ;
#2512 = ORIENTED_EDGE ( 'NONE', *, *, #4834, .T. ) ;
#2513 = CARTESIAN_POINT ( 'NONE',  ( -2.969499999999997808, -1.255500000000011385, 0.9999999999999991118 ) ) ;
#2514 = MECHANICAL_DESIGN_GEOMETRIC_PRESENTATION_REPRESENTATION (  '', ( #1725 ), #822 ) ;
#2515 = UNCERTAINTY_MEASURE_WITH_UNIT (LENGTH_MEASURE( 1.000000000000000082E-05 ), #1914, 'distance_accuracy_value', 'NONE');
#2516 =( GEOMETRIC_REPRESENTATION_CONTEXT ( 3 ) GLOBAL_UNCERTAINTY_ASSIGNED_CONTEXT ( ( #2738 ) ) GLOBAL_UNIT_ASSIGNED_CONTEXT ( ( #4628, #739, #3374 ) ) REPRESENTATION_CONTEXT ( 'NONE', 'WORKASPACE' ) );
#2517 = DIRECTION ( 'NONE',  ( -1.000000000000000000, -3.491481338843133355E-15, -5.376517026358584721E-16 ) ) ;
#2518 = AXIS2_PLACEMENT_3D ( 'NONE', #2943, #3006, #19 ) ;
#2519 = ORIENTED_EDGE ( 'NONE', *, *, #1265, .F. ) ;
#2520 = AXIS2_PLACEMENT_3D ( 'NONE', #5057, #3287, #1988 ) ;
#2521 = DIRECTION ( 'NONE',  ( -1.000000000000000000, -3.614007241618348376E-15, -5.376517026358584721E-16 ) ) ;
#2522 = ORIENTED_EDGE ( 'NONE', *, *, #1196, .T. ) ;
#2523 = ORIENTED_EDGE ( 'NONE', *, *, #3697, .T. ) ;
#2524 = DIRECTION ( 'NONE',  ( -1.000000000000000000, -3.571489509364014096E-15, 0.000000000000000000 ) ) ;
#2525 = MECHANICAL_DESIGN_GEOMETRIC_PRESENTATION_REPRESENTATION (  '', ( #1818 ), #3267 ) ;
#2526 = SURFACE_SIDE_STYLE ('',( #4240 ) ) ;
#2527 = DIRECTION ( 'NONE',  ( 1.000000000000000000, 3.448710007688152381E-15, 5.376517026358584721E-16 ) ) ;
#2528 = PRESENTATION_LAYER_ASSIGNMENT (  '', '', ( #3358 ) ) ;
#2529 = DIRECTION ( 'NONE',  ( 1.988267581731810705E-16, 6.123233995736836294E-17, -1.000000000000000000 ) ) ;
#2530 = CARTESIAN_POINT ( 'NONE',  ( 4.310355056593215828, -2.405355056593196927, 17.88755170555929652 ) ) ;
#2531 = SURFACE_STYLE_FILL_AREA ( #2160 ) ;
#2532 =( NAMED_UNIT ( * ) SI_UNIT ( $, .STERADIAN. ) SOLID_ANGLE_UNIT ( ) );
#2533 = ORIENTED_EDGE ( 'NONE', *, *, #1952, .F. ) ;
#2534 = AXIS2_PLACEMENT_3D ( 'NONE', #3602, #4981, #180 ) ;
#2535 = SURFACE_STYLE_USAGE ( .BOTH. , #3096 ) ;
#2536 =( NAMED_UNIT ( * ) SI_UNIT ( $, .STERADIAN. ) SOLID_ANGLE_UNIT ( ) );
#2537 = SURFACE_SIDE_STYLE ('',( #3435 ) ) ;
#2538 = CARTESIAN_POINT ( 'NONE',  ( 3.714715535079765818, -1.918883852410964819, 25.66900000000000048 ) ) ;
#2539 = SURFACE_STYLE_USAGE ( .BOTH. , #3407 ) ;
#2540 = FILL_AREA_STYLE ('',( #586 ) ) ;
#2541 = CARTESIAN_POINT ( 'NONE',  ( 4.952999999999990521, 2.398000000000017007, 7.250000000000002665 ) ) ;
#2542 =( NAMED_UNIT ( * ) PLANE_ANGLE_UNIT ( ) SI_UNIT ( $, .RADIAN. ) );
#2543 = DIRECTION ( 'NONE',  ( 1.988267581731810705E-16, 6.123233995736836294E-17, -1.000000000000000000 ) ) ;
#2544 = ORIENTED_EDGE ( 'NONE', *, *, #4106, .F. ) ;
#2545 = CARTESIAN_POINT ( 'NONE',  ( -1.269999999999997575, -0.6350000000000042277, -3.175000000000000711 ) ) ;
#2546 = AXIS2_PLACEMENT_3D ( 'NONE', #4913, #529, #925 ) ;
#2547 = EDGE_CURVE ( 'NONE', #2559, #4744, #2114, .T. ) ;
#2548 = ADVANCED_FACE ( 'NONE', ( #4255 ), #846, .T. ) ;
#2549 = SURFACE_STYLE_FILL_AREA ( #4262 ) ;
#2550 = PRESENTATION_LAYER_ASSIGNMENT (  '', '', ( #4406 ) ) ;
#2551 = CARTESIAN_POINT ( 'NONE',  ( -1.948781388753659952E-15, 0.6350000000000000089, 0.000000000000000000 ) ) ;
#2552 = SURFACE_STYLE_FILL_AREA ( #2093 ) ;
#2553 = VERTEX_POINT ( 'NONE', #3902 ) ;
#2554 = EDGE_CURVE ( 'NONE', #4802, #2786, #1797, .T. ) ;
#2555 = CIRCLE ( 'NONE', #1052, 0.5000000000000000000 ) ;
#2556 = TOROIDAL_SURFACE ( 'NONE', #4319, 0.2999999999999997669, 0.3499999999999999778 ) ;
#2557 = DIRECTION ( 'NONE',  ( -1.000000000000000000, -3.469446951953614189E-15, 0.000000000000000000 ) ) ;
#2558 = DIRECTION ( 'NONE',  ( 1.000000000000000000, 2.966873679532033666E-15, 1.112675276070189491E-16 ) ) ;
#2559 = VERTEX_POINT ( 'NONE', #4611 ) ;
#2560 = CARTESIAN_POINT ( 'NONE',  ( 4.852999999999988212, 2.948000000000016385, 7.250000000000002665 ) ) ;
#2561 = ORIENTED_EDGE ( 'NONE', *, *, #56, .T. ) ;
#2562 = CARTESIAN_POINT ( 'NONE',  ( -2.539999999999996039, -1.016000000000008674, -5.700000000000000178 ) ) ;
#2563 = COLOUR_RGB ( '',0.2862745098039215508, 0.3254901960784313819, 0.5882352941176470784 ) ;
#2564 = FILL_AREA_STYLE_COLOUR ( '', #355 ) ;
#2565 = FACE_OUTER_BOUND ( 'NONE', #884, .T. ) ;
#2566 = LINE ( 'NONE', #4341, #5361 ) ;
#2567 = TOROIDAL_SURFACE ( 'NONE', #681, 0.1500000000000000777, 0.1000000000000000056 ) ;
#2568 = FILL_AREA_STYLE ('',( #935 ) ) ;
#2569 = PRESENTATION_STYLE_ASSIGNMENT (( #3829 ) ) ;
#2570 = VERTEX_POINT ( 'NONE', #3214 ) ;
#2571 = CARTESIAN_POINT ( 'NONE',  ( 4.952999999999988745, 3.048000000000016030, 18.00000000000000355 ) ) ;
#2572 =( LENGTH_UNIT ( ) NAMED_UNIT ( * ) SI_UNIT ( .MILLI., .METRE. ) );
#2573 = UNCERTAINTY_MEASURE_WITH_UNIT (LENGTH_MEASURE( 1.000000000000000082E-05 ), #5475, 'distance_accuracy_value', 'NONE');
#2574 = DIRECTION ( 'NONE',  ( -1.000000000000000000, -3.491481338843133355E-15, -4.500924720696962274E-16 ) ) ;
#2575 =( LENGTH_UNIT ( ) NAMED_UNIT ( * ) SI_UNIT ( .MILLI., .METRE. ) );
#2576 = DIRECTION ( 'NONE',  ( 1.000000000000000000, 3.469446951953614189E-15, 5.376517026358585707E-16 ) ) ;
#2577 =( NAMED_UNIT ( * ) PLANE_ANGLE_UNIT ( ) SI_UNIT ( $, .RADIAN. ) );
#2578 = VERTEX_POINT ( 'NONE', #724 ) ;
#2579 = PRESENTATION_STYLE_ASSIGNMENT (( #3445 ) ) ;
#2580 = ADVANCED_FACE ( 'NONE', ( #4081 ), #4160, .T. ) ;
#2581 = EDGE_CURVE ( 'NONE', #4922, #3715, #1187, .T. ) ;
#2582 = SURFACE_STYLE_USAGE ( .BOTH. , #3969 ) ;
#2583 = ORIENTED_EDGE ( 'NONE', *, *, #1623, .T. ) ;
#2584 = VERTEX_POINT ( 'NONE', #3191 ) ;
#2585 = FILL_AREA_STYLE_COLOUR ( '', #4317 ) ;
#2586 = ORIENTED_EDGE ( 'NONE', *, *, #727, .F. ) ;
#2587 = CARTESIAN_POINT ( 'NONE',  ( -4.952998437232040807, 2.399645842090442294, 18.00001786251962699 ) ) ;
#2588 = CARTESIAN_POINT ( 'NONE',  ( 4.853000000000005087, -2.947999999999983523, 7.250000000000002665 ) ) ;
#2589 = CARTESIAN_POINT ( 'NONE',  ( -4.852999999999995318, -2.298000000000016030, 6.999999999999997335 ) ) ;
#2590 = SURFACE_STYLE_FILL_AREA ( #2622 ) ;
#2591 = DIRECTION ( 'NONE',  ( 1.000000000000000000, 3.614007241618348376E-15, 5.376517026358584721E-16 ) ) ;
#2592 = EDGE_LOOP ( 'NONE', ( #4336, #3479, #4006, #3866 ) ) ;
#2593 = PRESENTATION_LAYER_ASSIGNMENT (  '', '', ( #3236 ) ) ;
#2594 = CARTESIAN_POINT ( 'NONE',  ( 4.202999999999990521, 2.298000000000014253, 7.000000000000002665 ) ) ;
#2595 = FILL_AREA_STYLE_COLOUR ( '', #5435 ) ;
#2596 = PRESENTATION_STYLE_ASSIGNMENT (( #878 ) ) ;
#2597 = EDGE_CURVE ( 'NONE', #230, #5483, #2772, .T. ) ;
#2598 = DIRECTION ( 'NONE',  ( -3.491481338843133750E-15, 1.000000000000000000, 6.123233995736767268E-17 ) ) ;
#2599 = PRESENTATION_STYLE_ASSIGNMENT (( #941 ) ) ;
#2600 = SURFACE_STYLE_FILL_AREA ( #911 ) ;
#2601 = FILL_AREA_STYLE_COLOUR ( '', #1335 ) ;
#2602 = ORIENTED_EDGE ( 'NONE', *, *, #4864, .T. ) ;
#2603 = STYLED_ITEM ( 'NONE', ( #1071 ), #2925 ) ;
#2604 = CARTESIAN_POINT ( 'NONE',  ( -3.714715535079761821, -1.918883852410991020, 25.66900000000000404 ) ) ;
#2605 = COLOUR_RGB ( '',0.8627450980392157298, 0.5882352941176470784, 0.06274509803921568540 ) ;
#2606 = COLOUR_RGB ( '',0.8627450980392157298, 0.5882352941176470784, 0.06274509803921568540 ) ;
#2607 = FILL_AREA_STYLE ('',( #3580 ) ) ;
#2608 = EDGE_LOOP ( 'NONE', ( #3510, #5044, #2630, #373, #1671 ) ) ;
#2609 = EDGE_CURVE ( 'NONE', #1225, #2744, #1139, .T. ) ;
#2610 = AXIS2_PLACEMENT_3D ( 'NONE', #904, #5471, #4069 ) ;
#2611 = CARTESIAN_POINT ( 'NONE',  ( -4.853000000000011305, 2.947999999999982634, 6.999999999999997335 ) ) ;
#2612 = FILL_AREA_STYLE_COLOUR ( '', #3028 ) ;
#2613 = EDGE_LOOP ( 'NONE', ( #2663, #926 ) ) ;
#2614 = FILL_AREA_STYLE ('',( #1375 ) ) ;
#2615 = COLOUR_RGB ( '',0.8627450980392157298, 0.5882352941176470784, 0.06274509803921568540 ) ;
#2616 = EDGE_LOOP ( 'NONE', ( #297, #5073, #2012, #915, #1693, #993 ) ) ;
#2617 = COLOUR_RGB ( '',0.8627450980392157298, 0.5882352941176470784, 0.06274509803921568540 ) ;
#2618 = ADVANCED_FACE ( 'NONE', ( #693 ), #5339, .T. ) ;
#2619 = SURFACE_SIDE_STYLE ('',( #5561 ) ) ;
#2620 = AXIS2_PLACEMENT_3D ( 'NONE', #3797, #2479, #1624 ) ;
#2621 = PRESENTATION_LAYER_ASSIGNMENT (  '', '', ( #2708 ) ) ;
#2622 = FILL_AREA_STYLE ('',( #3792 ) ) ;
#2623 = CARTESIAN_POINT ( 'NONE',  ( 1.270000000000002682, -0.6349999999999953459, -3.175000000000000711 ) ) ;
#2624 =( NAMED_UNIT ( * ) SI_UNIT ( $, .STERADIAN. ) SOLID_ANGLE_UNIT ( ) );
#2625 = AXIS2_PLACEMENT_3D ( 'NONE', #4288, #2202, #3439 ) ;
#2626 = UNCERTAINTY_MEASURE_WITH_UNIT (LENGTH_MEASURE( 1.000000000000000082E-05 ), #1934, 'distance_accuracy_value', 'NONE');
#2627 = FILL_AREA_STYLE ('',( #153 ) ) ;
#2628 = CARTESIAN_POINT ( 'NONE',  ( -4.304645842090454089, -3.047998437232046332, 18.00001786251963054 ) ) ;
#2629 = CARTESIAN_POINT ( 'NONE',  ( -2.964999999999997637, -1.016000000000010450, 0.9999999999999991118 ) ) ;
#2630 = ORIENTED_EDGE ( 'NONE', *, *, #4968, .T. ) ;
#2631 = PRESENTATION_STYLE_ASSIGNMENT (( #944 ) ) ;
#2632 = CIRCLE ( 'NONE', #5290, 0.1500000000000001887 ) ;
#2633 = DIRECTION ( 'NONE',  ( 1.988267581731810705E-16, 6.123233995736836294E-17, -1.000000000000000000 ) ) ;
#2634 = CARTESIAN_POINT ( 'NONE',  ( -3.619499999999999051, -1.255500000000014049, 6.999999999999998224 ) ) ;
#2635 = DIRECTION ( 'NONE',  ( -3.482699675675339117E-15, 1.000000000000000000, -6.041520887170817462E-30 ) ) ;
#2636 =( BOUNDED_SURFACE ( )  B_SPLINE_SURFACE ( 3, 2, ( 
 ( #74, #3513, #3573 ),
 ( #4844, #682, #4557 ),
 ( #2420, #1157, #3260 ),
 ( #1183, #205, #2391 ) ),
 .UNSPECIFIED., .F., .F., .F. ) 
 B_SPLINE_SURFACE_WITH_KNOTS ( ( 4, 4 ),
 ( 3, 3 ),
 ( 9.035018104045876857E-16, 0.7816000651241646890 ),
 ( 0.000000000000000000, 1.000000000000000000 ),
 .UNSPECIFIED. ) 
 GEOMETRIC_REPRESENTATION_ITEM ( )  RATIONAL_B_SPLINE_SURFACE ( (
 ( 1.000000000000000000, 0.7492634205062624897, 1.000000000000000000),
 ( 1.000000000000000000, 0.7493005499708312867, 1.000000000000000000),
 ( 1.000000000000000000, 0.7449550586513171702, 1.000000000000000000),
 ( 1.000000000000000000, 0.7372773368101271929, 1.000000000000000000) ) ) 
 REPRESENTATION_ITEM ( '' )  SURFACE ( )  );
#2637 =( GEOMETRIC_REPRESENTATION_CONTEXT ( 3 ) GLOBAL_UNCERTAINTY_ASSIGNED_CONTEXT ( ( #786 ) ) GLOBAL_UNIT_ASSIGNED_CONTEXT ( ( #5322, #3181, #1415 ) ) REPRESENTATION_CONTEXT ( 'NONE', 'WORKASPACE' ) );
#2638 = DIRECTION ( 'NONE',  ( 1.000000000000000000, 3.614007241618343643E-15, 0.000000000000000000 ) ) ;
#2639 = FACE_OUTER_BOUND ( 'NONE', #4554, .T. ) ;
#2640 = CARTESIAN_POINT ( 'NONE',  ( -2.539999999999996039, -1.016000000000008674, -5.700000000000000178 ) ) ;
#2641 = ORIENTED_EDGE ( 'NONE', *, *, #486, .F. ) ;
#2642 = DIRECTION ( 'NONE',  ( -4.353374594594176756E-15, 1.000000000000000000, 0.000000000000000000 ) ) ;
#2643 = PRESENTATION_LAYER_ASSIGNMENT (  '', '', ( #135 ) ) ;
#2644 = VERTEX_POINT ( 'NONE', #140 ) ;
#2645 = PLANE ( 'NONE',  #2620 ) ;
#2646 = CARTESIAN_POINT ( 'NONE',  ( -4.202999999999994962, -2.298000000000013809, 6.999999999999998224 ) ) ;
#2647 = DIRECTION ( 'NONE',  ( -1.988267581731810212E-16, -6.123233995736836294E-17, 1.000000000000000000 ) ) ;
#2648 =( GEOMETRIC_REPRESENTATION_CONTEXT ( 3 ) GLOBAL_UNCERTAINTY_ASSIGNED_CONTEXT ( ( #5311 ) ) GLOBAL_UNIT_ASSIGNED_CONTEXT ( ( #5258, #1782, #989 ) ) REPRESENTATION_CONTEXT ( 'NONE', 'WORKASPACE' ) );
#2649 = EDGE_CURVE ( 'NONE', #2899, #2028, #616, .T. ) ;
#2650 = FILL_AREA_STYLE_COLOUR ( '', #3411 ) ;
#2651 = CARTESIAN_POINT ( 'NONE',  ( 1.119999999999998552, 0.6350000000000043388, -3.075000000000001510 ) ) ;
#2652 = EDGE_CURVE ( 'NONE', #4068, #1850, #5257, .T. ) ;
#2653 = DIRECTION ( 'NONE',  ( -0.7071067811865494601, 0.7071067811865456854, -3.368793620385339027E-16 ) ) ;
#2654 = EDGE_LOOP ( 'NONE', ( #4146, #2757 ) ) ;
#2655 = SURFACE_STYLE_FILL_AREA ( #3774 ) ;
#2656 = LINE ( 'NONE', #2197, #2241 ) ;
#2657 = DIRECTION ( 'NONE',  ( -1.988267581731810705E-16, -6.123233995736836294E-17, 1.000000000000000000 ) ) ;
#2658 = MECHANICAL_DESIGN_GEOMETRIC_PRESENTATION_REPRESENTATION (  '', ( #1421 ), #1338 ) ;
#2659 = CARTESIAN_POINT ( 'NONE',  ( 3.780185667963015028, -1.875185667963001013, 25.66900000000000048 ) ) ;
#2660 = DIRECTION ( 'NONE',  ( 1.988267581731810705E-16, 6.123233995736836294E-17, -1.000000000000000000 ) ) ;
#2661 = FILL_AREA_STYLE_COLOUR ( '', #46 ) ;
#2662 = FACE_OUTER_BOUND ( 'NONE', #3382, .T. ) ;
#2663 = ORIENTED_EDGE ( 'NONE', *, *, #218, .F. ) ;
#2664 = SURFACE_SIDE_STYLE ('',( #1775 ) ) ;
#2665 = EDGE_CURVE ( 'NONE', #132, #541, #90, .T. ) ;
#2666 = VERTEX_POINT ( 'NONE', #1901 ) ;
#2667 = DIRECTION ( 'NONE',  ( -1.988267581731810459E-16, -6.123233995736835061E-17, 1.000000000000000000 ) ) ;
#2668 = AXIS2_PLACEMENT_3D ( 'NONE', #932, #961, #1448 ) ;
#2669 = FACE_BOUND ( 'NONE', #1145, .T. ) ;
#2670 = AXIS2_PLACEMENT_3D ( 'NONE', #2795, #2715, #4481 ) ;
#2671 = CARTESIAN_POINT ( 'NONE',  ( 4.305468757942079172, 3.047995311701738874, 18.00005358749449158 ) ) ;
#2672 = PRESENTATION_STYLE_ASSIGNMENT (( #172 ) ) ;
#2673 = ORIENTED_EDGE ( 'NONE', *, *, #2432, .F. ) ;
#2674 =( BOUNDED_CURVE ( )  B_SPLINE_CURVE ( 3, ( #2671, #2704, #623, #991 ),
 .UNSPECIFIED., .F., .T. ) 
 B_SPLINE_CURVE_WITH_KNOTS ( ( 4, 4 ),
 ( 5.501585242055419656, 7.064785372303751920 ),
 .UNSPECIFIED. ) 
 CURVE ( )  GEOMETRIC_REPRESENTATION_ITEM ( )  RATIONAL_B_SPLINE_CURVE ( ( 1.000000000000000000, 0.8065248903853483586, 0.8065248903853483586, 1.000000000000000000 ) ) 
 REPRESENTATION_ITEM ( '' )  );
#2675 = SURFACE_SIDE_STYLE ('',( #3934 ) ) ;
#2676 = EDGE_CURVE ( 'NONE', #1906, #4410, #3640, .T. ) ;
#2677 = UNCERTAINTY_MEASURE_WITH_UNIT (LENGTH_MEASURE( 1.000000000000000082E-05 ), #5546, 'distance_accuracy_value', 'NONE');
#2678 = SURFACE_SIDE_STYLE ('',( #3571 ) ) ;
#2679 = DIRECTION ( 'NONE',  ( -1.988267581731810459E-16, -6.123233995736835061E-17, 1.000000000000000000 ) ) ;
#2680 = CARTESIAN_POINT ( 'NONE',  ( 0.2499999999999981126, 0.6350000000000010081, 4.970668954329534159E-17 ) ) ;
#2681 = CARTESIAN_POINT ( 'NONE',  ( -0.3899999999999982925, -0.6350000000000014522, 1.000000000000000888 ) ) ;
#2682 = SURFACE_SIDE_STYLE ('',( #179 ) ) ;
#2683 = PRESENTATION_LAYER_ASSIGNMENT (  '', '', ( #444 ) ) ;
#2684 = EDGE_LOOP ( 'NONE', ( #1007, #2782, #2232, #1758, #3269 ) ) ;
#2685 =( LENGTH_UNIT ( ) NAMED_UNIT ( * ) SI_UNIT ( .MILLI., .METRE. ) );
#2686 = EDGE_CURVE ( 'NONE', #2386, #4239, #4110, .T. ) ;
#2687 = AXIS2_PLACEMENT_3D ( 'NONE', #184, #1894, #3657 ) ;
#2688 = CARTESIAN_POINT ( 'NONE',  ( 4.953000000000005620, -3.047999999999984055, 18.00000000000000355 ) ) ;
#2689 = ORIENTED_EDGE ( 'NONE', *, *, #3122, .F. ) ;
#2690 = PRESENTATION_LAYER_ASSIGNMENT (  '', '', ( #1280 ) ) ;
#2691 = DIRECTION ( 'NONE',  ( -5.376517026358582749E-16, -6.123233995736954623E-17, 1.000000000000000000 ) ) ;
#2692 = MECHANICAL_DESIGN_GEOMETRIC_PRESENTATION_REPRESENTATION (  '', ( #3518 ), #819 ) ;
#2693 = MECHANICAL_DESIGN_GEOMETRIC_PRESENTATION_REPRESENTATION (  '', ( #4989 ), #5082 ) ;
#2694 = FILL_AREA_STYLE_COLOUR ( '', #1401 ) ;
#2695 = ORIENTED_EDGE ( 'NONE', *, *, #96, .T. ) ;
#2696 = SURFACE_SIDE_STYLE ('',( #3504 ) ) ;
#2697 = ORIENTED_EDGE ( 'NONE', *, *, #5467, .F. ) ;
#2698 = CIRCLE ( 'NONE', #3085, 0.2999999999999999334 ) ;
#2699 = VECTOR ( 'NONE', #3833, 1000.000000000000000 ) ;
#2700 = SURFACE_STYLE_FILL_AREA ( #4886 ) ;
#2701 = DIRECTION ( 'NONE',  ( -1.000000000000000000, -4.670409358399099300E-15, 0.000000000000000000 ) ) ;
#2702 = PRESENTATION_LAYER_ASSIGNMENT (  '', '', ( #3348 ) ) ;
#2703 = FACE_BOUND ( 'NONE', #3545, .T. ) ;
#2704 = CARTESIAN_POINT ( 'NONE',  ( 4.683937850140493353, 3.046557841984067316, 18.01648394155113309 ) ) ;
#2705 = ORIENTED_EDGE ( 'NONE', *, *, #4400, .T. ) ;
#2706 = ORIENTED_EDGE ( 'NONE', *, *, #4840, .T. ) ;
#2707 = AXIS2_PLACEMENT_3D ( 'NONE', #5061, #782, #1219 ) ;
#2708 = STYLED_ITEM ( 'NONE', ( #2792 ), #4634 ) ;
#2709 = DIRECTION ( 'NONE',  ( -1.988267581731810459E-16, -6.123233995736835061E-17, 1.000000000000000000 ) ) ;
#2710 = LINE ( 'NONE', #3983, #4986 ) ;
#2711 = PLANE ( 'NONE',  #191 ) ;
#2712 = CARTESIAN_POINT ( 'NONE',  ( 4.853000000000003311, -2.297999999999982279, 7.000000000000002665 ) ) ;
#2713 = MECHANICAL_DESIGN_GEOMETRIC_PRESENTATION_REPRESENTATION (  '', ( #1118 ), #1472 ) ;
#2714 = CARTESIAN_POINT ( 'NONE',  ( 4.008164872084714503, 2.348962220923458410, 25.23039567330873822 ) ) ;
#2715 = DIRECTION ( 'NONE',  ( 0.7071067811865456854, 0.7071067811865494601, 4.234749676620835024E-16 ) ) ;
#2716 = STYLED_ITEM ( 'NONE', ( #4589 ), #5213 ) ;
#2717 = DIRECTION ( 'NONE',  ( 1.000000000000000000, 3.469446951953614189E-15, 0.000000000000000000 ) ) ;
#2718 = ADVANCED_FACE ( 'NONE', ( #5503 ), #55, .T. ) ;
#2719 = EDGE_CURVE ( 'NONE', #1612, #5338, #1724, .T. ) ;
#2720 = CARTESIAN_POINT ( 'NONE',  ( 1.120000000000002549, -0.6349999999999960121, -3.175000000000000711 ) ) ;
#2721 =( LENGTH_UNIT ( ) NAMED_UNIT ( * ) SI_UNIT ( .MILLI., .METRE. ) );
#2722 =( NAMED_UNIT ( * ) PLANE_ANGLE_UNIT ( ) SI_UNIT ( $, .RADIAN. ) );
#2723 = MECHANICAL_DESIGN_GEOMETRIC_PRESENTATION_REPRESENTATION (  '', ( #1986 ), #563 ) ;
#2724 = DIRECTION ( 'NONE',  ( -1.000000000000000000, -3.336006684570782904E-15, -6.672013369141565217E-16 ) ) ;
#2725 = CARTESIAN_POINT ( 'NONE',  ( -4.131063546504082140, -2.226063546504100987, 25.23039567330873467 ) ) ;
#2726 = EDGE_CURVE ( 'NONE', #1832, #1608, #2859, .T. ) ;
#2727 = EDGE_CURVE ( 'NONE', #1935, #382, #268, .T. ) ;
#2728 = DIRECTION ( 'NONE',  ( 1.000000000000000000, 3.491481338843133355E-15, 0.000000000000000000 ) ) ;
#2729 = ORIENTED_EDGE ( 'NONE', *, *, #3186, .T. ) ;
#2730 = STYLED_ITEM ( 'NONE', ( #4450 ), #309 ) ;
#2731 =( GEOMETRIC_REPRESENTATION_CONTEXT ( 3 ) GLOBAL_UNCERTAINTY_ASSIGNED_CONTEXT ( ( #575 ) ) GLOBAL_UNIT_ASSIGNED_CONTEXT ( ( #149, #4837, #597 ) ) REPRESENTATION_CONTEXT ( 'NONE', 'WORKASPACE' ) );
#2732 = PLANE ( 'NONE',  #1973 ) ;
#2733 = PRESENTATION_STYLE_ASSIGNMENT (( #3168 ) ) ;
#2734 = CIRCLE ( 'NONE', #303, 0.6500000000000000222 ) ;
#2735 = DIRECTION ( 'NONE',  ( 1.000000000000000000, 3.491481338843133355E-15, 5.376517026358584721E-16 ) ) ;
#2736 = DIRECTION ( 'NONE',  ( -2.966873679532033666E-15, 1.000000000000000000, 6.123233995736770966E-17 ) ) ;
#2737 = VERTEX_POINT ( 'NONE', #1714 ) ;
#2738 = UNCERTAINTY_MEASURE_WITH_UNIT (LENGTH_MEASURE( 1.000000000000000082E-05 ), #4628, 'distance_accuracy_value', 'NONE');
#2739 =( NAMED_UNIT ( * ) PLANE_ANGLE_UNIT ( ) SI_UNIT ( $, .RADIAN. ) );
#2740 =( NAMED_UNIT ( * ) SI_UNIT ( $, .STERADIAN. ) SOLID_ANGLE_UNIT ( ) );
#2741 = ADVANCED_FACE ( 'NONE', ( #3467 ), #3937, .T. ) ;
#2742 = FACE_OUTER_BOUND ( 'NONE', #2358, .T. ) ;
#2743 = CARTESIAN_POINT ( 'NONE',  ( -2.964999999999996305, -1.016000000000010228, -5.700000000000000178 ) ) ;
#2744 = VERTEX_POINT ( 'NONE', #2252 ) ;
#2745 = STYLED_ITEM ( 'NONE', ( #217 ), #4282 ) ;
#2746 =( GEOMETRIC_REPRESENTATION_CONTEXT ( 3 ) GLOBAL_UNCERTAINTY_ASSIGNED_CONTEXT ( ( #2851 ) ) GLOBAL_UNIT_ASSIGNED_CONTEXT ( ( #791, #5545, #4892 ) ) REPRESENTATION_CONTEXT ( 'NONE', 'WORKASPACE' ) );
#2747 = AXIS2_PLACEMENT_3D ( 'NONE', #22, #438, #1363 ) ;
#2748 = FACE_OUTER_BOUND ( 'NONE', #2240, .T. ) ;
#2749 = COLOUR_RGB ( '',0.8627450980392157298, 0.5882352941176470784, 0.06274509803921568540 ) ;
#2750 = SURFACE_STYLE_FILL_AREA ( #691 ) ;
#2751 = FACE_OUTER_BOUND ( 'NONE', #3646, .T. ) ;
#2752 = EDGE_LOOP ( 'NONE', ( #5021, #5198, #768, #3305 ) ) ;
#2753 = CARTESIAN_POINT ( 'NONE',  ( -2.147608146926841022E-15, 0.6349999999999998979, 1.000000000000000888 ) ) ;
#2754 = EDGE_CURVE ( 'NONE', #760, #2737, #3898, .T. ) ;
#2755 = DIRECTION ( 'NONE',  ( -1.988267581731810705E-16, -6.123233995736836294E-17, 1.000000000000000000 ) ) ;
#2756 = SURFACE_STYLE_FILL_AREA ( #4084 ) ;
#2757 = ORIENTED_EDGE ( 'NONE', *, *, #5341, .F. ) ;
#2758 = CARTESIAN_POINT ( 'NONE',  ( -4.951557841984064012, 2.778937850140484667, 18.01648394155112243 ) ) ;
#2759 = EDGE_CURVE ( 'NONE', #2955, #4574, #1387, .T. ) ;
#2760 = CARTESIAN_POINT ( 'NONE',  ( -3.807983082116098039, 1.847388249660467885, 25.66900000000000048 ) ) ;
#2761 = DIRECTION ( 'NONE',  ( 6.385093352530581152E-17, -6.123233995736745082E-17, 1.000000000000000000 ) ) ;
#2762 = APPLICATION_PROTOCOL_DEFINITION ( 'draft international standard', 'automotive_design', 1998, #3514 ) ;
#2763 = EDGE_LOOP ( 'NONE', ( #286, #1680, #160, #2431 ) ) ;
#2764 = CARTESIAN_POINT ( 'NONE',  ( 3.982766749692512764, -2.297614522761219025, 25.66900000000000048 ) ) ;
#2765 = DIRECTION ( 'NONE',  ( 2.668805347656626087E-15, -1.000000000000000000, 0.000000000000000000 ) ) ;
#2766 = SURFACE_SIDE_STYLE ('',( #5294 ) ) ;
#2767 = DIRECTION ( 'NONE',  ( -1.988267581731810705E-16, -6.123233995736836294E-17, 1.000000000000000000 ) ) ;
#2768 =( LENGTH_UNIT ( ) NAMED_UNIT ( * ) SI_UNIT ( .MILLI., .METRE. ) );
#2769 = STYLED_ITEM ( 'NONE', ( #2236 ), #2261 ) ;
#2770 = DIRECTION ( 'NONE',  ( 1.988267581731810705E-16, 6.123233995736836294E-17, -1.000000000000000000 ) ) ;
#2771 = COLOUR_RGB ( '',0.8627450980392157298, 0.5882352941176470784, 0.06274509803921568540 ) ;
#2772 = LINE ( 'NONE', #3240, #3780 ) ;
#2773 = FILL_AREA_STYLE ('',( #3192 ) ) ;
#2774 = DIRECTION ( 'NONE',  ( -6.385093352530581152E-17, 6.123233995736745082E-17, -1.000000000000000000 ) ) ;
#2775 = DIRECTION ( 'NONE',  ( 1.000000000000000000, 2.966873679532033666E-15, 2.749740109373716394E-16 ) ) ;
#2776 = VERTEX_POINT ( 'NONE', #3961 ) ;
#2777 = AXIS2_PLACEMENT_3D ( 'NONE', #3703, #263, #1559 ) ;
#2778 = DIRECTION ( 'NONE',  ( -1.000000000000000000, -4.670409358399096145E-15, 0.000000000000000000 ) ) ;
#2779 = PRESENTATION_STYLE_ASSIGNMENT (( #5410 ) ) ;
#2780 = ORIENTED_EDGE ( 'NONE', *, *, #1905, .T. ) ;
#2781 = CARTESIAN_POINT ( 'NONE',  ( 3.780185667963003926, 1.875185667963024327, 25.66900000000000048 ) ) ;
#2782 = ORIENTED_EDGE ( 'NONE', *, *, #3086, .T. ) ;
#2783 = PLANE ( 'NONE',  #3644 ) ;
#2784 = EDGE_CURVE ( 'NONE', #4947, #3079, #4162, .T. ) ;
#2785 = STYLED_ITEM ( 'NONE', ( #2733 ), #3063 ) ;
#2786 = VERTEX_POINT ( 'NONE', #3075 ) ;
#2787 = VERTEX_POINT ( 'NONE', #518 ) ;
#2788 = SURFACE_STYLE_USAGE ( .BOTH. , #1096 ) ;
#2789 = UNCERTAINTY_MEASURE_WITH_UNIT (LENGTH_MEASURE( 1.000000000000000082E-05 ), #3285, 'distance_accuracy_value', 'NONE');
#2790 = DIRECTION ( 'NONE',  ( 1.988267581731810705E-16, 6.123233995736836294E-17, -1.000000000000000000 ) ) ;
#2791 = VECTOR ( 'NONE', #4662, 1000.000000000000000 ) ;
#2792 = PRESENTATION_STYLE_ASSIGNMENT (( #4579 ) ) ;
#2793 = ORIENTED_EDGE ( 'NONE', *, *, #4322, .T. ) ;
#2794 =( GEOMETRIC_REPRESENTATION_CONTEXT ( 3 ) GLOBAL_UNCERTAINTY_ASSIGNED_CONTEXT ( ( #2515 ) ) GLOBAL_UNIT_ASSIGNED_CONTEXT ( ( #1914, #4602, #2392 ) ) REPRESENTATION_CONTEXT ( 'NONE', 'WORKASPACE' ) );
#2795 = CARTESIAN_POINT ( 'NONE',  ( 3.567893218813453338, -0.2121320343559534582, 1.350000000000002309 ) ) ;
#2796 = UNCERTAINTY_MEASURE_WITH_UNIT (LENGTH_MEASURE( 1.000000000000000082E-05 ), #307, 'distance_accuracy_value', 'NONE');
#2797 = MECHANICAL_DESIGN_GEOMETRIC_PRESENTATION_REPRESENTATION (  '', ( #550 ), #5275 ) ;
#2798 = AXIS2_PLACEMENT_3D ( 'NONE', #3082, #4821, #4850 ) ;
#2799 = AXIS2_PLACEMENT_3D ( 'NONE', #3928, #3000, #870 ) ;
#2800 = FILL_AREA_STYLE ('',( #3579 ) ) ;
#2801 = ORIENTED_EDGE ( 'NONE', *, *, #4427, .T. ) ;
#2802 = CARTESIAN_POINT ( 'NONE',  ( -1.948781388753659952E-15, 0.6350000000000000089, 0.000000000000000000 ) ) ;
#2803 = VECTOR ( 'NONE', #4908, 1000.000000000000000 ) ;
#2804 = DIRECTION ( 'NONE',  ( 1.000000000000000000, 3.469446951953614189E-15, 1.988267581731812924E-16 ) ) ;
#2805 = CARTESIAN_POINT ( 'NONE',  ( -2.114999999999996216, -1.016000000000007342, -5.500000000000001776 ) ) ;
#2806 = LINE ( 'NONE', #4595, #1772 ) ;
#2807 = EDGE_LOOP ( 'NONE', ( #1039, #455, #4572, #2951 ) ) ;
#2808 = CYLINDRICAL_SURFACE ( 'NONE', #2956, 0.3899999999999999578 ) ;
#2809 = STYLED_ITEM ( 'NONE', ( #4217 ), #5411 ) ;
#2810 = ORIENTED_EDGE ( 'NONE', *, *, #384, .F. ) ;
#2811 = SURFACE_STYLE_USAGE ( .BOTH. , #1150 ) ;
#2812 = DIRECTION ( 'NONE',  ( -1.000000000000000000, -3.491481338843133355E-15, 0.000000000000000000 ) ) ;
#2813 =( BOUNDED_CURVE ( )  B_SPLINE_CURVE ( 3, ( #2467, #2628, #2116, #2170 ),
 .UNSPECIFIED., .F., .T. ) 
 B_SPLINE_CURVE_WITH_KNOTS ( ( 4, 4 ),
 ( 3.137794555316511413, 3.141592653589792228 ),
 .UNSPECIFIED. ) 
 CURVE ( )  GEOMETRIC_REPRESENTATION_ITEM ( )  RATIONAL_B_SPLINE_CURVE ( ( 1.000000000000000000, 0.9999987978711534220, 0.9999987978711534220, 1.000000000000000000 ) ) 
 REPRESENTATION_ITEM ( '' )  );
#2814 = CARTESIAN_POINT ( 'NONE',  ( -3.619499999999997719, -1.255500000000013605, 0.9999999999999974465 ) ) ;
#2815 = AXIS2_PLACEMENT_3D ( 'NONE', #2172, #4286, #2254 ) ;
#2816 =( LENGTH_UNIT ( ) NAMED_UNIT ( * ) SI_UNIT ( .MILLI., .METRE. ) );
#2817 = EDGE_CURVE ( 'NONE', #830, #1500, #2710, .T. ) ;
#2818 = EDGE_CURVE ( 'NONE', #2993, #230, #1721, .T. ) ;
#2819 = SURFACE_STYLE_USAGE ( .BOTH. , #4150 ) ;
#2820 = SURFACE_STYLE_FILL_AREA ( #1127 ) ;
#2821 =( NAMED_UNIT ( * ) PLANE_ANGLE_UNIT ( ) SI_UNIT ( $, .RADIAN. ) );
#2822 = DIRECTION ( 'NONE',  ( 1.000000000000000000, 3.252606517456511724E-15, 0.000000000000000000 ) ) ;
#2823 =( GEOMETRIC_REPRESENTATION_CONTEXT ( 3 ) GLOBAL_UNCERTAINTY_ASSIGNED_CONTEXT ( ( #495 ) ) GLOBAL_UNIT_ASSIGNED_CONTEXT ( ( #1260, #1729, #396 ) ) REPRESENTATION_CONTEXT ( 'NONE', 'WORKASPACE' ) );
#2824 =( NAMED_UNIT ( * ) PLANE_ANGLE_UNIT ( ) SI_UNIT ( $, .RADIAN. ) );
#2825 = AXIS2_PLACEMENT_3D ( 'NONE', #1929, #3668, #251 ) ;
#2826 = CARTESIAN_POINT ( 'NONE',  ( -1.020000000000001350, 0.6349999999999963451, -3.075000000000001510 ) ) ;
#2827 = ORIENTED_EDGE ( 'NONE', *, *, #890, .T. ) ;
#2828 = CARTESIAN_POINT ( 'NONE',  ( -2.969500000000007134, 1.905499999999989535, 0.9999999999999991118 ) ) ;
#2829 = FILL_AREA_STYLE ('',( #4539 ) ) ;
#2830 = AXIS2_PLACEMENT_3D ( 'NONE', #2545, #1659, #5100 ) ;
#2831 = SURFACE_SIDE_STYLE ('',( #1972 ) ) ;
#2832 = AXIS2_PLACEMENT_3D ( 'NONE', #571, #2222, #5268 ) ;
#2833 = SURFACE_STYLE_USAGE ( .BOTH. , #1141 ) ;
#2834 = MECHANICAL_DESIGN_GEOMETRIC_PRESENTATION_REPRESENTATION (  '', ( #1931 ), #3300 ) ;
#2835 = FILL_AREA_STYLE ('',( #3277 ) ) ;
#2836 = CARTESIAN_POINT ( 'NONE',  ( 4.202614522761355609, 2.077766749692346426, 25.66900000000000048 ) ) ;
#2837 = EDGE_CURVE ( 'NONE', #830, #302, #2233, .T. ) ;
#2838 = ORIENTED_EDGE ( 'NONE', *, *, #2227, .F. ) ;
#2839 = DIRECTION ( 'NONE',  ( -0.7071067811865502373, 0.7071067811865450192, -1.511381849721048509E-16 ) ) ;
#2840 = LINE ( 'NONE', #2560, #3352 ) ;
#2841 = ORIENTED_EDGE ( 'NONE', *, *, #1233, .F. ) ;
#2842 = UNCERTAINTY_MEASURE_WITH_UNIT (LENGTH_MEASURE( 1.000000000000000082E-05 ), #3722, 'distance_accuracy_value', 'NONE');
#2843 = CARTESIAN_POINT ( 'NONE',  ( -0.2500000000000013878, 0.6349999999999993427, -3.175000000000000711 ) ) ;
#2844 = CARTESIAN_POINT ( 'NONE',  ( -3.674454647697224186, 1.918883852410961932, 25.66900000000000048 ) ) ;
#2845 = FACE_BOUND ( 'NONE', #3755, .T. ) ;
#2846 = DIRECTION ( 'NONE',  ( -1.988267581731810705E-16, -6.123233995736836294E-17, 1.000000000000000000 ) ) ;
#2847 = ORIENTED_EDGE ( 'NONE', *, *, #656, .F. ) ;
#2848 = EDGE_CURVE ( 'NONE', #382, #1935, #2415, .T. ) ;
#2849 =( NAMED_UNIT ( * ) SI_UNIT ( $, .STERADIAN. ) SOLID_ANGLE_UNIT ( ) );
#2850 = STYLED_ITEM ( 'NONE', ( #1618 ), #1736 ) ;
#2851 = UNCERTAINTY_MEASURE_WITH_UNIT (LENGTH_MEASURE( 1.000000000000000082E-05 ), #791, 'distance_accuracy_value', 'NONE');
#2852 = PRESENTATION_STYLE_ASSIGNMENT (( #4958 ) ) ;
#2853 = DIRECTION ( 'NONE',  ( -1.988267581731810212E-16, -6.123233995736835061E-17, 1.000000000000000000 ) ) ;
#2854 = AXIS2_PLACEMENT_3D ( 'NONE', #4422, #5256, #1379 ) ;
#2855 = ORIENTED_EDGE ( 'NONE', *, *, #3761, .T. ) ;
#2856 = EDGE_CURVE ( 'NONE', #3079, #4947, #3335, .T. ) ;
#2857 = EDGE_CURVE ( 'NONE', #2167, #4621, #4367, .T. ) ;
#2858 = SURFACE_SIDE_STYLE ('',( #1900 ) ) ;
#2859 =( BOUNDED_CURVE ( )  B_SPLINE_CURVE ( 3, ( #908, #2538, #1249, #1337 ),
 .UNSPECIFIED., .F., .T. ) 
 B_SPLINE_CURVE_WITH_KNOTS ( ( 4, 4 ),
 ( 5.501585242055420544, 6.283185307179586232 ),
 .UNSPECIFIED. ) 
 CURVE ( )  GEOMETRIC_REPRESENTATION_ITEM ( )  RATIONAL_B_SPLINE_CURVE ( ( 1.000000000000000000, 0.9497364005219713912, 0.9497364005219713912, 1.000000000000000000 ) ) 
 REPRESENTATION_ITEM ( '' )  );
#2860 = AXIS2_PLACEMENT_3D ( 'NONE', #4910, #478, #3582 ) ;
#2861 = SURFACE_STYLE_FILL_AREA ( #1166 ) ;
#2862 = VERTEX_POINT ( 'NONE', #1046 ) ;
#2863 = AXIS2_PLACEMENT_3D ( 'NONE', #2297, #2691, #5327 ) ;
#2864 = SURFACE_SIDE_STYLE ('',( #1171 ) ) ;
#2865 = CARTESIAN_POINT ( 'NONE',  ( 4.282049439419675529, 1.769454647697228378, 25.66900000000000048 ) ) ;
#2866 = VECTOR ( 'NONE', #2355, 1000.000000000000000 ) ;
#2867 = VERTEX_POINT ( 'NONE', #3178 ) ;
#2868 = FILL_AREA_STYLE_COLOUR ( '', #4556 ) ;
#2869 = CARTESIAN_POINT ( 'NONE',  ( 4.952999999999992298, 2.398822921787188367, 18.00000000000000000 ) ) ;
#2870 = ORIENTED_EDGE ( 'NONE', *, *, #170, .T. ) ;
#2871 = VECTOR ( 'NONE', #1456, 1000.000000000000000 ) ;
#2872 = SURFACE_STYLE_FILL_AREA ( #5447 ) ;
#2873 = CARTESIAN_POINT ( 'NONE',  ( 4.853000000000005087, -2.947999999999983523, 7.250000000000002665 ) ) ;
#2874 = DIRECTION ( 'NONE',  ( -1.000000000000000000, -9.577424108107180502E-15, 0.000000000000000000 ) ) ;
#2875 = AXIS2_PLACEMENT_3D ( 'NONE', #3309, #5056, #2017 ) ;
#2876 = DIRECTION ( 'NONE',  ( -1.000000000000000000, -3.614007241618348376E-15, -5.376517026358584721E-16 ) ) ;
#2877 = CARTESIAN_POINT ( 'NONE',  ( 4.683937850140512893, -3.046557841984037118, 18.01648394155110466 ) ) ;
#2878 = CIRCLE ( 'NONE', #1381, 0.6500000000000000222 ) ;
#2879 = TOROIDAL_SURFACE ( 'NONE', #109, 0.1500000000000000777, 0.1000000000000000056 ) ;
#2880 = SURFACE_STYLE_USAGE ( .BOTH. , #406 ) ;
#2881 = DIRECTION ( 'NONE',  ( 1.000000000000000000, 3.336006684570782904E-15, 1.988267581731812924E-16 ) ) ;
#2882 = LINE ( 'NONE', #3711, #4086 ) ;
#2883 = SURFACE_STYLE_FILL_AREA ( #2264 ) ;
#2884 =( LENGTH_UNIT ( ) NAMED_UNIT ( * ) SI_UNIT ( .MILLI., .METRE. ) );
#2885 = STYLED_ITEM ( 'NONE', ( #4673 ), #3929 ) ;
#2886 = CARTESIAN_POINT ( 'NONE',  ( -4.282049439419692405, -1.769454647697230154, 25.66900000000000404 ) ) ;
#2887 =( GEOMETRIC_REPRESENTATION_CONTEXT ( 3 ) GLOBAL_UNCERTAINTY_ASSIGNED_CONTEXT ( ( #4475 ) ) GLOBAL_UNIT_ASSIGNED_CONTEXT ( ( #543, #4896, #3177 ) ) REPRESENTATION_CONTEXT ( 'NONE', 'WORKASPACE' ) );
#2888 = EDGE_LOOP ( 'NONE', ( #3654, #5469 ) ) ;
#2889 = SURFACE_STYLE_USAGE ( .BOTH. , #1998 ) ;
#2890 =( GEOMETRIC_REPRESENTATION_CONTEXT ( 3 ) GLOBAL_UNCERTAINTY_ASSIGNED_CONTEXT ( ( #5366 ) ) GLOBAL_UNIT_ASSIGNED_CONTEXT ( ( #2452, #346, #2329 ) ) REPRESENTATION_CONTEXT ( 'NONE', 'WORKASPACE' ) );
#2891 = DIRECTION ( 'NONE',  ( -1.000000000000000000, -3.469446951953614189E-15, 0.000000000000000000 ) ) ;
#2892 = EDGE_CURVE ( 'NONE', #799, #3781, #356, .T. ) ;
#2893 = ORIENTED_EDGE ( 'NONE', *, *, #30, .T. ) ;
#2894 = VECTOR ( 'NONE', #2061, 1000.000000000000000 ) ;
#2895 = CIRCLE ( 'NONE', #4003, 0.3499999999999999223 ) ;
#2896 = CARTESIAN_POINT ( 'NONE',  ( 4.320969464493992440, -1.942906756058720097, 25.22414207777594441 ) ) ;
#2897 = MECHANICAL_DESIGN_GEOMETRIC_PRESENTATION_REPRESENTATION (  '', ( #4009 ), #3933 ) ;
#2898 = EDGE_LOOP ( 'NONE', ( #873, #3783, #5284, #2697 ) ) ;
#2899 = VERTEX_POINT ( 'NONE', #4477 ) ;
#2900 = CIRCLE ( 'NONE', #4203, 0.2000000000000000944 ) ;
#2901 = PRESENTATION_STYLE_ASSIGNMENT (( #1210 ) ) ;
#2902 = UNCERTAINTY_MEASURE_WITH_UNIT (LENGTH_MEASURE( 1.000000000000000082E-05 ), #648, 'distance_accuracy_value', 'NONE');
#2903 = PRESENTATION_STYLE_ASSIGNMENT (( #2390 ) ) ;
#2904 = FILL_AREA_STYLE ('',( #2104 ) ) ;
#2905 = PRESENTATION_LAYER_ASSIGNMENT (  '', '', ( #4111 ) ) ;
#2906 = SURFACE_SIDE_STYLE ('',( #1619 ) ) ;
#2907 = CYLINDRICAL_SURFACE ( 'NONE', #2456, 0.5000000000000000000 ) ;
#2908 = FILL_AREA_STYLE ('',( #684 ) ) ;
#2909 =( GEOMETRIC_REPRESENTATION_CONTEXT ( 3 ) GLOBAL_UNCERTAINTY_ASSIGNED_CONTEXT ( ( #2977 ) ) GLOBAL_UNIT_ASSIGNED_CONTEXT ( ( #1769, #4404, #76 ) ) REPRESENTATION_CONTEXT ( 'NONE', 'WORKASPACE' ) );
#2910 = FACE_OUTER_BOUND ( 'NONE', #3173, .T. ) ;
#2911 = CARTESIAN_POINT ( 'NONE',  ( -1.317506431553811078E-15, 0.6350000000000002309, -3.175000000000000711 ) ) ;
#2912 = UNCERTAINTY_MEASURE_WITH_UNIT (LENGTH_MEASURE( 1.000000000000000082E-05 ), #3584, 'distance_accuracy_value', 'NONE');
#2913 = FILL_AREA_STYLE_COLOUR ( '', #175 ) ;
#2914 = EDGE_CURVE ( 'NONE', #5111, #4882, #4774, .T. ) ;
#2915 =( NAMED_UNIT ( * ) SI_UNIT ( $, .STERADIAN. ) SOLID_ANGLE_UNIT ( ) );
#2916 = AXIS2_PLACEMENT_3D ( 'NONE', #3601, #1049, #4509 ) ;
#2917 = CARTESIAN_POINT ( 'NONE',  ( 3.823883852410978168, -1.809715535079751358, 25.66899999999999338 ) ) ;
#2918 = ORIENTED_EDGE ( 'NONE', *, *, #2090, .F. ) ;
#2919 = COLOUR_RGB ( '',0.2862745098039215508, 0.3254901960784313819, 0.5882352941176470784 ) ;
#2920 = DIRECTION ( 'NONE',  ( -1.000000000000000000, -3.252606517456511724E-15, 0.000000000000000000 ) ) ;
#2921 =( NAMED_UNIT ( * ) PLANE_ANGLE_UNIT ( ) SI_UNIT ( $, .RADIAN. ) );
#2922 = PRESENTATION_LAYER_ASSIGNMENT (  '', '', ( #3293 ) ) ;
#2923 = ORIENTED_EDGE ( 'NONE', *, *, #4704, .T. ) ;
#2924 = PRESENTATION_LAYER_ASSIGNMENT (  '', '', ( #5385 ) ) ;
#2925 = ADVANCED_FACE ( 'NONE', ( #940 ), #4040, .T. ) ;
#2926 = FACE_OUTER_BOUND ( 'NONE', #4868, .T. ) ;
#2927 = ORIENTED_EDGE ( 'NONE', *, *, #3217, .F. ) ;
#2928 = EDGE_LOOP ( 'NONE', ( #3440, #4171, #3495, #2505 ) ) ;
#2929 = CARTESIAN_POINT ( 'NONE',  ( 0.2499999999999986955, 0.6350000000000010081, -3.075000000000001510 ) ) ;
#2930 = CARTESIAN_POINT ( 'NONE',  ( 4.952995311701716474, 2.400468757942107345, 18.00005358749448447 ) ) ;
#2931 = ORIENTED_EDGE ( 'NONE', *, *, #1369, .T. ) ;
#2932 = CIRCLE ( 'NONE', #4591, 0.3899999999999999578 ) ;
#2933 = EDGE_CURVE ( 'NONE', #1578, #3850, #5513, .T. ) ;
#2934 = CARTESIAN_POINT ( 'NONE',  ( 3.780185667963003926, 1.875185667963024549, 25.16900000000000048 ) ) ;
#2935 = DIRECTION ( 'NONE',  ( 1.988267581731810705E-16, 6.123233995736836294E-17, -1.000000000000000000 ) ) ;
#2936 = CARTESIAN_POINT ( 'NONE',  ( -1.420000000000001483, 0.6349999999999950129, -3.075000000000001510 ) ) ;
#2937 = CARTESIAN_POINT ( 'NONE',  ( 2.969500000000002249, -0.3862611844574787567, 1.350000000000000533 ) ) ;
#2938 =( NAMED_UNIT ( * ) PLANE_ANGLE_UNIT ( ) SI_UNIT ( $, .RADIAN. ) );
#2939 = CARTESIAN_POINT ( 'NONE',  ( 1.269999999999998685, 0.6350000000000048939, -3.175000000000000711 ) ) ;
#2940 = ORIENTED_EDGE ( 'NONE', *, *, #3727, .F. ) ;
#2941 = CARTESIAN_POINT ( 'NONE',  ( 3.714715535079754716, 1.918883852410988133, 25.66900000000000048 ) ) ;
#2942 = DIRECTION ( 'NONE',  ( 5.204170427930421283E-15, -1.000000000000000000, 0.000000000000000000 ) ) ;
#2943 = CARTESIAN_POINT ( 'NONE',  ( 4.203000000000003844, -2.297999999999986276, 7.250000000000001776 ) ) ;
#2944 = SURFACE_STYLE_USAGE ( .BOTH. , #2506 ) ;
#2945 = CARTESIAN_POINT ( 'NONE',  ( -3.634522885660049774, -2.416981201456864348, 25.21257787137383133 ) ) ;
#2946 =( NAMED_UNIT ( * ) PLANE_ANGLE_UNIT ( ) SI_UNIT ( $, .RADIAN. ) );
#2947 = SURFACE_STYLE_FILL_AREA ( #1339 ) ;
#2948 = DIRECTION ( 'NONE',  ( 1.988267581731810705E-16, 6.123233995736836294E-17, -1.000000000000000000 ) ) ;
#2949 =( NAMED_UNIT ( * ) SI_UNIT ( $, .STERADIAN. ) SOLID_ANGLE_UNIT ( ) );
#2950 =( NAMED_UNIT ( * ) SI_UNIT ( $, .STERADIAN. ) SOLID_ANGLE_UNIT ( ) );
#2951 = ORIENTED_EDGE ( 'NONE', *, *, #2090, .T. ) ;
#2952 = CARTESIAN_POINT ( 'NONE',  ( 4.953000000000003844, -2.397999999999983700, 18.00000000000000355 ) ) ;
#2953 = PRESENTATION_LAYER_ASSIGNMENT (  '', '', ( #2214 ) ) ;
#2954 = VECTOR ( 'NONE', #3265, 1000.000000000000000 ) ;
#2955 = VERTEX_POINT ( 'NONE', #629 ) ;
#2956 = AXIS2_PLACEMENT_3D ( 'NONE', #5488, #282, #702 ) ;
#2957 = FILL_AREA_STYLE_COLOUR ( '', #1292 ) ;
#2958 = CARTESIAN_POINT ( 'NONE',  ( 2.100261184457492547, -1.255499999999993621, 1.350000000000000533 ) ) ;
#2959 = ORIENTED_EDGE ( 'NONE', *, *, #1869, .T. ) ;
#2960 = COLOUR_RGB ( '',0.8627450980392157298, 0.5882352941176470784, 0.06274509803921568540 ) ;
#2961 = ORIENTED_EDGE ( 'NONE', *, *, #5439, .F. ) ;
#2962 = DIRECTION ( 'NONE',  ( -1.988267581731810705E-16, -6.123233995736836294E-17, 1.000000000000000000 ) ) ;
#2963 = EDGE_LOOP ( 'NONE', ( #4769, #5196, #5357, #2522 ) ) ;
#2964 = DIRECTION ( 'NONE',  ( 1.988267581731810705E-16, 6.123233995736836294E-17, -1.000000000000000000 ) ) ;
#2965 = VECTOR ( 'NONE', #4728, 1000.000000000000000 ) ;
#2966 = UNCERTAINTY_MEASURE_WITH_UNIT (LENGTH_MEASURE( 1.000000000000000082E-05 ), #3669, 'distance_accuracy_value', 'NONE');
#2967 = ADVANCED_FACE ( 'NONE', ( #204 ), #1155, .T. ) ;
#2968 = FILL_AREA_STYLE_COLOUR ( '', #5494 ) ;
#2969 = DIRECTION ( 'NONE',  ( -1.988267581731810705E-16, -6.123233995736836294E-17, 1.000000000000000000 ) ) ;
#2970 = EDGE_CURVE ( 'NONE', #2578, #2899, #1182, .T. ) ;
#2971 =( NAMED_UNIT ( * ) SI_UNIT ( $, .STERADIAN. ) SOLID_ANGLE_UNIT ( ) );
#2972 = DIRECTION ( 'NONE',  ( 1.988267581731810705E-16, 6.123233995736836294E-17, -1.000000000000000000 ) ) ;
#2973 = AXIS2_PLACEMENT_3D ( 'NONE', #5320, #2657, #3150 ) ;
#2974 = ORIENTED_EDGE ( 'NONE', *, *, #814, .F. ) ;
#2975 = FACE_OUTER_BOUND ( 'NONE', #4552, .T. ) ;
#2976 = CARTESIAN_POINT ( 'NONE',  ( -4.952999999999994074, -3.048000000000018694, 18.00000000000000000 ) ) ;
#2977 = UNCERTAINTY_MEASURE_WITH_UNIT (LENGTH_MEASURE( 1.000000000000000082E-05 ), #1769, 'distance_accuracy_value', 'NONE');
#2978 = DIRECTION ( 'NONE',  ( 1.988267581731810705E-16, 6.123233995736836294E-17, -1.000000000000000000 ) ) ;
#2979 = PRESENTATION_LAYER_ASSIGNMENT (  '', '', ( #4082 ) ) ;
#2980 = COLOUR_RGB ( '',0.2862745098039215508, 0.3254901960784313819, 0.5882352941176470784 ) ;
#2981 = EDGE_CURVE ( 'NONE', #5307, #2993, #3339, .T. ) ;
#2982 =( NAMED_UNIT ( * ) SI_UNIT ( $, .STERADIAN. ) SOLID_ANGLE_UNIT ( ) );
#2983 = PLANE ( 'NONE',  #2171 ) ;
#2984 = ORIENTED_EDGE ( 'NONE', *, *, #1095, .F. ) ;
#2985 = DIRECTION ( 'NONE',  ( -1.988267581731810459E-16, -6.123233995736835061E-17, 1.000000000000000000 ) ) ;
#2986 = AXIS2_PLACEMENT_3D ( 'NONE', #5297, #1189, #1076 ) ;
#2987 = UNCERTAINTY_MEASURE_WITH_UNIT (LENGTH_MEASURE( 1.000000000000000082E-05 ), #4498, 'distance_accuracy_value', 'NONE');
#2988 = MECHANICAL_DESIGN_GEOMETRIC_PRESENTATION_REPRESENTATION (  '', ( #3618 ), #187 ) ;
#2989 = ORIENTED_EDGE ( 'NONE', *, *, #2817, .T. ) ;
#2990 = CARTESIAN_POINT ( 'NONE',  ( 3.269500000000002071, -0.3862611844574777020, 1.350000000000002309 ) ) ;
#2991 = ORIENTED_EDGE ( 'NONE', *, *, #1773, .T. ) ;
#2992 = PLANE ( 'NONE',  #875 ) ;
#2993 = VERTEX_POINT ( 'NONE', #868 ) ;
#2994 =( GEOMETRIC_REPRESENTATION_CONTEXT ( 3 ) GLOBAL_UNCERTAINTY_ASSIGNED_CONTEXT ( ( #793 ) ) GLOBAL_UNIT_ASSIGNED_CONTEXT ( ( #4945, #3103, #1783 ) ) REPRESENTATION_CONTEXT ( 'NONE', 'WORKASPACE' ) );
#2995 = ORIENTED_EDGE ( 'NONE', *, *, #2857, .F. ) ;
#2996 = AXIS2_PLACEMENT_3D ( 'NONE', #158, #1466, #1006 ) ;
#2997 = DIRECTION ( 'NONE',  ( 1.000000000000000000, 3.252606517456511724E-15, 0.000000000000000000 ) ) ;
#2998 = CARTESIAN_POINT ( 'NONE',  ( -3.269499999999997630, -1.255500000000012273, 1.349999999999996980 ) ) ;
#2999 = CARTESIAN_POINT ( 'NONE',  ( 4.131063546504075035, 2.226063546504097879, 25.23039567330873822 ) ) ;
#3000 = DIRECTION ( 'NONE',  ( 1.988267581731810705E-16, 6.123233995736836294E-17, -1.000000000000000000 ) ) ;
#3001 = SURFACE_STYLE_FILL_AREA ( #2568 ) ;
#3002 = FILL_AREA_STYLE_COLOUR ( '', #2357 ) ;
#3003 = ORIENTED_EDGE ( 'NONE', *, *, #674, .T. ) ;
#3004 = COLOUR_RGB ( '',0.2862745098039215508, 0.3254901960784313819, 0.5882352941176470784 ) ;
#3005 = EDGE_CURVE ( 'NONE', #2211, #2899, #638, .T. ) ;
#3006 = DIRECTION ( 'NONE',  ( 1.988267581731811198E-16, 6.123233995736836294E-17, -1.000000000000000000 ) ) ;
#3007 = EDGE_CURVE ( 'NONE', #2862, #716, #3083, .T. ) ;
#3008 = DIRECTION ( 'NONE',  ( 1.000000000000000000, 3.491481338843133355E-15, 5.102127870520019996E-16 ) ) ;
#3009 = SURFACE_STYLE_FILL_AREA ( #1304 ) ;
#3010 = SURFACE_STYLE_FILL_AREA ( #1652 ) ;
#3011 = TOROIDAL_SURFACE ( 'NONE', #4745, 0.1500000000000000777, 0.1000000000000000056 ) ;
#3012 = CARTESIAN_POINT ( 'NONE',  ( 3.823883852410963069, 1.729522885660065068, 25.66900000000000048 ) ) ;
#3013 = FILL_AREA_STYLE ('',( #379 ) ) ;
#3014 = SURFACE_STYLE_FILL_AREA ( #3872 ) ;
#3015 = CARTESIAN_POINT ( 'NONE',  ( -4.952999999999996739, -2.398822921787192364, 17.99999999999999645 ) ) ;
#3016 = ORIENTED_EDGE ( 'NONE', *, *, #277, .T. ) ;
#3017 = DIRECTION ( 'NONE',  ( -1.988267581731810459E-16, -6.123233995736835061E-17, 1.000000000000000000 ) ) ;
#3018 = AXIS2_PLACEMENT_3D ( 'NONE', #3209, #1867, #3575 ) ;
#3019 =( BOUNDED_CURVE ( )  B_SPLINE_CURVE ( 3, ( #647, #3721, #2382, #3247 ),
 .UNSPECIFIED., .F., .T. ) 
 B_SPLINE_CURVE_WITH_KNOTS ( ( 4, 4 ),
 ( 6.279387208906304529, 6.283185307179586232 ),
 .UNSPECIFIED. ) 
 CURVE ( )  GEOMETRIC_REPRESENTATION_ITEM ( )  RATIONAL_B_SPLINE_CURVE ( ( 1.000000000000000000, 0.9999987978711534220, 0.9999987978711534220, 1.000000000000000000 ) ) 
 REPRESENTATION_ITEM ( '' )  );
#3020 = COLOUR_RGB ( '',0.2862745098039215508, 0.3254901960784313819, 0.5882352941176470784 ) ;
#3021 = CIRCLE ( 'NONE', #2276, 0.4250000000000000444 ) ;
#3022 = CYLINDRICAL_SURFACE ( 'NONE', #147, 0.4250000000000000444 ) ;
#3023 = ORIENTED_EDGE ( 'NONE', *, *, #2726, .T. ) ;
#3024 = PRESENTATION_LAYER_ASSIGNMENT (  '', '', ( #3480 ) ) ;
#3025 = DIRECTION ( 'NONE',  ( -1.988267581731810705E-16, -6.123233995736836294E-17, 1.000000000000000000 ) ) ;
#3026 = DIRECTION ( 'NONE',  ( 1.000000000000000000, 3.614007241618343643E-15, 0.000000000000000000 ) ) ;
#3027 = ORIENTED_EDGE ( 'NONE', *, *, #3662, .T. ) ;
#3028 = COLOUR_RGB ( '',0.8627450980392157298, 0.5882352941176470784, 0.06274509803921568540 ) ;
#3029 = ORIENTED_EDGE ( 'NONE', *, *, #4527, .T. ) ;
#3030 = DIRECTION ( 'NONE',  ( 1.988267581731810705E-16, 6.123233995736836294E-17, -1.000000000000000000 ) ) ;
#3031 = CARTESIAN_POINT ( 'NONE',  ( -2.969500000000006246, 1.555499999999989447, 1.349999999999998757 ) ) ;
#3032 = VERTEX_POINT ( 'NONE', #459 ) ;
#3033 = EDGE_CURVE ( 'NONE', #2363, #3419, #1722, .T. ) ;
#3034 = COLOUR_RGB ( '',0.2509803921568627416, 0.2509803921568627416, 0.2509803921568627416 ) ;
#3035 = PRESENTATION_LAYER_ASSIGNMENT (  '', '', ( #5305 ) ) ;
#3036 = CARTESIAN_POINT ( 'NONE',  ( 4.305468757942079172, 3.047995311701738874, 18.00005358749449158 ) ) ;
#3037 = DIRECTION ( 'NONE',  ( 1.000000000000000000, 3.336006684570782904E-15, 0.000000000000000000 ) ) ;
#3038 = SURFACE_STYLE_FILL_AREA ( #4685 ) ;
#3039 = DIRECTION ( 'NONE',  ( 1.000000000000000000, -5.421010862427522170E-15, 6.672013369141565217E-16 ) ) ;
#3040 = CARTESIAN_POINT ( 'NONE',  ( 3.619499999999999496, 0.3862611844575010167, 1.350000000000002309 ) ) ;
#3041 = ORIENTED_EDGE ( 'NONE', *, *, #4327, .F. ) ;
#3042 = UNCERTAINTY_MEASURE_WITH_UNIT (LENGTH_MEASURE( 1.000000000000000082E-05 ), #4635, 'distance_accuracy_value', 'NONE');
#3043 = DIRECTION ( 'NONE',  ( -1.000000000000000000, -3.614007241618348376E-15, -5.376517026358584721E-16 ) ) ;
#3044 = PRESENTATION_STYLE_ASSIGNMENT (( #2139 ) ) ;
#3045 = CARTESIAN_POINT ( 'NONE',  ( -4.131063546504082140, -2.226063546504100987, 25.23039567330873822 ) ) ;
#3046 = CARTESIAN_POINT ( 'NONE',  ( -4.953000000000009173, 2.397999999999979259, 18.00000000000000000 ) ) ;
#3047 = CARTESIAN_POINT ( 'NONE',  ( -4.952998437232026596, -2.399645842090479597, 18.00001786251962699 ) ) ;
#3048 = ORIENTED_EDGE ( 'NONE', *, *, #3992, .F. ) ;
#3049 = ADVANCED_FACE ( 'NONE', ( #4273 ), #5118, .T. ) ;
#3050 = DIRECTION ( 'NONE',  ( -2.966873679532033666E-15, 1.000000000000000000, 6.123233995736770966E-17 ) ) ;
#3051 = DIRECTION ( 'NONE',  ( 1.988267581731810705E-16, 6.123233995736836294E-17, -1.000000000000000000 ) ) ;
#3052 =( LENGTH_UNIT ( ) NAMED_UNIT ( * ) SI_UNIT ( .MILLI., .METRE. ) );
#3053 = FILL_AREA_STYLE_COLOUR ( '', #4095 ) ;
#3054 = EDGE_CURVE ( 'NONE', #4438, #4235, #3791, .T. ) ;
#3055 = ADVANCED_FACE ( 'NONE', ( #4684 ), #5203, .T. ) ;
#3056 = ORIENTED_EDGE ( 'NONE', *, *, #4057, .F. ) ;
#3057 = PRESENTATION_STYLE_ASSIGNMENT (( #1286 ) ) ;
#3058 = PRESENTATION_STYLE_ASSIGNMENT (( #3482 ) ) ;
#3059 = STYLED_ITEM ( 'NONE', ( #4364 ), #1795 ) ;
#3060 = FILL_AREA_STYLE ('',( #3117 ) ) ;
#3061 =( NAMED_UNIT ( * ) PLANE_ANGLE_UNIT ( ) SI_UNIT ( $, .RADIAN. ) );
#3062 = ADVANCED_FACE ( 'NONE', ( #91 ), #3067, .T. ) ;
#3063 = ADVANCED_FACE ( 'NONE', ( #221 ), #273, .T. ) ;
#3064 = ORIENTED_EDGE ( 'NONE', *, *, #1429, .F. ) ;
#3065 = EDGE_LOOP ( 'NONE', ( #2918, #3980 ) ) ;
#3066 = COLOUR_RGB ( '',0.2862745098039215508, 0.3254901960784313819, 0.5882352941176470784 ) ;
#3067 = CYLINDRICAL_SURFACE ( 'NONE', #102, 0.4250000000000000444 ) ;
#3068 = PRESENTATION_STYLE_ASSIGNMENT (( #5234 ) ) ;
#3069 = CARTESIAN_POINT ( 'NONE',  ( 2.969499999999999584, 0.3862611844574987408, 1.350000000000000533 ) ) ;
#3070 = SURFACE_STYLE_USAGE ( .BOTH. , #372 ) ;
#3071 = ORIENTED_EDGE ( 'NONE', *, *, #1028, .T. ) ;
#3072 = MECHANICAL_DESIGN_GEOMETRIC_PRESENTATION_REPRESENTATION (  '', ( #444 ), #4888 ) ;
#3073 = DIRECTION ( 'NONE',  ( 1.000000000000000000, 3.491481338843133355E-15, 5.376517026358584721E-16 ) ) ;
#3074 = DIRECTION ( 'NONE',  ( -1.988267581731810705E-16, -6.123233995736836294E-17, 1.000000000000000000 ) ) ;
#3075 = CARTESIAN_POINT ( 'NONE',  ( 0.3899999999999980149, 0.6350000000000012301, 7.754243568754066238E-17 ) ) ;
#3076 =( GEOMETRIC_REPRESENTATION_CONTEXT ( 3 ) GLOBAL_UNCERTAINTY_ASSIGNED_CONTEXT ( ( #3206 ) ) GLOBAL_UNIT_ASSIGNED_CONTEXT ( ( #2575, #21, #436 ) ) REPRESENTATION_CONTEXT ( 'NONE', 'WORKASPACE' ) );
#3077 =( NAMED_UNIT ( * ) SI_UNIT ( $, .STERADIAN. ) SOLID_ANGLE_UNIT ( ) );
#3078 = CYLINDRICAL_SURFACE ( 'NONE', #848, 0.2500000000000000555 ) ;
#3079 = VERTEX_POINT ( 'NONE', #2805 ) ;
#3080 = AXIS2_PLACEMENT_3D ( 'NONE', #845, #1273, #1685 ) ;
#3081 = STYLED_ITEM ( 'NONE', ( #1380 ), #3590 ) ;
#3082 = CARTESIAN_POINT ( 'NONE',  ( -1.269999999999998019, -0.6350000000000044498, 0.000000000000000000 ) ) ;
#3083 = CIRCLE ( 'NONE', #723, 0.6500000000000000222 ) ;
#3084 = VERTEX_POINT ( 'NONE', #1030 ) ;
#3085 = AXIS2_PLACEMENT_3D ( 'NONE', #4144, #1147, #1980 ) ;
#3086 = EDGE_CURVE ( 'NONE', #394, #5099, #1115, .T. ) ;
#3087 = MECHANICAL_DESIGN_GEOMETRIC_PRESENTATION_REPRESENTATION (  '', ( #2339 ), #3524 ) ;
#3088 = ADVANCED_FACE ( 'NONE', ( #2292 ), #3605, .T. ) ;
#3089 = DIRECTION ( 'NONE',  ( -1.000000000000000000, -3.502807018799321714E-15, -6.672013369141565217E-16 ) ) ;
#3090 = CARTESIAN_POINT ( 'NONE',  ( -3.674454647697209975, -2.377049439419708143, 25.66900000000000404 ) ) ;
#3091 = ORIENTED_EDGE ( 'NONE', *, *, #4997, .F. ) ;
#3092 = DIRECTION ( 'NONE',  ( -1.000000000000000000, -2.612024756756505028E-15, 0.000000000000000000 ) ) ;
#3093 = CIRCLE ( 'NONE', #4631, 0.1500000000000001887 ) ;
#3094 = COLOUR_RGB ( '',0.2862745098039215508, 0.3254901960784313819, 0.5882352941176470784 ) ;
#3095 = VERTEX_POINT ( 'NONE', #110 ) ;
#3096 = SURFACE_SIDE_STYLE ('',( #3740 ) ) ;
#3097 = LINE ( 'NONE', #512, #3593 ) ;
#3098 = ADVANCED_FACE ( 'NONE', ( #1819 ), #1965, .T. ) ;
#3099 = FILL_AREA_STYLE_COLOUR ( '', #2605 ) ;
#3100 = MECHANICAL_DESIGN_GEOMETRIC_PRESENTATION_REPRESENTATION (  '', ( #3915 ), #1296 ) ;
#3101 = COLOUR_RGB ( '',0.8627450980392157298, 0.5882352941176470784, 0.06274509803921568540 ) ;
#3102 = SURFACE_SIDE_STYLE ('',( #2277 ) ) ;
#3103 =( NAMED_UNIT ( * ) PLANE_ANGLE_UNIT ( ) SI_UNIT ( $, .RADIAN. ) );
#3104 = CARTESIAN_POINT ( 'NONE',  ( 3.269499999999999407, 0.3862611844574997955, 1.350000000000002309 ) ) ;
#3105 = ORIENTED_EDGE ( 'NONE', *, *, #4680, .F. ) ;
#3106 = UNCERTAINTY_MEASURE_WITH_UNIT (LENGTH_MEASURE( 1.000000000000000082E-05 ), #2685, 'distance_accuracy_value', 'NONE');
#3107 = DIRECTION ( 'NONE',  ( 1.000000000000000000, 3.469446951953614189E-15, 5.376517026358585707E-16 ) ) ;
#3108 = PLANE ( 'NONE',  #2815 ) ;
#3109 = FACE_OUTER_BOUND ( 'NONE', #1397, .T. ) ;
#3110 = ORIENTED_EDGE ( 'NONE', *, *, #96, .F. ) ;
#3111 = AXIS2_PLACEMENT_3D ( 'NONE', #86, #4388, #2269 ) ;
#3112 = EDGE_CURVE ( 'NONE', #197, #2644, #5272, .T. ) ;
#3113 = STYLED_ITEM ( 'NONE', ( #2569 ), #5584 ) ;
#3114 = DIRECTION ( 'NONE',  ( 1.988267581731810705E-16, 6.123233995736836294E-17, -1.000000000000000000 ) ) ;
#3115 = ORIENTED_EDGE ( 'NONE', *, *, #3151, .F. ) ;
#3116 = FILL_AREA_STYLE ('',( #3995 ) ) ;
#3117 = FILL_AREA_STYLE_COLOUR ( '', #3034 ) ;
#3118 = CARTESIAN_POINT ( 'NONE',  ( -3.674454647697212639, -1.918883852410990798, 25.66900000000000048 ) ) ;
#3119 = VERTEX_POINT ( 'NONE', #1540 ) ;
#3120 = CARTESIAN_POINT ( 'NONE',  ( 3.823883852410963069, 1.769454647697226823, 25.16900000000000048 ) ) ;
#3121 = VERTEX_POINT ( 'NONE', #1490 ) ;
#3122 = EDGE_CURVE ( 'NONE', #4118, #2737, #2882, .T. ) ;
#3123 = CARTESIAN_POINT ( 'NONE',  ( 4.282049439419682635, -1.769454647697201288, 25.66900000000000404 ) ) ;
#3124 = FILL_AREA_STYLE ('',( #867 ) ) ;
#3125 = VECTOR ( 'NONE', #1203, 1000.000000000000000 ) ;
#3126 = SURFACE_STYLE_USAGE ( .BOTH. , #3954 ) ;
#3127 = CARTESIAN_POINT ( 'NONE',  ( -3.619499999999997719, -1.255500000000013827, 1.349999999999996980 ) ) ;
#3128 = ORIENTED_EDGE ( 'NONE', *, *, #891, .F. ) ;
#3129 = EDGE_CURVE ( 'NONE', #743, #5052, #4909, .T. ) ;
#3130 =( NAMED_UNIT ( * ) PLANE_ANGLE_UNIT ( ) SI_UNIT ( $, .RADIAN. ) );
#3131 =( GEOMETRIC_REPRESENTATION_CONTEXT ( 3 ) GLOBAL_UNCERTAINTY_ASSIGNED_CONTEXT ( ( #3434 ) ) GLOBAL_UNIT_ASSIGNED_CONTEXT ( ( #5248, #3944, #5274 ) ) REPRESENTATION_CONTEXT ( 'NONE', 'WORKASPACE' ) );
#3132 = PRESENTATION_LAYER_ASSIGNMENT (  '', '', ( #4132 ) ) ;
#3133 = FILL_AREA_STYLE_COLOUR ( '', #4614 ) ;
#3134 = DIRECTION ( 'NONE',  ( 1.000000000000000000, 3.336006684570784876E-15, 0.000000000000000000 ) ) ;
#3135 =( GEOMETRIC_REPRESENTATION_CONTEXT ( 3 ) GLOBAL_UNCERTAINTY_ASSIGNED_CONTEXT ( ( #4587 ) ) GLOBAL_UNIT_ASSIGNED_CONTEXT ( ( #1854, #4879, #3583 ) ) REPRESENTATION_CONTEXT ( 'NONE', 'WORKASPACE' ) );
#3136 = CARTESIAN_POINT ( 'NONE',  ( -4.253962220923455995, 2.103164872084707593, 25.23039567330873467 ) ) ;
#3137 = EDGE_CURVE ( 'NONE', #3715, #4922, #4723, .T. ) ;
#3138 =( GEOMETRIC_REPRESENTATION_CONTEXT ( 3 ) GLOBAL_UNCERTAINTY_ASSIGNED_CONTEXT ( ( #5538 ) ) GLOBAL_UNIT_ASSIGNED_CONTEXT ( ( #2884, #2426, #2482 ) ) REPRESENTATION_CONTEXT ( 'NONE', 'WORKASPACE' ) );
#3139 = EDGE_LOOP ( 'NONE', ( #1195, #5579 ) ) ;
#3140 = CARTESIAN_POINT ( 'NONE',  ( -3.674454647697210419, -2.416981201456863904, 25.21257787137382422 ) ) ;
#3141 = ORIENTED_EDGE ( 'NONE', *, *, #1060, .T. ) ;
#3142 = ORIENTED_EDGE ( 'NONE', *, *, #4427, .F. ) ;
#3143 = STYLED_ITEM ( 'NONE', ( #1431 ), #1664 ) ;
#3144 = FILL_AREA_STYLE_COLOUR ( '', #1302 ) ;
#3145 = DIRECTION ( 'NONE',  ( -3.482699675675338723E-15, 1.000000000000000000, 0.000000000000000000 ) ) ;
#3146 = CARTESIAN_POINT ( 'NONE',  ( 0.000000000000000000, 0.000000000000000000, 0.000000000000000000 ) ) ;
#3147 = ORIENTED_EDGE ( 'NONE', *, *, #4322, .F. ) ;
#3148 = ORIENTED_EDGE ( 'NONE', *, *, #5139, .T. ) ;
#3149 = UNCERTAINTY_MEASURE_WITH_UNIT (LENGTH_MEASURE( 1.000000000000000082E-05 ), #386, 'distance_accuracy_value', 'NONE');
#3150 = DIRECTION ( 'NONE',  ( 1.000000000000000000, 3.571489509364014096E-15, 0.000000000000000000 ) ) ;
#3151 = EDGE_CURVE ( 'NONE', #2077, #3558, #5178, .T. ) ;
#3152 =( LENGTH_UNIT ( ) NAMED_UNIT ( * ) SI_UNIT ( .MILLI., .METRE. ) );
#3153 = AXIS2_PLACEMENT_3D ( 'NONE', #27, #5102, #2891 ) ;
#3154 = ORIENTED_EDGE ( 'NONE', *, *, #4106, .T. ) ;
#3155 = PRESENTATION_LAYER_ASSIGNMENT (  '', '', ( #5608 ) ) ;
#3156 = EDGE_CURVE ( 'NONE', #2786, #4802, #545, .T. ) ;
#3157 = DIRECTION ( 'NONE',  ( 1.988267581731810705E-16, 6.123233995736836294E-17, -1.000000000000000000 ) ) ;
#3158 = ORIENTED_EDGE ( 'NONE', *, *, #4797, .F. ) ;
#3159 =( LENGTH_UNIT ( ) NAMED_UNIT ( * ) SI_UNIT ( .MILLI., .METRE. ) );
#3160 = CARTESIAN_POINT ( 'NONE',  ( -1.317506431553811078E-15, 0.6350000000000002309, -3.175000000000000711 ) ) ;
#3161 = COLOUR_RGB ( '',0.7529411764705882248, 0.7529411764705882248, 0.7529411764705882248 ) ;
#3162 = DIRECTION ( 'NONE',  ( 1.000000000000000000, 3.491481338843133750E-15, 1.988267581731813171E-16 ) ) ;
#3163 = VERTEX_POINT ( 'NONE', #3343 ) ;
#3164 = VECTOR ( 'NONE', #3957, 1000.000000000000000 ) ;
#3165 = PRESENTATION_LAYER_ASSIGNMENT (  '', '', ( #3618 ) ) ;
#3166 = CARTESIAN_POINT ( 'NONE',  ( 3.807983082116093154, -1.847388249660469661, 25.66900000000000048 ) ) ;
#3167 = EDGE_CURVE ( 'NONE', #2578, #3551, #3699, .T. ) ;
#3168 = SURFACE_STYLE_USAGE ( .BOTH. , #1447 ) ;
#3169 =( NAMED_UNIT ( * ) PLANE_ANGLE_UNIT ( ) SI_UNIT ( $, .RADIAN. ) );
#3170 =( GEOMETRIC_REPRESENTATION_CONTEXT ( 3 ) GLOBAL_UNCERTAINTY_ASSIGNED_CONTEXT ( ( #4627 ) ) GLOBAL_UNIT_ASSIGNED_CONTEXT ( ( #4626, #99, #2310 ) ) REPRESENTATION_CONTEXT ( 'NONE', 'WORKASPACE' ) );
#3171 = DIRECTION ( 'NONE',  ( 3.613946018757868503E-15, -1.000000000000000000, -6.123233995736764803E-17 ) ) ;
#3172 = CARTESIAN_POINT ( 'NONE',  ( -1.419999999999997708, -0.6350000000000048939, -3.175000000000000711 ) ) ;
#3173 = EDGE_LOOP ( 'NONE', ( #3128, #4675, #5230, #3016 ) ) ;
#3174 = ORIENTED_EDGE ( 'NONE', *, *, #1165, .F. ) ;
#3175 = STYLED_ITEM ( 'NONE', ( #5255 ), #4026 ) ;
#3176 = PRESENTATION_LAYER_ASSIGNMENT (  '', '', ( #1391 ) ) ;
#3177 =( NAMED_UNIT ( * ) SI_UNIT ( $, .STERADIAN. ) SOLID_ANGLE_UNIT ( ) );
#3178 = CARTESIAN_POINT ( 'NONE',  ( 0.8800000000000020028, -0.6349999999999971223, 1.000000000000000888 ) ) ;
#3179 = CARTESIAN_POINT ( 'NONE',  ( 2.312393218813448392, 1.467632034355972115, 1.000000000000000888 ) ) ;
#3180 = FACE_OUTER_BOUND ( 'NONE', #2928, .T. ) ;
#3181 =( NAMED_UNIT ( * ) PLANE_ANGLE_UNIT ( ) SI_UNIT ( $, .RADIAN. ) );
#3182 =( NAMED_UNIT ( * ) PLANE_ANGLE_UNIT ( ) SI_UNIT ( $, .RADIAN. ) );
#3183 = ORIENTED_EDGE ( 'NONE', *, *, #3033, .T. ) ;
#3184 = COLOUR_RGB ( '',0.8627450980392157298, 0.5882352941176470784, 0.06274509803921568540 ) ;
#3185 = STYLED_ITEM ( 'NONE', ( #990 ), #4880 ) ;
#3186 = EDGE_CURVE ( 'NONE', #1137, #3204, #1740, .T. ) ;
#3187 = LINE ( 'NONE', #5348, #4878 ) ;
#3188 = CARTESIAN_POINT ( 'NONE',  ( 2.540000000000000924, 8.894080183443658215E-15, -5.500000000000001776 ) ) ;
#3189 = DIRECTION ( 'NONE',  ( -1.988267581731810459E-16, -6.123233995736835061E-17, 1.000000000000000000 ) ) ;
#3190 = ORIENTED_EDGE ( 'NONE', *, *, #2130, .F. ) ;
#3191 = CARTESIAN_POINT ( 'NONE',  ( 1.519999999999998241, 0.6350000000000056710, 4.970668954329534159E-17 ) ) ;
#3192 = FILL_AREA_STYLE_COLOUR ( '', #916 ) ;
#3193 = CIRCLE ( 'NONE', #755, 0.2500000000000000000 ) ;
#3194 =( NAMED_UNIT ( * ) PLANE_ANGLE_UNIT ( ) SI_UNIT ( $, .RADIAN. ) );
#3195 = AXIS2_PLACEMENT_3D ( 'NONE', #4721, #464, #5236 ) ;
#3196 = DIRECTION ( 'NONE',  ( -1.988267581731810705E-16, -6.123233995736836294E-17, 1.000000000000000000 ) ) ;
#3197 = VECTOR ( 'NONE', #2117, 1000.000000000000000 ) ;
#3198 = AXIS2_PLACEMENT_3D ( 'NONE', #5442, #1908, #2414 ) ;
#3199 = CIRCLE ( 'NONE', #3645, 0.1500000000000001887 ) ;
#3200 = ORIENTED_EDGE ( 'NONE', *, *, #417, .T. ) ;
#3201 = CARTESIAN_POINT ( 'NONE',  ( 2.559880592228739093, 1.715119407771264592, 1.000000000000000888 ) ) ;
#3202 = SURFACE_SIDE_STYLE ('',( #5363 ) ) ;
#3203 = EDGE_LOOP ( 'NONE', ( #2423, #232, #1822, #2586 ) ) ;
#3204 = VERTEX_POINT ( 'NONE', #3767 ) ;
#3205 = MECHANICAL_DESIGN_GEOMETRIC_PRESENTATION_REPRESENTATION (  '', ( #3480 ), #2823 ) ;
#3206 = UNCERTAINTY_MEASURE_WITH_UNIT (LENGTH_MEASURE( 1.000000000000000082E-05 ), #2575, 'distance_accuracy_value', 'NONE');
#3207 = DIRECTION ( 'NONE',  ( 1.000000000000000000, 3.491481338843133355E-15, 5.376517026358584721E-16 ) ) ;
#3208 = MECHANICAL_DESIGN_GEOMETRIC_PRESENTATION_REPRESENTATION (  '', ( #3293 ), #5304 ) ;
#3209 = CARTESIAN_POINT ( 'NONE',  ( 4.303000000000004377, -2.397999999999985477, 12.50000000000000178 ) ) ;
#3210 = DIRECTION ( 'NONE',  ( 1.000000000000000000, 3.491481338843133355E-15, 5.102127870520019996E-16 ) ) ;
#3211 = CARTESIAN_POINT ( 'NONE',  ( -1.337389107371129304E-15, 0.6350000000000002309, -3.075000000000001510 ) ) ;
#3212 = STYLED_ITEM ( 'NONE', ( #4027 ), #1402 ) ;
#3213 =( NAMED_UNIT ( * ) PLANE_ANGLE_UNIT ( ) SI_UNIT ( $, .RADIAN. ) );
#3214 = CARTESIAN_POINT ( 'NONE',  ( 2.315000000000001279, 7.725670961343088340E-15, -5.700000000000000178 ) ) ;
#3215 = PRESENTATION_STYLE_ASSIGNMENT (( #3665 ) ) ;
#3216 = CARTESIAN_POINT ( 'NONE',  ( -4.302999999999994607, -3.048000000000015586, 7.249999999999997335 ) ) ;
#3217 = EDGE_CURVE ( 'NONE', #413, #280, #3433, .T. ) ;
#3218 = LINE ( 'NONE', #3997, #1583 ) ;
#3219 = SURFACE_SIDE_STYLE ('',( #2756 ) ) ;
#3220 =( NAMED_UNIT ( * ) PLANE_ANGLE_UNIT ( ) SI_UNIT ( $, .RADIAN. ) );
#3221 = DIRECTION ( 'NONE',  ( -1.988267581731810212E-16, -6.123233995736836294E-17, 1.000000000000000000 ) ) ;
#3222 = ORIENTED_EDGE ( 'NONE', *, *, #2400, .F. ) ;
#3223 = EDGE_LOOP ( 'NONE', ( #2931, #325, #1719, #4799 ) ) ;
#3224 = FACE_OUTER_BOUND ( 'NONE', #3529, .T. ) ;
#3225 = ORIENTED_EDGE ( 'NONE', *, *, #4133, .F. ) ;
#3226 = VERTEX_POINT ( 'NONE', #2054 ) ;
#3227 = FILL_AREA_STYLE_COLOUR ( '', #3259 ) ;
#3228 = SURFACE_SIDE_STYLE ('',( #1940 ) ) ;
#3229 = VECTOR ( 'NONE', #4817, 1000.000000000000000 ) ;
#3230 = CARTESIAN_POINT ( 'NONE',  ( -3.823883852410987938, 1.769454647697199512, 25.66900000000000048 ) ) ;
#3231 = PRESENTATION_STYLE_ASSIGNMENT (( #5397 ) ) ;
#3232 = FILL_AREA_STYLE ('',( #2290 ) ) ;
#3233 = ORIENTED_EDGE ( 'NONE', *, *, #1343, .T. ) ;
#3234 = AXIS2_PLACEMENT_3D ( 'NONE', #2990, #1232, #1696 ) ;
#3235 =( BOUNDED_SURFACE ( )  B_SPLINE_SURFACE ( 3, 2, ( 
 ( #195, #2865, #2412 ),
 ( #4548, #1148, #1503 ),
 ( #3304, #2836, #2007 ),
 ( #4145, #4619, #4651 ) ),
 .UNSPECIFIED., .F., .F., .F. ) 
 B_SPLINE_SURFACE_WITH_KNOTS ( ( 4, 4 ),
 ( 3, 3 ),
 ( 5.501585242055421432, 6.283185307179587120 ),
 ( 0.000000000000000000, 1.000000000000000000 ),
 .UNSPECIFIED. ) 
 GEOMETRIC_REPRESENTATION_ITEM ( )  RATIONAL_B_SPLINE_SURFACE ( (
 ( 1.000000000000000000, 0.7372773368101271929, 1.000000000000000000),
 ( 1.000000000000000000, 0.7449550586513163930, 1.000000000000000000),
 ( 1.000000000000000000, 0.7493005499708316197, 1.000000000000000000),
 ( 1.000000000000000000, 0.7492634205062624897, 1.000000000000000000) ) ) 
 REPRESENTATION_ITEM ( '' )  SURFACE ( )  );
#3236 = STYLED_ITEM ( 'NONE', ( #1081 ), #2267 ) ;
#3237 = ORIENTED_EDGE ( 'NONE', *, *, #161, .F. ) ;
#3238 = PRESENTATION_STYLE_ASSIGNMENT (( #216 ) ) ;
#3239 = AXIS2_PLACEMENT_3D ( 'NONE', #1743, #5215, #3043 ) ;
#3240 = CARTESIAN_POINT ( 'NONE',  ( 4.952999999999990521, 2.398000000000015675, 18.00000000000000355 ) ) ;
#3241 = DIRECTION ( 'NONE',  ( 0.7071067811865456854, 0.7071067811865493491, 4.234749676620834531E-16 ) ) ;
#3242 = AXIS2_PLACEMENT_3D ( 'NONE', #1876, #5354, #4939 ) ;
#3243 = PLANE ( 'NONE',  #3743 ) ;
#3244 = ORIENTED_EDGE ( 'NONE', *, *, #686, .T. ) ;
#3245 = EDGE_CURVE ( 'NONE', #618, #4574, #1635, .T. ) ;
#3246 = EDGE_CURVE ( 'NONE', #3372, #3719, #1650, .T. ) ;
#3247 = CARTESIAN_POINT ( 'NONE',  ( 4.953000000000003844, -2.397999999999983700, 18.00000000000000355 ) ) ;
#3248 = SURFACE_STYLE_FILL_AREA ( #4202 ) ;
#3249 =( GEOMETRIC_REPRESENTATION_CONTEXT ( 3 ) GLOBAL_UNCERTAINTY_ASSIGNED_CONTEXT ( ( #772 ) ) GLOBAL_UNIT_ASSIGNED_CONTEXT ( ( #4097, #3258, #1532 ) ) REPRESENTATION_CONTEXT ( 'NONE', 'WORKASPACE' ) );
#3250 = SURFACE_STYLE_FILL_AREA ( #1609 ) ;
#3251 = ORIENTED_EDGE ( 'NONE', *, *, #2676, .F. ) ;
#3252 = MECHANICAL_DESIGN_GEOMETRIC_PRESENTATION_REPRESENTATION (  '', ( #1804 ), #1537 ) ;
#3253 =( GEOMETRIC_REPRESENTATION_CONTEXT ( 3 ) GLOBAL_UNCERTAINTY_ASSIGNED_CONTEXT ( ( #4243 ) ) GLOBAL_UNIT_ASSIGNED_CONTEXT ( ( #338, #5528, #2532 ) ) REPRESENTATION_CONTEXT ( 'NONE', 'WORKASPACE' ) );
#3254 = ORIENTED_EDGE ( 'NONE', *, *, #1233, .T. ) ;
#3255 = EDGE_CURVE ( 'NONE', #2867, #3956, #4993, .T. ) ;
#3256 = SURFACE_STYLE_FILL_AREA ( #4974 ) ;
#3257 = FILL_AREA_STYLE_COLOUR ( '', #3094 ) ;
#3258 =( NAMED_UNIT ( * ) PLANE_ANGLE_UNIT ( ) SI_UNIT ( $, .RADIAN. ) );
#3259 = COLOUR_RGB ( '',0.8627450980392157298, 0.5882352941176470784, 0.06274509803921568540 ) ;
#3260 = CARTESIAN_POINT ( 'NONE',  ( 3.713915879698141076, 1.918883849520910401, 25.66900000000000048 ) ) ;
#3261 =( NAMED_UNIT ( * ) SI_UNIT ( $, .STERADIAN. ) SOLID_ANGLE_UNIT ( ) );
#3262 = SURFACE_STYLE_USAGE ( .BOTH. , #3371 ) ;
#3263 = CARTESIAN_POINT ( 'NONE',  ( 4.953000000000005620, -3.047999999999983167, 7.250000000000002665 ) ) ;
#3264 = CARTESIAN_POINT ( 'NONE',  ( 1.269999999999998685, 0.6350000000000048939, -3.075000000000001510 ) ) ;
#3265 = DIRECTION ( 'NONE',  ( -1.988267581731810212E-16, -6.123233995736835061E-17, 1.000000000000000000 ) ) ;
#3266 = UNCERTAINTY_MEASURE_WITH_UNIT (LENGTH_MEASURE( 1.000000000000000082E-05 ), #1224, 'distance_accuracy_value', 'NONE');
#3267 =( GEOMETRIC_REPRESENTATION_CONTEXT ( 3 ) GLOBAL_UNCERTAINTY_ASSIGNED_CONTEXT ( ( #3322 ) ) GLOBAL_UNIT_ASSIGNED_CONTEXT ( ( #5179, #371, #2046 ) ) REPRESENTATION_CONTEXT ( 'NONE', 'WORKASPACE' ) );
#3268 = CARTESIAN_POINT ( 'NONE',  ( -3.780185667963021690, 1.875185667962997460, 25.66900000000000048 ) ) ;
#3269 = ORIENTED_EDGE ( 'NONE', *, *, #584, .F. ) ;
#3270 = SURFACE_STYLE_FILL_AREA ( #4079 ) ;
#3271 = EDGE_CURVE ( 'NONE', #5533, #5607, #877, .T. ) ;
#3272 = FILL_AREA_STYLE ('',( #1546 ) ) ;
#3273 = FACE_OUTER_BOUND ( 'NONE', #856, .T. ) ;
#3274 =( GEOMETRIC_REPRESENTATION_CONTEXT ( 3 ) GLOBAL_UNCERTAINTY_ASSIGNED_CONTEXT ( ( #636 ) ) GLOBAL_UNIT_ASSIGNED_CONTEXT ( ( #155, #1916, #1868 ) ) REPRESENTATION_CONTEXT ( 'NONE', 'WORKASPACE' ) );
#3275 = CARTESIAN_POINT ( 'NONE',  ( -2.969499999999996920, -1.555500000000011207, 0.9999999999999991118 ) ) ;
#3276 = VERTEX_POINT ( 'NONE', #4311 ) ;
#3277 = FILL_AREA_STYLE_COLOUR ( '', #4169 ) ;
#3278 = DIRECTION ( 'NONE',  ( 1.000000000000000000, 3.614007241618346010E-15, 0.000000000000000000 ) ) ;
#3279 =( GEOMETRIC_REPRESENTATION_CONTEXT ( 3 ) GLOBAL_UNCERTAINTY_ASSIGNED_CONTEXT ( ( #4452 ) ) GLOBAL_UNIT_ASSIGNED_CONTEXT ( ( #5089, #2449, #1159 ) ) REPRESENTATION_CONTEXT ( 'NONE', 'WORKASPACE' ) );
#3280 = CARTESIAN_POINT ( 'NONE',  ( -3.823883849520903322, 1.808915879698142160, 25.66900000000000048 ) ) ;
#3281 = ADVANCED_FACE ( 'NONE', ( #5502 ), #2111, .T. ) ;
#3282 = DIRECTION ( 'NONE',  ( 5.376517026358582749E-16, 6.123233995736954623E-17, -1.000000000000000000 ) ) ;
#3283 = VECTOR ( 'NONE', #198, 1000.000000000000227 ) ;
#3284 = FACE_OUTER_BOUND ( 'NONE', #87, .T. ) ;
#3285 =( LENGTH_UNIT ( ) NAMED_UNIT ( * ) SI_UNIT ( .MILLI., .METRE. ) );
#3286 = EDGE_CURVE ( 'NONE', #3372, #5607, #4815, .T. ) ;
#3287 = DIRECTION ( 'NONE',  ( 1.988267581731810705E-16, 6.123233995736836294E-17, -1.000000000000000000 ) ) ;
#3288 = ADVANCED_FACE ( 'NONE', ( #4786 ), #2879, .T. ) ;
#3289 = CARTESIAN_POINT ( 'NONE',  ( 4.008164872084727826, -2.348962220923433097, 25.23039567330873822 ) ) ;
#3290 = AXIS2_PLACEMENT_3D ( 'NONE', #1398, #144, #3162 ) ;
#3291 = AXIS2_PLACEMENT_3D ( 'NONE', #1450, #2306, #5260 ) ;
#3292 =( NAMED_UNIT ( * ) PLANE_ANGLE_UNIT ( ) SI_UNIT ( $, .RADIAN. ) );
#3293 = STYLED_ITEM ( 'NONE', ( #3238 ), #1072 ) ;
#3294 =( GEOMETRIC_REPRESENTATION_CONTEXT ( 3 ) GLOBAL_UNCERTAINTY_ASSIGNED_CONTEXT ( ( #1938 ) ) GLOBAL_UNIT_ASSIGNED_CONTEXT ( ( #1347, #1718, #2950 ) ) REPRESENTATION_CONTEXT ( 'NONE', 'WORKASPACE' ) );
#3295 = DIRECTION ( 'NONE',  ( -1.000000000000000000, -2.966873679532033666E-15, -1.112675276070189491E-16 ) ) ;
#3296 = ORIENTED_EDGE ( 'NONE', *, *, #489, .T. ) ;
#3297 = CARTESIAN_POINT ( 'NONE',  ( -3.269500000000005180, 1.255499999999988514, 1.349999999999996980 ) ) ;
#3298 = AXIS2_PLACEMENT_3D ( 'NONE', #3396, #2962, #2524 ) ;
#3299 = FACE_OUTER_BOUND ( 'NONE', #1810, .T. ) ;
#3300 =( GEOMETRIC_REPRESENTATION_CONTEXT ( 3 ) GLOBAL_UNCERTAINTY_ASSIGNED_CONTEXT ( ( #2112 ) ) GLOBAL_UNIT_ASSIGNED_CONTEXT ( ( #5511, #1634, #2488 ) ) REPRESENTATION_CONTEXT ( 'NONE', 'WORKASPACE' ) );
#3301 = PRESENTATION_STYLE_ASSIGNMENT (( #1064 ) ) ;
#3302 = ORIENTED_EDGE ( 'NONE', *, *, #3870, .F. ) ;
#3303 = CARTESIAN_POINT ( 'NONE',  ( -0.3900000000000019562, 0.6349999999999986766, -2.096841640279847982E-16 ) ) ;
#3304 = CARTESIAN_POINT ( 'NONE',  ( 4.251516619242160289, 2.105610473703444452, 25.23039567366632596 ) ) ;
#3305 = ORIENTED_EDGE ( 'NONE', *, *, #4704, .F. ) ;
#3306 = UNCERTAINTY_MEASURE_WITH_UNIT (LENGTH_MEASURE( 1.000000000000000082E-05 ), #595, 'distance_accuracy_value', 'NONE');
#3307 = SURFACE_SIDE_STYLE ('',( #2442 ) ) ;
#3308 = PLANE ( 'NONE',  #4165 ) ;
#3309 = CARTESIAN_POINT ( 'NONE',  ( -1.948781388753659952E-15, 0.6350000000000000089, 0.000000000000000000 ) ) ;
#3310 =( LENGTH_UNIT ( ) NAMED_UNIT ( * ) SI_UNIT ( .MILLI., .METRE. ) );
#3311 = FILL_AREA_STYLE_COLOUR ( '', #574 ) ;
#3312 =( NAMED_UNIT ( * ) SI_UNIT ( $, .STERADIAN. ) SOLID_ANGLE_UNIT ( ) );
#3313 = EDGE_CURVE ( 'NONE', #4744, #2464, #4377, .T. ) ;
#3314 = CARTESIAN_POINT ( 'NONE',  ( 2.965000000000001190, 1.012690715862678094E-14, -5.500000000000001776 ) ) ;
#3315 = AXIS2_PLACEMENT_3D ( 'NONE', #239, #2340, #3340 ) ;
#3316 = UNCERTAINTY_MEASURE_WITH_UNIT (LENGTH_MEASURE( 1.000000000000000082E-05 ), #2082, 'distance_accuracy_value', 'NONE');
#3317 = SURFACE_SIDE_STYLE ('',( #3010 ) ) ;
#3318 = PRESENTATION_LAYER_ASSIGNMENT (  '', '', ( #5328 ) ) ;
#3319 = EDGE_LOOP ( 'NONE', ( #1723, #4493 ) ) ;
#3320 = LINE ( 'NONE', #2485, #4580 ) ;
#3321 = CARTESIAN_POINT ( 'NONE',  ( -3.269499999999997630, -1.255500000000012273, 0.9999999999999974465 ) ) ;
#3323 = CIRCLE ( 'NONE', #2131, 0.6500000000000000222 ) ;
#3322 = UNCERTAINTY_MEASURE_WITH_UNIT (LENGTH_MEASURE( 1.000000000000000082E-05 ), #5179, 'distance_accuracy_value', 'NONE');
#3324 = SURFACE_SIDE_STYLE ('',( #3813 ) ) ;
#3325 = SURFACE_STYLE_FILL_AREA ( #1144 ) ;
#3326 = EDGE_LOOP ( 'NONE', ( #860, #3907, #3491, #3361 ) ) ;
#3327 = COLOUR_RGB ( '',0.2509803921568627416, 0.2509803921568627416, 0.2509803921568627416 ) ;
#3328 = DIRECTION ( 'NONE',  ( -1.988267581731811198E-16, -6.123233995736835061E-17, 1.000000000000000000 ) ) ;
#3329 = COLOUR_RGB ( '',0.8627450980392157298, 0.5882352941176470784, 0.06274509803921568540 ) ;
#3330 = EDGE_LOOP ( 'NONE', ( #2374, #1245, #4107, #252, #679, #4268 ) ) ;
#3331 = PRESENTATION_STYLE_ASSIGNMENT (( #2811 ) ) ;
#3332 = EDGE_LOOP ( 'NONE', ( #4334, #4617, #3233, #599 ) ) ;
#3333 = FILL_AREA_STYLE ('',( #4553 ) ) ;
#3334 = ORIENTED_EDGE ( 'NONE', *, *, #3594, .T. ) ;
#3335 = CIRCLE ( 'NONE', #2973, 0.4250000000000000444 ) ;
#3336 = ADVANCED_FACE ( 'NONE', ( #1588 ), #696, .T. ) ;
#3337 = CARTESIAN_POINT ( 'NONE',  ( 1.269999999999998685, 0.6350000000000048939, -3.175000000000000711 ) ) ;
#3338 =( NAMED_UNIT ( * ) PLANE_ANGLE_UNIT ( ) SI_UNIT ( $, .RADIAN. ) );
#3339 = LINE ( 'NONE', #2161, #3696 ) ;
#3340 = DIRECTION ( 'NONE',  ( -1.000000000000000000, -3.252606517456511724E-15, 0.000000000000000000 ) ) ;
#3341 = SURFACE_STYLE_USAGE ( .BOTH. , #1129 ) ;
#3342 =( NAMED_UNIT ( * ) PLANE_ANGLE_UNIT ( ) SI_UNIT ( $, .RADIAN. ) );
#3343 = CARTESIAN_POINT ( 'NONE',  ( -4.303000000000011482, 3.047999999999984055, 18.00000000000000000 ) ) ;
#3344 = CYLINDRICAL_SURFACE ( 'NONE', #3686, 0.5000000000000000000 ) ;
#3345 = PRESENTATION_LAYER_ASSIGNMENT (  '', '', ( #3620 ) ) ;
#3346 = CARTESIAN_POINT ( 'NONE',  ( -4.271714774011406313, -1.926993128589329585, 25.66900000000000048 ) ) ;
#3347 = SURFACE_SIDE_STYLE ('',( #471 ) ) ;
#3348 = STYLED_ITEM ( 'NONE', ( #3599 ), #3459 ) ;
#3349 = ORIENTED_EDGE ( 'NONE', *, *, #4356, .F. ) ;
#3350 = CARTESIAN_POINT ( 'NONE',  ( -4.303000000000011482, 3.047999999999984055, 12.49999999999999822 ) ) ;
#3351 = MECHANICAL_DESIGN_GEOMETRIC_PRESENTATION_REPRESENTATION (  '', ( #5091 ), #4916 ) ;
#3352 = VECTOR ( 'NONE', #40, 1000.000000000000000 ) ;
#3353 = AXIS2_PLACEMENT_3D ( 'NONE', #2165, #836, #1243 ) ;
#3354 = ADVANCED_FACE ( 'NONE', ( #4094 ), #1509, .T. ) ;
#3355 = MECHANICAL_DESIGN_GEOMETRIC_PRESENTATION_REPRESENTATION (  '', ( #1393 ), #5003 ) ;
#3356 = CIRCLE ( 'NONE', #3353, 0.2000000000000000944 ) ;
#3357 = CARTESIAN_POINT ( 'NONE',  ( -4.852999999999995318, -2.298000000000016030, 7.249999999999997335 ) ) ;
#3358 = STYLED_ITEM ( 'NONE', ( #4775 ), #17 ) ;
#3359 = COLOUR_RGB ( '',0.8627450980392157298, 0.5882352941176470784, 0.06274509803921568540 ) ;
#3360 = MECHANICAL_DESIGN_GEOMETRIC_PRESENTATION_REPRESENTATION (  '', ( #2438 ), #3816 ) ;
#3361 = ORIENTED_EDGE ( 'NONE', *, *, #2437, .F. ) ;
#3362 = ORIENTED_EDGE ( 'NONE', *, *, #1862, .T. ) ;
#3363 = SURFACE_STYLE_FILL_AREA ( #2499 ) ;
#3364 = EDGE_LOOP ( 'NONE', ( #2040, #1169, #955, #334 ) ) ;
#3365 = STYLED_ITEM ( 'NONE', ( #714 ), #5481 ) ;
#3366 = DIRECTION ( 'NONE',  ( -1.000000000000000000, -3.614007241618348376E-15, -5.560011140951305498E-16 ) ) ;
#3367 = PRESENTATION_LAYER_ASSIGNMENT (  '', '', ( #2091 ) ) ;
#3368 = CARTESIAN_POINT ( 'NONE',  ( -3.780185667963011031, -1.875185667963027436, 25.66900000000000048 ) ) ;
#3369 =( NAMED_UNIT ( * ) PLANE_ANGLE_UNIT ( ) SI_UNIT ( $, .RADIAN. ) );
#3370 = PRESENTATION_STYLE_ASSIGNMENT (( #15 ) ) ;
#3371 = SURFACE_SIDE_STYLE ('',( #5532 ) ) ;
#3372 = VERTEX_POINT ( 'NONE', #5148 ) ;
#3373 =( GEOMETRIC_REPRESENTATION_CONTEXT ( 3 ) GLOBAL_UNCERTAINTY_ASSIGNED_CONTEXT ( ( #3712 ) ) GLOBAL_UNIT_ASSIGNED_CONTEXT ( ( #439, #5599, #2982 ) ) REPRESENTATION_CONTEXT ( 'NONE', 'WORKASPACE' ) );
#3374 =( NAMED_UNIT ( * ) SI_UNIT ( $, .STERADIAN. ) SOLID_ANGLE_UNIT ( ) );
#3375 = DIRECTION ( 'NONE',  ( 1.988267581731810705E-16, 6.123233995736836294E-17, -1.000000000000000000 ) ) ;
#3376 = CARTESIAN_POINT ( 'NONE',  ( 1.270000000000002016, -0.6349999999999956790, 1.000000000000000888 ) ) ;
#3377 = CARTESIAN_POINT ( 'NONE',  ( 4.305468757942098712, -3.047995311701711785, 18.00005358749448803 ) ) ;
#3378 = SURFACE_STYLE_FILL_AREA ( #3800 ) ;
#3379 = SURFACE_SIDE_STYLE ('',( #1654 ) ) ;
#3380 = CARTESIAN_POINT ( 'NONE',  ( -3.780185667963021690, 1.875185667962997460, 25.66900000000000048 ) ) ;
#3381 = CIRCLE ( 'NONE', #4487, 0.6500000000000000222 ) ;
#3382 = EDGE_LOOP ( 'NONE', ( #1923, #4393, #3141, #4563 ) ) ;
#3383 = CARTESIAN_POINT ( 'NONE',  ( 0.2500000000000025535, -0.6349999999999990097, -3.175000000000000711 ) ) ;
#3384 = PRESENTATION_LAYER_ASSIGNMENT (  '', '', ( #765 ) ) ;
#3385 = AXIS2_PLACEMENT_3D ( 'NONE', #4122, #4812, #3596 ) ;
#3386 = CARTESIAN_POINT ( 'NONE',  ( -2.540000000000002256, 1.015999999999990910, -5.500000000000001776 ) ) ;
#3387 = CIRCLE ( 'NONE', #874, 0.2999999999999999334 ) ;
#3388 = VERTEX_POINT ( 'NONE', #5527 ) ;
#3389 = AXIS2_PLACEMENT_3D ( 'NONE', #1310, #2140, #4788 ) ;
#3390 = CARTESIAN_POINT ( 'NONE',  ( 4.305468757942079172, 3.047995311701738874, 18.00005358749449158 ) ) ;
#3391 = DIRECTION ( 'NONE',  ( 1.000000000000000000, 3.469446951953614189E-15, 5.376517026358585707E-16 ) ) ;
#3392 = EDGE_CURVE ( 'NONE', #2584, #4000, #1293, .T. ) ;
#3393 = COLOUR_RGB ( '',0.8627450980392157298, 0.5882352941176470784, 0.06274509803921568540 ) ;
#3394 = CARTESIAN_POINT ( 'NONE',  ( 4.853000000000005087, -2.947999999999983523, 7.000000000000002665 ) ) ;
#3395 = ORIENTED_EDGE ( 'NONE', *, *, #3636, .T. ) ;
#3396 = CARTESIAN_POINT ( 'NONE',  ( -2.540000000000002256, 1.015999999999990910, -5.500000000000001776 ) ) ;
#3397 = SURFACE_STYLE_USAGE ( .BOTH. , #1672 ) ;
#3398 = ORIENTED_EDGE ( 'NONE', *, *, #3560, .T. ) ;
#3399 = DIRECTION ( 'NONE',  ( 1.000000000000000000, 3.469446951953614189E-15, 5.376517026358585707E-16 ) ) ;
#3400 =( NAMED_UNIT ( * ) PLANE_ANGLE_UNIT ( ) SI_UNIT ( $, .RADIAN. ) );
#3401 = PLANE ( 'NONE',  #2668 ) ;
#3402 = DIRECTION ( 'NONE',  ( -0.7071067811865452413, -0.7071067811865499042, -4.234749676620834038E-16 ) ) ;
#3403 =( NAMED_UNIT ( * ) PLANE_ANGLE_UNIT ( ) SI_UNIT ( $, .RADIAN. ) );
#3404 = ORIENTED_EDGE ( 'NONE', *, *, #2848, .T. ) ;
#3405 = DIRECTION ( 'NONE',  ( 1.988267581731810705E-16, 6.123233995736836294E-17, -1.000000000000000000 ) ) ;
#3406 = CARTESIAN_POINT ( 'NONE',  ( 4.304645842090467411, -3.047998437232016133, 18.00001786251963765 ) ) ;
#3407 = SURFACE_SIDE_STYLE ('',( #3378 ) ) ;
#3408 = FILL_AREA_STYLE ('',( #3492 ) ) ;
#3409 = VERTEX_POINT ( 'NONE', #4746 ) ;
#3410 = CARTESIAN_POINT ( 'NONE',  ( 4.952999999999988745, 3.048000000000016918, 7.250000000000002665 ) ) ;
#3411 = COLOUR_RGB ( '',0.8627450980392157298, 0.5882352941176470784, 0.06274509803921568540 ) ;
#3412 = CARTESIAN_POINT ( 'NONE',  ( -3.751824435404697233, -1.903546900521341678, 25.66900000000000404 ) ) ;
#3413 =( BOUNDED_CURVE ( )  B_SPLINE_CURVE ( 3, ( #1272, #20, #3960, #3869 ),
 .UNSPECIFIED., .F., .T. ) 
 B_SPLINE_CURVE_WITH_KNOTS ( ( 4, 4 ),
 ( 2.911939520553365443E-16, 0.003798098273285028473 ),
 .UNSPECIFIED. ) 
 CURVE ( )  GEOMETRIC_REPRESENTATION_ITEM ( )  RATIONAL_B_SPLINE_CURVE ( ( 1.000000000000000000, 0.9999987978711534220, 0.9999987978711534220, 1.000000000000000000 ) ) 
 REPRESENTATION_ITEM ( '' )  );
#3414 = FILL_AREA_STYLE ('',( #1692 ) ) ;
#3415 = AXIS2_PLACEMENT_3D ( 'NONE', #639, #156, #5373 ) ;
#3416 = ORIENTED_EDGE ( 'NONE', *, *, #2686, .F. ) ;
#3417 = CIRCLE ( 'NONE', #5331, 0.1500000000000001887 ) ;
#3418 = SURFACE_STYLE_USAGE ( .BOTH. , #422 ) ;
#3419 = VERTEX_POINT ( 'NONE', #1642 ) ;
#3420 = ORIENTED_EDGE ( 'NONE', *, *, #80, .T. ) ;
#3421 = DIRECTION ( 'NONE',  ( -0.08715574274765809648, -2.433033169591799622E-16, -0.9961946980917455452 ) ) ;
#3422 = EDGE_CURVE ( 'NONE', #5487, #4296, #3447, .T. ) ;
#3423 = ADVANCED_FACE ( 'NONE', ( #5115 ), #4242, .T. ) ;
#3424 = FILL_AREA_STYLE ('',( #5583 ) ) ;
#3425 = CIRCLE ( 'NONE', #5069, 0.2500000000000000000 ) ;
#3426 = CARTESIAN_POINT ( 'NONE',  ( 4.303822921787162414, 3.048000000000013809, 18.00000000000001421 ) ) ;
#3427 = SURFACE_STYLE_USAGE ( .BOTH. , #5588 ) ;
#3428 = DIRECTION ( 'NONE',  ( -1.988267581731810459E-16, -6.123233995736835061E-17, 1.000000000000000000 ) ) ;
#3429 = FILL_AREA_STYLE ('',( #5590 ) ) ;
#3430 = CARTESIAN_POINT ( 'NONE',  ( -1.269999999999998019, -0.6350000000000044498, 0.000000000000000000 ) ) ;
#3431 = AXIS2_PLACEMENT_3D ( 'NONE', #5340, #4897, #3107 ) ;
#3432 = EDGE_LOOP ( 'NONE', ( #2179, #523, #3115, #2838 ) ) ;
#3433 = LINE ( 'NONE', #2976, #14 ) ;
#3434 = UNCERTAINTY_MEASURE_WITH_UNIT (LENGTH_MEASURE( 1.000000000000000082E-05 ), #5248, 'distance_accuracy_value', 'NONE');
#3435 = SURFACE_STYLE_FILL_AREA ( #5595 ) ;
#3436 = CARTESIAN_POINT ( 'NONE',  ( -3.823883852410981721, -1.489217587698352181E-14, 25.16900000000000048 ) ) ;
#3437 =( GEOMETRIC_REPRESENTATION_CONTEXT ( 3 ) GLOBAL_UNCERTAINTY_ASSIGNED_CONTEXT ( ( #1510 ) ) GLOBAL_UNIT_ASSIGNED_CONTEXT ( ( #3826, #3400, #5587 ) ) REPRESENTATION_CONTEXT ( 'NONE', 'WORKASPACE' ) );
#3438 = CYLINDRICAL_SURFACE ( 'NONE', #1847, 0.3900000000000000133 ) ;
#3439 = DIRECTION ( 'NONE',  ( 1.000000000000000000, 3.469446951953614189E-15, 1.988267581731812924E-16 ) ) ;
#3440 = ORIENTED_EDGE ( 'NONE', *, *, #2147, .F. ) ;
#3441 = DIRECTION ( 'NONE',  ( -1.988267581731811198E-16, -6.123233995736835061E-17, 1.000000000000000000 ) ) ;
#3442 = STYLED_ITEM ( 'NONE', ( #3466 ), #3770 ) ;
#3443 = AXIS2_PLACEMENT_3D ( 'NONE', #2911, #375, #4252 ) ;
#3444 =( NAMED_UNIT ( * ) SI_UNIT ( $, .STERADIAN. ) SOLID_ANGLE_UNIT ( ) );
#3445 = SURFACE_STYLE_USAGE ( .BOTH. , #888 ) ;
#3446 = AXIS2_PLACEMENT_3D ( 'NONE', #894, #1231, #359 ) ;
#3447 = CIRCLE ( 'NONE', #4175, 0.2249999999999999500 ) ;
#3448 = ADVANCED_FACE ( 'NONE', ( #368 ), #4820, .T. ) ;
#3449 = ORIENTED_EDGE ( 'NONE', *, *, #1905, .F. ) ;
#3450 = CIRCLE ( 'NONE', #4287, 0.2500000000000000555 ) ;
#3451 =( NAMED_UNIT ( * ) SI_UNIT ( $, .STERADIAN. ) SOLID_ANGLE_UNIT ( ) );
#3452 = DIRECTION ( 'NONE',  ( -1.988267581731810705E-16, -6.123233995736836294E-17, 1.000000000000000000 ) ) ;
#3453 =( NAMED_UNIT ( * ) PLANE_ANGLE_UNIT ( ) SI_UNIT ( $, .RADIAN. ) );
#3454 = SURFACE_STYLE_FILL_AREA ( #1727 ) ;
#3455 = EDGE_LOOP ( 'NONE', ( #3296, #5049 ) ) ;
#3456 = ORIENTED_EDGE ( 'NONE', *, *, #2018, .T. ) ;
#3457 = PRESENTATION_STYLE_ASSIGNMENT (( #1732 ) ) ;
#3458 = DIRECTION ( 'NONE',  ( -1.000000000000000000, -3.614007241618348376E-15, -5.376517026358584721E-16 ) ) ;
#3459 = ADVANCED_FACE ( 'NONE', ( #203 ), #1511, .T. ) ;
#3460 = SURFACE_STYLE_FILL_AREA ( #1737 ) ;
#3461 =( NAMED_UNIT ( * ) SI_UNIT ( $, .STERADIAN. ) SOLID_ANGLE_UNIT ( ) );
#3462 = CARTESIAN_POINT ( 'NONE',  ( 2.100261184457484998, 1.255500000000007166, 1.350000000000000533 ) ) ;
#3463 = EDGE_LOOP ( 'NONE', ( #1376, #2335, #3554, #766 ) ) ;
#3464 = VECTOR ( 'NONE', #4074, 1000.000000000000000 ) ;
#3465 = CARTESIAN_POINT ( 'NONE',  ( 2.100261184457484109, 1.555500000000006988, 1.350000000000000533 ) ) ;
#3466 = PRESENTATION_STYLE_ASSIGNMENT (( #1742 ) ) ;
#3467 = FACE_OUTER_BOUND ( 'NONE', #2684, .T. ) ;
#3468 = EDGE_CURVE ( 'NONE', #302, #1342, #1021, .T. ) ;
#3469 = DIRECTION ( 'NONE',  ( 1.000000000000000000, 3.614007241618348376E-15, 5.560011140951305498E-16 ) ) ;
#3470 = DIRECTION ( 'NONE',  ( -1.988267581731810459E-16, -6.123233995736835061E-17, 1.000000000000000000 ) ) ;
#3471 = VERTEX_POINT ( 'NONE', #4476 ) ;
#3472 = PRESENTATION_LAYER_ASSIGNMENT (  '', '', ( #2730 ) ) ;
#3473 = EDGE_CURVE ( 'NONE', #3672, #404, #4924, .T. ) ;
#3474 = MECHANICAL_DESIGN_GEOMETRIC_PRESENTATION_REPRESENTATION (  '', ( #1836 ), #4213 ) ;
#3475 = AXIS2_PLACEMENT_3D ( 'NONE', #5029, #1620, #3793 ) ;
#3476 = SURFACE_STYLE_USAGE ( .BOTH. , #3968 ) ;
#3477 = SURFACE_STYLE_FILL_AREA ( #1794 ) ;
#3478 = PRESENTATION_STYLE_ASSIGNMENT (( #919 ) ) ;
#3479 = ORIENTED_EDGE ( 'NONE', *, *, #4715, .T. ) ;
#3480 = STYLED_ITEM ( 'NONE', ( #5144 ), #751 ) ;
#3481 = CYLINDRICAL_SURFACE ( 'NONE', #3446, 0.4250000000000000444 ) ;
#3482 = SURFACE_STYLE_USAGE ( .BOTH. , #1751 ) ;
#3483 = SURFACE_SIDE_STYLE ('',( #2154 ) ) ;
#3484 = COLOUR_RGB ( '',0.8627450980392157298, 0.5882352941176470784, 0.06274509803921568540 ) ;
#3485 = ORIENTED_EDGE ( 'NONE', *, *, #1925, .F. ) ;
#3486 = LINE ( 'NONE', #3949, #2281 ) ;
#3487 = VERTEX_POINT ( 'NONE', #5367 ) ;
#3488 =( LENGTH_UNIT ( ) NAMED_UNIT ( * ) SI_UNIT ( .MILLI., .METRE. ) );
#3489 = FACE_OUTER_BOUND ( 'NONE', #259, .T. ) ;
#3490 = CARTESIAN_POINT ( 'NONE',  ( -1.337389107371129304E-15, 0.6350000000000002309, -3.075000000000001510 ) ) ;
#3491 = ORIENTED_EDGE ( 'NONE', *, *, #2400, .T. ) ;
#3492 = FILL_AREA_STYLE_COLOUR ( '', #2749 ) ;
#3493 = CARTESIAN_POINT ( 'NONE',  ( -1.270000000000001350, 0.6349999999999955680, -3.075000000000001510 ) ) ;
#3494 = FILL_AREA_STYLE_COLOUR ( '', #118 ) ;
#3495 = ORIENTED_EDGE ( 'NONE', *, *, #3667, .T. ) ;
#3496 = EDGE_CURVE ( 'NONE', #3487, #2955, #2345, .T. ) ;
#3497 = DIRECTION ( 'NONE',  ( 1.000000000000000000, 3.571489509364014096E-15, 1.988267581731813171E-16 ) ) ;
#3498 = EDGE_LOOP ( 'NONE', ( #2940, #1355 ) ) ;
#3499 = ADVANCED_FACE ( 'NONE', ( #5117 ), #1939, .T. ) ;
#3500 =( LENGTH_UNIT ( ) NAMED_UNIT ( * ) SI_UNIT ( .MILLI., .METRE. ) );
#3501 = STYLED_ITEM ( 'NONE', ( #3068 ), #1745 ) ;
#3502 =( NAMED_UNIT ( * ) PLANE_ANGLE_UNIT ( ) SI_UNIT ( $, .RADIAN. ) );
#3503 = EDGE_LOOP ( 'NONE', ( #5107, #580, #2923, #4210 ) ) ;
#3504 = SURFACE_STYLE_FILL_AREA ( #2614 ) ;
#3505 = ORIENTED_EDGE ( 'NONE', *, *, #5510, .T. ) ;
#3506 = STYLED_ITEM ( 'NONE', ( #1465 ), #1919 ) ;
#3507 = CARTESIAN_POINT ( 'NONE',  ( 4.952995311701716474, 2.400468757942107345, 18.00005358749448447 ) ) ;
#3508 = DIRECTION ( 'NONE',  ( -1.988267581731810705E-16, -6.123233995736836294E-17, 1.000000000000000000 ) ) ;
#3509 = CIRCLE ( 'NONE', #4264, 0.3900000000000000133 ) ;
#3510 = ORIENTED_EDGE ( 'NONE', *, *, #80, .F. ) ;
#3511 = ADVANCED_FACE ( 'NONE', ( #3284 ), #3308, .T. ) ;
#3512 = CARTESIAN_POINT ( 'NONE',  ( 4.302999999999991054, 2.398000000000013898, 7.250000000000000888 ) ) ;
#3513 = CARTESIAN_POINT ( 'NONE',  ( 4.092690640145165482, 2.187690640145189658, 25.66900000000000404 ) ) ;
#3514 = APPLICATION_CONTEXT ( 'automotive_design' ) ;
#3515 = MECHANICAL_DESIGN_GEOMETRIC_PRESENTATION_REPRESENTATION (  '', ( #354 ), #3076 ) ;
#3516 =( NAMED_UNIT ( * ) SI_UNIT ( $, .STERADIAN. ) SOLID_ANGLE_UNIT ( ) );
#3517 = VERTEX_POINT ( 'NONE', #2472 ) ;
#3518 = STYLED_ITEM ( 'NONE', ( #2903 ), #3499 ) ;
#3519 = MECHANICAL_DESIGN_GEOMETRIC_PRESENTATION_REPRESENTATION (  '', ( #4448 ), #2145 ) ;
#3520 = CARTESIAN_POINT ( 'NONE',  ( -0.8800000000000021139, 0.6349999999999966782, 2.096841640279847982E-16 ) ) ;
#3521 = EDGE_CURVE ( 'NONE', #943, #1353, #3760, .T. ) ;
#3522 = COLOUR_RGB ( '',0.2862745098039215508, 0.3254901960784313819, 0.5882352941176470784 ) ;
#3523 = SURFACE_STYLE_FILL_AREA ( #1852 ) ;
#3524 =( GEOMETRIC_REPRESENTATION_CONTEXT ( 3 ) GLOBAL_UNCERTAINTY_ASSIGNED_CONTEXT ( ( #5265 ) ) GLOBAL_UNIT_ASSIGNED_CONTEXT ( ( #4575, #5023, #1937 ) ) REPRESENTATION_CONTEXT ( 'NONE', 'WORKASPACE' ) );
#3525 = FILL_AREA_STYLE ('',( #2694 ) ) ;
#3526 = ORIENTED_EDGE ( 'NONE', *, *, #5341, .T. ) ;
#3527 = LINE ( 'NONE', #4831, #5464 ) ;
#3528 = STYLED_ITEM ( 'NONE', ( #746 ), #4065 ) ;
#3529 = EDGE_LOOP ( 'NONE', ( #2870, #650, #5507, #2841 ) ) ;
#3530 = FILL_AREA_STYLE_COLOUR ( '', #3532 ) ;
#3531 = SURFACE_STYLE_FILL_AREA ( #3124 ) ;
#3532 = COLOUR_RGB ( '',0.2509803921568627416, 0.2509803921568627416, 0.2509803921568627416 ) ;
#3533 = MECHANICAL_DESIGN_GEOMETRIC_PRESENTATION_REPRESENTATION (  '', ( #5193 ), #4384 ) ;
#3534 = AXIS2_PLACEMENT_3D ( 'NONE', #1646, #2969, #5120 ) ;
#3535 = DIRECTION ( 'NONE',  ( 1.988267581731810705E-16, 6.123233995736836294E-17, -1.000000000000000000 ) ) ;
#3536 = DIRECTION ( 'NONE',  ( -1.988267581731810212E-16, -6.123233995736835061E-17, 1.000000000000000000 ) ) ;
#3537 = LINE ( 'NONE', #3127, #5016 ) ;
#3538 = EDGE_LOOP ( 'NONE', ( #5114, #2827, #4500, #289 ) ) ;
#3539 = UNCERTAINTY_MEASURE_WITH_UNIT (LENGTH_MEASURE( 1.000000000000000082E-05 ), #4739, 'distance_accuracy_value', 'NONE');
#3540 = DIRECTION ( 'NONE',  ( 1.000000000000000000, 3.469446951953614189E-15, 1.988267581731812924E-16 ) ) ;
#3541 = DIRECTION ( 'NONE',  ( 1.988267581731810705E-16, 6.123233995736836294E-17, -1.000000000000000000 ) ) ;
#3542 = DIRECTION ( 'NONE',  ( 5.376517026358582749E-16, 6.123233995736954623E-17, -1.000000000000000000 ) ) ;
#3543 = FILL_AREA_STYLE ('',( #2661 ) ) ;
#3544 = DIRECTION ( 'NONE',  ( 6.385093352530581152E-17, -6.123233995736745082E-17, 1.000000000000000000 ) ) ;
#3545 = EDGE_LOOP ( 'NONE', ( #509, #4036 ) ) ;
#3546 = CYLINDRICAL_SURFACE ( 'NONE', #3415, 0.4250000000000000444 ) ;
#3547 = DIRECTION ( 'NONE',  ( 1.988267581731810705E-16, 6.123233995736836294E-17, -1.000000000000000000 ) ) ;
#3548 = MECHANICAL_DESIGN_GEOMETRIC_PRESENTATION_REPRESENTATION (  '', ( #2091 ), #2362 ) ;
#3549 = CARTESIAN_POINT ( 'NONE',  ( -1.269999999999997575, -0.6350000000000042277, -3.075000000000001510 ) ) ;
#3550 = CYLINDRICAL_SURFACE ( 'NONE', #1334, 0.3500000000000000333 ) ;
#3551 = VERTEX_POINT ( 'NONE', #337 ) ;
#3552 = FACE_OUTER_BOUND ( 'NONE', #4599, .T. ) ;
#3553 = CARTESIAN_POINT ( 'NONE',  ( -3.269500000000005180, 1.255499999999988736, 0.9999999999999974465 ) ) ;
#3554 = ORIENTED_EDGE ( 'NONE', *, *, #3286, .F. ) ;
#3555 =( GEOMETRIC_REPRESENTATION_CONTEXT ( 3 ) GLOBAL_UNCERTAINTY_ASSIGNED_CONTEXT ( ( #4312 ) ) GLOBAL_UNIT_ASSIGNED_CONTEXT ( ( #4941, #1831, #5282 ) ) REPRESENTATION_CONTEXT ( 'NONE', 'WORKASPACE' ) );
#3556 = SURFACE_STYLE_USAGE ( .BOTH. , #2696 ) ;
#3557 =( GEOMETRIC_REPRESENTATION_CONTEXT ( 3 ) GLOBAL_UNCERTAINTY_ASSIGNED_CONTEXT ( ( #3959 ) ) GLOBAL_UNIT_ASSIGNED_CONTEXT ( ( #1535, #713, #3735 ) ) REPRESENTATION_CONTEXT ( 'NONE', 'WORKASPACE' ) );
#3558 = VERTEX_POINT ( 'NONE', #2044 ) ;
#3559 = EDGE_CURVE ( 'NONE', #2247, #4743, #1371, .T. ) ;
#3560 = EDGE_CURVE ( 'NONE', #5099, #4882, #5074, .T. ) ;
#3561 = SURFACE_SIDE_STYLE ('',( #1834 ) ) ;
#3562 = COLOUR_RGB ( '',0.2509803921568627416, 0.2509803921568627416, 0.2509803921568627416 ) ;
#3563 = AXIS2_PLACEMENT_3D ( 'NONE', #5051, #2527, #2100 ) ;
#3564 = VERTEX_POINT ( 'NONE', #4778 ) ;
#3565 = FILL_AREA_STYLE ('',( #2249 ) ) ;
#3566 = PRESENTATION_LAYER_ASSIGNMENT (  '', '', ( #977 ) ) ;
#3567 = ORIENTED_EDGE ( 'NONE', *, *, #4379, .T. ) ;
#3568 = ADVANCED_FACE ( 'NONE', ( #3825 ), #67, .T. ) ;
#3569 = VECTOR ( 'NONE', #3328, 1000.000000000000000 ) ;
#3570 =( LENGTH_UNIT ( ) NAMED_UNIT ( * ) SI_UNIT ( .MILLI., .METRE. ) );
#3571 = SURFACE_STYLE_FILL_AREA ( #128 ) ;
#3572 = AXIS2_PLACEMENT_3D ( 'NONE', #450, #4387, #479 ) ;
#3573 = CARTESIAN_POINT ( 'NONE',  ( 3.780185667963003926, 1.875185667963024772, 25.66900000000000048 ) ) ;
#3574 = FILL_AREA_STYLE_COLOUR ( '', #1584 ) ;
#3575 = DIRECTION ( 'NONE',  ( -2.668805347656626087E-15, 1.000000000000000000, 0.000000000000000000 ) ) ;
#3576 = DIRECTION ( 'NONE',  ( -2.966873679532033666E-15, 1.000000000000000000, 6.123233995736763571E-17 ) ) ;
#3577 = VERTEX_POINT ( 'NONE', #930 ) ;
#3578 = PRESENTATION_LAYER_ASSIGNMENT (  '', '', ( #1931 ) ) ;
#3579 = FILL_AREA_STYLE_COLOUR ( '', #3184 ) ;
#3580 = FILL_AREA_STYLE_COLOUR ( '', #3562 ) ;
#3581 = ORIENTED_EDGE ( 'NONE', *, *, #5060, .T. ) ;
#3582 = DIRECTION ( 'NONE',  ( -1.000000000000000000, -3.491481338843133355E-15, 0.000000000000000000 ) ) ;
#3583 =( NAMED_UNIT ( * ) SI_UNIT ( $, .STERADIAN. ) SOLID_ANGLE_UNIT ( ) );
#3584 =( LENGTH_UNIT ( ) NAMED_UNIT ( * ) SI_UNIT ( .MILLI., .METRE. ) );
#3585 = EDGE_LOOP ( 'NONE', ( #4859, #4709, #3404, #5525 ) ) ;
#3586 = TOROIDAL_SURFACE ( 'NONE', #4247, 0.1500000000000000777, 0.1000000000000000056 ) ;
#3587 = CARTESIAN_POINT ( 'NONE',  ( 1.659999999999998144, 0.6350000000000060041, 7.754243568754069936E-17 ) ) ;
#3588 = DIRECTION ( 'NONE',  ( -0.7071067811865456854, -0.7071067811865495711, -2.377337905956541055E-16 ) ) ;
#3589 = DIRECTION ( 'NONE',  ( 1.000000000000000000, 3.491481338843133355E-15, 5.376517026358584721E-16 ) ) ;
#3590 = ADVANCED_FACE ( 'NONE', ( #44 ), #3893, .T. ) ;
#3591 = SURFACE_STYLE_USAGE ( .BOTH. , #3102 ) ;
#3592 = CARTESIAN_POINT ( 'NONE',  ( 3.429119407771252348, 0.8458805922287558898, 7.000000000000001776 ) ) ;
#3593 = VECTOR ( 'NONE', #988, 1000.000000000000000 ) ;
#3594 = EDGE_CURVE ( 'NONE', #3948, #3032, #2416, .T. ) ;
#3595 = CARTESIAN_POINT ( 'NONE',  ( 3.619500000000000828, -0.3862611844574768694, 7.000000000000001776 ) ) ;
#3596 = DIRECTION ( 'NONE',  ( -2.668805347656626087E-15, 0.9961946980917454342, -0.08715574274766046958 ) ) ;
#3597 = VERTEX_POINT ( 'NONE', #12 ) ;
#3598 = ORIENTED_EDGE ( 'NONE', *, *, #1087, .T. ) ;
#3599 = PRESENTATION_STYLE_ASSIGNMENT (( #2285 ) ) ;
#3600 = DIRECTION ( 'NONE',  ( 0.7071067811865453523, 0.7071067811865497932, 1.219758261085592110E-16 ) ) ;
#3601 = CARTESIAN_POINT ( 'NONE',  ( -1.337389107371129304E-15, 0.6350000000000002309, -3.075000000000001510 ) ) ;
#3602 = CARTESIAN_POINT ( 'NONE',  ( -1.270000000000002016, 0.6349999999999953459, 0.000000000000000000 ) ) ;
#3603 = AXIS2_PLACEMENT_3D ( 'NONE', #3990, #3547, #4457 ) ;
#3604 = EDGE_LOOP ( 'NONE', ( #3183, #4056, #5031, #2984 ) ) ;
#3605 = PLANE ( 'NONE',  #1632 ) ;
#3606 = FILL_AREA_STYLE ('',( #4018 ) ) ;
#3607 = FILL_AREA_STYLE ('',( #5401 ) ) ;
#3608 = LINE ( 'NONE', #2688, #380 ) ;
#3609 =( GEOMETRIC_REPRESENTATION_CONTEXT ( 3 ) GLOBAL_UNCERTAINTY_ASSIGNED_CONTEXT ( ( #1180 ) ) GLOBAL_UNIT_ASSIGNED_CONTEXT ( ( #3674, #5084, #4303 ) ) REPRESENTATION_CONTEXT ( 'NONE', 'WORKASPACE' ) );
#3610 = AXIS2_PLACEMENT_3D ( 'NONE', #1814, #3541, #569 ) ;
#3611 = FILL_AREA_STYLE_COLOUR ( '', #3329 ) ;
#3612 = LINE ( 'NONE', #1951, #2323 ) ;
#3613 = EDGE_CURVE ( 'NONE', #4118, #627, #2334, .T. ) ;
#3614 = CARTESIAN_POINT ( 'NONE',  ( 2.515239743702690898E-15, -0.6349999999999997868, -3.175000000000000711 ) ) ;
#3615 = DIRECTION ( 'NONE',  ( 2.966873679532034060E-15, -1.000000000000000000, -6.123233995736770966E-17 ) ) ;
#3616 = ORIENTED_EDGE ( 'NONE', *, *, #3156, .T. ) ;
#3617 =( GEOMETRIC_REPRESENTATION_CONTEXT ( 3 ) GLOBAL_UNCERTAINTY_ASSIGNED_CONTEXT ( ( #2284 ) ) GLOBAL_UNIT_ASSIGNED_CONTEXT ( ( #4251, #5093, #1946 ) ) REPRESENTATION_CONTEXT ( 'NONE', 'WORKASPACE' ) );
#3618 = STYLED_ITEM ( 'NONE', ( #842 ), #3281 ) ;
#3619 = DIRECTION ( 'NONE',  ( 1.000000000000000000, 3.344371139048627971E-15, 1.988267581731813171E-16 ) ) ;
#3620 = STYLED_ITEM ( 'NONE', ( #730 ), #3926 ) ;
#3621 = VECTOR ( 'NONE', #2709, 1000.000000000000000 ) ;
#3622 = CARTESIAN_POINT ( 'NONE',  ( -2.115000000000002434, 1.015999999999992465, -5.700000000000000178 ) ) ;
#3623 = SHAPE_DEFINITION_REPRESENTATION ( #4849, #3684 ) ;
#3624 = ORIENTED_EDGE ( 'NONE', *, *, #7, .F. ) ;
#3625 = COLOUR_RGB ( '',0.2862745098039215508, 0.3254901960784313819, 0.5882352941176470784 ) ;
#3626 = CARTESIAN_POINT ( 'NONE',  ( 3.674454647697217080, -1.918883852410965263, 25.66900000000000048 ) ) ;
#3627 = EDGE_CURVE ( 'NONE', #2553, #280, #5218, .T. ) ;
#3628 = COLOUR_RGB ( '',0.2862745098039215508, 0.3254901960784313819, 0.5882352941176470784 ) ;
#3629 = DIRECTION ( 'NONE',  ( -1.988267581731810212E-16, -6.123233995736835061E-17, 1.000000000000000000 ) ) ;
#3630 = CARTESIAN_POINT ( 'NONE',  ( 1.883964786502841039E-15, -0.6350000000000000089, 0.000000000000000000 ) ) ;
#3631 = LINE ( 'NONE', #177, #5589 ) ;
#3632 = CARTESIAN_POINT ( 'NONE',  ( -4.321981201456857491, 1.769454647697197069, 25.21257787137383488 ) ) ;
#3633 = FILL_AREA_STYLE_COLOUR ( '', #5461 ) ;
#3634 = SURFACE_STYLE_USAGE ( .BOTH. , #209 ) ;
#3635 = MANIFOLD_SOLID_BREP ( 'Fillet1', #1308 ) ;
#3636 = EDGE_CURVE ( 'NONE', #4743, #2247, #3901, .T. ) ;
#3637 = SURFACE_STYLE_FILL_AREA ( #186 ) ;
#3638 = LINE ( 'NONE', #664, #311 ) ;
#3639 = EDGE_CURVE ( 'NONE', #2559, #1832, #538, .T. ) ;
#3640 = LINE ( 'NONE', #3216, #5343 ) ;
#3641 = AXIS2_PLACEMENT_3D ( 'NONE', #1995, #4606, #718 ) ;
#3642 = DIRECTION ( 'NONE',  ( 5.376517026358582749E-16, 6.123233995736954623E-17, -1.000000000000000000 ) ) ;
#3643 =( NAMED_UNIT ( * ) SI_UNIT ( $, .STERADIAN. ) SOLID_ANGLE_UNIT ( ) );
#3644 = AXIS2_PLACEMENT_3D ( 'NONE', #1554, #3282, #5019 ) ;
#3645 = AXIS2_PLACEMENT_3D ( 'NONE', #2623, #4804, #1298 ) ;
#3646 = EDGE_LOOP ( 'NONE', ( #1971, #4789, #1160, #2440 ) ) ;
#3647 = CARTESIAN_POINT ( 'NONE',  ( -3.780185667963021690, 1.875185667962997682, 25.66900000000000048 ) ) ;
#3648 = ORIENTED_EDGE ( 'NONE', *, *, #2020, .T. ) ;
#3649 = CARTESIAN_POINT ( 'NONE',  ( 3.674454647697218412, -2.377049439419669952, 25.66900000000000404 ) ) ;
#3650 = UNCERTAINTY_MEASURE_WITH_UNIT (LENGTH_MEASURE( 1.000000000000000082E-05 ), #1545, 'distance_accuracy_value', 'NONE');
#3651 = CARTESIAN_POINT ( 'NONE',  ( -3.713915879698153510, 1.918883849520884199, 25.66900000000000048 ) ) ;
#3652 =( NAMED_UNIT ( * ) PLANE_ANGLE_UNIT ( ) SI_UNIT ( $, .RADIAN. ) );
#3653 = CARTESIAN_POINT ( 'NONE',  ( 2.539999999999999591, 8.496069973720762673E-15, 1.000000000000000888 ) ) ;
#3654 = ORIENTED_EDGE ( 'NONE', *, *, #2727, .F. ) ;
#3655 = STYLED_ITEM ( 'NONE', ( #1176 ), #4245 ) ;
#3656 = COLOUR_RGB ( '',0.2509803921568627416, 0.2509803921568627416, 0.2509803921568627416 ) ;
#3657 = DIRECTION ( 'NONE',  ( -1.000000000000000000, -3.336006684570782904E-15, -6.672013369141565217E-16 ) ) ;
#3658 = SURFACE_SIDE_STYLE ('',( #1419 ) ) ;
#3659 = CARTESIAN_POINT ( 'NONE',  ( -1.269999999999998019, -0.6350000000000044498, 1.000000000000000888 ) ) ;
#3660 = ADVANCED_FACE ( 'NONE', ( #1596 ), #101, .T. ) ;
#3661 = ORIENTED_EDGE ( 'NONE', *, *, #5526, .T. ) ;
#3662 = EDGE_CURVE ( 'NONE', #4621, #4410, #1993, .T. ) ;
#3663 = STYLED_ITEM ( 'NONE', ( #4898 ), #1591 ) ;
#3664 = SURFACE_STYLE_FILL_AREA ( #2829 ) ;
#3665 = SURFACE_STYLE_USAGE ( .BOTH. , #2858 ) ;
#3666 = PRESENTATION_STYLE_ASSIGNMENT (( #2298 ) ) ;
#3667 = EDGE_CURVE ( 'NONE', #3388, #4838, #5424, .T. ) ;
#3668 = DIRECTION ( 'NONE',  ( -1.988267581731810705E-16, -6.123233995736836294E-17, 1.000000000000000000 ) ) ;
#3670 = SURFACE_STYLE_FILL_AREA ( #5046 ) ;
#3669 =( LENGTH_UNIT ( ) NAMED_UNIT ( * ) SI_UNIT ( .MILLI., .METRE. ) );
#3671 =( NAMED_UNIT ( * ) PLANE_ANGLE_UNIT ( ) SI_UNIT ( $, .RADIAN. ) );
#3672 = VERTEX_POINT ( 'NONE', #3314 ) ;
#3673 = ORIENTED_EDGE ( 'NONE', *, *, #1663, .F. ) ;
#3674 =( LENGTH_UNIT ( ) NAMED_UNIT ( * ) SI_UNIT ( .MILLI., .METRE. ) );
#3675 = FILL_AREA_STYLE_COLOUR ( '', #4454 ) ;
#3676 = CARTESIAN_POINT ( 'NONE',  ( -1.948781388753659952E-15, 0.6350000000000000089, 0.000000000000000000 ) ) ;
#3677 = COLOUR_RGB ( '',0.2862745098039215508, 0.3254901960784313819, 0.5882352941176470784 ) ;
#3678 = PLANE ( 'NONE',  #2433 ) ;
#3679 = ADVANCED_FACE ( 'NONE', ( #2480, #3741 ), #747, .T. ) ;
#3680 = DIRECTION ( 'NONE',  ( 1.000000000000000000, 3.469446951953613400E-15, 0.000000000000000000 ) ) ;
#3681 = UNCERTAINTY_MEASURE_WITH_UNIT (LENGTH_MEASURE( 1.000000000000000082E-05 ), #490, 'distance_accuracy_value', 'NONE');
#3682 = DIRECTION ( 'NONE',  ( -1.988267581731810705E-16, -6.123233995736836294E-17, 1.000000000000000000 ) ) ;
#3683 = SURFACE_STYLE_USAGE ( .BOTH. , #1051 ) ;
#3684 = ADVANCED_BREP_SHAPE_REPRESENTATION ( 'TC2030-MCP-NL-10', ( #3635, #1047 ), #2731 ) ;
#3685 = EDGE_LOOP ( 'NONE', ( #2457, #2099, #558, #530 ) ) ;
#3686 = AXIS2_PLACEMENT_3D ( 'NONE', #3436, #378, #2087 ) ;
#3687 = FILL_AREA_STYLE ('',( #3611 ) ) ;
#3688 = DIRECTION ( 'NONE',  ( 0.000000000000000000, 0.000000000000000000, 1.000000000000000000 ) ) ;
#3689 = ADVANCED_FACE ( 'NONE', ( #2975 ), #4753, .T. ) ;
#3690 = FILL_AREA_STYLE_COLOUR ( '', #5384 ) ;
#3691 = EDGE_LOOP ( 'NONE', ( #2218, #1278, #3200, #3158, #2533 ) ) ;
#3692 = AXIS2_PLACEMENT_3D ( 'NONE', #2934, #4683, #804 ) ;
#3693 = CARTESIAN_POINT ( 'NONE',  ( 4.321981201456851274, -1.769454647697201066, 25.21257787137383488 ) ) ;
#3695 = DIRECTION ( 'NONE',  ( 1.988267581731810705E-16, 6.123233995736836294E-17, -1.000000000000000000 ) ) ;
#3694 = FILL_AREA_STYLE ('',( #2612 ) ) ;
#3696 = VECTOR ( 'NONE', #4340, 1000.000000000000000 ) ;
#3697 = EDGE_CURVE ( 'NONE', #1785, #2787, #1786, .T. ) ;
#3698 = CARTESIAN_POINT ( 'NONE',  ( 2.540000000000000924, 8.894080183443658215E-15, -5.500000000000001776 ) ) ;
#3699 = CIRCLE ( 'NONE', #1108, 0.6499999999999995781 ) ;
#3700 = ORIENTED_EDGE ( 'NONE', *, *, #2837, .T. ) ;
#3701 = EDGE_CURVE ( 'NONE', #1353, #5365, #3908, .T. ) ;
#3702 = UNCERTAINTY_MEASURE_WITH_UNIT (LENGTH_MEASURE( 1.000000000000000082E-05 ), #4263, 'distance_accuracy_value', 'NONE');
#3703 = CARTESIAN_POINT ( 'NONE',  ( -4.302999999999996383, -2.398000000000016119, 12.49999999999999822 ) ) ;
#3704 = STYLED_ITEM ( 'NONE', ( #1581 ), #3880 ) ;
#3705 = AXIS2_PLACEMENT_3D ( 'NONE', #3337, #4272, #4212 ) ;
#3706 = FILL_AREA_STYLE_COLOUR ( '', #797 ) ;
#3707 = CARTESIAN_POINT ( 'NONE',  ( 3.634522885660056435, -1.918883852410969926, 25.66900000000000048 ) ) ;
#3708 = CARTESIAN_POINT ( 'NONE',  ( -4.952999999999995850, -2.398000000000018783, 18.00000000000000000 ) ) ;
#3709 = DIRECTION ( 'NONE',  ( -1.988267581731810705E-16, -6.123233995736836294E-17, 1.000000000000000000 ) ) ;
#3710 =( LENGTH_UNIT ( ) NAMED_UNIT ( * ) SI_UNIT ( .MILLI., .METRE. ) );
#3711 = CARTESIAN_POINT ( 'NONE',  ( -1.519999999999997575, -0.6350000000000051159, -3.175000000000000711 ) ) ;
#3712 = UNCERTAINTY_MEASURE_WITH_UNIT (LENGTH_MEASURE( 1.000000000000000082E-05 ), #439, 'distance_accuracy_value', 'NONE');
#3713 = FILL_AREA_STYLE ('',( #1475 ) ) ;
#3714 = CARTESIAN_POINT ( 'NONE',  ( 3.808546900521328382, -1.846824435404686771, 25.66899999999999338 ) ) ;
#3715 = VERTEX_POINT ( 'NONE', #4690 ) ;
#3716 =( NAMED_UNIT ( * ) SI_UNIT ( $, .STERADIAN. ) SOLID_ANGLE_UNIT ( ) );
#3717 = DIRECTION ( 'NONE',  ( -1.988267581731810459E-16, -6.123233995736835061E-17, 1.000000000000000000 ) ) ;
#3718 =( NAMED_UNIT ( * ) SI_UNIT ( $, .STERADIAN. ) SOLID_ANGLE_UNIT ( ) );
#3719 = VERTEX_POINT ( 'NONE', #5264 ) ;
#3720 = CIRCLE ( 'NONE', #299, 0.1500000000000000777 ) ;
#3721 = CARTESIAN_POINT ( 'NONE',  ( 4.952998437232035478, -2.399645842090444958, 18.00001786251963054 ) ) ;
#3722 =( LENGTH_UNIT ( ) NAMED_UNIT ( * ) SI_UNIT ( .MILLI., .METRE. ) );
#3723 = AXIS2_PLACEMENT_3D ( 'NONE', #3430, #2972, #2591 ) ;
#3724 = ORIENTED_EDGE ( 'NONE', *, *, #4489, .T. ) ;
#3725 = VERTEX_POINT ( 'NONE', #4344 ) ;
#3726 =( LENGTH_UNIT ( ) NAMED_UNIT ( * ) SI_UNIT ( .MILLI., .METRE. ) );
#3727 = EDGE_CURVE ( 'NONE', #1164, #447, #5081, .T. ) ;
#3728 = EDGE_CURVE ( 'NONE', #1123, #404, #4716, .T. ) ;
#3729 =( NAMED_UNIT ( * ) PLANE_ANGLE_UNIT ( ) SI_UNIT ( $, .RADIAN. ) );
#3730 = MECHANICAL_DESIGN_GEOMETRIC_PRESENTATION_REPRESENTATION (  '', ( #5116 ), #4486 ) ;
#3731 = MECHANICAL_DESIGN_GEOMETRIC_PRESENTATION_REPRESENTATION (  '', ( #1918 ), #3557 ) ;
#3732 = FILL_AREA_STYLE_COLOUR ( '', #5353 ) ;
#3733 = FACE_OUTER_BOUND ( 'NONE', #3203, .T. ) ;
#3734 = CARTESIAN_POINT ( 'NONE',  ( -1.270000000000002016, 0.6349999999999953459, 0.000000000000000000 ) ) ;
#3735 =( NAMED_UNIT ( * ) SI_UNIT ( $, .STERADIAN. ) SOLID_ANGLE_UNIT ( ) );
#3736 = FILL_AREA_STYLE ('',( #1990 ) ) ;
#3737 = VERTEX_POINT ( 'NONE', #4313 ) ;
#3738 = EDGE_CURVE ( 'NONE', #3032, #3163, #939, .T. ) ;
#3739 = CIRCLE ( 'NONE', #4028, 0.5000000000000000000 ) ;
#3740 = SURFACE_STYLE_FILL_AREA ( #1378 ) ;
#3741 = FACE_OUTER_BOUND ( 'NONE', #1504, .T. ) ;
#3742 = CARTESIAN_POINT ( 'NONE',  ( 1.270000000000002682, -0.6349999999999953459, -3.075000000000001510 ) ) ;
#3743 = AXIS2_PLACEMENT_3D ( 'NONE', #4234, #1665, #1284 ) ;
#3744 = STYLED_ITEM ( 'NONE', ( #1606 ), #4326 ) ;
#3745 = CARTESIAN_POINT ( 'NONE',  ( 0.8799999999999982281, 0.6350000000000032285, 1.000000000000000666 ) ) ;
#3746 = CARTESIAN_POINT ( 'NONE',  ( -4.131063546504083916, -2.226063546504099211, 25.23039567330873467 ) ) ;
#3747 = ORIENTED_EDGE ( 'NONE', *, *, #1663, .T. ) ;
#3748 = LINE ( 'NONE', #3410, #4129 ) ;
#3749 = AXIS2_PLACEMENT_3D ( 'NONE', #3386, #4648, #4141 ) ;
#3750 = EDGE_CURVE ( 'NONE', #3737, #4838, #2656, .T. ) ;
#3751 = SURFACE_STYLE_USAGE ( .BOTH. , #3219 ) ;
#3752 = ORIENTED_EDGE ( 'NONE', *, *, #2665, .T. ) ;
#3753 =( NAMED_UNIT ( * ) SI_UNIT ( $, .STERADIAN. ) SOLID_ANGLE_UNIT ( ) );
#3754 = SURFACE_STYLE_USAGE ( .BOTH. , #281 ) ;
#3755 = EDGE_LOOP ( 'NONE', ( #1536, #2496, #3190, #5514, #5443, #690, #5389, #5408, #2193, #5441, #2005, #5330 ) ) ;
#3756 = DIRECTION ( 'NONE',  ( -1.988267581731810705E-16, -6.123233995736836294E-17, 1.000000000000000000 ) ) ;
#3757 = ORIENTED_EDGE ( 'NONE', *, *, #5243, .F. ) ;
#3758 = SURFACE_SIDE_STYLE ('',( #2471 ) ) ;
#3759 = UNCERTAINTY_MEASURE_WITH_UNIT (LENGTH_MEASURE( 1.000000000000000082E-05 ), #2768, 'distance_accuracy_value', 'NONE');
#3760 = LINE ( 'NONE', #1212, #4543 ) ;
#3761 = EDGE_CURVE ( 'NONE', #3163, #3517, #3413, .T. ) ;
#3762 = FACE_OUTER_BOUND ( 'NONE', #4984, .T. ) ;
#3763 = FILL_AREA_STYLE_COLOUR ( '', #4637 ) ;
#3764 = CARTESIAN_POINT ( 'NONE',  ( -0.8799999999999982281, -0.6350000000000032285, 1.000000000000000888 ) ) ;
#3765 = ORIENTED_EDGE ( 'NONE', *, *, #1555, .T. ) ;
#3766 = SURFACE_SIDE_STYLE ('',( #1649 ) ) ;
#3767 = CARTESIAN_POINT ( 'NONE',  ( 2.100261184457494323, -1.905499999999993754, 1.350000000000000533 ) ) ;
#3768 = CARTESIAN_POINT ( 'NONE',  ( 1.269999999999998019, 0.6350000000000046718, 0.000000000000000000 ) ) ;
#3769 = SURFACE_STYLE_USAGE ( .BOTH. , #3317 ) ;
#3770 = ADVANCED_FACE ( 'NONE', ( #4401 ), #4842, .T. ) ;
#3771 = CARTESIAN_POINT ( 'NONE',  ( -4.853000000000009528, 2.297999999999982723, 7.249999999999997335 ) ) ;
#3772 = AXIS2_PLACEMENT_3D ( 'NONE', #4378, #2146, #2174 ) ;
#3773 = ORIENTED_EDGE ( 'NONE', *, *, #3313, .T. ) ;
#3774 = FILL_AREA_STYLE ('',( #966 ) ) ;
#3775 =( GEOMETRIC_REPRESENTATION_CONTEXT ( 3 ) GLOBAL_UNCERTAINTY_ASSIGNED_CONTEXT ( ( #542 ) ) GLOBAL_UNIT_ASSIGNED_CONTEXT ( ( #1441, #4023, #4488 ) ) REPRESENTATION_CONTEXT ( 'NONE', 'WORKASPACE' ) );
#3776 = EDGE_CURVE ( 'NONE', #1314, #3725, #726, .T. ) ;
#3777 = VERTEX_POINT ( 'NONE', #54 ) ;
#3778 = MECHANICAL_DESIGN_GEOMETRIC_PRESENTATION_REPRESENTATION (  '', ( #3236 ), #1089 ) ;
#3779 = DIRECTION ( 'NONE',  ( 1.988267581731810705E-16, 6.123233995736836294E-17, -1.000000000000000000 ) ) ;
#3780 = VECTOR ( 'NONE', #1112, 1000.000000000000000 ) ;
#3781 = VERTEX_POINT ( 'NONE', #1765 ) ;
#3782 = FILL_AREA_STYLE_COLOUR ( '', #4474 ) ;
#3783 = ORIENTED_EDGE ( 'NONE', *, *, #4729, .F. ) ;
#3784 = ORIENTED_EDGE ( 'NONE', *, *, #3496, .T. ) ;
#3785 = PRESENTATION_LAYER_ASSIGNMENT (  '', '', ( #4448 ) ) ;
#3786 = CARTESIAN_POINT ( 'NONE',  ( 2.559880592228749752, -1.715119407771247939, 1.350000000000000533 ) ) ;
#3787 =( LENGTH_UNIT ( ) NAMED_UNIT ( * ) SI_UNIT ( .MILLI., .METRE. ) );
#3788 = CARTESIAN_POINT ( 'NONE',  ( -1.270000000000002016, 0.6349999999999953459, 1.000000000000000888 ) ) ;
#3789 = PRESENTATION_STYLE_ASSIGNMENT (( #2045 ) ) ;
#3790 = PRESENTATION_LAYER_ASSIGNMENT (  '', '', ( #3518 ) ) ;
#3791 = CIRCLE ( 'NONE', #11, 0.6500000000000000222 ) ;
#3792 = FILL_AREA_STYLE_COLOUR ( '', #3101 ) ;
#3793 = DIRECTION ( 'NONE',  ( -1.000000000000000000, -3.469446951953613400E-15, 0.000000000000000000 ) ) ;
#3794 = DIRECTION ( 'NONE',  ( 1.000000000000000000, 3.433306879537431628E-15, 7.228014483236697541E-16 ) ) ;
#3795 = ORIENTED_EDGE ( 'NONE', *, *, #1429, .T. ) ;
#3796 = AXIS2_PLACEMENT_3D ( 'NONE', #3936, #5238, #970 ) ;
#3797 = CARTESIAN_POINT ( 'NONE',  ( 2.540000000000000924, 8.906326651435130784E-15, -5.700000000000000178 ) ) ;
#3798 = SURFACE_STYLE_USAGE ( .BOTH. , #4153 ) ;
#3799 = CARTESIAN_POINT ( 'NONE',  ( 1.685138028329659771E-15, -0.6350000000000001199, 1.000000000000000888 ) ) ;
#3800 = FILL_AREA_STYLE ('',( #5568 ) ) ;
#3801 = DIRECTION ( 'NONE',  ( 1.988267581731810705E-16, 6.123233995736836294E-17, -1.000000000000000000 ) ) ;
#3802 = LINE ( 'NONE', #3771, #4021 ) ;
#3803 = MECHANICAL_DESIGN_GEOMETRIC_PRESENTATION_REPRESENTATION (  '', ( #3620 ), #828 ) ;
#3804 = CARTESIAN_POINT ( 'NONE',  ( 3.619499999999998163, 0.3862611844575005726, 7.000000000000002665 ) ) ;
#3805 = STYLED_ITEM ( 'NONE', ( #3457 ), #3448 ) ;
#3806 = EDGE_LOOP ( 'NONE', ( #4784, #121, #953, #4066 ) ) ;
#3807 = FACE_OUTER_BOUND ( 'NONE', #552, .T. ) ;
#3808 = MECHANICAL_DESIGN_GEOMETRIC_PRESENTATION_REPRESENTATION (  '', ( #2708 ), #2794 ) ;
#3809 = EDGE_CURVE ( 'NONE', #1792, #3998, #2338, .T. ) ;
#3810 = EDGE_CURVE ( 'NONE', #1358, #5533, #2698, .T. ) ;
#3811 =( BOUNDED_CURVE ( )  B_SPLINE_CURVE ( 3, ( #2999, #1707, #5119, #3862 ),
 .UNSPECIFIED., .F., .T. ) 
 B_SPLINE_CURVE_WITH_KNOTS ( ( 4, 4 ),
 ( 5.916661186598552045E-16, 0.7816000651241664654 ),
 .UNSPECIFIED. ) 
 CURVE ( )  GEOMETRIC_REPRESENTATION_ITEM ( )  RATIONAL_B_SPLINE_CURVE ( ( 1.000000000000000000, 0.9497364005219713912, 0.9497364005219713912, 1.000000000000000000 ) ) 
 REPRESENTATION_ITEM ( '' )  );
#3812 = AXIS2_PLACEMENT_3D ( 'NONE', #2331, #2010, #2439 ) ;
#3813 = SURFACE_STYLE_FILL_AREA ( #5458 ) ;
#3814 = EDGE_LOOP ( 'NONE', ( #1803, #4309, #38, #3449 ) ) ;
#3815 = PRESENTATION_LAYER_ASSIGNMENT (  '', '', ( #2716 ) ) ;
#3816 =( GEOMETRIC_REPRESENTATION_CONTEXT ( 3 ) GLOBAL_UNCERTAINTY_ASSIGNED_CONTEXT ( ( #854 ) ) GLOBAL_UNIT_ASSIGNED_CONTEXT ( ( #2385, #306, #4598 ) ) REPRESENTATION_CONTEXT ( 'NONE', 'WORKASPACE' ) );
#3817 = DIRECTION ( 'NONE',  ( 1.988267581731810212E-16, 6.123233995736836294E-17, -1.000000000000000000 ) ) ;
#3818 = ORIENTED_EDGE ( 'NONE', *, *, #4762, .F. ) ;
#3819 =( BOUNDED_SURFACE ( )  B_SPLINE_SURFACE ( 3, 2, ( 
 ( #1806, #1404, #2273 ),
 ( #194, #4494, #3166 ),
 ( #4059, #4942, #2215 ),
 ( #1065, #3123, #4031 ) ),
 .UNSPECIFIED., .F., .F., .F. ) 
 B_SPLINE_SURFACE_WITH_KNOTS ( ( 4, 4 ),
 ( 3, 3 ),
 ( 0.000000000000000000, 0.7816000651241673536 ),
 ( 0.000000000000000000, 1.000000000000000000 ),
 .UNSPECIFIED. ) 
 GEOMETRIC_REPRESENTATION_ITEM ( )  RATIONAL_B_SPLINE_SURFACE ( (
 ( 1.000000000000000000, 0.7492634205062624897, 1.000000000000000000),
 ( 1.000000000000000000, 0.7493005499708315087, 1.000000000000000000),
 ( 1.000000000000000000, 0.7449550586513162820, 1.000000000000000000),
 ( 1.000000000000000000, 0.7372773368101295244, 1.000000000000000000) ) ) 
 REPRESENTATION_ITEM ( '' )  SURFACE ( )  );
#3820 = ORIENTED_EDGE ( 'NONE', *, *, #2609, .T. ) ;
#3821 = SURFACE_STYLE_FILL_AREA ( #2076 ) ;
#3822 = VERTEX_POINT ( 'NONE', #227 ) ;
#3823 = MECHANICAL_DESIGN_GEOMETRIC_PRESENTATION_REPRESENTATION (  '', ( #3113 ), #4113 ) ;
#3824 = DIRECTION ( 'NONE',  ( 1.000000000000000000, 3.491481338843133355E-15, 5.376517026358584721E-16 ) ) ;
#3825 = FACE_OUTER_BOUND ( 'NONE', #1444, .T. ) ;
#3826 =( LENGTH_UNIT ( ) NAMED_UNIT ( * ) SI_UNIT ( .MILLI., .METRE. ) );
#3827 = PRESENTATION_LAYER_ASSIGNMENT (  '', '', ( #1833 ) ) ;
#3828 = CYLINDRICAL_SURFACE ( 'NONE', #1515, 0.2500000000000000000 ) ;
#3829 = SURFACE_STYLE_USAGE ( .BOTH. , #4783 ) ;
#3830 = ORIENTED_EDGE ( 'NONE', *, *, #265, .F. ) ;
#3831 = VECTOR ( 'NONE', #4318, 1000.000000000000000 ) ;
#3832 = FILL_AREA_STYLE_COLOUR ( '', #2251 ) ;
#3833 = DIRECTION ( 'NONE',  ( 1.000000000000000000, 3.448710007688152381E-15, 5.376517026358584721E-16 ) ) ;
#3834 =( LENGTH_UNIT ( ) NAMED_UNIT ( * ) SI_UNIT ( .MILLI., .METRE. ) );
#3835 = DIRECTION ( 'NONE',  ( 1.000000000000000000, 3.469446951953614189E-15, 0.000000000000000000 ) ) ;
#3836 = LINE ( 'NONE', #3012, #4425 ) ;
#3837 = FILL_AREA_STYLE_COLOUR ( '', #1340 ) ;
#3838 = CARTESIAN_POINT ( 'NONE',  ( -4.310355056593220269, 2.405355056593194707, 17.88755170555929297 ) ) ;
#3839 =( GEOMETRIC_REPRESENTATION_CONTEXT ( 3 ) GLOBAL_UNCERTAINTY_ASSIGNED_CONTEXT ( ( #3042 ) ) GLOBAL_UNIT_ASSIGNED_CONTEXT ( ( #4635, #2821, #2047 ) ) REPRESENTATION_CONTEXT ( 'NONE', 'WORKASPACE' ) );
#3840 = CYLINDRICAL_SURFACE ( 'NONE', #3385, 0.6500000000000000222 ) ;
#3841 = ORIENTED_EDGE ( 'NONE', *, *, #3846, .F. ) ;
#3842 = DIRECTION ( 'NONE',  ( 1.000000000000000000, 3.614007241618348376E-15, 5.376517026358584721E-16 ) ) ;
#3843 = SURFACE_STYLE_USAGE ( .BOTH. , #2487 ) ;
#3844 = MECHANICAL_DESIGN_GEOMETRIC_PRESENTATION_REPRESENTATION (  '', ( #5381 ), #3555 ) ;
#3845 = CARTESIAN_POINT ( 'NONE',  ( 3.780185667963015028, -1.875185667963001235, 25.16900000000000048 ) ) ;
#3846 = EDGE_CURVE ( 'NONE', #5391, #1235, #2878, .T. ) ;
#3847 = EDGE_CURVE ( 'NONE', #4359, #1206, #3019, .T. ) ;
#3848 = AXIS2_PLACEMENT_3D ( 'NONE', #5188, #414, #3842 ) ;
#3849 = SURFACE_SIDE_STYLE ('',( #2552 ) ) ;
#3850 = VERTEX_POINT ( 'NONE', #254 ) ;
#3851 = CIRCLE ( 'NONE', #978, 0.2500000000000000000 ) ;
#3852 = FILL_AREA_STYLE_COLOUR ( '', #2615 ) ;
#3853 = FACE_OUTER_BOUND ( 'NONE', #2084, .T. ) ;
#3854 = EDGE_LOOP ( 'NONE', ( #4164, #5412, #2127, #2689 ) ) ;
#3855 = ORIENTED_EDGE ( 'NONE', *, *, #2981, .T. ) ;
#3856 = ORIENTED_EDGE ( 'NONE', *, *, #2856, .T. ) ;
#3857 = VECTOR ( 'NONE', #5575, 1000.000000000000114 ) ;
#3858 = CARTESIAN_POINT ( 'NONE',  ( 1.269999999999998019, 0.6350000000000046718, 0.000000000000000000 ) ) ;
#3859 = CARTESIAN_POINT ( 'NONE',  ( -1.419999999999997708, -0.6350000000000047828, -3.075000000000001510 ) ) ;
#3860 = FILL_AREA_STYLE ('',( #805 ) ) ;
#3861 =( BOUNDED_CURVE ( )  B_SPLINE_CURVE ( 3, ( #4224, #1655, #5506, #3380 ),
 .UNSPECIFIED., .F., .T. ) 
 B_SPLINE_CURVE_WITH_KNOTS ( ( 4, 4 ),
 ( 5.501585242055420544, 6.283185307179586232 ),
 .UNSPECIFIED. ) 
 CURVE ( )  GEOMETRIC_REPRESENTATION_ITEM ( )  RATIONAL_B_SPLINE_CURVE ( ( 1.000000000000000000, 0.9497364005219713912, 0.9497364005219713912, 1.000000000000000000 ) ) 
 REPRESENTATION_ITEM ( '' )  );
#3862 = CARTESIAN_POINT ( 'NONE',  ( 4.321981201456840616, 1.769454647697228600, 25.21257787137383488 ) ) ;
#3863 = LINE ( 'NONE', #1330, #5189 ) ;
#3864 = SURFACE_STYLE_FILL_AREA ( #871 ) ;
#3865 = PRESENTATION_STYLE_ASSIGNMENT (( #3070 ) ) ;
#3866 = ORIENTED_EDGE ( 'NONE', *, *, #3889, .F. ) ;
#3867 = SURFACE_SIDE_STYLE ('',( #2110 ) ) ;
#3868 = CARTESIAN_POINT ( 'NONE',  ( 2.100261184457483221, 1.905500000000007077, 1.000000000000000888 ) ) ;
#3869 = CARTESIAN_POINT ( 'NONE',  ( -4.305468757942104929, 3.047995311701709120, 18.00005358749449158 ) ) ;
#3870 = EDGE_CURVE ( 'NONE', #1850, #4068, #278, .T. ) ;
#3871 = DIRECTION ( 'NONE',  ( 1.988267581731810705E-16, 6.123233995736836294E-17, -1.000000000000000000 ) ) ;
#3872 = FILL_AREA_STYLE ('',( #3939 ) ) ;
#3873 = FACE_BOUND ( 'NONE', #2613, .T. ) ;
#3874 = VERTEX_POINT ( 'NONE', #2410 ) ;
#3875 = CIRCLE ( 'NONE', #2312, 0.5000000000000000000 ) ;
#3876 = PRESENTATION_STYLE_ASSIGNMENT (( #2833 ) ) ;
#3877 = CIRCLE ( 'NONE', #4149, 0.2500000000000000000 ) ;
#3878 = ORIENTED_EDGE ( 'NONE', *, *, #2130, .T. ) ;
#3879 = CIRCLE ( 'NONE', #1791, 0.6500000000000000222 ) ;
#3880 = ADVANCED_FACE ( 'NONE', ( #4201 ), #4380, .T. ) ;
#3881 =( NAMED_UNIT ( * ) PLANE_ANGLE_UNIT ( ) SI_UNIT ( $, .RADIAN. ) );
#3882 = FILL_AREA_STYLE ('',( #2123 ) ) ;
#3883 = ORIENTED_EDGE ( 'NONE', *, *, #2970, .F. ) ;
#3884 = DIRECTION ( 'NONE',  ( -1.988267581731810459E-16, -6.123233995736835061E-17, 1.000000000000000000 ) ) ;
#3885 = ORIENTED_EDGE ( 'NONE', *, *, #585, .T. ) ;
#3886 = FILL_AREA_STYLE_COLOUR ( '', #3020 ) ;
#3887 = EDGE_LOOP ( 'NONE', ( #5326, #4722, #119, #2042 ) ) ;
#3888 = EDGE_CURVE ( 'NONE', #4239, #5489, #4423, .T. ) ;
#3889 = EDGE_CURVE ( 'NONE', #4802, #5493, #1638, .T. ) ;
#3890 =( NAMED_UNIT ( * ) SI_UNIT ( $, .STERADIAN. ) SOLID_ANGLE_UNIT ( ) );
#3891 = PRESENTATION_LAYER_ASSIGNMENT (  '', '', ( #354 ) ) ;
#3892 = UNCERTAINTY_MEASURE_WITH_UNIT (LENGTH_MEASURE( 1.000000000000000082E-05 ), #409, 'distance_accuracy_value', 'NONE');
#3893 = PLANE ( 'NONE',  #2507 ) ;
#3894 = PRESENTATION_STYLE_ASSIGNMENT (( #2080 ) ) ;
#3895 = DIRECTION ( 'NONE',  ( 1.000000000000000000, 3.469446951953613400E-15, 5.376517026358584721E-16 ) ) ;
#3896 = DIRECTION ( 'NONE',  ( -0.7071067811865499042, 0.7071067811865453523, -1.511381849721047276E-16 ) ) ;
#3897 = CARTESIAN_POINT ( 'NONE',  ( -2.969500000000006246, 1.555499999999989447, 0.9999999999999991118 ) ) ;
#3898 = CIRCLE ( 'NONE', #3431, 0.2500000000000000000 ) ;
#3899 = EDGE_LOOP ( 'NONE', ( #2308, #3700, #1469, #1755 ) ) ;
#3900 = SURFACE_STYLE_FILL_AREA ( #5539 ) ;
#3901 = CIRCLE ( 'NONE', #5430, 0.3899999999999999578 ) ;
#3902 = CARTESIAN_POINT ( 'NONE',  ( -4.952995311701736014, 2.400468757942072262, 18.00005358749447737 ) ) ;
#3903 =( GEOMETRIC_REPRESENTATION_CONTEXT ( 3 ) GLOBAL_UNCERTAINTY_ASSIGNED_CONTEXT ( ( #3306 ) ) GLOBAL_UNIT_ASSIGNED_CONTEXT ( ( #595, #3925, #4467 ) ) REPRESENTATION_CONTEXT ( 'NONE', 'WORKASPACE' ) );
#3904 =( NAMED_UNIT ( * ) PLANE_ANGLE_UNIT ( ) SI_UNIT ( $, .RADIAN. ) );
#3905 = CARTESIAN_POINT ( 'NONE',  ( 0.3900000000000019007, -0.6349999999999987876, 2.096841640279847982E-16 ) ) ;
#3906 = SURFACE_STYLE_FILL_AREA ( #3940 ) ;
#3907 = ORIENTED_EDGE ( 'NONE', *, *, #2856, .F. ) ;
#3908 = CIRCLE ( 'NONE', #2067, 0.6500000000000000222 ) ;
#3909 = PRESENTATION_LAYER_ASSIGNMENT (  '', '', ( #1200 ) ) ;
#3910 =( NAMED_UNIT ( * ) SI_UNIT ( $, .STERADIAN. ) SOLID_ANGLE_UNIT ( ) );
#3911 = CARTESIAN_POINT ( 'NONE',  ( 4.321981201456840616, 1.769454647697228600, 25.21257787137383488 ) ) ;
#3912 =( GEOMETRIC_REPRESENTATION_CONTEXT ( 3 ) GLOBAL_UNCERTAINTY_ASSIGNED_CONTEXT ( ( #3539 ) ) GLOBAL_UNIT_ASSIGNED_CONTEXT ( ( #4739, #3881, #3451 ) ) REPRESENTATION_CONTEXT ( 'NONE', 'WORKASPACE' ) );
#3913 = FACE_OUTER_BOUND ( 'NONE', #1430, .T. ) ;
#3914 = ORIENTED_EDGE ( 'NONE', *, *, #4117, .F. ) ;
#3915 = STYLED_ITEM ( 'NONE', ( #5358 ), #4067 ) ;
#3916 = VECTOR ( 'NONE', #4177, 1000.000000000000000 ) ;
#3917 = CARTESIAN_POINT ( 'NONE',  ( -1.659999999999998366, -0.6350000000000060041, -7.754243568754071168E-17 ) ) ;
#3918 = CARTESIAN_POINT ( 'NONE',  ( -0.8800000000000021139, 0.6349999999999966782, 1.000000000000000888 ) ) ;
#3919 = DIRECTION ( 'NONE',  ( -0.7071067811865456854, -0.7071067811865493491, -4.234749676620834531E-16 ) ) ;
#3920 = ORIENTED_EDGE ( 'NONE', *, *, #4715, .F. ) ;
#3921 = MECHANICAL_DESIGN_GEOMETRIC_PRESENTATION_REPRESENTATION (  '', ( #2353 ), #557 ) ;
#3922 = PRESENTATION_LAYER_ASSIGNMENT (  '', '', ( #474 ) ) ;
#3923 = CARTESIAN_POINT ( 'NONE',  ( 2.100261184457492547, -1.255499999999993621, 1.000000000000000888 ) ) ;
#3924 =( NAMED_UNIT ( * ) PLANE_ANGLE_UNIT ( ) SI_UNIT ( $, .RADIAN. ) );
#3925 =( NAMED_UNIT ( * ) PLANE_ANGLE_UNIT ( ) SI_UNIT ( $, .RADIAN. ) );
#3926 = ADVANCED_FACE ( 'NONE', ( #5015 ), #4597, .T. ) ;
#3927 =( NAMED_UNIT ( * ) PLANE_ANGLE_UNIT ( ) SI_UNIT ( $, .RADIAN. ) );
#3928 = CARTESIAN_POINT ( 'NONE',  ( 2.540000000000000924, 8.906326651435130784E-15, -5.700000000000000178 ) ) ;
#3929 = ADVANCED_FACE ( 'NONE', ( #2926 ), #3481, .T. ) ;
#3930 = PRESENTATION_STYLE_ASSIGNMENT (( #4397 ) ) ;
#3931 = CARTESIAN_POINT ( 'NONE',  ( -2.314999999999996394, -1.016000000000007786, -5.700000000000000178 ) ) ;
#3932 = ORIENTED_EDGE ( 'NONE', *, *, #5177, .T. ) ;
#3933 =( GEOMETRIC_REPRESENTATION_CONTEXT ( 3 ) GLOBAL_UNCERTAINTY_ASSIGNED_CONTEXT ( ( #1434 ) ) GLOBAL_UNIT_ASSIGNED_CONTEXT ( ( #4811, #2577, #4348 ) ) REPRESENTATION_CONTEXT ( 'NONE', 'WORKASPACE' ) );
#3934 = SURFACE_STYLE_FILL_AREA ( #466 ) ;
#3935 = VECTOR ( 'NONE', #3470, 1000.000000000000000 ) ;
#3936 = CARTESIAN_POINT ( 'NONE',  ( -2.540000000000003588, 1.015999999999990466, 0.9999999999999991118 ) ) ;
#3937 = CYLINDRICAL_SURFACE ( 'NONE', #1192, 0.6499999999999999112 ) ;
#3938 = COLOUR_RGB ( '',0.8627450980392157298, 0.5882352941176470784, 0.06274509803921568540 ) ;
#3939 = FILL_AREA_STYLE_COLOUR ( '', #1227 ) ;
#3940 = FILL_AREA_STYLE ('',( #440 ) ) ;
#3941 = ORIENTED_EDGE ( 'NONE', *, *, #635, .T. ) ;
#3942 = CYLINDRICAL_SURFACE ( 'NONE', #2687, 0.6500000000000000222 ) ;
#3943 = PRESENTATION_LAYER_ASSIGNMENT (  '', '', ( #219 ) ) ;
#3944 =( NAMED_UNIT ( * ) PLANE_ANGLE_UNIT ( ) SI_UNIT ( $, .RADIAN. ) );
#3945 = EDGE_CURVE ( 'NONE', #5052, #3558, #4174, .T. ) ;
#3946 = STYLED_ITEM ( 'NONE', ( #5039 ), #1053 ) ;
#3947 = MECHANICAL_DESIGN_GEOMETRIC_PRESENTATION_REPRESENTATION (  '', ( #3744 ), #881 ) ;
#3948 = VERTEX_POINT ( 'NONE', #3390 ) ;
#3949 = CARTESIAN_POINT ( 'NONE',  ( 3.619500000000000828, -0.3862611844574768694, 7.000000000000001776 ) ) ;
#3950 = CARTESIAN_POINT ( 'NONE',  ( 0.2500000000000025535, -0.6349999999999990097, -3.075000000000001510 ) ) ;
#3951 = ORIENTED_EDGE ( 'NONE', *, *, #2018, .F. ) ;
#3952 = PRESENTATION_LAYER_ASSIGNMENT (  '', '', ( #1153 ) ) ;
#3953 = SURFACE_STYLE_FILL_AREA ( #4724 ) ;
#3954 = SURFACE_SIDE_STYLE ('',( #4424 ) ) ;
#3955 = DIRECTION ( 'NONE',  ( 1.000000000000000000, 3.469446951953613400E-15, 1.988267581731812678E-16 ) ) ;
#3956 = VERTEX_POINT ( 'NONE', #5227 ) ;
#3957 = DIRECTION ( 'NONE',  ( -2.966873679532033666E-15, 1.000000000000000000, 6.123233995736770966E-17 ) ) ;
#3958 = ADVANCED_FACE ( 'NONE', ( #4355 ), #1320, .T. ) ;
#3959 = UNCERTAINTY_MEASURE_WITH_UNIT (LENGTH_MEASURE( 1.000000000000000082E-05 ), #1535, 'distance_accuracy_value', 'NONE');
#3960 = CARTESIAN_POINT ( 'NONE',  ( -4.304645842090472740, 3.047998437232013913, 18.00001786251963765 ) ) ;
#3961 = CARTESIAN_POINT ( 'NONE',  ( 2.559880592228739093, 1.715119407771264592, 1.350000000000000533 ) ) ;
#3962 = DIRECTION ( 'NONE',  ( -0.7071067811865499042, 0.7071067811865451302, 0.000000000000000000 ) ) ;
#3963 = CARTESIAN_POINT ( 'NONE',  ( -3.674454647697211751, -2.416981201456863459, 25.21257787137382778 ) ) ;
#3964 = CARTESIAN_POINT ( 'NONE',  ( -1.269999999999998019, -0.6350000000000044498, 0.000000000000000000 ) ) ;
#3965 = VERTEX_POINT ( 'NONE', #3917 ) ;
#3966 =( NAMED_UNIT ( * ) SI_UNIT ( $, .STERADIAN. ) SOLID_ANGLE_UNIT ( ) );
#3967 = EDGE_CURVE ( 'NONE', #2307, #2553, #4796, .T. ) ;
#3968 = SURFACE_SIDE_STYLE ('',( #1748 ) ) ;
#3969 = SURFACE_SIDE_STYLE ('',( #3477 ) ) ;
#3970 = CARTESIAN_POINT ( 'NONE',  ( -4.010610473703456691, -2.346516619242204449, 25.23039567366604174 ) ) ;
#3971 = EDGE_LOOP ( 'NONE', ( #5468, #32 ) ) ;
#3972 = ORIENTED_EDGE ( 'NONE', *, *, #727, .T. ) ;
#3973 = EDGE_CURVE ( 'NONE', #541, #424, #3093, .T. ) ;
#3974 = CARTESIAN_POINT ( 'NONE',  ( 4.852999999999988212, 2.948000000000016385, 7.250000000000002665 ) ) ;
#3975 = LINE ( 'NONE', #89, #1170 ) ;
#3976 = SURFACE_SIDE_STYLE ('',( #3531 ) ) ;
#3977 = AXIS2_PLACEMENT_3D ( 'NONE', #1059, #2001, #2804 ) ;
#3978 = FILL_AREA_STYLE ('',( #4005 ) ) ;
#3979 =( NAMED_UNIT ( * ) SI_UNIT ( $, .STERADIAN. ) SOLID_ANGLE_UNIT ( ) );
#3980 = ORIENTED_EDGE ( 'NONE', *, *, #3245, .F. ) ;
#3981 = DIRECTION ( 'NONE',  ( 1.988267581731810705E-16, 6.123233995736836294E-17, -1.000000000000000000 ) ) ;
#3982 = DIRECTION ( 'NONE',  ( -0.7071067811865497932, 0.7071067811865452413, -3.538022048500979614E-17 ) ) ;
#3983 = CARTESIAN_POINT ( 'NONE',  ( 1.520000000000002682, -0.6349999999999944578, -3.175000000000000711 ) ) ;
#3984 = AXIS2_PLACEMENT_3D ( 'NONE', #2311, #544, #4402 ) ;
#3985 = PRESENTATION_STYLE_ASSIGNMENT (( #5345 ) ) ;
#3986 = CARTESIAN_POINT ( 'NONE',  ( 1.883964786502841039E-15, -0.6350000000000000089, 0.000000000000000000 ) ) ;
#3987 = ORIENTED_EDGE ( 'NONE', *, *, #2554, .T. ) ;
#3988 = PRESENTATION_LAYER_ASSIGNMENT (  '', '', ( #1883 ) ) ;
#3989 = CARTESIAN_POINT ( 'NONE',  ( -3.950616548221594460E-15, -1.571772934365684601E-15, 25.66900000000000048 ) ) ;
#3990 = CARTESIAN_POINT ( 'NONE',  ( 1.883964786502841039E-15, -0.6350000000000000089, 0.000000000000000000 ) ) ;
#3991 = CARTESIAN_POINT ( 'NONE',  ( -4.320969464493987999, -1.942906756058750073, 25.22414207777594441 ) ) ;
#3992 = EDGE_CURVE ( 'NONE', #5052, #3850, #1823, .T. ) ;
#3993 = MECHANICAL_DESIGN_GEOMETRIC_PRESENTATION_REPRESENTATION (  '', ( #2785 ), #2064 ) ;
#3994 = AXIS2_PLACEMENT_3D ( 'NONE', #1595, #1992, #958 ) ;
#3995 = FILL_AREA_STYLE_COLOUR ( '', #2960 ) ;
#3996 = PRESENTATION_LAYER_ASSIGNMENT (  '', '', ( #829 ) ) ;
#3997 = CARTESIAN_POINT ( 'NONE',  ( 0.8800000000000021139, -0.6349999999999970113, -2.096841640279847982E-16 ) ) ;
#3998 = VERTEX_POINT ( 'NONE', #2417 ) ;
#3999 =( LENGTH_UNIT ( ) NAMED_UNIT ( * ) SI_UNIT ( .MILLI., .METRE. ) );
#4000 = VERTEX_POINT ( 'NONE', #4504 ) ;
#4001 = CIRCLE ( 'NONE', #938, 0.4250000000000000444 ) ;
#4002 = FACE_OUTER_BOUND ( 'NONE', #827, .T. ) ;
#4003 = AXIS2_PLACEMENT_3D ( 'NONE', #2132, #3896, #47 ) ;
#4004 = PRESENTATION_STYLE_ASSIGNMENT (( #3591 ) ) ;
#4005 = FILL_AREA_STYLE_COLOUR ( '', #4390 ) ;
#4006 = ORIENTED_EDGE ( 'NONE', *, *, #4762, .T. ) ;
#4007 = CARTESIAN_POINT ( 'NONE',  ( -1.269999999999997575, -0.6350000000000042277, -3.075000000000001510 ) ) ;
#4008 = ORIENTED_EDGE ( 'NONE', *, *, #2501, .F. ) ;
#4009 = STYLED_ITEM ( 'NONE', ( #1717 ), #5278 ) ;
#4010 = VECTOR ( 'NONE', #889, 1000.000000000000000 ) ;
#4011 = UNCERTAINTY_MEASURE_WITH_UNIT (LENGTH_MEASURE( 1.000000000000000082E-05 ), #5457, 'distance_accuracy_value', 'NONE');
#4012 = CARTESIAN_POINT ( 'NONE',  ( 1.269999999999998685, 0.6350000000000048939, -3.075000000000001510 ) ) ;
#4013 = DIRECTION ( 'NONE',  ( 0.9961946980917452121, 3.336006684570783299E-15, 0.08715574274766048346 ) ) ;
#4014 = PLANE ( 'NONE',  #1697 ) ;
#4015 = PRESENTATION_STYLE_ASSIGNMENT (( #154 ) ) ;
#4016 = CARTESIAN_POINT ( 'NONE',  ( 1.020000000000002682, -0.6349999999999963451, -3.075000000000001510 ) ) ;
#4017 = DIRECTION ( 'NONE',  ( -0.7071067811865499042, 0.7071067811865452413, -3.368793620385341492E-16 ) ) ;
#4018 = FILL_AREA_STYLE_COLOUR ( '', #4692 ) ;
#4019 = PRESENTATION_LAYER_ASSIGNMENT (  '', '', ( #951 ) ) ;
#4020 = DIRECTION ( 'NONE',  ( 1.988267581731810705E-16, 6.123233995736836294E-17, -1.000000000000000000 ) ) ;
#4021 = VECTOR ( 'NONE', #4588, 1000.000000000000000 ) ;
#4022 = VECTOR ( 'NONE', #651, 1000.000000000000000 ) ;
#4023 =( NAMED_UNIT ( * ) PLANE_ANGLE_UNIT ( ) SI_UNIT ( $, .RADIAN. ) );
#4024 = ADVANCED_FACE ( 'NONE', ( #602 ), #2309, .T. ) ;
#4025 =( LENGTH_UNIT ( ) NAMED_UNIT ( * ) SI_UNIT ( .MILLI., .METRE. ) );
#4026 = ADVANCED_FACE ( 'NONE', ( #5501 ), #2645, .T. ) ;
#4027 = PRESENTATION_STYLE_ASSIGNMENT (( #5303 ) ) ;
#4028 = AXIS2_PLACEMENT_3D ( 'NONE', #531, #3092, #2300 ) ;
#4029 = CIRCLE ( 'NONE', #1666, 0.1500000000000001887 ) ;
#4030 = ORIENTED_EDGE ( 'NONE', *, *, #5578, .F. ) ;
#4031 = CARTESIAN_POINT ( 'NONE',  ( 3.823883852410978168, -1.769454647697202843, 25.66900000000000048 ) ) ;
#4032 = DIRECTION ( 'NONE',  ( -1.988267581731810459E-16, -6.123233995736835061E-17, 1.000000000000000000 ) ) ;
#4033 = VECTOR ( 'NONE', #3441, 1000.000000000000000 ) ;
#4034 = CARTESIAN_POINT ( 'NONE',  ( 2.100261184457491215, -1.255499999999994065, 7.000000000000001776 ) ) ;
#4035 = CARTESIAN_POINT ( 'NONE',  ( 2.100261184457484109, 1.555500000000006988, 1.000000000000000888 ) ) ;
#4036 = ORIENTED_EDGE ( 'NONE', *, *, #1557, .F. ) ;
#4037 = DIRECTION ( 'NONE',  ( 1.000000000000000000, 3.469446951953614189E-15, 1.988267581731812924E-16 ) ) ;
#4038 = PRESENTATION_LAYER_ASSIGNMENT (  '', '', ( #3212 ) ) ;
#4039 = ORIENTED_EDGE ( 'NONE', *, *, #2970, .T. ) ;
#4040 = CYLINDRICAL_SURFACE ( 'NONE', #1628, 0.3500000000000000333 ) ;
#4041 =( GEOMETRIC_REPRESENTATION_CONTEXT ( 3 ) GLOBAL_UNCERTAINTY_ASSIGNED_CONTEXT ( ( #906 ) ) GLOBAL_UNIT_ASSIGNED_CONTEXT ( ( #5130, #2946, #408 ) ) REPRESENTATION_CONTEXT ( 'NONE', 'WORKASPACE' ) );
#4042 = SURFACE_STYLE_FILL_AREA ( #4873 ) ;
#4043 =( NAMED_UNIT ( * ) SI_UNIT ( $, .STERADIAN. ) SOLID_ANGLE_UNIT ( ) );
#4044 =( NAMED_UNIT ( * ) SI_UNIT ( $, .STERADIAN. ) SOLID_ANGLE_UNIT ( ) );
#4045 = PRESENTATION_STYLE_ASSIGNMENT (( #3634 ) ) ;
#4046 = ORIENTED_EDGE ( 'NONE', *, *, #806, .T. ) ;
#4047 = PRODUCT_DEFINITION_CONTEXT ( 'detailed design', #2347, 'design' ) ;
#4048 = SURFACE_STYLE_FILL_AREA ( #1872 ) ;
#4049 =( LENGTH_UNIT ( ) NAMED_UNIT ( * ) SI_UNIT ( .MILLI., .METRE. ) );
#4050 = EDGE_CURVE ( 'NONE', #511, #2570, #732, .T. ) ;
#4051 =( BOUNDED_CURVE ( )  B_SPLINE_CURVE ( 3, ( #1246, #1188, #2941, #4310 ),
 .UNSPECIFIED., .F., .T. ) 
 B_SPLINE_CURVE_WITH_KNOTS ( ( 4, 4 ),
 ( 0.000000000000000000, 0.7816000651241674646 ),
 .UNSPECIFIED. ) 
 CURVE ( )  GEOMETRIC_REPRESENTATION_ITEM ( )  RATIONAL_B_SPLINE_CURVE ( ( 1.000000000000000000, 0.9497364005219710581, 0.9497364005219710581, 1.000000000000000000 ) ) 
 REPRESENTATION_ITEM ( '' )  );
#4052 = DIRECTION ( 'NONE',  ( -1.000000000000000000, -3.854941057726238689E-15, 0.000000000000000000 ) ) ;
#4053 = VERTEX_POINT ( 'NONE', #1271 ) ;
#4054 = SURFACE_SIDE_STYLE ('',( #3523 ) ) ;
#4055 = SURFACE_STYLE_USAGE ( .BOTH. , #5062 ) ;
#4056 = ORIENTED_EDGE ( 'NONE', *, *, #551, .F. ) ;
#4057 = EDGE_CURVE ( 'NONE', #4882, #1936, #4051, .T. ) ;
#4058 = MECHANICAL_DESIGN_GEOMETRIC_PRESENTATION_REPRESENTATION (  '', ( #3501 ), #1865 ) ;
#4059 = CARTESIAN_POINT ( 'NONE',  ( 4.320989596384117171, -1.939455342551608785, 25.22391196921886447 ) ) ;
#4060 = FACE_OUTER_BOUND ( 'NONE', #2963, .T. ) ;
#4061 = DIRECTION ( 'NONE',  ( 3.613946018757868503E-15, -1.000000000000000000, -6.123233995736764803E-17 ) ) ;
#4062 =( GEOMETRIC_REPRESENTATION_CONTEXT ( 3 ) GLOBAL_UNCERTAINTY_ASSIGNED_CONTEXT ( ( #3759 ) ) GLOBAL_UNIT_ASSIGNED_CONTEXT ( ( #2768, #4535, #267 ) ) REPRESENTATION_CONTEXT ( 'NONE', 'WORKASPACE' ) );
#4063 = FILL_AREA_STYLE ('',( #4499 ) ) ;
#4064 = SURFACE_STYLE_FILL_AREA ( #4867 ) ;
#4065 = ADVANCED_FACE ( 'NONE', ( #2910 ), #4689, .T. ) ;
#4066 = ORIENTED_EDGE ( 'NONE', *, *, #5526, .F. ) ;
#4067 = ADVANCED_FACE ( 'NONE', ( #4087 ), #3819, .T. ) ;
#4068 = VERTEX_POINT ( 'NONE', #3587 ) ;
#4069 = DIRECTION ( 'NONE',  ( 2.602085213965210642E-15, -1.000000000000000000, 0.000000000000000000 ) ) ;
#4070 = VECTOR ( 'NONE', #5168, 1000.000000000000000 ) ;
#4071 = UNCERTAINTY_MEASURE_WITH_UNIT (LENGTH_MEASURE( 1.000000000000000082E-05 ), #1605, 'distance_accuracy_value', 'NONE');
#4072 = DIRECTION ( 'NONE',  ( -0.08682659386424800008, 0.08682659386424726455, 0.9924325091389669673 ) ) ;
#4073 = FACE_OUTER_BOUND ( 'NONE', #2203, .T. ) ;
#4074 = DIRECTION ( 'NONE',  ( -1.000000000000000000, -3.491481338843133355E-15, -4.500924720696962274E-16 ) ) ;
#4075 = ORIENTED_EDGE ( 'NONE', *, *, #1869, .F. ) ;
#4076 = DIRECTION ( 'NONE',  ( -4.500924720696960302E-16, -6.123233995736923808E-17, 1.000000000000000000 ) ) ;
#4077 =( GEOMETRIC_REPRESENTATION_CONTEXT ( 3 ) GLOBAL_UNCERTAINTY_ASSIGNED_CONTEXT ( ( #5025 ) ) GLOBAL_UNIT_ASSIGNED_CONTEXT ( ( #4025, #2722, #2324 ) ) REPRESENTATION_CONTEXT ( 'NONE', 'WORKASPACE' ) );
#4078 = CARTESIAN_POINT ( 'NONE',  ( -1.269999999999997575, -0.6350000000000042277, -3.175000000000000711 ) ) ;
#4079 = FILL_AREA_STYLE ('',( #643 ) ) ;
#4080 = MECHANICAL_DESIGN_GEOMETRIC_PRESENTATION_REPRESENTATION (  '', ( #924 ), #2430 ) ;
#4081 = FACE_OUTER_BOUND ( 'NONE', #427, .T. ) ;
#4082 = STYLED_ITEM ( 'NONE', ( #1531 ), #3511 ) ;
#4083 = SURFACE_SIDE_STYLE ('',( #1009 ) ) ;
#4084 = FILL_AREA_STYLE ('',( #4546 ) ) ;
#4085 = ORIENTED_EDGE ( 'NONE', *, *, #4647, .T. ) ;
#4086 = VECTOR ( 'NONE', #748, 1000.000000000000000 ) ;
#4087 = FACE_OUTER_BOUND ( 'NONE', #4870, .T. ) ;
#4088 = DIRECTION ( 'NONE',  ( 1.000000000000000000, 3.469446951953614189E-15, 0.000000000000000000 ) ) ;
#4089 = PRESENTATION_LAYER_ASSIGNMENT (  '', '', ( #3805 ) ) ;
#4090 = CARTESIAN_POINT ( 'NONE',  ( -4.092690640145195680, 2.187690640145167897, 25.66900000000000048 ) ) ;
#4091 = CARTESIAN_POINT ( 'NONE',  ( 4.321981201456851274, -1.769454647697201066, 25.21257787137383488 ) ) ;
#4092 = ORIENTED_EDGE ( 'NONE', *, *, #3392, .T. ) ;
#4093 = EDGE_LOOP ( 'NONE', ( #2109, #5582, #1508, #3056 ) ) ;
#4094 = FACE_OUTER_BOUND ( 'NONE', #5038, .T. ) ;
#4095 = COLOUR_RGB ( '',0.7529411764705882248, 0.7529411764705882248, 0.7529411764705882248 ) ;
#4096 = PRESENTATION_LAYER_ASSIGNMENT (  '', '', ( #3185 ) ) ;
#4097 =( LENGTH_UNIT ( ) NAMED_UNIT ( * ) SI_UNIT ( .MILLI., .METRE. ) );
#4098 = ADVANCED_FACE ( 'NONE', ( #4002 ), #2732, .F. ) ;
#4099 = EDGE_CURVE ( 'NONE', #5483, #1991, #745, .T. ) ;
#4100 = CARTESIAN_POINT ( 'NONE',  ( 2.559880592228748419, -1.715119407771248161, 7.000000000000001776 ) ) ;
#4101 = SURFACE_STYLE_FILL_AREA ( #1815 ) ;
#4102 = FACE_OUTER_BOUND ( 'NONE', #2592, .T. ) ;
#4103 = PRESENTATION_LAYER_ASSIGNMENT (  '', '', ( #5540 ) ) ;
#4104 = UNCERTAINTY_MEASURE_WITH_UNIT (LENGTH_MEASURE( 1.000000000000000082E-05 ), #49, 'distance_accuracy_value', 'NONE');
#4105 = CYLINDRICAL_SURFACE ( 'NONE', #2670, 0.3500000000000000333 ) ;
#4106 = EDGE_CURVE ( 'NONE', #4180, #5170, #3450, .T. ) ;
#4107 = ORIENTED_EDGE ( 'NONE', *, *, #2159, .F. ) ;
#4108 = MECHANICAL_DESIGN_GEOMETRIC_PRESENTATION_REPRESENTATION (  '', ( #951 ), #1562 ) ;
#4109 = CARTESIAN_POINT ( 'NONE',  ( 3.429119407771259453, -0.8458805922287331303, 1.350000000000002309 ) ) ;
#4110 = LINE ( 'NONE', #220, #2 ) ;
#4111 = STYLED_ITEM ( 'NONE', ( #1277 ), #249 ) ;
#4112 = DIRECTION ( 'NONE',  ( -1.988267581731810459E-16, -6.123233995736835061E-17, 1.000000000000000000 ) ) ;
#4113 =( GEOMETRIC_REPRESENTATION_CONTEXT ( 3 ) GLOBAL_UNCERTAINTY_ASSIGNED_CONTEXT ( ( #3681 ) ) GLOBAL_UNIT_ASSIGNED_CONTEXT ( ( #490, #5207, #1332 ) ) REPRESENTATION_CONTEXT ( 'NONE', 'WORKASPACE' ) );
#4114 = CARTESIAN_POINT ( 'NONE',  ( 2.540000000000000924, 8.906326651435130784E-15, -5.700000000000000178 ) ) ;
#4115 = ORIENTED_EDGE ( 'NONE', *, *, #146, .F. ) ;
#4116 = CARTESIAN_POINT ( 'NONE',  ( -4.202999999999993186, -2.948000000000014165, 6.999999999999998224 ) ) ;
#4117 = EDGE_CURVE ( 'NONE', #3372, #3276, #2498, .T. ) ;
#4118 = VERTEX_POINT ( 'NONE', #4710 ) ;
#4119 = SURFACE_STYLE_FILL_AREA ( #1907 ) ;
#4120 = ORIENTED_EDGE ( 'NONE', *, *, #1086, .F. ) ;
#4121 = CARTESIAN_POINT ( 'NONE',  ( -0.2499999999999975575, -0.6350000000000006750, -3.175000000000000711 ) ) ;
#4122 = CARTESIAN_POINT ( 'NONE',  ( -4.310355056593206946, -2.405355056593227125, 17.88755170555929297 ) ) ;
#4123 = ORIENTED_EDGE ( 'NONE', *, *, #4451, .T. ) ;
#4124 = ORIENTED_EDGE ( 'NONE', *, *, #1825, .T. ) ;
#4125 = MECHANICAL_DESIGN_GEOMETRIC_PRESENTATION_REPRESENTATION (  '', ( #2097 ), #4851 ) ;
#4126 = CARTESIAN_POINT ( 'NONE',  ( 3.831993128589292308, -2.366714774011420275, 25.66900000000000048 ) ) ;
#4127 = UNCERTAINTY_MEASURE_WITH_UNIT (LENGTH_MEASURE( 1.000000000000000082E-05 ), #1526, 'distance_accuracy_value', 'NONE');
#4128 = LINE ( 'NONE', #3707, #3916 ) ;
#4129 = VECTOR ( 'NONE', #1720, 1000.000000000000000 ) ;
#4130 = DIRECTION ( 'NONE',  ( 1.000000000000000000, 3.571489509364014096E-15, 5.102127870520019996E-16 ) ) ;
#4131 = DIRECTION ( 'NONE',  ( -3.491481338843133355E-15, 1.000000000000000000, 6.123233995736758640E-17 ) ) ;
#4132 = STYLED_ITEM ( 'NONE', ( #75 ), #4496 ) ;
#4133 = EDGE_CURVE ( 'NONE', #4180, #810, #2162, .T. ) ;
#4134 = FILL_AREA_STYLE_COLOUR ( '', #5266 ) ;
#4135 =( LENGTH_UNIT ( ) NAMED_UNIT ( * ) SI_UNIT ( .MILLI., .METRE. ) );
#4136 = DIRECTION ( 'NONE',  ( -1.000000000000000000, -3.491481338843128622E-15, 0.000000000000000000 ) ) ;
#4137 = ORIENTED_EDGE ( 'NONE', *, *, #4583, .F. ) ;
#4138 = MECHANICAL_DESIGN_GEOMETRIC_PRESENTATION_REPRESENTATION (  '', ( #887 ), #3138 ) ;
#4139 = EDGE_CURVE ( 'NONE', #3471, #3551, #2840, .T. ) ;
#4140 = DIRECTION ( 'NONE',  ( 2.966873679532033666E-15, -1.000000000000000000, -6.123233995736770966E-17 ) ) ;
#4141 = DIRECTION ( 'NONE',  ( -1.000000000000000000, -3.571489509364014096E-15, -1.988267581731813171E-16 ) ) ;
#4142 = ORIENTED_EDGE ( 'NONE', *, *, #2857, .T. ) ;
#4143 = EDGE_CURVE ( 'NONE', #3226, #5423, #521, .T. ) ;
#4144 = CARTESIAN_POINT ( 'NONE',  ( -2.969500000000005357, 1.255499999999989624, 0.9999999999999991118 ) ) ;
#4145 = CARTESIAN_POINT ( 'NONE',  ( 4.131063546504073258, 2.226063546504098323, 25.23039567330874533 ) ) ;
#4146 = ORIENTED_EDGE ( 'NONE', *, *, #3728, .F. ) ;
#4147 = CARTESIAN_POINT ( 'NONE',  ( -4.131063546504096351, 2.226063546504069013, 25.23039567330873112 ) ) ;
#4148 =( NAMED_UNIT ( * ) SI_UNIT ( $, .STERADIAN. ) SOLID_ANGLE_UNIT ( ) );
#4149 = AXIS2_PLACEMENT_3D ( 'NONE', #4862, #1014, #4088 ) ;
#4150 = SURFACE_SIDE_STYLE ('',( #1512 ) ) ;
#4151 = DIRECTION ( 'NONE',  ( 1.988267581731810705E-16, 6.123233995736836294E-17, -1.000000000000000000 ) ) ;
#4152 = CARTESIAN_POINT ( 'NONE',  ( -4.952995311701721803, -2.400468757942110010, 18.00005358749447737 ) ) ;
#4153 = SURFACE_SIDE_STYLE ('',( #2396 ) ) ;
#4154 = DIRECTION ( 'NONE',  ( 1.000000000000000000, 3.469446951953613400E-15, 0.000000000000000000 ) ) ;
#4155 = AXIS2_PLACEMENT_3D ( 'NONE', #3845, #1228, #327 ) ;
#4156 = SURFACE_SIDE_STYLE ('',( #1567 ) ) ;
#4157 = CARTESIAN_POINT ( 'NONE',  ( -2.965000000000002522, 1.015999999999989356, -5.500000000000001776 ) ) ;
#4158 = ORIENTED_EDGE ( 'NONE', *, *, #2933, .T. ) ;
#4159 =( NAMED_UNIT ( * ) SI_UNIT ( $, .STERADIAN. ) SOLID_ANGLE_UNIT ( ) );
#4160 = PLANE ( 'NONE',  #1715 ) ;
#4161 = EDGE_CURVE ( 'NONE', #4947, #4296, #5090, .T. ) ;
#4162 = CIRCLE ( 'NONE', #631, 0.4250000000000000444 ) ;
#4163 = PRESENTATION_STYLE_ASSIGNMENT (( #3751 ) ) ;
#4164 = ORIENTED_EDGE ( 'NONE', *, *, #1979, .T. ) ;
#4165 = AXIS2_PLACEMENT_3D ( 'NONE', #4629, #2443, #313 ) ;
#4166 = DIRECTION ( 'NONE',  ( 1.988267581731810705E-16, 6.123233995736836294E-17, -1.000000000000000000 ) ) ;
#4167 = PRESENTATION_LAYER_ASSIGNMENT (  '', '', ( #4373 ) ) ;
#4168 = EDGE_CURVE ( 'NONE', #3276, #5533, #5186, .T. ) ;
#4169 = COLOUR_RGB ( '',0.8627450980392157298, 0.5882352941176470784, 0.06274509803921568540 ) ;
#4170 =( NAMED_UNIT ( * ) PLANE_ANGLE_UNIT ( ) SI_UNIT ( $, .RADIAN. ) );
#4171 = ORIENTED_EDGE ( 'NONE', *, *, #486, .T. ) ;
#4172 = UNCERTAINTY_MEASURE_WITH_UNIT (LENGTH_MEASURE( 1.000000000000000082E-05 ), #4740, 'distance_accuracy_value', 'NONE');
#4173 = SURFACE_STYLE_FILL_AREA ( #1590 ) ;
#4174 = CIRCLE ( 'NONE', #5087, 0.1000000000000000056 ) ;
#4175 = AXIS2_PLACEMENT_3D ( 'NONE', #2562, #2016, #1704 ) ;
#4176 = FILL_AREA_STYLE ('',( #315 ) ) ;
#4177 = DIRECTION ( 'NONE',  ( 1.000000000000000000, 2.966873679532034060E-15, 1.112675276070189491E-16 ) ) ;
#4178 = DIRECTION ( 'NONE',  ( 1.988267581731810705E-16, 6.123233995736836294E-17, -1.000000000000000000 ) ) ;
#4179 = CYLINDRICAL_SURFACE ( 'NONE', #4933, 0.6500000000000000222 ) ;
#4180 = VERTEX_POINT ( 'NONE', #3950 ) ;
#4181 = PRESENTATION_LAYER_ASSIGNMENT (  '', '', ( #3528 ) ) ;
#4182 = PRESENTATION_LAYER_ASSIGNMENT (  '', '', ( #5091 ) ) ;
#4183 = UNCERTAINTY_MEASURE_WITH_UNIT (LENGTH_MEASURE( 1.000000000000000082E-05 ), #271, 'distance_accuracy_value', 'NONE');
#4184 =( NAMED_UNIT ( * ) SI_UNIT ( $, .STERADIAN. ) SOLID_ANGLE_UNIT ( ) );
#4185 = EDGE_CURVE ( 'NONE', #394, #3948, #5253, .T. ) ;
#4186 =( BOUNDED_CURVE ( )  B_SPLINE_CURVE ( 3, ( #3963, #4403, #5239, #3045 ),
 .UNSPECIFIED., .F., .T. ) 
 B_SPLINE_CURVE_WITH_KNOTS ( ( 4, 4 ),
 ( 5.501585242055419656, 6.283185307179586232 ),
 .UNSPECIFIED. ) 
 CURVE ( )  GEOMETRIC_REPRESENTATION_ITEM ( )  RATIONAL_B_SPLINE_CURVE ( ( 1.000000000000000000, 0.9497364005219712801, 0.9497364005219712801, 1.000000000000000000 ) ) 
 REPRESENTATION_ITEM ( '' )  );
#4187 = TOROIDAL_SURFACE ( 'NONE', #1641, 0.2999999999999998779, 0.3499999999999999778 ) ;
#4188 = VECTOR ( 'NONE', #4443, 1000.000000000000000 ) ;
#4189 = SURFACE_STYLE_USAGE ( .BOTH. , #4156 ) ;
#4190 = CARTESIAN_POINT ( 'NONE',  ( -4.251516619242164730, -2.105610473703450669, 25.23039567366631175 ) ) ;
#4191 = ORIENTED_EDGE ( 'NONE', *, *, #5298, .T. ) ;
#4192 = SURFACE_STYLE_USAGE ( .BOTH. , #721 ) ;
#4193 = VECTOR ( 'NONE', #662, 1000.000000000000000 ) ;
#4194 = CYLINDRICAL_SURFACE ( 'NONE', #3153, 0.2500000000000000000 ) ;
#4195 = UNCERTAINTY_MEASURE_WITH_UNIT (LENGTH_MEASURE( 1.000000000000000082E-05 ), #136, 'distance_accuracy_value', 'NONE');
#4196 = DIRECTION ( 'NONE',  ( -1.988267581731810459E-16, -6.123233995736835061E-17, 1.000000000000000000 ) ) ;
#4197 =( GEOMETRIC_REPRESENTATION_CONTEXT ( 3 ) GLOBAL_UNCERTAINTY_ASSIGNED_CONTEXT ( ( #2912 ) ) GLOBAL_UNIT_ASSIGNED_CONTEXT ( ( #3584, #3061, #1351 ) ) REPRESENTATION_CONTEXT ( 'NONE', 'WORKASPACE' ) );
#4198 = MECHANICAL_DESIGN_GEOMETRIC_PRESENTATION_REPRESENTATION (  '', ( #559 ), #3274 ) ;
#4199 = ORIENTED_EDGE ( 'NONE', *, *, #5585, .F. ) ;
#4200 = ADVANCED_FACE ( 'NONE', ( #389 ), #2372, .T. ) ;
#4201 = FACE_OUTER_BOUND ( 'NONE', #1453, .T. ) ;
#4202 = FILL_AREA_STYLE ('',( #1088 ) ) ;
#4203 = AXIS2_PLACEMENT_3D ( 'NONE', #5421, #4636, #2822 ) ;
#4204 = ORIENTED_EDGE ( 'NONE', *, *, #625, .T. ) ;
#4205 = FACE_OUTER_BOUND ( 'NONE', #3326, .T. ) ;
#4206 =( NAMED_UNIT ( * ) SI_UNIT ( $, .STERADIAN. ) SOLID_ANGLE_UNIT ( ) );
#4207 = CARTESIAN_POINT ( 'NONE',  ( 4.952998437232021267, 2.399645842090476044, 18.00001786251963054 ) ) ;
#4208 =( GEOMETRIC_REPRESENTATION_CONTEXT ( 3 ) GLOBAL_UNCERTAINTY_ASSIGNED_CONTEXT ( ( #5035 ) ) GLOBAL_UNIT_ASSIGNED_CONTEXT ( ( #131, #572, #4044 ) ) REPRESENTATION_CONTEXT ( 'NONE', 'WORKASPACE' ) );
#4209 =( NAMED_UNIT ( * ) SI_UNIT ( $, .STERADIAN. ) SOLID_ANGLE_UNIT ( ) );
#4210 = ORIENTED_EDGE ( 'NONE', *, *, #625, .F. ) ;
#4211 = ADVANCED_FACE ( 'NONE', ( #2149 ), #3840, .T. ) ;
#4212 = DIRECTION ( 'NONE',  ( -1.000000000000000000, -3.469446951953614189E-15, 0.000000000000000000 ) ) ;
#4213 =( GEOMETRIC_REPRESENTATION_CONTEXT ( 3 ) GLOBAL_UNCERTAINTY_ASSIGNED_CONTEXT ( ( #2796 ) ) GLOBAL_UNIT_ASSIGNED_CONTEXT ( ( #307, #3671, #4206 ) ) REPRESENTATION_CONTEXT ( 'NONE', 'WORKASPACE' ) );
#4214 =( NAMED_UNIT ( * ) SI_UNIT ( $, .STERADIAN. ) SOLID_ANGLE_UNIT ( ) );
#4215 = CARTESIAN_POINT ( 'NONE',  ( -3.780185667963021690, 1.875185667962997460, 25.66900000000000048 ) ) ;
#4216 = CARTESIAN_POINT ( 'NONE',  ( -1.269999999999997575, -0.6350000000000042277, -3.175000000000000711 ) ) ;
#4217 = PRESENTATION_STYLE_ASSIGNMENT (( #3262 ) ) ;
#4218 = ORIENTED_EDGE ( 'NONE', *, *, #1978, .F. ) ;
#4219 = CIRCLE ( 'NONE', #577, 0.4250000000000000444 ) ;
#4220 = DIRECTION ( 'NONE',  ( -1.000000000000000000, -5.299933832763137787E-15, -8.673617379884050263E-16 ) ) ;
#4221 = SURFACE_SIDE_STYLE ('',( #1947 ) ) ;
#4222 = VECTOR ( 'NONE', #5403, 1000.000000000000000 ) ;
#4223 =( GEOMETRIC_REPRESENTATION_CONTEXT ( 3 ) GLOBAL_UNCERTAINTY_ASSIGNED_CONTEXT ( ( #262 ) ) GLOBAL_UNIT_ASSIGNED_CONTEXT ( ( #4320, #2119, #1657 ) ) REPRESENTATION_CONTEXT ( 'NONE', 'WORKASPACE' ) );
#4224 = CARTESIAN_POINT ( 'NONE',  ( -3.674454647697224186, 1.918883852410967039, 25.66900000000000048 ) ) ;
#4225 =( LENGTH_UNIT ( ) NAMED_UNIT ( * ) SI_UNIT ( .MILLI., .METRE. ) );
#4226 = ORIENTED_EDGE ( 'NONE', *, *, #4400, .F. ) ;
#4227 = LINE ( 'NONE', #353, #1675 ) ;
#4228 = PRESENTATION_LAYER_ASSIGNMENT (  '', '', ( #1244 ) ) ;
#4229 = COLOUR_RGB ( '',0.2862745098039215508, 0.3254901960784313819, 0.5882352941176470784 ) ;
#4230 = CARTESIAN_POINT ( 'NONE',  ( 0.8799999999999982281, 0.6350000000000033396, -2.096841640279847982E-16 ) ) ;
#4231 = MECHANICAL_DESIGN_GEOMETRIC_PRESENTATION_REPRESENTATION (  '', ( #5305 ), #5570 ) ;
#4232 = PRESENTATION_STYLE_ASSIGNMENT (( #4613 ) ) ;
#4233 = COLOUR_RGB ( '',0.7529411764705882248, 0.7529411764705882248, 0.7529411764705882248 ) ;
#4234 = CARTESIAN_POINT ( 'NONE',  ( -1.270000000000002016, 0.6349999999999953459, 0.000000000000000000 ) ) ;
#4235 = VERTEX_POINT ( 'NONE', #5364 ) ;
#4236 = CARTESIAN_POINT ( 'NONE',  ( 2.495357067885372476E-15, -0.6349999999999997868, -3.075000000000001510 ) ) ;
#4237 =( NAMED_UNIT ( * ) PLANE_ANGLE_UNIT ( ) SI_UNIT ( $, .RADIAN. ) );
#4238 = ORIENTED_EDGE ( 'NONE', *, *, #5439, .T. ) ;
#4239 = VERTEX_POINT ( 'NONE', #4091 ) ;
#4240 = SURFACE_STYLE_FILL_AREA ( #5557 ) ;
#4241 = ORIENTED_EDGE ( 'NONE', *, *, #2020, .F. ) ;
#4242 = CYLINDRICAL_SURFACE ( 'NONE', #5512, 0.6499999999999999112 ) ;
#4243 = UNCERTAINTY_MEASURE_WITH_UNIT (LENGTH_MEASURE( 1.000000000000000082E-05 ), #338, 'distance_accuracy_value', 'NONE');
#4244 = DIRECTION ( 'NONE',  ( 1.988267581731811198E-16, 6.123233995736835061E-17, -1.000000000000000000 ) ) ;
#4245 = ADVANCED_FACE ( 'NONE', ( #3224 ), #802, .T. ) ;
#4246 = CARTESIAN_POINT ( 'NONE',  ( -2.765000000000002345, 1.015999999999990022, -5.700000000000000178 ) ) ;
#4247 = AXIS2_PLACEMENT_3D ( 'NONE', #5530, #2502, #4275 ) ;
#4248 = FACE_OUTER_BOUND ( 'NONE', #3463, .T. ) ;
#4249 = DIRECTION ( 'NONE',  ( -6.385093352530581152E-17, 6.123233995736745082E-17, -1.000000000000000000 ) ) ;
#4250 = ORIENTED_EDGE ( 'NONE', *, *, #5154, .T. ) ;
#4251 =( LENGTH_UNIT ( ) NAMED_UNIT ( * ) SI_UNIT ( .MILLI., .METRE. ) );
#4252 = DIRECTION ( 'NONE',  ( 1.000000000000000000, 3.614007241618346010E-15, 0.000000000000000000 ) ) ;
#4253 = STYLED_ITEM ( 'NONE', ( #2065 ), #1826 ) ;
#4254 = UNCERTAINTY_MEASURE_WITH_UNIT (LENGTH_MEASURE( 1.000000000000000082E-05 ), #5291, 'distance_accuracy_value', 'NONE');
#4255 = FACE_OUTER_BOUND ( 'NONE', #3364, .T. ) ;
#4256 = EDGE_CURVE ( 'NONE', #5289, #1225, #5222, .T. ) ;
#4257 = ADVANCED_FACE ( 'NONE', ( #2014 ), #5472, .T. ) ;
#4258 = CARTESIAN_POINT ( 'NONE',  ( 2.495357067885372476E-15, -0.6349999999999997868, -3.075000000000001510 ) ) ;
#4259 = LINE ( 'NONE', #269, #1311 ) ;
#4260 = PRESENTATION_LAYER_ASSIGNMENT (  '', '', ( #3506 ) ) ;
#4261 = ORIENTED_EDGE ( 'NONE', *, *, #814, .T. ) ;
#4262 = FILL_AREA_STYLE ('',( #5574 ) ) ;
#4263 =( LENGTH_UNIT ( ) NAMED_UNIT ( * ) SI_UNIT ( .MILLI., .METRE. ) );
#4264 = AXIS2_PLACEMENT_3D ( 'NONE', #2383, #3695, #5463 ) ;
#4265 = VERTEX_POINT ( 'NONE', #2720 ) ;
#4266 = STYLED_ITEM ( 'NONE', ( #3876 ), #2370 ) ;
#4267 = CARTESIAN_POINT ( 'NONE',  ( 3.619499999999999496, 0.3862611844575010167, 1.000000000000002665 ) ) ;
#4268 = ORIENTED_EDGE ( 'NONE', *, *, #1952, .T. ) ;
#4269 = EDGE_LOOP ( 'NONE', ( #2328, #4142, #3027, #816, #4609, #5437, #3855, #476 ) ) ;
#4270 = DIRECTION ( 'NONE',  ( -1.000000000000000000, -3.252606517456511724E-15, 0.000000000000000000 ) ) ;
#4271 = ORIENTED_EDGE ( 'NONE', *, *, #2026, .T. ) ;
#4272 = DIRECTION ( 'NONE',  ( -1.988267581731810705E-16, -6.123233995736836294E-17, 1.000000000000000000 ) ) ;
#4273 = FACE_OUTER_BOUND ( 'NONE', #491, .T. ) ;
#4274 = PRESENTATION_LAYER_ASSIGNMENT (  '', '', ( #3442 ) ) ;
#4275 = DIRECTION ( 'NONE',  ( 1.000000000000000000, 3.469446951953614189E-15, 1.988267581731812924E-16 ) ) ;
#4276 = CARTESIAN_POINT ( 'NONE',  ( -1.660000000000001918, 0.6349999999999940137, 1.000000000000000666 ) ) ;
#4277 =( NAMED_UNIT ( * ) PLANE_ANGLE_UNIT ( ) SI_UNIT ( $, .RADIAN. ) );
#4278 = ORIENTED_EDGE ( 'NONE', *, *, #2432, .T. ) ;
#4279 =( GEOMETRIC_REPRESENTATION_CONTEXT ( 3 ) GLOBAL_UNCERTAINTY_ASSIGNED_CONTEXT ( ( #1124 ) ) GLOBAL_UNIT_ASSIGNED_CONTEXT ( ( #3500, #421, #2095 ) ) REPRESENTATION_CONTEXT ( 'NONE', 'WORKASPACE' ) );
#4280 = EDGE_CURVE ( 'NONE', #1599, #4438, #3638, .T. ) ;
#4281 = COLOUR_RGB ( '',0.2862745098039215508, 0.3254901960784313819, 0.5882352941176470784 ) ;
#4282 = ADVANCED_FACE ( 'NONE', ( #2751 ), #2321, .F. ) ;
#4283 = PRESENTATION_STYLE_ASSIGNMENT (( #2944 ) ) ;
#4284 = DIRECTION ( 'NONE',  ( -1.988267581731810705E-16, -6.123233995736836294E-17, 1.000000000000000000 ) ) ;
#4285 = CYLINDRICAL_SURFACE ( 'NONE', #1063, 0.6500000000000000222 ) ;
#4286 = DIRECTION ( 'NONE',  ( -1.000000000000000000, -3.491481338843133355E-15, -1.988267581731812678E-16 ) ) ;
#4287 = AXIS2_PLACEMENT_3D ( 'NONE', #5080, #1261, #5522 ) ;
#4288 = CARTESIAN_POINT ( 'NONE',  ( 1.270000000000002682, -0.6349999999999953459, -3.075000000000001510 ) ) ;
#4289 = ORIENTED_EDGE ( 'NONE', *, *, #5404, .F. ) ;
#4290 = CARTESIAN_POINT ( 'NONE',  ( -4.203000000000011838, 2.947999999999984855, 7.249999999999998224 ) ) ;
#4291 = EDGE_CURVE ( 'NONE', #4621, #1612, #1001, .T. ) ;
#4292 =( NAMED_UNIT ( * ) SI_UNIT ( $, .STERADIAN. ) SOLID_ANGLE_UNIT ( ) );
#4293 = LINE ( 'NONE', #28, #3857 ) ;
#4294 = VERTEX_POINT ( 'NONE', #4329 ) ;
#4295 =( NAMED_UNIT ( * ) SI_UNIT ( $, .STERADIAN. ) SOLID_ANGLE_UNIT ( ) );
#4296 = VERTEX_POINT ( 'NONE', #5225 ) ;
#4297 = EDGE_LOOP ( 'NONE', ( #1878, #3041, #1911, #395 ) ) ;
#4298 = FACE_OUTER_BOUND ( 'NONE', #5459, .T. ) ;
#4299 = ORIENTED_EDGE ( 'NONE', *, *, #4139, .F. ) ;
#4300 = ADVANCED_FACE ( 'NONE', ( #5190 ), #2992, .T. ) ;
#4301 = CIRCLE ( 'NONE', #1989, 0.2999999999999999334 ) ;
#4302 = LINE ( 'NONE', #5045, #3569 ) ;
#4303 =( NAMED_UNIT ( * ) SI_UNIT ( $, .STERADIAN. ) SOLID_ANGLE_UNIT ( ) );
#4304 = DIRECTION ( 'NONE',  ( 3.357436149580553077E-15, -1.000000000000000000, -6.123233995736763571E-17 ) ) ;
#4305 = CARTESIAN_POINT ( 'NONE',  ( -1.270000000000001350, 0.6349999999999955680, -3.175000000000000711 ) ) ;
#4306 = DIRECTION ( 'NONE',  ( -1.000000000000000000, -3.614007241618348376E-15, -5.560011140951304512E-16 ) ) ;
#4307 = DIRECTION ( 'NONE',  ( 1.000000000000000000, 3.336006684570785271E-15, 1.988267581731812924E-16 ) ) ;
#4308 = FACE_OUTER_BOUND ( 'NONE', #1976, .T. ) ;
#4309 = ORIENTED_EDGE ( 'NONE', *, *, #4050, .T. ) ;
#4310 = CARTESIAN_POINT ( 'NONE',  ( 3.674454647697205978, 1.918883852410988133, 25.66900000000000048 ) ) ;
#4311 = CARTESIAN_POINT ( 'NONE',  ( -2.969500000000007134, 1.905499999999989535, 1.349999999999998757 ) ) ;
#4312 = UNCERTAINTY_MEASURE_WITH_UNIT (LENGTH_MEASURE( 1.000000000000000082E-05 ), #4941, 'distance_accuracy_value', 'NONE');
#4313 = CARTESIAN_POINT ( 'NONE',  ( 2.559880592228737761, 1.715119407771264148, 7.000000000000002665 ) ) ;
#4314 =( NAMED_UNIT ( * ) PLANE_ANGLE_UNIT ( ) SI_UNIT ( $, .RADIAN. ) );
#4315 = PRESENTATION_STYLE_ASSIGNMENT (( #2539 ) ) ;
#4316 = SURFACE_STYLE_FILL_AREA ( #3013 ) ;
#4317 = COLOUR_RGB ( '',0.8627450980392157298, 0.5882352941176470784, 0.06274509803921568540 ) ;
#4318 = DIRECTION ( 'NONE',  ( -1.988267581731810459E-16, -6.123233995736835061E-17, 1.000000000000000000 ) ) ;
#4319 = AXIS2_PLACEMENT_3D ( 'NONE', #3462, #2133, #4307 ) ;
#4320 =( LENGTH_UNIT ( ) NAMED_UNIT ( * ) SI_UNIT ( .MILLI., .METRE. ) );
#4321 = ORIENTED_EDGE ( 'NONE', *, *, #5104, .T. ) ;
#4322 = EDGE_CURVE ( 'NONE', #3715, #2584, #983, .T. ) ;
#4323 = CARTESIAN_POINT ( 'NONE',  ( 1.270000000000002016, -0.6349999999999955680, 0.000000000000000000 ) ) ;
#4324 =( NAMED_UNIT ( * ) PLANE_ANGLE_UNIT ( ) SI_UNIT ( $, .RADIAN. ) );
#4325 = AXIS2_PLACEMENT_3D ( 'NONE', #5351, #1496, #1468 ) ;
#4326 = ADVANCED_FACE ( 'NONE', ( #1754, #4 ), #1198, .T. ) ;
#4327 = EDGE_CURVE ( 'NONE', #5365, #3471, #4302, .T. ) ;
#4328 = CARTESIAN_POINT ( 'NONE',  ( 4.310355056593199841, 3.052881610352859543, 17.94420293834527413 ) ) ;
#4329 = CARTESIAN_POINT ( 'NONE',  ( -3.674454647697224186, 1.918883852410967039, 25.66900000000000048 ) ) ;
#4330 = ORIENTED_EDGE ( 'NONE', *, *, #384, .T. ) ;
#4331 = MECHANICAL_DESIGN_GEOMETRIC_PRESENTATION_REPRESENTATION (  '', ( #4132 ), #4771 ) ;
#4332 = CYLINDRICAL_SURFACE ( 'NONE', #2860, 0.4250000000000000444 ) ;
#4333 = ORIENTED_EDGE ( 'NONE', *, *, #2011, .T. ) ;
#4334 = ORIENTED_EDGE ( 'NONE', *, *, #5060, .F. ) ;
#4335 = CARTESIAN_POINT ( 'NONE',  ( -1.317506431553811078E-15, 0.6350000000000002309, -3.175000000000000711 ) ) ;
#4336 = ORIENTED_EDGE ( 'NONE', *, *, #3156, .F. ) ;
#4337 = MECHANICAL_DESIGN_GEOMETRIC_PRESENTATION_REPRESENTATION (  '', ( #1422 ), #4041 ) ;
#4338 = DIRECTION ( 'NONE',  ( 0.9961946980917452121, 3.336006684570783299E-15, 0.08715574274766048346 ) ) ;
#4339 = CARTESIAN_POINT ( 'NONE',  ( 1.270000000000002016, -0.6349999999999955680, 0.000000000000000000 ) ) ;
#4340 = DIRECTION ( 'NONE',  ( 1.000000000000000000, 3.491481338843133355E-15, 5.376517026358584721E-16 ) ) ;
#4341 = CARTESIAN_POINT ( 'NONE',  ( 4.953000000000003844, -2.397999999999983256, 7.250000000000002665 ) ) ;
#4342 = CARTESIAN_POINT ( 'NONE',  ( -0.3900000000000021783, 0.6349999999999985656, 1.000000000000000666 ) ) ;
#4343 = ORIENTED_EDGE ( 'NONE', *, *, #5578, .T. ) ;
#4344 = CARTESIAN_POINT ( 'NONE',  ( -2.965000000000003855, 1.015999999999988912, 0.9999999999999988898 ) ) ;
#4345 = CARTESIAN_POINT ( 'NONE',  ( -1.948781388753659952E-15, 0.6350000000000000089, 0.000000000000000000 ) ) ;
#4346 =( NAMED_UNIT ( * ) PLANE_ANGLE_UNIT ( ) SI_UNIT ( $, .RADIAN. ) );
#4347 =( LENGTH_UNIT ( ) NAMED_UNIT ( * ) SI_UNIT ( .MILLI., .METRE. ) );
#4348 =( NAMED_UNIT ( * ) SI_UNIT ( $, .STERADIAN. ) SOLID_ANGLE_UNIT ( ) );
#4349 = DIRECTION ( 'NONE',  ( 1.000000000000000000, 3.502807018799322109E-15, 1.988267581731812924E-16 ) ) ;
#4350 = ORIENTED_EDGE ( 'NONE', *, *, #1262, .T. ) ;
#4351 = VECTOR ( 'NONE', #4032, 1000.000000000000000 ) ;
#4352 = SURFACE_STYLE_USAGE ( .BOTH. , #5518 ) ;
#4353 = VERTEX_POINT ( 'NONE', #3786 ) ;
#4354 = COLOUR_RGB ( '',0.8627450980392157298, 0.5882352941176470784, 0.06274509803921568540 ) ;
#4355 = FACE_OUTER_BOUND ( 'NONE', #3685, .T. ) ;
#4356 = EDGE_CURVE ( 'NONE', #3419, #3409, #5054, .T. ) ;
#4357 = ORIENTED_EDGE ( 'NONE', *, *, #4280, .T. ) ;
#4358 = CIRCLE ( 'NONE', #168, 0.2249999999999999500 ) ;
#4359 = VERTEX_POINT ( 'NONE', #2282 ) ;
#4360 = CARTESIAN_POINT ( 'NONE',  ( 0.1500000000000025757, -0.6349999999999992317, -3.175000000000000711 ) ) ;
#4361 = ORIENTED_EDGE ( 'NONE', *, *, #2227, .T. ) ;
#4362 = STYLED_ITEM ( 'NONE', ( #2852 ), #2468 ) ;
#4363 = SURFACE_SIDE_STYLE ('',( #2531 ) ) ;
#4364 = PRESENTATION_STYLE_ASSIGNMENT (( #3427 ) ) ;
#4365 = CYLINDRICAL_SURFACE ( 'NONE', #3534, 0.3899999999999999578 ) ;
#4366 = FACE_OUTER_BOUND ( 'NONE', #1739, .T. ) ;
#4367 = CIRCLE ( 'NONE', #1446, 0.6499999999999995781 ) ;
#4368 = EDGE_LOOP ( 'NONE', ( #1629, #3091, #3661, #4738 ) ) ;
#4369 = DIRECTION ( 'NONE',  ( -1.000000000000000000, -3.336006684570782904E-15, 0.000000000000000000 ) ) ;
#4370 = DIRECTION ( 'NONE',  ( 1.000000000000000000, 3.614007241618348376E-15, 5.560011140951304512E-16 ) ) ;
#4371 = UNCERTAINTY_MEASURE_WITH_UNIT (LENGTH_MEASURE( 1.000000000000000082E-05 ), #3310, 'distance_accuracy_value', 'NONE');
#4372 =( NAMED_UNIT ( * ) SI_UNIT ( $, .STERADIAN. ) SOLID_ANGLE_UNIT ( ) );
#4373 = STYLED_ITEM ( 'NONE', ( #773 ), #3049 ) ;
#4374 = SURFACE_STYLE_USAGE ( .BOTH. , #5269 ) ;
#4375 = PRESENTATION_STYLE_ASSIGNMENT (( #4732 ) ) ;
#4376 = EDGE_LOOP ( 'NONE', ( #5550, #1122, #5251, #5323 ) ) ;
#4377 = CIRCLE ( 'NONE', #2610, 0.5000000000000000000 ) ;
#4378 = CARTESIAN_POINT ( 'NONE',  ( -3.823883852410975059, -1.769454647697229710, 25.16900000000000048 ) ) ;
#4379 = EDGE_CURVE ( 'NONE', #5171, #199, #4950, .T. ) ;
#4380 = TOROIDAL_SURFACE ( 'NONE', #4460, 0.1500000000000000777, 0.1000000000000000056 ) ;
#4381 = PRESENTATION_LAYER_ASSIGNMENT (  '', '', ( #924 ) ) ;
#4382 = FACE_OUTER_BOUND ( 'NONE', #4643, .T. ) ;
#4383 = ORIENTED_EDGE ( 'NONE', *, *, #3129, .F. ) ;
#4384 =( GEOMETRIC_REPRESENTATION_CONTEXT ( 3 ) GLOBAL_UNCERTAINTY_ASSIGNED_CONTEXT ( ( #725 ) ) GLOBAL_UNIT_ASSIGNED_CONTEXT ( ( #2465, #1394, #1750 ) ) REPRESENTATION_CONTEXT ( 'NONE', 'WORKASPACE' ) );
#4385 = MECHANICAL_DESIGN_GEOMETRIC_PRESENTATION_REPRESENTATION (  '', ( #1975 ), #735 ) ;
#4386 = DIRECTION ( 'NONE',  ( -1.988267581731810705E-16, -6.123233995736836294E-17, 1.000000000000000000 ) ) ;
#4387 = DIRECTION ( 'NONE',  ( -0.7071067811865499042, 0.7071067811865452413, -3.368793620385340999E-16 ) ) ;
#4388 = DIRECTION ( 'NONE',  ( 1.000000000000000000, 3.491481338843133355E-15, 1.988267581731812678E-16 ) ) ;
#4389 = ORIENTED_EDGE ( 'NONE', *, *, #4472, .F. ) ;
#4390 = COLOUR_RGB ( '',0.2509803921568627416, 0.2509803921568627416, 0.2509803921568627416 ) ;
#4391 = FACE_OUTER_BOUND ( 'NONE', #920, .T. ) ;
#4392 = DIRECTION ( 'NONE',  ( -2.478176394252581338E-15, 1.000000000000000000, 0.000000000000000000 ) ) ;
#4393 = ORIENTED_EDGE ( 'NONE', *, *, #1265, .T. ) ;
#4394 = EDGE_CURVE ( 'NONE', #3777, #3409, #590, .T. ) ;
#4395 = AXIS2_PLACEMENT_3D ( 'NONE', #1893, #3576, #3544 ) ;
#4396 =( NAMED_UNIT ( * ) PLANE_ANGLE_UNIT ( ) SI_UNIT ( $, .RADIAN. ) );
#4397 = SURFACE_STYLE_USAGE ( .BOTH. , #5564 ) ;
#4398 = FILL_AREA_STYLE ('',( #838 ) ) ;
#4399 = EDGE_LOOP ( 'NONE', ( #3757, #2069, #138, #3251, #3142, #2015 ) ) ;
#4400 = EDGE_CURVE ( 'NONE', #2307, #1728, #2009, .T. ) ;
#4401 = FACE_OUTER_BOUND ( 'NONE', #4711, .T. ) ;
#4402 = DIRECTION ( 'NONE',  ( 1.000000000000000000, 3.469446951953614189E-15, 0.000000000000000000 ) ) ;
#4403 = CARTESIAN_POINT ( 'NONE',  ( -3.847906756058729894, -2.415969464494005070, 25.22414207777594441 ) ) ;
#4404 =( NAMED_UNIT ( * ) PLANE_ANGLE_UNIT ( ) SI_UNIT ( $, .RADIAN. ) );
#4405 = ORIENTED_EDGE ( 'NONE', *, *, #3888, .T. ) ;
#4406 = STYLED_ITEM ( 'NONE', ( #3985 ), #328 ) ;
#4407 = AXIS2_PLACEMENT_3D ( 'NONE', #1586, #425, #4270 ) ;
#4408 = PRESENTATION_STYLE_ASSIGNMENT (( #3476 ) ) ;
#4409 = PRESENTATION_STYLE_ASSIGNMENT (( #4352 ) ) ;
#4410 = VERTEX_POINT ( 'NONE', #4655 ) ;
#4411 = VECTOR ( 'NONE', #2667, 1000.000000000000000 ) ;
#4412 =( NAMED_UNIT ( * ) PLANE_ANGLE_UNIT ( ) SI_UNIT ( $, .RADIAN. ) );
#4413 = PRESENTATION_STYLE_ASSIGNMENT (( #4855 ) ) ;
#4414 = VECTOR ( 'NONE', #2985, 1000.000000000000000 ) ;
#4415 = CARTESIAN_POINT ( 'NONE',  ( -4.092690640145179692, -2.187690640145197651, 25.66900000000000048 ) ) ;
#4416 =( GEOMETRIC_REPRESENTATION_CONTEXT ( 3 ) GLOBAL_UNCERTAINTY_ASSIGNED_CONTEXT ( ( #428 ) ) GLOBAL_UNIT_ASSIGNED_CONTEXT ( ( #3726, #4170, #4209 ) ) REPRESENTATION_CONTEXT ( 'NONE', 'WORKASPACE' ) );
#4417 = ORIENTED_EDGE ( 'NONE', *, *, #1862, .F. ) ;
#4418 = FILL_AREA_STYLE_COLOUR ( '', #1572 ) ;
#4419 = EDGE_LOOP ( 'NONE', ( #5519, #2350, #2101, #986 ) ) ;
#4420 =( GEOMETRIC_REPRESENTATION_CONTEXT ( 3 ) GLOBAL_UNCERTAINTY_ASSIGNED_CONTEXT ( ( #322 ) ) GLOBAL_UNIT_ASSIGNED_CONTEXT ( ( #1, #1617, #1776 ) ) REPRESENTATION_CONTEXT ( 'NONE', 'WORKASPACE' ) );
#4421 = DIRECTION ( 'NONE',  ( -1.988267581731811198E-16, -6.123233995736835061E-17, 1.000000000000000000 ) ) ;
#4422 = CARTESIAN_POINT ( 'NONE',  ( -4.302999999999996383, -2.398000000000015675, 7.249999999999997335 ) ) ;
#4423 =( BOUNDED_CURVE ( )  B_SPLINE_CURVE ( 3, ( #3693, #2896, #4994, #5440 ),
 .UNSPECIFIED., .F., .T. ) 
 B_SPLINE_CURVE_WITH_KNOTS ( ( 4, 4 ),
 ( 5.501585242055419656, 6.283185307179586232 ),
 .UNSPECIFIED. ) 
 CURVE ( )  GEOMETRIC_REPRESENTATION_ITEM ( )  RATIONAL_B_SPLINE_CURVE ( ( 1.000000000000000000, 0.9497364005219712801, 0.9497364005219712801, 1.000000000000000000 ) ) 
 REPRESENTATION_ITEM ( '' )  );
#4424 = SURFACE_STYLE_FILL_AREA ( #535 ) ;
#4425 = VECTOR ( 'NONE', #2598, 1000.000000000000000 ) ;
#4426 = ORIENTED_EDGE ( 'NONE', *, *, #1857, .F. ) ;
#4427 = EDGE_CURVE ( 'NONE', #3226, #1906, #2813, .T. ) ;
#4428 = CARTESIAN_POINT ( 'NONE',  ( -2.969499999999997364, -1.905500000000011518, 6.999999999999998224 ) ) ;
#4429 = DIRECTION ( 'NONE',  ( -1.000000000000000000, -3.571489509364014096E-15, -5.102127870520019996E-16 ) ) ;
#4430 = CARTESIAN_POINT ( 'NONE',  ( -0.1499999999999975797, -0.6350000000000003419, -3.075000000000001510 ) ) ;
#4431 = ORIENTED_EDGE ( 'NONE', *, *, #3559, .F. ) ;
#4432 = SURFACE_SIDE_STYLE ('',( #4048 ) ) ;
#4433 = DIRECTION ( 'NONE',  ( 5.376517026358582749E-16, 6.123233995736954623E-17, -1.000000000000000000 ) ) ;
#4434 = CARTESIAN_POINT ( 'NONE',  ( 2.312393218813457274, -1.467632034355957016, 1.000000000000000888 ) ) ;
#4435 = MECHANICAL_DESIGN_GEOMETRIC_PRESENTATION_REPRESENTATION (  '', ( #3506 ), #4062 ) ;
#4436 = CYLINDRICAL_SURFACE ( 'NONE', #5390, 0.6500000000000000222 ) ;
#4437 = CARTESIAN_POINT ( 'NONE',  ( 3.429119407771259453, -0.8458805922287331303, 1.000000000000002665 ) ) ;
#4438 = VERTEX_POINT ( 'NONE', #2201 ) ;
#4439 = AXIS2_PLACEMENT_3D ( 'NONE', #1981, #3221, #673 ) ;
#4440 = SURFACE_SIDE_STYLE ('',( #2700 ) ) ;
#4441 = DIRECTION ( 'NONE',  ( 1.988267581731810705E-16, 6.123233995736836294E-17, -1.000000000000000000 ) ) ;
#4442 = STYLED_ITEM ( 'NONE', ( #981 ), #2266 ) ;
#4443 = DIRECTION ( 'NONE',  ( -1.988267581731810459E-16, -6.123233995736835061E-17, 1.000000000000000000 ) ) ;
#4444 = CARTESIAN_POINT ( 'NONE',  ( -4.952999999999995850, -2.398000000000018783, 18.00000000000000000 ) ) ;
#4445 = DIRECTION ( 'NONE',  ( 0.7071067811865456854, 0.7071067811865494601, 2.377337905956541055E-16 ) ) ;
#4446 = ORIENTED_EDGE ( 'NONE', *, *, #3667, .F. ) ;
#4447 = SURFACE_SIDE_STYLE ('',( #4042 ) ) ;
#4448 = STYLED_ITEM ( 'NONE', ( #2596 ), #2741 ) ;
#4449 = FILL_AREA_STYLE_COLOUR ( '', #2617 ) ;
#4450 = PRESENTATION_STYLE_ASSIGNMENT (( #4874 ) ) ;
#4451 = EDGE_CURVE ( 'NONE', #1011, #4604, #4582, .T. ) ;
#4452 = UNCERTAINTY_MEASURE_WITH_UNIT (LENGTH_MEASURE( 1.000000000000000082E-05 ), #5089, 'distance_accuracy_value', 'NONE');
#4453 = EDGE_CURVE ( 'NONE', #3419, #1137, #4858, .T. ) ;
#4454 = COLOUR_RGB ( '',0.2862745098039215508, 0.3254901960784313819, 0.5882352941176470784 ) ;
#4455 = PRESENTATION_LAYER_ASSIGNMENT (  '', '', ( #4989 ) ) ;
#4456 = FILL_AREA_STYLE ('',( #4875 ) ) ;
#4457 = DIRECTION ( 'NONE',  ( 1.000000000000000000, 3.614007241618348376E-15, 5.376517026358584721E-16 ) ) ;
#4458 =( BOUNDED_CURVE ( )  B_SPLINE_CURVE ( 3, ( #342, #4717, #5204, #3368 ),
 .UNSPECIFIED., .F., .T. ) 
 B_SPLINE_CURVE_WITH_KNOTS ( ( 4, 4 ),
 ( 5.501585242055421432, 6.283185307179586232 ),
 .UNSPECIFIED. ) 
 CURVE ( )  GEOMETRIC_REPRESENTATION_ITEM ( )  RATIONAL_B_SPLINE_CURVE ( ( 1.000000000000000000, 0.9497364005219713912, 0.9497364005219713912, 1.000000000000000000 ) ) 
 REPRESENTATION_ITEM ( '' )  );
#4459 =( GEOMETRIC_REPRESENTATION_CONTEXT ( 3 ) GLOBAL_UNCERTAINTY_ASSIGNED_CONTEXT ( ( #152 ) ) GLOBAL_UNIT_ASSIGNED_CONTEXT ( ( #4755, #4346, #4372 ) ) REPRESENTATION_CONTEXT ( 'NONE', 'WORKASPACE' ) );
#4460 = AXIS2_PLACEMENT_3D ( 'NONE', #4236, #4166, #2035 ) ;
#4461 = DIRECTION ( 'NONE',  ( -1.988267581731810705E-16, -6.123233995736836294E-17, 1.000000000000000000 ) ) ;
#4462 = SURFACE_STYLE_USAGE ( .BOTH. , #2299 ) ;
#4463 = ORIENTED_EDGE ( 'NONE', *, *, #1066, .T. ) ;
#4464 = PRESENTATION_LAYER_ASSIGNMENT (  '', '', ( #3915 ) ) ;
#4465 = ORIENTED_EDGE ( 'NONE', *, *, #3122, .T. ) ;
#4466 = FILL_AREA_STYLE_COLOUR ( '', #4823 ) ;
#4467 =( NAMED_UNIT ( * ) SI_UNIT ( $, .STERADIAN. ) SOLID_ANGLE_UNIT ( ) );
#4468 = MECHANICAL_DESIGN_GEOMETRIC_PRESENTATION_REPRESENTATION (  '', ( #3185 ), #5096 ) ;
#4469 = DIRECTION ( 'NONE',  ( 1.000000000000000000, 3.252606517456511724E-15, 0.000000000000000000 ) ) ;
#4470 = SURFACE_SIDE_STYLE ('',( #4064 ) ) ;
#4471 = ORIENTED_EDGE ( 'NONE', *, *, #1029, .F. ) ;
#4472 = EDGE_CURVE ( 'NONE', #4744, #1792, #4186, .T. ) ;
#4473 = AXIS2_PLACEMENT_3D ( 'NONE', #1033, #2770, #2319 ) ;
#4474 = COLOUR_RGB ( '',0.2509803921568627416, 0.2509803921568627416, 0.2509803921568627416 ) ;
#4475 = UNCERTAINTY_MEASURE_WITH_UNIT (LENGTH_MEASURE( 1.000000000000000082E-05 ), #543, 'distance_accuracy_value', 'NONE');
#4476 = CARTESIAN_POINT ( 'NONE',  ( 4.852999999999989988, 2.298000000000016918, 7.250000000000002665 ) ) ;
#4477 = CARTESIAN_POINT ( 'NONE',  ( -4.202999999999993186, -2.948000000000014165, 7.249999999999998224 ) ) ;
#4478 = SURFACE_STYLE_USAGE ( .BOTH. , #130 ) ;
#4479 = CIRCLE ( 'NONE', #295, 0.4250000000000000444 ) ;
#4480 = CARTESIAN_POINT ( 'NONE',  ( -1.270000000000002016, 0.6349999999999953459, 0.000000000000000000 ) ) ;
#4481 = DIRECTION ( 'NONE',  ( 0.7071067811865496822, -0.7071067811865453523, 0.000000000000000000 ) ) ;
#4482 = MECHANICAL_DESIGN_GEOMETRIC_PRESENTATION_REPRESENTATION (  '', ( #2809 ), #1318 ) ;
#4483 = DIRECTION ( 'NONE',  ( -1.988267581731810459E-16, -6.123233995736835061E-17, 1.000000000000000000 ) ) ;
#4484 = EDGE_CURVE ( 'NONE', #5543, #652, #1250, .T. ) ;
#4485 = FACE_OUTER_BOUND ( 'NONE', #5208, .T. ) ;
#4486 =( GEOMETRIC_REPRESENTATION_CONTEXT ( 3 ) GLOBAL_UNCERTAINTY_ASSIGNED_CONTEXT ( ( #1566 ) ) GLOBAL_UNIT_ASSIGNED_CONTEXT ( ( #2497, #5521, #5112 ) ) REPRESENTATION_CONTEXT ( 'NONE', 'WORKASPACE' ) );
#4487 = AXIS2_PLACEMENT_3D ( 'NONE', #3069, #4720, #1709 ) ;
#4488 =( NAMED_UNIT ( * ) SI_UNIT ( $, .STERADIAN. ) SOLID_ANGLE_UNIT ( ) );
#4489 = EDGE_CURVE ( 'NONE', #5153, #132, #3851, .T. ) ;
#4490 = FILL_AREA_STYLE_COLOUR ( '', #1062 ) ;
#4491 = CARTESIAN_POINT ( 'NONE',  ( -3.844455342551617694, -2.415989596384143123, 25.22391196921871881 ) ) ;
#4492 = AXIS2_PLACEMENT_3D ( 'NONE', #2004, #1954, #2327 ) ;
#4493 = ORIENTED_EDGE ( 'NONE', *, *, #2501, .T. ) ;
#4494 = CARTESIAN_POINT ( 'NONE',  ( 4.202614522761336069, -2.077766749692345538, 25.66899999999999693 ) ) ;
#4495 = COLOUR_RGB ( '',0.2509803921568627416, 0.2509803921568627416, 0.2509803921568627416 ) ;
#4496 = ADVANCED_FACE ( 'NONE', ( #497 ), #3438, .T. ) ;
#4497 = MECHANICAL_DESIGN_GEOMETRIC_PRESENTATION_REPRESENTATION (  '', ( #226 ), #4223 ) ;
#4498 =( LENGTH_UNIT ( ) NAMED_UNIT ( * ) SI_UNIT ( .MILLI., .METRE. ) );
#4499 = FILL_AREA_STYLE_COLOUR ( '', #4229 ) ;
#4500 = ORIENTED_EDGE ( 'NONE', *, *, #2124, .T. ) ;
#4501 = MECHANICAL_DESIGN_GEOMETRIC_PRESENTATION_REPRESENTATION (  '', ( #1153 ), #415 ) ;
#4502 = AXIS2_PLACEMENT_3D ( 'NONE', #5050, #2839, #2013 ) ;
#4503 = SURFACE_STYLE_FILL_AREA ( #600 ) ;
#4504 = CARTESIAN_POINT ( 'NONE',  ( 1.019999999999998019, 0.6350000000000038947, -4.970668954329532310E-17 ) ) ;
#4505 = CARTESIAN_POINT ( 'NONE',  ( 1.798103211379081886E-15, -1.918883852410980584, 25.16900000000000048 ) ) ;
#4506 = COLOUR_RGB ( '',0.8627450980392157298, 0.5882352941176470784, 0.06274509803921568540 ) ;
#4507 = CARTESIAN_POINT ( 'NONE',  ( -3.780185667963021690, 1.875185667962997682, 25.16900000000000048 ) ) ;
#4508 = CYLINDRICAL_SURFACE ( 'NONE', #2071, 0.6500000000000000222 ) ;
#4509 = DIRECTION ( 'NONE',  ( 1.000000000000000000, 3.469446951953613400E-15, 0.000000000000000000 ) ) ;
#4510 = DIRECTION ( 'NONE',  ( -1.988267581731810212E-16, -6.123233995736835061E-17, 1.000000000000000000 ) ) ;
#4511 = UNCERTAINTY_MEASURE_WITH_UNIT (LENGTH_MEASURE( 1.000000000000000082E-05 ), #5002, 'distance_accuracy_value', 'NONE');
#4512 =( NAMED_UNIT ( * ) PLANE_ANGLE_UNIT ( ) SI_UNIT ( $, .RADIAN. ) );
#4513 = EDGE_LOOP ( 'NONE', ( #4653, #4405, #4330, #2156, #5306 ) ) ;
#4514 = DIRECTION ( 'NONE',  ( -1.000000000000000000, -3.614007241618348376E-15, -5.376517026358584721E-16 ) ) ;
#4515 = DIRECTION ( 'NONE',  ( -1.000000000000000000, -3.614007241618348376E-15, -5.560011140951304512E-16 ) ) ;
#4516 = DIRECTION ( 'NONE',  ( -0.7071067811865456854, -0.7071067811865495711, -2.377337905956541055E-16 ) ) ;
#4517 = FILL_AREA_STYLE_COLOUR ( '', #498 ) ;
#4518 = ORIENTED_EDGE ( 'NONE', *, *, #1846, .F. ) ;
#4519 = ADVANCED_FACE ( 'NONE', ( #910 ), #4285, .T. ) ;
#4520 = COLOUR_RGB ( '',0.8627450980392157298, 0.5882352941176470784, 0.06274509803921568540 ) ;
#4521 = FILL_AREA_STYLE ('',( #3530 ) ) ;
#4522 = CARTESIAN_POINT ( 'NONE',  ( 3.674454647697205978, 1.918883852410988133, 25.66900000000000048 ) ) ;
#4523 =( NAMED_UNIT ( * ) SI_UNIT ( $, .STERADIAN. ) SOLID_ANGLE_UNIT ( ) );
#4524 = AXIS2_PLACEMENT_3D ( 'NONE', #1133, #5400, #4136 ) ;
#4525 =( LENGTH_UNIT ( ) NAMED_UNIT ( * ) SI_UNIT ( .MILLI., .METRE. ) );
#4526 = EDGE_LOOP ( 'NONE', ( #1255, #1565, #2120, #1688 ) ) ;
#4527 = EDGE_CURVE ( 'NONE', #1358, #1599, #2103, .T. ) ;
#4528 = CARTESIAN_POINT ( 'NONE',  ( 4.092690640145178804, -2.187690640145163012, 25.66900000000000404 ) ) ;
#4529 = UNCERTAINTY_MEASURE_WITH_UNIT (LENGTH_MEASURE( 1.000000000000000082E-05 ), #3570, 'distance_accuracy_value', 'NONE');
#4530 = DIRECTION ( 'NONE',  ( 0.000000000000000000, 0.000000000000000000, -1.000000000000000000 ) ) ;
#4531 = CARTESIAN_POINT ( 'NONE',  ( 4.302999999999991054, 2.398000000000013454, 18.00000000000000355 ) ) ;
#4532 = DIRECTION ( 'NONE',  ( 1.988267581731810705E-16, 6.123233995736836294E-17, -1.000000000000000000 ) ) ;
#4533 = COLOUR_RGB ( '',0.2862745098039215508, 0.3254901960784313819, 0.5882352941176470784 ) ;
#4534 = DIRECTION ( 'NONE',  ( -1.988267581731810705E-16, -6.123233995736836294E-17, 1.000000000000000000 ) ) ;
#4535 =( NAMED_UNIT ( * ) PLANE_ANGLE_UNIT ( ) SI_UNIT ( $, .RADIAN. ) );
#4536 = MECHANICAL_DESIGN_GEOMETRIC_PRESENTATION_REPRESENTATION (  '', ( #5608 ), #4077 ) ;
#4537 = SURFACE_SIDE_STYLE ('',( #3637 ) ) ;
#4538 = LINE ( 'NONE', #4936, #4222 ) ;
#4539 = FILL_AREA_STYLE_COLOUR ( '', #4765 ) ;
#4540 = AXIS2_PLACEMENT_3D ( 'NONE', #5126, #4663, #5596 ) ;
#4541 = EDGE_CURVE ( 'NONE', #2211, #716, #1413, .T. ) ;
#4542 = SURFACE_SIDE_STYLE ('',( #4962 ) ) ;
#4543 = VECTOR ( 'NONE', #4244, 1000.000000000000000 ) ;
#4544 = SURFACE_STYLE_FILL_AREA ( #587 ) ;
#4545 = COLOUR_RGB ( '',0.8627450980392157298, 0.5882352941176470784, 0.06274509803921568540 ) ;
#4546 = FILL_AREA_STYLE_COLOUR ( '', #2919 ) ;
#4547 = ORIENTED_EDGE ( 'NONE', *, *, #2652, .F. ) ;
#4548 = CARTESIAN_POINT ( 'NONE',  ( 4.320989596384088749, 1.939455342551623440, 25.22391196921906342 ) ) ;
#4549 = PRESENTATION_LAYER_ASSIGNMENT (  '', '', ( #2885 ) ) ;
#4550 =( NAMED_UNIT ( * ) PLANE_ANGLE_UNIT ( ) SI_UNIT ( $, .RADIAN. ) );
#4551 = EDGE_CURVE ( 'NONE', #2307, #642, #1886, .T. ) ;
#4552 = EDGE_LOOP ( 'NONE', ( #826, #1845, #5254, #3334, #5602, #2855 ) ) ;
#4553 = FILL_AREA_STYLE_COLOUR ( '', #761 ) ;
#4554 = EDGE_LOOP ( 'NONE', ( #729, #4389, #3773, #4518 ) ) ;
#4555 = PRESENTATION_STYLE_ASSIGNMENT (( #2788 ) ) ;
#4556 = COLOUR_RGB ( '',0.2862745098039215508, 0.3254901960784313819, 0.5882352941176470784 ) ;
#4557 = CARTESIAN_POINT ( 'NONE',  ( 3.752388249660484565, 1.902983082116103342, 25.66900000000000048 ) ) ;
#4558 = PRESENTATION_STYLE_ASSIGNMENT (( #4659 ) ) ;
#4559 = ADVANCED_FACE ( 'NONE', ( #3180 ), #4508, .T. ) ;
#4560 = DIRECTION ( 'NONE',  ( 1.000000000000000000, 3.614007241618343643E-15, 0.000000000000000000 ) ) ;
#4561 = AXIS2_PLACEMENT_3D ( 'NONE', #3549, #1207, #2717 ) ;
#4562 = CARTESIAN_POINT ( 'NONE',  ( 1.660000000000001918, -0.6349999999999943467, 2.096841640279847982E-16 ) ) ;
#4563 = ORIENTED_EDGE ( 'NONE', *, *, #3521, .T. ) ;
#4564 =( NAMED_UNIT ( * ) PLANE_ANGLE_UNIT ( ) SI_UNIT ( $, .RADIAN. ) );
#4565 = AXIS2_PLACEMENT_3D ( 'NONE', #809, #433, #1784 ) ;
#4566 = DIRECTION ( 'NONE',  ( -1.988267581731810459E-16, -6.123233995736835061E-17, 1.000000000000000000 ) ) ;
#4567 = COLOUR_RGB ( '',0.8627450980392157298, 0.5882352941176470784, 0.06274509803921568540 ) ;
#4568 = LINE ( 'NONE', #1902, #2106 ) ;
#4569 = ORIENTED_EDGE ( 'NONE', *, *, #731, .F. ) ;
#4570 = SURFACE_STYLE_FILL_AREA ( #2835 ) ;
#4571 = CARTESIAN_POINT ( 'NONE',  ( 0.1499999999999987454, 0.6350000000000007860, -3.175000000000000711 ) ) ;
#4572 = ORIENTED_EDGE ( 'NONE', *, *, #2759, .T. ) ;
#4573 = DIRECTION ( 'NONE',  ( -3.491481338843133750E-15, 1.000000000000000000, 6.123233995736768501E-17 ) ) ;
#4574 = VERTEX_POINT ( 'NONE', #2681 ) ;
#4575 =( LENGTH_UNIT ( ) NAMED_UNIT ( * ) SI_UNIT ( .MILLI., .METRE. ) );
#4576 = MECHANICAL_DESIGN_GEOMETRIC_PRESENTATION_REPRESENTATION (  '', ( #671 ), #2648 ) ;
#4577 = UNCERTAINTY_MEASURE_WITH_UNIT (LENGTH_MEASURE( 1.000000000000000082E-05 ), #1360, 'distance_accuracy_value', 'NONE');
#4578 = SURFACE_STYLE_USAGE ( .BOTH. , #3228 ) ;
#4579 = SURFACE_STYLE_USAGE ( .BOTH. , #657 ) ;
#4580 = VECTOR ( 'NONE', #1600, 1000.000000000000000 ) ;
#4581 = CARTESIAN_POINT ( 'NONE',  ( -4.321981201456859267, 1.729522885660036202, 25.21257787137383133 ) ) ;
#4582 = CIRCLE ( 'NONE', #2747, 0.2249999999999999500 ) ;
#4583 = EDGE_CURVE ( 'NONE', #3725, #1314, #4001, .T. ) ;
#4584 = FILL_AREA_STYLE ('',( #4134 ) ) ;
#4585 = SURFACE_STYLE_FILL_AREA ( #3606 ) ;
#4586 = ADVANCED_FACE ( 'NONE', ( #5293 ), #2711, .T. ) ;
#4587 = UNCERTAINTY_MEASURE_WITH_UNIT (LENGTH_MEASURE( 1.000000000000000082E-05 ), #1854, 'distance_accuracy_value', 'NONE');
#4588 = DIRECTION ( 'NONE',  ( 1.988267581731810459E-16, 6.123233995736835061E-17, -1.000000000000000000 ) ) ;
#4589 = PRESENTATION_STYLE_ASSIGNMENT (( #5064 ) ) ;
#4590 = EDGE_LOOP ( 'NONE', ( #2074, #1796, #1771, #2641 ) ) ;
#4591 = AXIS2_PLACEMENT_3D ( 'NONE', #5157, #3871, #3469 ) ;
#4592 = DIRECTION ( 'NONE',  ( 3.448710007688152381E-15, -1.000000000000000000, -6.123233995736758640E-17 ) ) ;
#4593 =( NAMED_UNIT ( * ) PLANE_ANGLE_UNIT ( ) SI_UNIT ( $, .RADIAN. ) );
#4594 = UNCERTAINTY_MEASURE_WITH_UNIT (LENGTH_MEASURE( 1.000000000000000082E-05 ), #4766, 'distance_accuracy_value', 'NONE');
#4595 = CARTESIAN_POINT ( 'NONE',  ( -2.969500000000007134, 1.905499999999989535, 0.9999999999999991118 ) ) ;
#4596 = PRESENTATION_STYLE_ASSIGNMENT (( #4616 ) ) ;
#4597 = CYLINDRICAL_SURFACE ( 'NONE', #4818, 0.2500000000000000000 ) ;
#4598 =( NAMED_UNIT ( * ) SI_UNIT ( $, .STERADIAN. ) SOLID_ANGLE_UNIT ( ) );
#4599 = EDGE_LOOP ( 'NONE', ( #598, #3830, #4218, #964 ) ) ;
#4600 =( NAMED_UNIT ( * ) PLANE_ANGLE_UNIT ( ) SI_UNIT ( $, .RADIAN. ) );
#4601 = CARTESIAN_POINT ( 'NONE',  ( -3.844455342551643451, 2.415989596384112481, 25.22391196921871881 ) ) ;
#4602 =( NAMED_UNIT ( * ) PLANE_ANGLE_UNIT ( ) SI_UNIT ( $, .RADIAN. ) );
#4603 = DIRECTION ( 'NONE',  ( 1.988267581731810705E-16, 6.123233995736836294E-17, -1.000000000000000000 ) ) ;
#4604 = VERTEX_POINT ( 'NONE', #4246 ) ;
#4605 = CIRCLE ( 'NONE', #3603, 0.3900000000000000133 ) ;
#4606 = DIRECTION ( 'NONE',  ( -1.000000000000000000, -3.491481338843133355E-15, -2.749740109373716394E-16 ) ) ;
#4607 = CARTESIAN_POINT ( 'NONE',  ( -4.321981201456846833, -1.769454647697231042, 25.21257787137383133 ) ) ;
#4608 = ADVANCED_FACE ( 'NONE', ( #4979, #2845 ), #3678, .F. ) ;
#4609 = ORIENTED_EDGE ( 'NONE', *, *, #731, .T. ) ;
#4610 = EDGE_CURVE ( 'NONE', #2464, #1832, #4128, .T. ) ;
#4611 = CARTESIAN_POINT ( 'NONE',  ( 3.674454647697220189, -2.416981201456838591, 25.21257787137383133 ) ) ;
#4612 = CYLINDRICAL_SURFACE ( 'NONE', #4702, 0.3500000000000000333 ) ;
#4613 = SURFACE_STYLE_USAGE ( .BOTH. , #1142 ) ;
#4614 = COLOUR_RGB ( '',0.2862745098039215508, 0.3254901960784313819, 0.5882352941176470784 ) ;
#4615 = COLOUR_RGB ( '',0.8627450980392157298, 0.5882352941176470784, 0.06274509803921568540 ) ;
#4616 = SURFACE_STYLE_USAGE ( .BOTH. , #5011 ) ;
#4617 = ORIENTED_EDGE ( 'NONE', *, *, #1121, .F. ) ;
#4618 = CARTESIAN_POINT ( 'NONE',  ( 4.203000000000003844, -2.297999999999986276, 7.000000000000002665 ) ) ;
#4619 = CARTESIAN_POINT ( 'NONE',  ( 4.092690640145165482, 2.187690640145189658, 25.66900000000000404 ) ) ;
#4620 = MECHANICAL_DESIGN_GEOMETRIC_PRESENTATION_REPRESENTATION (  '', ( #1452 ), #3437 ) ;
#4621 = VERTEX_POINT ( 'NONE', #291 ) ;
#4622 = VERTEX_POINT ( 'NONE', #5420 ) ;
#4623 = AXIS2_PLACEMENT_3D ( 'NONE', #2220, #3982, #1684 ) ;
#4624 = MECHANICAL_DESIGN_GEOMETRIC_PRESENTATION_REPRESENTATION (  '', ( #1200 ), #1891 ) ;
#4625 = ORIENTED_EDGE ( 'NONE', *, *, #3217, .T. ) ;
#4626 =( LENGTH_UNIT ( ) NAMED_UNIT ( * ) SI_UNIT ( .MILLI., .METRE. ) );
#4627 = UNCERTAINTY_MEASURE_WITH_UNIT (LENGTH_MEASURE( 1.000000000000000082E-05 ), #4626, 'distance_accuracy_value', 'NONE');
#4628 =( LENGTH_UNIT ( ) NAMED_UNIT ( * ) SI_UNIT ( .MILLI., .METRE. ) );
#4629 = CARTESIAN_POINT ( 'NONE',  ( -4.952999999999994074, -3.048000000000018694, 18.00000000000000000 ) ) ;
#4630 = DIRECTION ( 'NONE',  ( -1.000000000000000000, -3.357436149580553077E-15, -4.537009299541455732E-16 ) ) ;
#4631 = AXIS2_PLACEMENT_3D ( 'NONE', #1058, #4826, #2638 ) ;
#4632 = COLOUR_RGB ( '',0.8627450980392157298, 0.5882352941176470784, 0.06274509803921568540 ) ;
#4633 = FACE_OUTER_BOUND ( 'NONE', #2207, .T. ) ;
#4634 = ADVANCED_FACE ( 'NONE', ( #5396 ), #2447, .T. ) ;
#4635 =( LENGTH_UNIT ( ) NAMED_UNIT ( * ) SI_UNIT ( .MILLI., .METRE. ) );
#4636 = DIRECTION ( 'NONE',  ( 3.369016658928398207E-15, -1.000000000000000000, -6.123233995736769734E-17 ) ) ;
#4637 = COLOUR_RGB ( '',0.8627450980392157298, 0.5882352941176470784, 0.06274509803921568540 ) ;
#4638 = UNCERTAINTY_MEASURE_WITH_UNIT (LENGTH_MEASURE( 1.000000000000000082E-05 ), #5152, 'distance_accuracy_value', 'NONE');
#4639 = DIRECTION ( 'NONE',  ( 1.988267581731810705E-16, 6.123233995736836294E-17, -1.000000000000000000 ) ) ;
#4640 = CIRCLE ( 'NONE', #4473, 0.6499999999999995781 ) ;
#4641 = COLOUR_RGB ( '',0.7529411764705882248, 0.7529411764705882248, 0.7529411764705882248 ) ;
#4642 = CARTESIAN_POINT ( 'NONE',  ( -4.953000000000009173, 2.397999999999981036, 18.00000000000000000 ) ) ;
#4643 = EDGE_LOOP ( 'NONE', ( #4321, #4123 ) ) ;
#4644 = CARTESIAN_POINT ( 'NONE',  ( 3.269499999999999407, 0.3862611844574998510, 1.000000000000002665 ) ) ;
#4645 = COLOUR_RGB ( '',0.2509803921568627416, 0.2509803921568627416, 0.2509803921568627416 ) ;
#4646 = DIRECTION ( 'NONE',  ( -6.385093352530581152E-17, 6.123233995736745082E-17, -1.000000000000000000 ) ) ;
#4647 = EDGE_CURVE ( 'NONE', #3781, #799, #370, .T. ) ;
#4648 = DIRECTION ( 'NONE',  ( -1.988267581731810705E-16, -6.123233995736836294E-17, 1.000000000000000000 ) ) ;
#4649 = ORIENTED_EDGE ( 'NONE', *, *, #146, .T. ) ;
#4650 = FILL_AREA_STYLE ('',( #701 ) ) ;
#4651 = CARTESIAN_POINT ( 'NONE',  ( 3.780185667963003926, 1.875185667963024772, 25.66900000000000048 ) ) ;
#4652 = ADVANCED_FACE ( 'NONE', ( #4633 ), #2019, .T. ) ;
#4653 = ORIENTED_EDGE ( 'NONE', *, *, #843, .F. ) ;
#4654 = ORIENTED_EDGE ( 'NONE', *, *, #5147, .T. ) ;
#4655 = CARTESIAN_POINT ( 'NONE',  ( -4.302999999999994607, -3.048000000000015586, 7.249999999999997335 ) ) ;
#4656 = SURFACE_SIDE_STYLE ('',( #833 ) ) ;
#4657 = CARTESIAN_POINT ( 'NONE',  ( 2.312393218813457274, -1.467632034355956794, 1.000000000000000888 ) ) ;
#4658 = CARTESIAN_POINT ( 'NONE',  ( -4.092690640145194791, 2.187690640145167897, 25.66900000000000048 ) ) ;
#4659 = SURFACE_STYLE_USAGE ( .BOTH. , #240 ) ;
#4660 = CARTESIAN_POINT ( 'NONE',  ( 0.2500000000000019429, -0.6349999999999990097, 4.970668954329534159E-17 ) ) ;
#4661 = DIRECTION ( 'NONE',  ( -1.000000000000000000, -3.614007241618348376E-15, -5.560011140951305498E-16 ) ) ;
#4662 = DIRECTION ( 'NONE',  ( 1.000000000000000000, 3.448710007688152381E-15, 5.376517026358584721E-16 ) ) ;
#4663 = DIRECTION ( 'NONE',  ( 1.988267581731810705E-16, 6.123233995736836294E-17, -1.000000000000000000 ) ) ;
#4664 =( NAMED_UNIT ( * ) PLANE_ANGLE_UNIT ( ) SI_UNIT ( $, .RADIAN. ) );
#4665 = CARTESIAN_POINT ( 'NONE',  ( -3.780185667963011475, -1.875185667963027214, 25.66900000000000048 ) ) ;
#4666 = EDGE_LOOP ( 'NONE', ( #2301, #8, #4357, #1093 ) ) ;
#4667 = PRESENTATION_LAYER_ASSIGNMENT (  '', '', ( #1057 ) ) ;
#4668 = FACE_BOUND ( 'NONE', #2384, .T. ) ;
#4669 = PRESENTATION_STYLE_ASSIGNMENT (( #694 ) ) ;
#4670 = SURFACE_SIDE_STYLE ('',( #445 ) ) ;
#4671 = EDGE_LOOP ( 'NONE', ( #5263, #2089, #1863, #3878 ) ) ;
#4672 = DIRECTION ( 'NONE',  ( 1.000000000000000000, 3.336006684570782904E-15, 0.000000000000000000 ) ) ;
#4673 = PRESENTATION_STYLE_ASSIGNMENT (( #1256 ) ) ;
#4674 = DIRECTION ( 'NONE',  ( 1.000000000000000000, 3.448710007688152381E-15, 6.171446601772210091E-16 ) ) ;
#4675 = ORIENTED_EDGE ( 'NONE', *, *, #4327, .T. ) ;
#4676 = ORIENTED_EDGE ( 'NONE', *, *, #2302, .T. ) ;
#4677 = DIRECTION ( 'NONE',  ( -1.000000000000000000, -3.448710007688152381E-15, -5.376517026358584721E-16 ) ) ;
#4678 = ADVANCED_FACE ( 'NONE', ( #3489 ), #4365, .T. ) ;
#4679 = ORIENTED_EDGE ( 'NONE', *, *, #210, .T. ) ;
#4680 = EDGE_CURVE ( 'NONE', #4353, #1674, #5205, .T. ) ;
#4681 =( NAMED_UNIT ( * ) PLANE_ANGLE_UNIT ( ) SI_UNIT ( $, .RADIAN. ) );
#4682 = UNCERTAINTY_MEASURE_WITH_UNIT (LENGTH_MEASURE( 1.000000000000000082E-05 ), #4750, 'distance_accuracy_value', 'NONE');
#4683 = DIRECTION ( 'NONE',  ( 0.7071067811865499042, -0.7071067811865452413, 3.538022048500980230E-17 ) ) ;
#4684 = FACE_OUTER_BOUND ( 'NONE', #2256, .T. ) ;
#4685 = FILL_AREA_STYLE ('',( #835 ) ) ;
#4686 = DIRECTION ( 'NONE',  ( -1.988267581731810459E-16, -6.123233995736835061E-17, 1.000000000000000000 ) ) ;
#4687 = MECHANICAL_DESIGN_GEOMETRIC_PRESENTATION_REPRESENTATION (  '', ( #3059 ), #5151 ) ;
#4688 = PLANE ( 'NONE',  #2188 ) ;
#4689 = PLANE ( 'NONE',  #1812 ) ;
#4690 = CARTESIAN_POINT ( 'NONE',  ( 1.519999999999998685, 0.6350000000000056710, -3.075000000000001510 ) ) ;
#4691 = SURFACE_SIDE_STYLE ('',( #2137 ) ) ;
#4692 = COLOUR_RGB ( '',0.7529411764705882248, 0.7529411764705882248, 0.7529411764705882248 ) ;
#4693 = UNCERTAINTY_MEASURE_WITH_UNIT (LENGTH_MEASURE( 1.000000000000000082E-05 ), #2356, 'distance_accuracy_value', 'NONE');
#4694 =( LENGTH_UNIT ( ) NAMED_UNIT ( * ) SI_UNIT ( .MILLI., .METRE. ) );
#4695 = DIRECTION ( 'NONE',  ( 1.000000000000000000, 3.614007241618346010E-15, 0.000000000000000000 ) ) ;
#4696 = CARTESIAN_POINT ( 'NONE',  ( -3.807983082116088713, -1.847388249660496751, 25.66900000000000048 ) ) ;
#4697 = VECTOR ( 'NONE', #2073, 1000.000000000000000 ) ;
#4698 = ORIENTED_EDGE ( 'NONE', *, *, #2933, .F. ) ;
#4699 = CARTESIAN_POINT ( 'NONE',  ( -2.969499999999996476, -1.555500000000011207, 0.9999999999999991118 ) ) ;
#4700 =( NAMED_UNIT ( * ) PLANE_ANGLE_UNIT ( ) SI_UNIT ( $, .RADIAN. ) );
#4701 =( NAMED_UNIT ( * ) PLANE_ANGLE_UNIT ( ) SI_UNIT ( $, .RADIAN. ) );
#4702 = AXIS2_PLACEMENT_3D ( 'NONE', #4987, #250, #3688 ) ;
#4703 = DIRECTION ( 'NONE',  ( -5.376517026358582749E-16, -6.123233995736954623E-17, 1.000000000000000000 ) ) ;
#4704 = EDGE_CURVE ( 'NONE', #4604, #5171, #3356, .T. ) ;
#4705 = ORIENTED_EDGE ( 'NONE', *, *, #2027, .F. ) ;
#4706 = FACE_OUTER_BOUND ( 'NONE', #174, .T. ) ;
#4707 = MECHANICAL_DESIGN_GEOMETRIC_PRESENTATION_REPRESENTATION (  '', ( #1280 ), #1015 ) ;
#4708 = EDGE_LOOP ( 'NONE', ( #1268, #107, #3752, #3237 ) ) ;
#4709 = ORIENTED_EDGE ( 'NONE', *, *, #1086, .T. ) ;
#4710 = CARTESIAN_POINT ( 'NONE',  ( -1.519999999999997575, -0.6350000000000052269, -3.075000000000001510 ) ) ;
#4711 = EDGE_LOOP ( 'NONE', ( #4891, #2793, #4092, #803 ) ) ;
#4712 = PRESENTATION_LAYER_ASSIGNMENT (  '', '', ( #5347 ) ) ;
#4713 = FILL_AREA_STYLE_COLOUR ( '', #1191 ) ;
#4714 = CARTESIAN_POINT ( 'NONE',  ( -4.202999999999994962, -2.298000000000013809, 7.249999999999997335 ) ) ;
#4715 = EDGE_CURVE ( 'NONE', #2786, #5580, #3863, .T. ) ;
#4716 = CIRCLE ( 'NONE', #5271, 0.4250000000000000444 ) ;
#4717 = CARTESIAN_POINT ( 'NONE',  ( -3.823883852410975059, -1.809715535079778448, 25.66900000000000048 ) ) ;
#4718 = PRESENTATION_LAYER_ASSIGNMENT (  '', '', ( #1017 ) ) ;
#4719 = CARTESIAN_POINT ( 'NONE',  ( 2.559880592228749752, -1.715119407771247939, 1.000000000000000888 ) ) ;
#4720 = DIRECTION ( 'NONE',  ( -1.988267581731810705E-16, -6.123233995736836294E-17, 1.000000000000000000 ) ) ;
#4721 = CARTESIAN_POINT ( 'NONE',  ( 1.269999999999998019, 0.6350000000000046718, 0.000000000000000000 ) ) ;
#4722 = ORIENTED_EDGE ( 'NONE', *, *, #551, .T. ) ;
#4723 = CIRCLE ( 'NONE', #1288, 0.2500000000000000000 ) ;
#4724 = FILL_AREA_STYLE ('',( #5478 ) ) ;
#4725 = PRESENTATION_STYLE_ASSIGNMENT (( #2085 ) ) ;
#4726 = FILL_AREA_STYLE_COLOUR ( '', #4281 ) ;
#4727 = DIRECTION ( 'NONE',  ( 0.7071067811865499042, -0.7071067811865452413, 1.511381849721047276E-16 ) ) ;
#4728 = DIRECTION ( 'NONE',  ( -1.000000000000000000, -2.966873679532033666E-15, -1.112675276070189244E-16 ) ) ;
#4729 = EDGE_CURVE ( 'NONE', #2666, #5543, #4825, .T. ) ;
#4730 = FACE_OUTER_BOUND ( 'NONE', #903, .T. ) ;
#4731 =( GEOMETRIC_REPRESENTATION_CONTEXT ( 3 ) GLOBAL_UNCERTAINTY_ASSIGNED_CONTEXT ( ( #601 ) ) GLOBAL_UNIT_ASSIGNED_CONTEXT ( ( #1781, #3342, #5092 ) ) REPRESENTATION_CONTEXT ( 'NONE', 'WORKASPACE' ) );
#4732 = SURFACE_STYLE_USAGE ( .BOTH. , #4845 ) ;
#4733 = ORIENTED_EDGE ( 'NONE', *, *, #1494, .T. ) ;
#4734 = LINE ( 'NONE', #5066, #4033 ) ;
#4735 = MECHANICAL_DESIGN_GEOMETRIC_PRESENTATION_REPRESENTATION (  '', ( #2163 ), #287 ) ;
#4736 = CIRCLE ( 'NONE', #2257, 0.1000000000000000472 ) ;
#4737 = DIRECTION ( 'NONE',  ( 0.08682659386424747272, 0.08682659386424798620, -0.9924325091389669673 ) ) ;
#4738 = ORIENTED_EDGE ( 'NONE', *, *, #1087, .F. ) ;
#4739 =( LENGTH_UNIT ( ) NAMED_UNIT ( * ) SI_UNIT ( .MILLI., .METRE. ) );
#4740 =( LENGTH_UNIT ( ) NAMED_UNIT ( * ) SI_UNIT ( .MILLI., .METRE. ) );
#4741 = ORIENTED_EDGE ( 'NONE', *, *, #3639, .T. ) ;
#4742 = CARTESIAN_POINT ( 'NONE',  ( 1.519999999999998685, 0.6350000000000057820, -3.175000000000000711 ) ) ;
#4743 = VERTEX_POINT ( 'NONE', #4276 ) ;
#4744 = VERTEX_POINT ( 'NONE', #4747 ) ;
#4745 = AXIS2_PLACEMENT_3D ( 'NONE', #3490, #2108, #3955 ) ;
#4746 = CARTESIAN_POINT ( 'NONE',  ( -3.619499999999999051, -1.255500000000014049, 6.999999999999998224 ) ) ;
#4747 = CARTESIAN_POINT ( 'NONE',  ( -3.674454647697211751, -2.416981201456863459, 25.21257787137382778 ) ) ;
#4748 = FILL_AREA_STYLE_COLOUR ( '', #5379 ) ;
#4749 = DIRECTION ( 'NONE',  ( 1.988267581731810705E-16, 6.123233995736836294E-17, -1.000000000000000000 ) ) ;
#4750 =( LENGTH_UNIT ( ) NAMED_UNIT ( * ) SI_UNIT ( .MILLI., .METRE. ) );
#4751 = ORIENTED_EDGE ( 'NONE', *, *, #1773, .F. ) ;
#4752 =( GEOMETRIC_REPRESENTATION_CONTEXT ( 3 ) GLOBAL_UNCERTAINTY_ASSIGNED_CONTEXT ( ( #2626 ) ) GLOBAL_UNIT_ASSIGNED_CONTEXT ( ( #1934, #4971, #676 ) ) REPRESENTATION_CONTEXT ( 'NONE', 'WORKASPACE' ) );
#4753 = PLANE ( 'NONE',  #931 ) ;
#4754 = CARTESIAN_POINT ( 'NONE',  ( 4.203000000000003844, -2.297999999999986276, 7.250000000000000888 ) ) ;
#4755 =( LENGTH_UNIT ( ) NAMED_UNIT ( * ) SI_UNIT ( .MILLI., .METRE. ) );
#4756 = SURFACE_SIDE_STYLE ('',( #3009 ) ) ;
#4757 = SURFACE_STYLE_USAGE ( .BOTH. , #5158 ) ;
#4758 = COLOUR_RGB ( '',0.8627450980392157298, 0.5882352941176470784, 0.06274509803921568540 ) ;
#4759 = STYLED_ITEM ( 'NONE', ( #1266 ), #457 ) ;
#4760 = SURFACE_STYLE_FILL_AREA ( #1313 ) ;
#4761 = ORIENTED_EDGE ( 'NONE', *, *, #3271, .T. ) ;
#4762 = EDGE_CURVE ( 'NONE', #5580, #5493, #4918, .T. ) ;
#4763 = AXIS2_PLACEMENT_3D ( 'NONE', #2403, #1467, #1138 ) ;
#4764 = DIRECTION ( 'NONE',  ( -3.491481338843133355E-15, 1.000000000000000000, 6.123233995736767268E-17 ) ) ;
#4765 = COLOUR_RGB ( '',0.2862745098039215508, 0.3254901960784313819, 0.5882352941176470784 ) ;
#4766 =( LENGTH_UNIT ( ) NAMED_UNIT ( * ) SI_UNIT ( .MILLI., .METRE. ) );
#4767 = MECHANICAL_DESIGN_GEOMETRIC_PRESENTATION_REPRESENTATION (  '', ( #3212 ), #3135 ) ;
#4768 = FILL_AREA_STYLE_COLOUR ( '', #1146 ) ;
#4769 = ORIENTED_EDGE ( 'NONE', *, *, #3738, .F. ) ;
#4770 = EDGE_CURVE ( 'NONE', #2098, #2570, #2436, .T. ) ;
#4771 =( GEOMETRIC_REPRESENTATION_CONTEXT ( 3 ) GLOBAL_UNCERTAINTY_ASSIGNED_CONTEXT ( ( #831 ) ) GLOBAL_UNIT_ASSIGNED_CONTEXT ( ( #4694, #3904, #3077 ) ) REPRESENTATION_CONTEXT ( 'NONE', 'WORKASPACE' ) );
#4772 = SURFACE_STYLE_FILL_AREA ( #858 ) ;
#4773 = AXIS2_PLACEMENT_3D ( 'NONE', #1114, #2755, #2724 ) ;
#4774 =( BOUNDED_CURVE ( )  B_SPLINE_CURVE ( 3, ( #2286, #994, #4807, #5368 ),
 .UNSPECIFIED., .F., .T. ) 
 B_SPLINE_CURVE_WITH_KNOTS ( ( 4, 4 ),
 ( 5.501585242055419656, 6.283185307179586232 ),
 .UNSPECIFIED. ) 
 CURVE ( )  GEOMETRIC_REPRESENTATION_ITEM ( )  RATIONAL_B_SPLINE_CURVE ( ( 1.000000000000000000, 0.9497364005219712801, 0.9497364005219712801, 1.000000000000000000 ) ) 
 REPRESENTATION_ITEM ( '' )  );
#4775 = PRESENTATION_STYLE_ASSIGNMENT (( #1323 ) ) ;
#4776 = DIRECTION ( 'NONE',  ( 1.000000000000000000, 3.614007241618349165E-15, 7.228014483236697541E-16 ) ) ;
#4777 = CARTESIAN_POINT ( 'NONE',  ( -0.2499999999999981681, -0.6350000000000007860, -4.970668954329532927E-17 ) ) ;
#4778 = CARTESIAN_POINT ( 'NONE',  ( -4.203000000000011838, 2.947999999999984855, 6.999999999999998224 ) ) ;
#4779 = DIRECTION ( 'NONE',  ( 1.000000000000000000, 3.336006684570782904E-15, 0.000000000000000000 ) ) ;
#4780 =( NAMED_UNIT ( * ) SI_UNIT ( $, .STERADIAN. ) SOLID_ANGLE_UNIT ( ) );
#4781 = DIRECTION ( 'NONE',  ( 1.988267581731810705E-16, 6.123233995736836294E-17, -1.000000000000000000 ) ) ;
#4782 = FACE_OUTER_BOUND ( 'NONE', #3585, .T. ) ;
#4783 = SURFACE_SIDE_STYLE ('',( #1299 ) ) ;
#4784 = ORIENTED_EDGE ( 'NONE', *, *, #1979, .F. ) ;
#4785 = EDGE_CURVE ( 'NONE', #1206, #2167, #2566, .T. ) ;
#4786 = FACE_OUTER_BOUND ( 'NONE', #4708, .T. ) ;
#4787 = CARTESIAN_POINT ( 'NONE',  ( 2.539999999999999591, 8.496069973720762673E-15, 1.000000000000000888 ) ) ;
#4788 = DIRECTION ( 'NONE',  ( 1.000000000000000000, 3.336006684570782904E-15, 6.672013369141565217E-16 ) ) ;
#4789 = ORIENTED_EDGE ( 'NONE', *, *, #4785, .T. ) ;
#4790 = AXIS2_PLACEMENT_3D ( 'NONE', #5150, #13, #3895 ) ;
#4791 =( NAMED_UNIT ( * ) PLANE_ANGLE_UNIT ( ) SI_UNIT ( $, .RADIAN. ) );
#4792 = EDGE_CURVE ( 'NONE', #3388, #5289, #2895, .T. ) ;
#4793 = CARTESIAN_POINT ( 'NONE',  ( -2.540000000000002256, 1.015999999999990910, -5.700000000000000178 ) ) ;
#4794 = ORIENTED_EDGE ( 'NONE', *, *, #3137, .T. ) ;
#4795 = AXIS2_PLACEMENT_3D ( 'NONE', #2036, #1321, #5141 ) ;
#4796 = LINE ( 'NONE', #2296, #1968 ) ;
#4797 = EDGE_CURVE ( 'NONE', #3517, #2360, #1860, .T. ) ;
#4798 = LINE ( 'NONE', #4437, #387 ) ;
#4799 = ORIENTED_EDGE ( 'NONE', *, *, #806, .F. ) ;
#4800 = DIRECTION ( 'NONE',  ( -2.966873679532034060E-15, 1.000000000000000000, 6.123233995736770966E-17 ) ) ;
#4801 = DIRECTION ( 'NONE',  ( -1.000000000000000000, -3.491481338843133355E-15, -2.749740109373716394E-16 ) ) ;
#4802 = VERTEX_POINT ( 'NONE', #1809 ) ;
#4803 =( LENGTH_UNIT ( ) NAMED_UNIT ( * ) SI_UNIT ( .MILLI., .METRE. ) );
#4804 = DIRECTION ( 'NONE',  ( 1.988267581731810705E-16, 6.123233995736836294E-17, -1.000000000000000000 ) ) ;
#4805 = DIRECTION ( 'NONE',  ( 1.000000000000000000, 3.571489509364014096E-15, 5.102127870520019996E-16 ) ) ;
#4806 = ORIENTED_EDGE ( 'NONE', *, *, #890, .F. ) ;
#4807 = CARTESIAN_POINT ( 'NONE',  ( 3.808546900521317724, 1.846824435404710529, 25.66899999999999338 ) ) ;
#4808 = STYLED_ITEM ( 'NONE', ( #2274 ), #3062 ) ;
#4809 = DIRECTION ( 'NONE',  ( -1.988267581731810705E-16, -6.123233995736836294E-17, 1.000000000000000000 ) ) ;
#4810 = LINE ( 'NONE', #2141, #3831 ) ;
#4811 =( LENGTH_UNIT ( ) NAMED_UNIT ( * ) SI_UNIT ( .MILLI., .METRE. ) );
#4812 = DIRECTION ( 'NONE',  ( -0.08682659386424726455, -0.08682659386424787518, -0.9924325091389671893 ) ) ;
#4813 = ORIENTED_EDGE ( 'NONE', *, *, #4291, .T. ) ;
#4814 = AXIS2_PLACEMENT_3D ( 'NONE', #2136, #614, #377 ) ;
#4815 = CIRCLE ( 'NONE', #1024, 0.3500000000000000333 ) ;
#4816 = FILL_AREA_STYLE_COLOUR ( '', #1104 ) ;
#4817 = DIRECTION ( 'NONE',  ( -1.988267581731810459E-16, -6.123233995736835061E-17, 1.000000000000000000 ) ) ;
#4818 = AXIS2_PLACEMENT_3D ( 'NONE', #795, #4386, #2557 ) ;
#4819 = DIRECTION ( 'NONE',  ( -1.000000000000000000, -3.571489509364014096E-15, 0.000000000000000000 ) ) ;
#4820 = TOROIDAL_SURFACE ( 'NONE', #190, 0.1500000000000000777, 0.1000000000000000056 ) ;
#4821 = DIRECTION ( 'NONE',  ( 1.988267581731810705E-16, 6.123233995736836294E-17, -1.000000000000000000 ) ) ;
#4822 = VERTEX_POINT ( 'NONE', #962 ) ;
#4823 = COLOUR_RGB ( '',0.2862745098039215508, 0.3254901960784313819, 0.5882352941176470784 ) ;
#4824 = MECHANICAL_DESIGN_GEOMETRIC_PRESENTATION_REPRESENTATION (  '', ( #1391 ), #5535 ) ;
#4825 = CIRCLE ( 'NONE', #840, 0.6500000000000000222 ) ;
#4826 = DIRECTION ( 'NONE',  ( 1.988267581731810705E-16, 6.123233995736836294E-17, -1.000000000000000000 ) ) ;
#4827 = FACE_OUTER_BOUND ( 'NONE', #4666, .T. ) ;
#4828 = CARTESIAN_POINT ( 'NONE',  ( -4.310355056593205170, -3.052881610352861763, 17.94420293834527058 ) ) ;
#4829 = AXIS2_PLACEMENT_3D ( 'NONE', #2373, #4876, #4052 ) ;
#4830 = VERTEX_POINT ( 'NONE', #92 ) ;
#4831 = CARTESIAN_POINT ( 'NONE',  ( 4.957881610352849577, -2.405355056593194707, 17.94420293834527413 ) ) ;
#4832 = EDGE_LOOP ( 'NONE', ( #344, #3416, #5065, #4893 ) ) ;
#4833 = EDGE_CURVE ( 'NONE', #4922, #3597, #4736, .T. ) ;
#4834 = EDGE_CURVE ( 'NONE', #2776, #3737, #5362, .T. ) ;
#4835 =( LENGTH_UNIT ( ) NAMED_UNIT ( * ) SI_UNIT ( .MILLI., .METRE. ) );
#4836 = CARTESIAN_POINT ( 'NONE',  ( 1.120000000000002549, -0.6349999999999959011, -3.075000000000001510 ) ) ;
#4837 =( NAMED_UNIT ( * ) PLANE_ANGLE_UNIT ( ) SI_UNIT ( $, .RADIAN. ) );
#4838 = VERTEX_POINT ( 'NONE', #3592 ) ;
#4839 = AXIS2_PLACEMENT_3D ( 'NONE', #5448, #4603, #1217 ) ;
#4840 = EDGE_CURVE ( 'NONE', #199, #1314, #1042, .T. ) ;
#4841 = CIRCLE ( 'NONE', #2445, 0.1500000000000001887 ) ;
#4842 = CYLINDRICAL_SURFACE ( 'NONE', #2151, 0.2500000000000000000 ) ;
#4843 = DIRECTION ( 'NONE',  ( 1.000000000000000000, 3.571489509364014096E-15, 0.000000000000000000 ) ) ;
#4844 = CARTESIAN_POINT ( 'NONE',  ( 4.010610473703423828, 2.346516619242177804, 25.23039567366632951 ) ) ;
#4845 = SURFACE_SIDE_STYLE ('',( #2118 ) ) ;
#4846 = ORIENTED_EDGE ( 'NONE', *, *, #4551, .F. ) ;
#4847 = AXIS2_PLACEMENT_3D ( 'NONE', #1460, #4929, #606 ) ;
#4848 = VECTOR ( 'NONE', #4800, 1000.000000000000000 ) ;
#4849 = PRODUCT_DEFINITION_SHAPE ( 'NONE', 'NONE',  #1094 ) ;
#4850 = DIRECTION ( 'NONE',  ( 1.000000000000000000, 3.614007241618348376E-15, 5.376517026358584721E-16 ) ) ;
#4851 =( GEOMETRIC_REPRESENTATION_CONTEXT ( 3 ) GLOBAL_UNCERTAINTY_ASSIGNED_CONTEXT ( ( #5426 ) ) GLOBAL_UNIT_ASSIGNED_CONTEXT ( ( #669, #2407, #3643 ) ) REPRESENTATION_CONTEXT ( 'NONE', 'WORKASPACE' ) );
#4852 = MECHANICAL_DESIGN_GEOMETRIC_PRESENTATION_REPRESENTATION (  '', ( #5385 ), #5132 ) ;
#4853 = DIRECTION ( 'NONE',  ( -0.08682659386424777803, 0.08682659386424738945, -0.9924325091389669673 ) ) ;
#4854 = SURFACE_STYLE_USAGE ( .BOTH. , #2664 ) ;
#4855 = SURFACE_STYLE_USAGE ( .BOTH. , #774 ) ;
#4856 = TOROIDAL_SURFACE ( 'NONE', #1143, 0.2249999999999999778, 0.2000000000000000111 ) ;
#4857 = SURFACE_STYLE_FILL_AREA ( #1829 ) ;
#4858 = CIRCLE ( 'NONE', #3389, 0.6500000000000000222 ) ;
#4859 = ORIENTED_EDGE ( 'NONE', *, *, #418, .T. ) ;
#4860 = ORIENTED_EDGE ( 'NONE', *, *, #2649, .T. ) ;
#4861 = PRESENTATION_STYLE_ASSIGNMENT (( #5309 ) ) ;
#4862 = CARTESIAN_POINT ( 'NONE',  ( -1.269999999999997575, -0.6350000000000042277, -3.075000000000001510 ) ) ;
#4863 = ADVANCED_FACE ( 'NONE', ( #169, #2192, #2669, #1480, #2703, #1406, #1449, #515, #561, #1382 ), #5312, .T. ) ;
#4864 = EDGE_CURVE ( 'NONE', #302, #4265, #738, .T. ) ;
#4865 =( GEOMETRIC_REPRESENTATION_CONTEXT ( 3 ) GLOBAL_UNCERTAINTY_ASSIGNED_CONTEXT ( ( #2056 ) ) GLOBAL_UNIT_ASSIGNED_CONTEXT ( ( #2406, #1953, #5071 ) ) REPRESENTATION_CONTEXT ( 'NONE', 'WORKASPACE' ) );
#4866 =( NAMED_UNIT ( * ) SI_UNIT ( $, .STERADIAN. ) SOLID_ANGLE_UNIT ( ) );
#4867 = FILL_AREA_STYLE ('',( #124 ) ) ;
#4868 = EDGE_LOOP ( 'NONE', ( #4075, #3856, #5476, #5382 ) ) ;
#4869 = PRESENTATION_STYLE_ASSIGNMENT (( #516 ) ) ;
#4870 = EDGE_LOOP ( 'NONE', ( #1885, #1348, #1528, #1204 ) ) ;
#4871 = DIRECTION ( 'NONE',  ( 1.988267581731810705E-16, 6.123233995736836294E-17, -1.000000000000000000 ) ) ;
#4872 = DIRECTION ( 'NONE',  ( 0.08682659386424748660, 0.08682659386424800008, -0.9924325091389671893 ) ) ;
#4873 = FILL_AREA_STYLE ('',( #1073 ) ) ;
#4874 = SURFACE_STYLE_USAGE ( .BOTH. , #2682 ) ;
#4875 = FILL_AREA_STYLE_COLOUR ( '', #1805 ) ;
#4876 = DIRECTION ( 'NONE',  ( 1.988267581731810705E-16, 6.123233995736836294E-17, -1.000000000000000000 ) ) ;
#4877 = AXIS2_PLACEMENT_3D ( 'NONE', #4507, #3600, #3962 ) ;
#4878 = VECTOR ( 'NONE', #1077, 1000.000000000000000 ) ;
#4879 =( NAMED_UNIT ( * ) PLANE_ANGLE_UNIT ( ) SI_UNIT ( $, .RADIAN. ) );
#4880 = ADVANCED_FACE ( 'NONE', ( #1838 ), #2217, .T. ) ;
#4881 = LINE ( 'NONE', #4828, #1131 ) ;
#4882 = VERTEX_POINT ( 'NONE', #2781 ) ;
#4883 =( NAMED_UNIT ( * ) SI_UNIT ( $, .STERADIAN. ) SOLID_ANGLE_UNIT ( ) );
#4884 = ORIENTED_EDGE ( 'NONE', *, *, #489, .F. ) ;
#4885 =( GEOMETRIC_REPRESENTATION_CONTEXT ( 3 ) GLOBAL_UNCERTAINTY_ASSIGNED_CONTEXT ( ( #2902 ) ) GLOBAL_UNIT_ASSIGNED_CONTEXT ( ( #648, #1957, #255 ) ) REPRESENTATION_CONTEXT ( 'NONE', 'WORKASPACE' ) );
#4886 = FILL_AREA_STYLE ('',( #4466 ) ) ;
#4887 = CARTESIAN_POINT ( 'NONE',  ( 0.2499999999999987510, 0.6350000000000011191, -3.175000000000000711 ) ) ;
#4888 =( GEOMETRIC_REPRESENTATION_CONTEXT ( 3 ) GLOBAL_UNCERTAINTY_ASSIGNED_CONTEXT ( ( #2389 ) ) GLOBAL_UNIT_ASSIGNED_CONTEXT ( ( #615, #1520, #5040 ) ) REPRESENTATION_CONTEXT ( 'NONE', 'WORKASPACE' ) );
#4889 = DIRECTION ( 'NONE',  ( 1.000000000000000000, 3.614007241618349165E-15, 7.228014483236697541E-16 ) ) ;
#4890 = DIRECTION ( 'NONE',  ( -1.000000000000000000, -3.469446951953614189E-15, 0.000000000000000000 ) ) ;
#4891 = ORIENTED_EDGE ( 'NONE', *, *, #2581, .T. ) ;
#4892 =( NAMED_UNIT ( * ) SI_UNIT ( $, .STERADIAN. ) SOLID_ANGLE_UNIT ( ) );
#4893 = ORIENTED_EDGE ( 'NONE', *, *, #1555, .F. ) ;
#4894 = AXIS2_PLACEMENT_3D ( 'NONE', #613, #1519, #274 ) ;
#4895 = ADVANCED_FACE ( 'NONE', ( #257 ), #5344, .T. ) ;
#4896 =( NAMED_UNIT ( * ) PLANE_ANGLE_UNIT ( ) SI_UNIT ( $, .RADIAN. ) );
#4897 = DIRECTION ( 'NONE',  ( 1.988267581731810705E-16, 6.123233995736836294E-17, -1.000000000000000000 ) ) ;
#4898 = PRESENTATION_STYLE_ASSIGNMENT (( #5267 ) ) ;
#4899 =( NAMED_UNIT ( * ) PLANE_ANGLE_UNIT ( ) SI_UNIT ( $, .RADIAN. ) );
#4900 = DIRECTION ( 'NONE',  ( 3.613946018757868503E-15, -1.000000000000000000, -6.123233995736764803E-17 ) ) ;
#4901 = CARTESIAN_POINT ( 'NONE',  ( 2.559880592228739093, 1.715119407771264592, 1.350000000000000533 ) ) ;
#4902 = UNCERTAINTY_MEASURE_WITH_UNIT (LENGTH_MEASURE( 1.000000000000000082E-05 ), #4525, 'distance_accuracy_value', 'NONE');
#4903 = ADVANCED_FACE ( 'NONE', ( #4205 ), #120, .T. ) ;
#4904 = DIRECTION ( 'NONE',  ( 1.000000000000000000, 3.469446951953614189E-15, 1.988267581731812924E-16 ) ) ;
#4905 = EDGE_CURVE ( 'NONE', #3409, #4438, #5466, .T. ) ;
#4906 = LINE ( 'NONE', #549, #1179 ) ;
#4907 = COLOUR_RGB ( '',0.8627450980392157298, 0.5882352941176470784, 0.06274509803921568540 ) ;
#4908 = DIRECTION ( 'NONE',  ( 3.491481338843133750E-15, -1.000000000000000000, -6.123233995736767268E-17 ) ) ;
#4909 = CIRCLE ( 'NONE', #933, 0.2500000000000000555 ) ;
#4910 = CARTESIAN_POINT ( 'NONE',  ( 2.540000000000000924, 8.906326651435130784E-15, -5.700000000000000178 ) ) ;
#4911 = DIRECTION ( 'NONE',  ( -1.000000000000000000, -3.614007241618348376E-15, -5.376517026358584721E-16 ) ) ;
#4912 = DIRECTION ( 'NONE',  ( 1.000000000000000000, 3.491481338843133355E-15, 5.376517026358584721E-16 ) ) ;
#4913 = CARTESIAN_POINT ( 'NONE',  ( 2.100261184457483665, 1.255500000000006722, 7.000000000000001776 ) ) ;
#4914 = CARTESIAN_POINT ( 'NONE',  ( 2.540000000000000924, 8.894080183443658215E-15, -5.500000000000001776 ) ) ;
#4915 = EDGE_LOOP ( 'NONE', ( #16, #1092, #2408, #5007, #77, #706 ) ) ;
#4916 =( GEOMETRIC_REPRESENTATION_CONTEXT ( 3 ) GLOBAL_UNCERTAINTY_ASSIGNED_CONTEXT ( ( #898 ) ) GLOBAL_UNIT_ASSIGNED_CONTEXT ( ( #4927, #4899, #4043 ) ) REPRESENTATION_CONTEXT ( 'NONE', 'WORKASPACE' ) );
#4917 = DIRECTION ( 'NONE',  ( 1.988267581731810705E-16, 6.123233995736836294E-17, -1.000000000000000000 ) ) ;
#4918 = CIRCLE ( 'NONE', #1550, 0.3900000000000000133 ) ;
#4919 = CARTESIAN_POINT ( 'NONE',  ( -1.269999999999997575, -0.6350000000000042277, -3.075000000000001510 ) ) ;
#4920 = CYLINDRICAL_SURFACE ( 'NONE', #492, 0.5000000000000000000 ) ;
#4921 = ORIENTED_EDGE ( 'NONE', *, *, #5404, .T. ) ;
#4922 = VERTEX_POINT ( 'NONE', #29 ) ;
#4923 = MECHANICAL_DESIGN_GEOMETRIC_PRESENTATION_REPRESENTATION (  '', ( #2716 ), #1898 ) ;
#4924 = LINE ( 'NONE', #1887, #937 ) ;
#4925 = DIRECTION ( 'NONE',  ( 1.988267581731810212E-16, 6.123233995736836294E-17, -1.000000000000000000 ) ) ;
#4926 = FILL_AREA_STYLE ('',( #1487 ) ) ;
#4927 =( LENGTH_UNIT ( ) NAMED_UNIT ( * ) SI_UNIT ( .MILLI., .METRE. ) );
#4928 = VECTOR ( 'NONE', #4017, 1000.000000000000227 ) ;
#4929 = DIRECTION ( 'NONE',  ( 1.988267581731810705E-16, 6.123233995736836294E-17, -1.000000000000000000 ) ) ;
#4930 = EDGE_LOOP ( 'NONE', ( #66, #4965 ) ) ;
#4931 = CARTESIAN_POINT ( 'NONE',  ( 3.847906756058723232, 2.415969464494002850, 25.22414207777594797 ) ) ;
#4932 = CARTESIAN_POINT ( 'NONE',  ( -4.302999999999994607, -3.048000000000016030, 18.00000000000000000 ) ) ;
#4933 = AXIS2_PLACEMENT_3D ( 'NONE', #742, #4249, #343 ) ;
#4934 = SURFACE_STYLE_USAGE ( .BOTH. , #4959 ) ;
#4935 = ADVANCED_FACE ( 'NONE', ( #3913 ), #4187, .T. ) ;
#4936 = CARTESIAN_POINT ( 'NONE',  ( -4.853000000000011305, 2.947999999999982634, 7.249999999999997335 ) ) ;
#4937 = CIRCLE ( 'NONE', #51, 0.4250000000000000444 ) ;
#4938 = FILL_AREA_STYLE_COLOUR ( '', #1437 ) ;
#4939 = DIRECTION ( 'NONE',  ( -1.000000000000000000, -3.252606517456511724E-15, 0.000000000000000000 ) ) ;
#4940 =( GEOMETRIC_REPRESENTATION_CONTEXT ( 3 ) GLOBAL_UNCERTAINTY_ASSIGNED_CONTEXT ( ( #2454 ) ) GLOBAL_UNIT_ASSIGNED_CONTEXT ( ( #3999, #2270, #4883 ) ) REPRESENTATION_CONTEXT ( 'NONE', 'WORKASPACE' ) );
#4941 =( LENGTH_UNIT ( ) NAMED_UNIT ( * ) SI_UNIT ( .MILLI., .METRE. ) );
#4942 = CARTESIAN_POINT ( 'NONE',  ( 4.271714774011203808, -1.926993128589374882, 25.66899999999999693 ) ) ;
#4943 = CIRCLE ( 'NONE', #139, 0.3899999999999999578 ) ;
#4944 =( GEOMETRIC_REPRESENTATION_CONTEXT ( 3 ) GLOBAL_UNCERTAINTY_ASSIGNED_CONTEXT ( ( #959 ) ) GLOBAL_UNIT_ASSIGNED_CONTEXT ( ( #1690, #886, #2144 ) ) REPRESENTATION_CONTEXT ( 'NONE', 'WORKASPACE' ) );
#4945 =( LENGTH_UNIT ( ) NAMED_UNIT ( * ) SI_UNIT ( .MILLI., .METRE. ) );
#4946 = SURFACE_STYLE_USAGE ( .BOTH. , #3202 ) ;
#4947 = VERTEX_POINT ( 'NONE', #2038 ) ;
#4948 = AXIS2_PLACEMENT_3D ( 'NONE', #151, #97, #3089 ) ;
#4949 = EDGE_LOOP ( 'NONE', ( #4741, #1383, #2450, #1955 ) ) ;
#4950 = CIRCLE ( 'NONE', #3298, 0.4250000000000000444 ) ;
#4951 = CARTESIAN_POINT ( 'NONE',  ( 3.713915879698147293, -1.918883849520887530, 25.66900000000000048 ) ) ;
#4952 = CARTESIAN_POINT ( 'NONE',  ( 4.235675135168342820, -2.978201688927956337, 18.79779834619770895 ) ) ;
#4953 = DIRECTION ( 'NONE',  ( 1.000000000000000000, 3.491481338843133355E-15, 5.376517026358584721E-16 ) ) ;
#4954 = ADVANCED_FACE ( 'NONE', ( #4382 ), #5273, .F. ) ;
#4955 = FILL_AREA_STYLE ('',( #3633 ) ) ;
#4956 = LINE ( 'NONE', #4901, #4928 ) ;
#4957 = SURFACE_STYLE_FILL_AREA ( #245 ) ;
#4958 = SURFACE_STYLE_USAGE ( .BOTH. , #1106 ) ;
#4959 = SURFACE_SIDE_STYLE ('',( #2294 ) ) ;
#4960 =( BOUNDED_CURVE ( )  B_SPLINE_CURVE ( 3, ( #3268, #1996, #2483, #689 ),
 .UNSPECIFIED., .F., .T. ) 
 B_SPLINE_CURVE_WITH_KNOTS ( ( 4, 4 ),
 ( 9.035018104045876857E-16, 0.7816000651241674646 ),
 .UNSPECIFIED. ) 
 CURVE ( )  GEOMETRIC_REPRESENTATION_ITEM ( )  RATIONAL_B_SPLINE_CURVE ( ( 1.000000000000000000, 0.9497364005219712801, 0.9497364005219712801, 1.000000000000000000 ) ) 
 REPRESENTATION_ITEM ( '' )  );
#4961 = DIRECTION ( 'NONE',  ( 1.000000000000000000, 3.491481338843133355E-15, 5.376517026358584721E-16 ) ) ;
#4962 = SURFACE_STYLE_FILL_AREA ( #2773 ) ;
#4963 = EDGE_CURVE ( 'NONE', #3965, #3119, #1817, .T. ) ;
#4964 = CARTESIAN_POINT ( 'NONE',  ( 4.202999999999988745, 2.948000000000014609, 7.000000000000001776 ) ) ;
#4965 = ORIENTED_EDGE ( 'NONE', *, *, #2437, .T. ) ;
#4966 = STYLED_ITEM ( 'NONE', ( #4004 ), #1800 ) ;
#4967 = FILL_AREA_STYLE_COLOUR ( '', #3066 ) ;
#4968 = EDGE_CURVE ( 'NONE', #1792, #5187, #708, .T. ) ;
#4969 =( LENGTH_UNIT ( ) NAMED_UNIT ( * ) SI_UNIT ( .MILLI., .METRE. ) );
#4970 = PRESENTATION_LAYER_ASSIGNMENT (  '', '', ( #617 ) ) ;
#4971 =( NAMED_UNIT ( * ) PLANE_ANGLE_UNIT ( ) SI_UNIT ( $, .RADIAN. ) );
#4972 = ORIENTED_EDGE ( 'NONE', *, *, #3945, .F. ) ;
#4973 = ORIENTED_EDGE ( 'NONE', *, *, #3846, .T. ) ;
#4974 = FILL_AREA_STYLE ('',( #3227 ) ) ;
#4975 = STYLED_ITEM ( 'NONE', ( #3058 ), #2248 ) ;
#4976 = UNCERTAINTY_MEASURE_WITH_UNIT (LENGTH_MEASURE( 1.000000000000000082E-05 ), #1281, 'distance_accuracy_value', 'NONE');
#4977 = SURFACE_STYLE_FILL_AREA ( #2627 ) ;
#4978 =( NAMED_UNIT ( * ) PLANE_ANGLE_UNIT ( ) SI_UNIT ( $, .RADIAN. ) );
#4979 = FACE_OUTER_BOUND ( 'NONE', #5387, .T. ) ;
#4980 = DIRECTION ( 'NONE',  ( -1.000000000000000000, -2.966873679532033666E-15, -1.112675276070189491E-16 ) ) ;
#4981 = DIRECTION ( 'NONE',  ( 1.988267581731810705E-16, 6.123233995736836294E-17, -1.000000000000000000 ) ) ;
#4982 = SURFACE_STYLE_USAGE ( .BOTH. , #1541 ) ;
#4983 = AXIS2_PLACEMENT_3D ( 'NONE', #1082, #4639, #1036 ) ;
#4984 = EDGE_LOOP ( 'NONE', ( #567, #2974, #2847, #1229 ) ) ;
#4985 = SURFACE_STYLE_USAGE ( .BOTH. , #2351 ) ;
#4986 = VECTOR ( 'NONE', #2679, 1000.000000000000000 ) ;
#4987 = CARTESIAN_POINT ( 'NONE',  ( 3.269499999999996742, 1.255500000000011385, 1.350000000000002309 ) ) ;
#4988 = CARTESIAN_POINT ( 'NONE',  ( 2.312393218813457274, -1.467632034355957016, 1.350000000000000533 ) ) ;
#4989 = STYLED_ITEM ( 'NONE', ( #5399 ), #3098 ) ;
#4990 = FACE_OUTER_BOUND ( 'NONE', #3538, .T. ) ;
#4991 = VERTEX_POINT ( 'NONE', #4434 ) ;
#4992 = MECHANICAL_DESIGN_GEOMETRIC_PRESENTATION_REPRESENTATION (  '', ( #108 ), #2516 ) ;
#4993 = CIRCLE ( 'NONE', #1458, 0.3899999999999999578 ) ;
#4994 = CARTESIAN_POINT ( 'NONE',  ( 4.253962220923448889, -2.103164872084711146, 25.23039567330873822 ) ) ;
#4995 = MECHANICAL_DESIGN_GEOMETRIC_PRESENTATION_REPRESENTATION (  '', ( #1735 ), #3294 ) ;
#4996 = PRESENTATION_LAYER_ASSIGNMENT (  '', '', ( #1975 ) ) ;
#4997 = EDGE_CURVE ( 'NONE', #1779, #4118, #1301, .T. ) ;
#4998 = CARTESIAN_POINT ( 'NONE',  ( -1.270000000000001350, 0.6349999999999955680, -3.075000000000001510 ) ) ;
#4999 = FACE_OUTER_BOUND ( 'NONE', #2763, .T. ) ;
#5000 = DIRECTION ( 'NONE',  ( -5.376517026358582749E-16, -6.123233995736954623E-17, 1.000000000000000000 ) ) ;
#5001 = CARTESIAN_POINT ( 'NONE',  ( -4.008164872084735819, 2.348962220923428657, 25.23039567330873822 ) ) ;
#5002 =( LENGTH_UNIT ( ) NAMED_UNIT ( * ) SI_UNIT ( .MILLI., .METRE. ) );
#5003 =( GEOMETRIC_REPRESENTATION_CONTEXT ( 3 ) GLOBAL_UNCERTAINTY_ASSIGNED_CONTEXT ( ( #2458 ) ) GLOBAL_UNIT_ASSIGNED_CONTEXT ( ( #5241, #2542, #3516 ) ) REPRESENTATION_CONTEXT ( 'NONE', 'WORKASPACE' ) );
#5004 = CARTESIAN_POINT ( 'NONE',  ( 3.429119407771253680, 0.8458805922287561119, 1.000000000000002665 ) ) ;
#5005 = LINE ( 'NONE', #2060, #2176 ) ;
#5006 = SURFACE_SIDE_STYLE ('',( #1598 ) ) ;
#5007 = ORIENTED_EDGE ( 'NONE', *, *, #584, .T. ) ;
#5008 = PLANE ( 'NONE',  #581 ) ;
#5009 = SURFACE_STYLE_FILL_AREA ( #3272 ) ;
#5010 = AXIS2_PLACEMENT_3D ( 'NONE', #992, #2653, #4445 ) ;
#5011 = SURFACE_SIDE_STYLE ('',( #1548 ) ) ;
#5012 = ORIENTED_EDGE ( 'NONE', *, *, #3007, .T. ) ;
#5013 = PRESENTATION_LAYER_ASSIGNMENT (  '', '', ( #1836 ) ) ;
#5014 = AXIS2_PLACEMENT_3D ( 'NONE', #4430, #4900, #5370 ) ;
#5015 = FACE_OUTER_BOUND ( 'NONE', #1960, .T. ) ;
#5016 = VECTOR ( 'NONE', #5288, 1000.000000000000000 ) ;
#5017 = ORIENTED_EDGE ( 'NONE', *, *, #5372, .T. ) ;
#5018 =( NAMED_UNIT ( * ) SI_UNIT ( $, .STERADIAN. ) SOLID_ANGLE_UNIT ( ) );
#5019 = DIRECTION ( 'NONE',  ( 1.000000000000000000, 3.491481338843133355E-15, 5.376517026358584721E-16 ) ) ;
#5020 = CARTESIAN_POINT ( 'NONE',  ( 2.969499999999999584, 0.3862611844574987408, 1.000000000000000888 ) ) ;
#5021 = ORIENTED_EDGE ( 'NONE', *, *, #4451, .F. ) ;
#5022 = CIRCLE ( 'NONE', #2830, 0.1500000000000001887 ) ;
#5023 =( NAMED_UNIT ( * ) PLANE_ANGLE_UNIT ( ) SI_UNIT ( $, .RADIAN. ) );
#5024 = MECHANICAL_DESIGN_GEOMETRIC_PRESENTATION_REPRESENTATION (  '', ( #2745 ), #4944 ) ;
#5025 = UNCERTAINTY_MEASURE_WITH_UNIT (LENGTH_MEASURE( 1.000000000000000082E-05 ), #4025, 'distance_accuracy_value', 'NONE');
#5026 = EDGE_CURVE ( 'NONE', #1206, #5483, #3608, .T. ) ;
#5027 = EDGE_CURVE ( 'NONE', #4838, #5232, #4640, .T. ) ;
#5028 = CARTESIAN_POINT ( 'NONE',  ( 4.953000000000005620, -3.047999999999983167, 7.000000000000003553 ) ) ;
#5029 = CARTESIAN_POINT ( 'NONE',  ( 2.515239743702690898E-15, -0.6349999999999997868, -3.175000000000000711 ) ) ;
#5030 = CARTESIAN_POINT ( 'NONE',  ( 2.969500000000002249, -0.3862611844574787567, 1.000000000000000888 ) ) ;
#5031 = ORIENTED_EDGE ( 'NONE', *, *, #4527, .F. ) ;
#5032 = SURFACE_STYLE_USAGE ( .BOTH. , #4221 ) ;
#5033 = CARTESIAN_POINT ( 'NONE',  ( 1.269999999999998685, 0.6350000000000048939, -3.175000000000000711 ) ) ;
#5035 = UNCERTAINTY_MEASURE_WITH_UNIT (LENGTH_MEASURE( 1.000000000000000082E-05 ), #131, 'distance_accuracy_value', 'NONE');
#5034 = COLOUR_RGB ( '',0.7529411764705882248, 0.7529411764705882248, 0.7529411764705882248 ) ;
#5036 = DIRECTION ( 'NONE',  ( 1.988267581731810705E-16, 6.123233995736836294E-17, -1.000000000000000000 ) ) ;
#5037 = CARTESIAN_POINT ( 'NONE',  ( -2.965000000000002522, 1.015999999999989356, -5.700000000000000178 ) ) ;
#5038 = EDGE_LOOP ( 'NONE', ( #3147, #4794, #1699, #4343 ) ) ;
#5039 = PRESENTATION_STYLE_ASSIGNMENT (( #4192 ) ) ;
#5040 =( NAMED_UNIT ( * ) SI_UNIT ( $, .STERADIAN. ) SOLID_ANGLE_UNIT ( ) );
#5041 = UNCERTAINTY_MEASURE_WITH_UNIT (LENGTH_MEASURE( 1.000000000000000082E-05 ), #4969, 'distance_accuracy_value', 'NONE');
#5042 = FILL_AREA_STYLE_COLOUR ( '', #4506 ) ;
#5043 = DIRECTION ( 'NONE',  ( -1.000000000000000000, -3.491481338843133355E-15, 0.000000000000000000 ) ) ;
#5044 = ORIENTED_EDGE ( 'NONE', *, *, #4472, .T. ) ;
#5045 = CARTESIAN_POINT ( 'NONE',  ( 4.852999999999989988, 2.298000000000016474, 7.250000000000002665 ) ) ;
#5046 = FILL_AREA_STYLE ('',( #4967 ) ) ;
#5047 = ADVANCED_FACE ( 'NONE', ( #4485 ), #1896, .T. ) ;
#5048 =( NAMED_UNIT ( * ) PLANE_ANGLE_UNIT ( ) SI_UNIT ( $, .RADIAN. ) );
#5049 = ORIENTED_EDGE ( 'NONE', *, *, #2168, .T. ) ;
#5050 = CARTESIAN_POINT ( 'NONE',  ( 2.312393218813448392, 1.467632034355972115, 1.350000000000000533 ) ) ;
#5051 = CARTESIAN_POINT ( 'NONE',  ( 2.100261184457493435, -1.555499999999993666, 1.350000000000000533 ) ) ;
#5052 = VERTEX_POINT ( 'NONE', #5324 ) ;
#5053 = CIRCLE ( 'NONE', #4877, 0.5000000000000002220 ) ;
#5054 = LINE ( 'NONE', #2814, #2463 ) ;
#5055 = SURFACE_STYLE_USAGE ( .BOTH. , #3307 ) ;
#5056 = DIRECTION ( 'NONE',  ( -1.988267581731810705E-16, -6.123233995736836294E-17, 1.000000000000000000 ) ) ;
#5057 = CARTESIAN_POINT ( 'NONE',  ( -4.203000000000010061, 2.297999999999984944, 7.249999999999998224 ) ) ;
#5058 = ORIENTED_EDGE ( 'NONE', *, *, #218, .T. ) ;
#5059 =( GEOMETRIC_REPRESENTATION_CONTEXT ( 3 ) GLOBAL_UNCERTAINTY_ASSIGNED_CONTEXT ( ( #4172 ) ) GLOBAL_UNIT_ASSIGNED_CONTEXT ( ( #4740, #4237, #4295 ) ) REPRESENTATION_CONTEXT ( 'NONE', 'WORKASPACE' ) );
#5060 = EDGE_CURVE ( 'NONE', #4822, #3956, #1107, .T. ) ;
#5061 = CARTESIAN_POINT ( 'NONE',  ( 2.315000000000001279, 8.080942329223137171E-15, -5.500000000000001776 ) ) ;
#5062 = SURFACE_SIDE_STYLE ('',( #2883 ) ) ;
#5063 = PRESENTATION_STYLE_ASSIGNMENT (( #4462 ) ) ;
#5064 = SURFACE_STYLE_USAGE ( .BOTH. , #5006 ) ;
#5065 = ORIENTED_EDGE ( 'NONE', *, *, #864, .F. ) ;
#5066 = CARTESIAN_POINT ( 'NONE',  ( 4.203000000000005620, -2.947999999999985743, 7.250000000000001776 ) ) ;
#5067 = EDGE_CURVE ( 'NONE', #447, #1164, #744, .T. ) ;
#5068 = EDGE_CURVE ( 'NONE', #1728, #2239, #1420, .T. ) ;
#5069 = AXIS2_PLACEMENT_3D ( 'NONE', #3742, #2481, #3835 ) ;
#5070 = CARTESIAN_POINT ( 'NONE',  ( -1.152836545237840305E-14, 3.047999999999999154, 12.50000000000000000 ) ) ;
#5071 =( NAMED_UNIT ( * ) SI_UNIT ( $, .STERADIAN. ) SOLID_ANGLE_UNIT ( ) );
#5072 = COLOUR_RGB ( '',0.2509803921568627416, 0.2509803921568627416, 0.2509803921568627416 ) ;
#5073 = ORIENTED_EDGE ( 'NONE', *, *, #2686, .T. ) ;
#5074 = CIRCLE ( 'NONE', #3692, 0.5000000000000002220 ) ;
#5075 = DIRECTION ( 'NONE',  ( 1.988267581731810705E-16, 6.123233995736836294E-17, -1.000000000000000000 ) ) ;
#5076 = FACE_OUTER_BOUND ( 'NONE', #3332, .T. ) ;
#5077 = PRESENTATION_LAYER_ASSIGNMENT (  '', '', ( #2785 ) ) ;
#5078 = ORIENTED_EDGE ( 'NONE', *, *, #3137, .F. ) ;
#5079 = PRESENTATION_STYLE_ASSIGNMENT (( #233 ) ) ;
#5080 = CARTESIAN_POINT ( 'NONE',  ( 2.495357067885372476E-15, -0.6349999999999997868, -3.075000000000001510 ) ) ;
#5081 = CIRCLE ( 'NONE', #4814, 0.3899999999999999578 ) ;
#5082 =( GEOMETRIC_REPRESENTATION_CONTEXT ( 3 ) GLOBAL_UNCERTAINTY_ASSIGNED_CONTEXT ( ( #5085 ) ) GLOBAL_UNIT_ASSIGNED_CONTEXT ( ( #4135, #2824, #211 ) ) REPRESENTATION_CONTEXT ( 'NONE', 'WORKASPACE' ) );
#5083 = ORIENTED_EDGE ( 'NONE', *, *, #2784, .F. ) ;
#5084 =( NAMED_UNIT ( * ) PLANE_ANGLE_UNIT ( ) SI_UNIT ( $, .RADIAN. ) );
#5085 = UNCERTAINTY_MEASURE_WITH_UNIT (LENGTH_MEASURE( 1.000000000000000082E-05 ), #4135, 'distance_accuracy_value', 'NONE');
#5086 = DIRECTION ( 'NONE',  ( -1.988267581731810212E-16, -6.123233995736836294E-17, 1.000000000000000000 ) ) ;
#5087 = AXIS2_PLACEMENT_3D ( 'NONE', #2072, #1667, #922 ) ;
#5088 =( LENGTH_UNIT ( ) NAMED_UNIT ( * ) SI_UNIT ( .MILLI., .METRE. ) );
#5089 =( LENGTH_UNIT ( ) NAMED_UNIT ( * ) SI_UNIT ( .MILLI., .METRE. ) );
#5090 = CIRCLE ( 'NONE', #1205, 0.2000000000000000944 ) ;
#5091 = STYLED_ITEM ( 'NONE', ( #1843 ), #4586 ) ;
#5092 =( NAMED_UNIT ( * ) SI_UNIT ( $, .STERADIAN. ) SOLID_ANGLE_UNIT ( ) );
#5093 =( NAMED_UNIT ( * ) PLANE_ANGLE_UNIT ( ) SI_UNIT ( $, .RADIAN. ) );
#5094 = DIRECTION ( 'NONE',  ( -1.988267581731810705E-16, -6.123233995736836294E-17, 1.000000000000000000 ) ) ;
#5095 = TOROIDAL_SURFACE ( 'NONE', #2625, 0.1500000000000000777, 0.1000000000000000056 ) ;
#5096 =( GEOMETRIC_REPRESENTATION_CONTEXT ( 3 ) GLOBAL_UNCERTAINTY_ASSIGNED_CONTEXT ( ( #2987 ) ) GLOBAL_UNIT_ASSIGNED_CONTEXT ( ( #4498, #5048, #5018 ) ) REPRESENTATION_CONTEXT ( 'NONE', 'WORKASPACE' ) );
#5097 = DIRECTION ( 'NONE',  ( 1.988267581731810705E-16, 6.123233995736836294E-17, -1.000000000000000000 ) ) ;
#5098 = PRESENTATION_STYLE_ASSIGNMENT (( #851 ) ) ;
#5099 = VERTEX_POINT ( 'NONE', #579 ) ;
#5100 = DIRECTION ( 'NONE',  ( 1.000000000000000000, 3.614007241618343643E-15, 0.000000000000000000 ) ) ;
#5101 = CIRCLE ( 'NONE', #2534, 0.2500000000000000000 ) ;
#5102 = DIRECTION ( 'NONE',  ( -1.988267581731810705E-16, -6.123233995736836294E-17, 1.000000000000000000 ) ) ;
#5103 = UNCERTAINTY_MEASURE_WITH_UNIT (LENGTH_MEASURE( 1.000000000000000082E-05 ), #1513, 'distance_accuracy_value', 'NONE');
#5104 = EDGE_CURVE ( 'NONE', #4604, #1011, #1643, .T. ) ;
#5105 = EDGE_CURVE ( 'NONE', #652, #3084, #33, .T. ) ;
#5106 = PRESENTATION_LAYER_ASSIGNMENT (  '', '', ( #2809 ) ) ;
#5107 = ORIENTED_EDGE ( 'NONE', *, *, #5454, .F. ) ;
#5108 = MECHANICAL_DESIGN_GEOMETRIC_PRESENTATION_REPRESENTATION (  '', ( #4111 ), #3373 ) ;
#5109 = CARTESIAN_POINT ( 'NONE',  ( 1.269999999999998019, 0.6350000000000046718, 0.000000000000000000 ) ) ;
#5110 = ORIENTED_EDGE ( 'NONE', *, *, #3701, .T. ) ;
#5111 = VERTEX_POINT ( 'NONE', #1874 ) ;
#5112 =( NAMED_UNIT ( * ) SI_UNIT ( $, .STERADIAN. ) SOLID_ANGLE_UNIT ( ) );
#5113 = SURFACE_SIDE_STYLE ('',( #3363 ) ) ;
#5114 = ORIENTED_EDGE ( 'NONE', *, *, #3473, .F. ) ;
#5115 = FACE_OUTER_BOUND ( 'NONE', #4513, .T. ) ;
#5116 = STYLED_ITEM ( 'NONE', ( #1700 ), #728 ) ;
#5117 = FACE_OUTER_BOUND ( 'NONE', #4399, .T. ) ;
#5118 = PLANE ( 'NONE',  #825 ) ;
#5119 = CARTESIAN_POINT ( 'NONE',  ( 4.320969464493981782, 1.942906756058747852, 25.22414207777594797 ) ) ;
#5120 = DIRECTION ( 'NONE',  ( -1.000000000000000000, -3.614007241618348376E-15, -5.376517026358584721E-16 ) ) ;
#5121 = CARTESIAN_POINT ( 'NONE',  ( 4.951557841984058683, -2.778937850140489108, 18.01648394155110466 ) ) ;
#5122 = ORIENTED_EDGE ( 'NONE', *, *, #5467, .T. ) ;
#5123 = PRESENTATION_LAYER_ASSIGNMENT (  '', '', ( #2097 ) ) ;
#5124 = DIRECTION ( 'NONE',  ( 5.376517026358582749E-16, 6.123233995736954623E-17, -1.000000000000000000 ) ) ;
#5125 = DIRECTION ( 'NONE',  ( 1.988267581731810705E-16, 6.123233995736836294E-17, -1.000000000000000000 ) ) ;
#5126 = CARTESIAN_POINT ( 'NONE',  ( 1.883964786502841039E-15, -0.6350000000000000089, 0.000000000000000000 ) ) ;
#5127 = CARTESIAN_POINT ( 'NONE',  ( 2.540000000000000924, 8.906326651435130784E-15, -5.700000000000000178 ) ) ;
#5128 = ADVANCED_FACE ( 'NONE', ( #2748 ), #1316, .T. ) ;
#5129 = PRESENTATION_LAYER_ASSIGNMENT (  '', '', ( #405 ) ) ;
#5130 =( LENGTH_UNIT ( ) NAMED_UNIT ( * ) SI_UNIT ( .MILLI., .METRE. ) );
#5131 = DIRECTION ( 'NONE',  ( -1.988267581731810705E-16, -6.123233995736836294E-17, 1.000000000000000000 ) ) ;
#5132 =( GEOMETRIC_REPRESENTATION_CONTEXT ( 3 ) GLOBAL_UNCERTAINTY_ASSIGNED_CONTEXT ( ( #4682 ) ) GLOBAL_UNIT_ASSIGNED_CONTEXT ( ( #4750, #2049, #403 ) ) REPRESENTATION_CONTEXT ( 'NONE', 'WORKASPACE' ) );
#5133 = CARTESIAN_POINT ( 'NONE',  ( -3.823883852410975059, -1.769454647697229266, 25.66900000000000048 ) ) ;
#5134 = ORIENTED_EDGE ( 'NONE', *, *, #2302, .F. ) ;
#5135 = LINE ( 'NONE', #4699, #1926 ) ;
#5136 = MECHANICAL_DESIGN_GEOMETRIC_PRESENTATION_REPRESENTATION (  '', ( #2200 ), #4420 ) ;
#5137 =( NAMED_UNIT ( * ) SI_UNIT ( $, .STERADIAN. ) SOLID_ANGLE_UNIT ( ) );
#5138 = MECHANICAL_DESIGN_GEOMETRIC_PRESENTATION_REPRESENTATION (  '', ( #3663 ), #2032 ) ;
#5139 = EDGE_CURVE ( 'NONE', #4053, #1728, #4960, .T. ) ;
#5140 = FILL_AREA_STYLE ('',( #2957 ) ) ;
#5141 = DIRECTION ( 'NONE',  ( -1.000000000000000000, -3.252606517456513302E-15, 0.000000000000000000 ) ) ;
#5142 = DIRECTION ( 'NONE',  ( -1.000000000000000000, -3.357436149580553077E-15, -4.537009299541455732E-16 ) ) ;
#5143 = ORIENTED_EDGE ( 'NONE', *, *, #4833, .F. ) ;
#5144 = PRESENTATION_STYLE_ASSIGNMENT (( #3397 ) ) ;
#5145 = CARTESIAN_POINT ( 'NONE',  ( 4.952999999999990521, 2.398000000000013898, 18.00000000000000355 ) ) ;
#5146 = ORIENTED_EDGE ( 'NONE', *, *, #1694, .F. ) ;
#5147 = EDGE_CURVE ( 'NONE', #5423, #5187, #4259, .T. ) ;
#5148 = CARTESIAN_POINT ( 'NONE',  ( 2.100261184457483221, 1.905500000000007077, 1.350000000000000533 ) ) ;
#5149 = DIRECTION ( 'NONE',  ( -1.988267581731810212E-16, -6.123233995736836294E-17, 1.000000000000000000 ) ) ;
#5150 = CARTESIAN_POINT ( 'NONE',  ( -1.948781388753659952E-15, 0.6350000000000000089, 0.000000000000000000 ) ) ;
#5151 =( GEOMETRIC_REPRESENTATION_CONTEXT ( 3 ) GLOBAL_UNCERTAINTY_ASSIGNED_CONTEXT ( ( #1948 ) ) GLOBAL_UNIT_ASSIGNED_CONTEXT ( ( #2164, #3927, #68 ) ) REPRESENTATION_CONTEXT ( 'NONE', 'WORKASPACE' ) );
#5152 =( LENGTH_UNIT ( ) NAMED_UNIT ( * ) SI_UNIT ( .MILLI., .METRE. ) );
#5153 = VERTEX_POINT ( 'NONE', #1252 ) ;
#5154 = EDGE_CURVE ( 'NONE', #1608, #821, #1859, .T. ) ;
#5155 = CARTESIAN_POINT ( 'NONE',  ( 2.100261184457484109, 1.555500000000006988, 1.000000000000000888 ) ) ;
#5156 = AXIS2_PLACEMENT_3D ( 'NONE', #5033, #2529, #5201 ) ;
#5157 = CARTESIAN_POINT ( 'NONE',  ( 1.270000000000002016, -0.6349999999999956790, 1.000000000000000888 ) ) ;
#5158 = SURFACE_SIDE_STYLE ('',( #2947 ) ) ;
#5159 = CARTESIAN_POINT ( 'NONE',  ( -4.952999999999995850, -2.398000000000018783, 18.00000000000000000 ) ) ;
#5160 = PRESENTATION_LAYER_ASSIGNMENT (  '', '', ( #441 ) ) ;
#5161 = ORIENTED_EDGE ( 'NONE', *, *, #1925, .T. ) ;
#5162 = CARTESIAN_POINT ( 'NONE',  ( 2.114999999999999769, 7.211195509573875613E-15, 1.000000000000000888 ) ) ;
#5163 = PLANE ( 'NONE',  #1440 ) ;
#5164 = TOROIDAL_SURFACE ( 'NONE', #3977, 0.1500000000000000777, 0.1000000000000000056 ) ;
#5165 = ORIENTED_EDGE ( 'NONE', *, *, #3286, .T. ) ;
#5166 =( GEOMETRIC_REPRESENTATION_CONTEXT ( 3 ) GLOBAL_UNCERTAINTY_ASSIGNED_CONTEXT ( ( #1842 ) ) GLOBAL_UNIT_ASSIGNED_CONTEXT ( ( #1920, #717, #4184 ) ) REPRESENTATION_CONTEXT ( 'NONE', 'WORKASPACE' ) );
#5167 = SURFACE_SIDE_STYLE ('',( #1695 ) ) ;
#5168 = DIRECTION ( 'NONE',  ( -1.988267581731810212E-16, -6.123233995736835061E-17, 1.000000000000000000 ) ) ;
#5169 =( BOUNDED_CURVE ( )  B_SPLINE_CURVE ( 3, ( #659, #5001, #1563, #1158 ),
 .UNSPECIFIED., .F., .T. ) 
 B_SPLINE_CURVE_WITH_KNOTS ( ( 4, 4 ),
 ( -8.881784197001252323E-16, 0.7816000651241625796 ),
 .UNSPECIFIED. ) 
 CURVE ( )  GEOMETRIC_REPRESENTATION_ITEM ( )  RATIONAL_B_SPLINE_CURVE ( ( 1.000000000000000000, 0.9497364005219717242, 0.9497364005219717242, 1.000000000000000000 ) ) 
 REPRESENTATION_ITEM ( '' )  );
#5170 = VERTEX_POINT ( 'NONE', #2511 ) ;
#5171 = VERTEX_POINT ( 'NONE', #4157 ) ;
#5172 = CARTESIAN_POINT ( 'NONE',  ( -4.951557841984048025, -2.778937850140524191, 18.01648394155109756 ) ) ;
#5173 = ORIENTED_EDGE ( 'NONE', *, *, #284, .T. ) ;
#5174 = AXIS2_PLACEMENT_3D ( 'NONE', #3788, #1644, #3366 ) ;
#5175 = CARTESIAN_POINT ( 'NONE',  ( 4.302999999999989278, 3.048000000000013809, 18.00000000000000355 ) ) ;
#5176 = STYLED_ITEM ( 'NONE', ( #1220 ), #3660 ) ;
#5177 = EDGE_CURVE ( 'NONE', #1936, #4294, #381, .T. ) ;
#5178 = CIRCLE ( 'NONE', #3443, 0.1500000000000000777 ) ;
#5179 =( LENGTH_UNIT ( ) NAMED_UNIT ( * ) SI_UNIT ( .MILLI., .METRE. ) );
#5180 = SURFACE_STYLE_FILL_AREA ( #3429 ) ;
#5181 = DIRECTION ( 'NONE',  ( 1.988267581731810705E-16, 6.123233995736836294E-17, -1.000000000000000000 ) ) ;
#5182 = PRESENTATION_LAYER_ASSIGNMENT (  '', '', ( #108 ) ) ;
#5183 = DIRECTION ( 'NONE',  ( 1.000000000000000000, 3.614007241618348376E-15, 5.560011140951305498E-16 ) ) ;
#5184 = CARTESIAN_POINT ( 'NONE',  ( 4.303822921787180178, -3.047999999999986276, 18.00000000000000711 ) ) ;
#5185 = EDGE_CURVE ( 'NONE', #5171, #3725, #789, .T. ) ;
#5186 = CIRCLE ( 'NONE', #1032, 0.3500000000000000333 ) ;
#5187 = VERTEX_POINT ( 'NONE', #4607 ) ;
#5188 = CARTESIAN_POINT ( 'NONE',  ( 1.270000000000002016, -0.6349999999999955680, 0.000000000000000000 ) ) ;
#5189 = VECTOR ( 'NONE', #4686, 1000.000000000000000 ) ;
#5190 = FACE_OUTER_BOUND ( 'NONE', #4930, .T. ) ;
#5191 = EDGE_LOOP ( 'NONE', ( #1390, #3174, #3841, #2122 ) ) ;
#5192 = COLOUR_RGB ( '',0.8627450980392157298, 0.5882352941176470784, 0.06274509803921568540 ) ;
#5193 = STYLED_ITEM ( 'NONE', ( #4409 ), #4935 ) ;
#5194 = LINE ( 'NONE', #330, #4070 ) ;
#5195 = SURFACE_SIDE_STYLE ('',( #3454 ) ) ;
#5196 = ORIENTED_EDGE ( 'NONE', *, *, #5377, .T. ) ;
#5197 = DIRECTION ( 'NONE',  ( 3.613946018757868503E-15, -1.000000000000000000, -6.123233995736764803E-17 ) ) ;
#5198 = ORIENTED_EDGE ( 'NONE', *, *, #5454, .T. ) ;
#5199 =( GEOMETRIC_REPRESENTATION_CONTEXT ( 3 ) GLOBAL_UNCERTAINTY_ASSIGNED_CONTEXT ( ( #1741 ) ) GLOBAL_UNIT_ASSIGNED_CONTEXT ( ( #2183, #3502, #1396 ) ) REPRESENTATION_CONTEXT ( 'NONE', 'WORKASPACE' ) );
#5200 = COLOUR_RGB ( '',0.2862745098039215508, 0.3254901960784313819, 0.5882352941176470784 ) ;
#5201 = DIRECTION ( 'NONE',  ( 1.000000000000000000, 3.614007241618343643E-15, 0.000000000000000000 ) ) ;
#5202 = DIRECTION ( 'NONE',  ( -6.385093352530581152E-17, 6.123233995736745082E-17, -1.000000000000000000 ) ) ;
#5203 = PLANE ( 'NONE',  #361 ) ;
#5204 = CARTESIAN_POINT ( 'NONE',  ( -3.808546900521325274, -1.846824435404713638, 25.66900000000000048 ) ) ;
#5205 = LINE ( 'NONE', #4719, #1211 ) ;
#5206 = AXIS2_PLACEMENT_3D ( 'NONE', #3104, #2736, #537 ) ;
#5207 =( NAMED_UNIT ( * ) PLANE_ANGLE_UNIT ( ) SI_UNIT ( $, .RADIAN. ) );
#5208 = EDGE_LOOP ( 'NONE', ( #2094, #5296, #4465, #5058 ) ) ;
#5209 = AXIS2_PLACEMENT_3D ( 'NONE', #1216, #2846, #3680 ) ;
#5210 = EDGE_CURVE ( 'NONE', #280, #1839, #5542, .T. ) ;
#5211 = DIRECTION ( 'NONE',  ( 3.221880406242102251E-16, -0.08715574274765826301, 0.9961946980917455452 ) ) ;
#5212 = DIRECTION ( 'NONE',  ( -1.000000000000000000, -3.491481338843133355E-15, -2.749740109373716394E-16 ) ) ;
#5213 = ADVANCED_FACE ( 'NONE', ( #296 ), #5095, .T. ) ;
#5214 = UNCERTAINTY_MEASURE_WITH_UNIT (LENGTH_MEASURE( 1.000000000000000082E-05 ), #48, 'distance_accuracy_value', 'NONE');
#5215 = DIRECTION ( 'NONE',  ( -1.988267581731810705E-16, -6.123233995736836294E-17, 1.000000000000000000 ) ) ;
#5216 = DIRECTION ( 'NONE',  ( -1.000000000000000000, -3.614007241618348376E-15, -5.376517026358584721E-16 ) ) ;
#5217 = SURFACE_STYLE_USAGE ( .BOTH. , #23 ) ;
#5218 =( BOUNDED_CURVE ( )  B_SPLINE_CURVE ( 3, ( #899, #2587, #458, #1759 ),
 .UNSPECIFIED., .F., .T. ) 
 B_SPLINE_CURVE_WITH_KNOTS ( ( 4, 4 ),
 ( 6.279387208906304529, 6.283185307179586232 ),
 .UNSPECIFIED. ) 
 CURVE ( )  GEOMETRIC_REPRESENTATION_ITEM ( )  RATIONAL_B_SPLINE_CURVE ( ( 1.000000000000000000, 0.9999987978711534220, 0.9999987978711534220, 1.000000000000000000 ) ) 
 REPRESENTATION_ITEM ( '' )  );
#5219 = EDGE_LOOP ( 'NONE', ( #4547, #4350, #4238, #2673 ) ) ;
#5220 = DIRECTION ( 'NONE',  ( -1.000000000000000000, -2.966873679532033666E-15, -2.749740109373716394E-16 ) ) ;
#5221 = CARTESIAN_POINT ( 'NONE',  ( 1.270000000000002682, -0.6349999999999953459, -3.075000000000001510 ) ) ;
#5222 = CIRCLE ( 'NONE', #2291, 0.2999999999999999334 ) ;
#5223 =( NAMED_UNIT ( * ) SI_UNIT ( $, .STERADIAN. ) SOLID_ANGLE_UNIT ( ) );
#5224 = AXIS2_PLACEMENT_3D ( 'NONE', #4988, #4516, #115 ) ;
#5225 = CARTESIAN_POINT ( 'NONE',  ( -2.764999999999996128, -1.016000000000010006, -5.700000000000000178 ) ) ;
#5226 = PRESENTATION_LAYER_ASSIGNMENT (  '', '', ( #143 ) ) ;
#5227 = CARTESIAN_POINT ( 'NONE',  ( 1.660000000000001918, -0.6349999999999943467, 1.000000000000000888 ) ) ;
#5228 = CARTESIAN_POINT ( 'NONE',  ( 1.270000000000002016, -0.6349999999999955680, 0.000000000000000000 ) ) ;
#5229 = LINE ( 'NONE', #2611, #660 ) ;
#5230 = ORIENTED_EDGE ( 'NONE', *, *, #4139, .T. ) ;
#5231 = CARTESIAN_POINT ( 'NONE',  ( -2.764999999999996128, -1.016000000000009562, -5.500000000000001776 ) ) ;
#5232 = VERTEX_POINT ( 'NONE', #3804 ) ;
#5233 = CARTESIAN_POINT ( 'NONE',  ( -1.270000000000002016, 0.6349999999999953459, 1.000000000000000888 ) ) ;
#5234 = SURFACE_STYLE_USAGE ( .BOTH. , #1645 ) ;
#5235 = SURFACE_SIDE_STYLE ('',( #2590 ) ) ;
#5236 = DIRECTION ( 'NONE',  ( 1.000000000000000000, 3.469446951953614189E-15, 5.376517026358585707E-16 ) ) ;
#5237 = FILL_AREA_STYLE_COLOUR ( '', #3522 ) ;
#5238 = DIRECTION ( 'NONE',  ( 1.988267581731810705E-16, 6.123233995736836294E-17, -1.000000000000000000 ) ) ;
#5239 = CARTESIAN_POINT ( 'NONE',  ( -4.008164872084720720, -2.348962220923461075, 25.23039567330873822 ) ) ;
#5240 = LINE ( 'NONE', #3905, #3935 ) ;
#5241 =( LENGTH_UNIT ( ) NAMED_UNIT ( * ) SI_UNIT ( .MILLI., .METRE. ) );
#5242 = VERTEX_POINT ( 'NONE', #2629 ) ;
#5243 = EDGE_CURVE ( 'NONE', #413, #5423, #2427, .T. ) ;
#5244 = PRESENTATION_LAYER_ASSIGNMENT (  '', '', ( #3143 ) ) ;
#5245 = CARTESIAN_POINT ( 'NONE',  ( 4.131063546504075035, 2.226063546504097879, 25.23039567330873822 ) ) ;
#5246 = AXIS2_PLACEMENT_3D ( 'NONE', #1858, #3588, #5332 ) ;
#5247 = ADVANCED_FACE ( 'NONE', ( #1790 ), #3078, .T. ) ;
#5248 =( LENGTH_UNIT ( ) NAMED_UNIT ( * ) SI_UNIT ( .MILLI., .METRE. ) );
#5249 = CARTESIAN_POINT ( 'NONE',  ( -3.982766749692649988, -2.297614522761405542, 25.66899999999992943 ) ) ;
#5250 =( GEOMETRIC_REPRESENTATION_CONTEXT ( 3 ) GLOBAL_UNCERTAINTY_ASSIGNED_CONTEXT ( ( #3702 ) ) GLOBAL_UNIT_ASSIGNED_CONTEXT ( ( #4263, #4701, #4292 ) ) REPRESENTATION_CONTEXT ( 'NONE', 'WORKASPACE' ) );
#5251 = ORIENTED_EDGE ( 'NONE', *, *, #3033, .F. ) ;
#5252 = SURFACE_SIDE_STYLE ('',( #510 ) ) ;
#5253 = LINE ( 'NONE', #4328, #469 ) ;
#5254 = ORIENTED_EDGE ( 'NONE', *, *, #4185, .T. ) ;
#5255 = PRESENTATION_STYLE_ASSIGNMENT (( #2535 ) ) ;
#5256 = DIRECTION ( 'NONE',  ( 1.988267581731810212E-16, 6.123233995736836294E-17, -1.000000000000000000 ) ) ;
#5257 = CIRCLE ( 'NONE', #2504, 0.3899999999999999578 ) ;
#5258 =( LENGTH_UNIT ( ) NAMED_UNIT ( * ) SI_UNIT ( .MILLI., .METRE. ) );
#5259 = CARTESIAN_POINT ( 'NONE',  ( 2.100261184457484998, 1.255500000000007166, 1.000000000000000888 ) ) ;
#5260 = DIRECTION ( 'NONE',  ( -1.000000000000000000, -3.469446951953613400E-15, 0.000000000000000000 ) ) ;
#5261 =( GEOMETRIC_REPRESENTATION_CONTEXT ( 3 ) GLOBAL_UNCERTAINTY_ASSIGNED_CONTEXT ( ( #5416 ) ) GLOBAL_UNIT_ASSIGNED_CONTEXT ( ( #2816, #4600, #711 ) ) REPRESENTATION_CONTEXT ( 'NONE', 'WORKASPACE' ) );
#5262 = PRESENTATION_LAYER_ASSIGNMENT (  '', '', ( #820 ) ) ;
#5263 = ORIENTED_EDGE ( 'NONE', *, *, #3246, .F. ) ;
#5264 = CARTESIAN_POINT ( 'NONE',  ( 2.100261184457481889, 1.905500000000006633, 7.000000000000001776 ) ) ;
#5265 = UNCERTAINTY_MEASURE_WITH_UNIT (LENGTH_MEASURE( 1.000000000000000082E-05 ), #4575, 'distance_accuracy_value', 'NONE');
#5266 = COLOUR_RGB ( '',0.2509803921568627416, 0.2509803921568627416, 0.2509803921568627416 ) ;
#5267 = SURFACE_STYLE_USAGE ( .BOTH. , #570 ) ;
#5268 = DIRECTION ( 'NONE',  ( 0.000000000000000000, 0.000000000000000000, 1.000000000000000000 ) ) ;
#5269 = SURFACE_SIDE_STYLE ('',( #2600 ) ) ;
#5270 = EDGE_LOOP ( 'NONE', ( #2484, #1424, #4333, #5565 ) ) ;
#5271 = AXIS2_PLACEMENT_3D ( 'NONE', #4787, #2978, #3008 ) ;
#5272 = CIRCLE ( 'NONE', #2986, 0.3899999999999999578 ) ;
#5273 = PLANE ( 'NONE',  #5276 ) ;
#5274 =( NAMED_UNIT ( * ) SI_UNIT ( $, .STERADIAN. ) SOLID_ANGLE_UNIT ( ) );
#5275 =( GEOMETRIC_REPRESENTATION_CONTEXT ( 3 ) GLOBAL_UNCERTAINTY_ASSIGNED_CONTEXT ( ( #2337 ) ) GLOBAL_UNIT_ASSIGNED_CONTEXT ( ( #2303, #3220, #1879 ) ) REPRESENTATION_CONTEXT ( 'NONE', 'WORKASPACE' ) );
#5276 = AXIS2_PLACEMENT_3D ( 'NONE', #4793, #917, #475 ) ;
#5277 = AXIS2_PLACEMENT_3D ( 'NONE', #807, #400, #934 ) ;
#5278 = ADVANCED_FACE ( 'NONE', ( #3873, #3109 ), #2983, .T. ) ;
#5279 = ADVANCED_FACE ( 'NONE', ( #2662 ), #883, .T. ) ;
#5280 = DIRECTION ( 'NONE',  ( 1.000000000000000000, 3.491481338843133355E-15, 5.376517026358584721E-16 ) ) ;
#5281 = EDGE_LOOP ( 'NONE', ( #2184, #3398, #1152, #1949 ) ) ;
#5282 =( NAMED_UNIT ( * ) SI_UNIT ( $, .STERADIAN. ) SOLID_ANGLE_UNIT ( ) );
#5283 = CARTESIAN_POINT ( 'NONE',  ( -4.305468757942084501, -3.047995311701741539, 18.00005358749448447 ) ) ;
#5284 = ORIENTED_EDGE ( 'NONE', *, *, #2026, .F. ) ;
#5285 = SURFACE_STYLE_USAGE ( .BOTH. , #3976 ) ;
#5286 = FILL_AREA_STYLE ('',( #1808 ) ) ;
#5287 = SURFACE_STYLE_FILL_AREA ( #3978 ) ;
#5288 = DIRECTION ( 'NONE',  ( 2.966873679532033666E-15, -1.000000000000000000, -6.123233995736770966E-17 ) ) ;
#5289 = VERTEX_POINT ( 'NONE', #106 ) ;
#5290 = AXIS2_PLACEMENT_3D ( 'NONE', #2939, #4749, #5591 ) ;
#5291 =( LENGTH_UNIT ( ) NAMED_UNIT ( * ) SI_UNIT ( .MILLI., .METRE. ) );
#5292 = DIRECTION ( 'NONE',  ( -1.000000000000000000, -3.448710007688152381E-15, -6.171446601772210091E-16 ) ) ;
#5293 = FACE_OUTER_BOUND ( 'NONE', #3455, .T. ) ;
#5294 = SURFACE_STYLE_FILL_AREA ( #3543 ) ;
#5295 = CARTESIAN_POINT ( 'NONE',  ( -4.303000000000011482, 3.047999999999984500, 7.249999999999997335 ) ) ;
#5296 = ORIENTED_EDGE ( 'NONE', *, *, #4997, .T. ) ;
#5297 = CARTESIAN_POINT ( 'NONE',  ( 1.269999999999998019, 0.6350000000000045608, 1.000000000000000888 ) ) ;
#5298 = EDGE_CURVE ( 'NONE', #3874, #423, #5101, .T. ) ;
#5299 =( GEOMETRIC_REPRESENTATION_CONTEXT ( 3 ) GLOBAL_UNCERTAINTY_ASSIGNED_CONTEXT ( ( #5214 ) ) GLOBAL_UNIT_ASSIGNED_CONTEXT ( ( #48, #596, #4866 ) ) REPRESENTATION_CONTEXT ( 'NONE', 'WORKASPACE' ) );
#5300 = DIRECTION ( 'NONE',  ( 1.000000000000000000, 3.614007241618348376E-15, 5.560011140951305498E-16 ) ) ;
#5301 = EDGE_LOOP ( 'NONE', ( #4137, #500 ) ) ;
#5302 = AXIS2_PLACEMENT_3D ( 'NONE', #4114, #2379, #5043 ) ;
#5303 = SURFACE_STYLE_USAGE ( .BOTH. , #4083 ) ;
#5304 =( GEOMETRIC_REPRESENTATION_CONTEXT ( 3 ) GLOBAL_UNCERTAINTY_ASSIGNED_CONTEXT ( ( #4183 ) ) GLOBAL_UNIT_ASSIGNED_CONTEXT ( ( #271, #4564, #3716 ) ) REPRESENTATION_CONTEXT ( 'NONE', 'WORKASPACE' ) );
#5305 = STYLED_ITEM ( 'NONE', ( #4015 ), #4559 ) ;
#5306 = ORIENTED_EDGE ( 'NONE', *, *, #5438, .F. ) ;
#5307 = VERTEX_POINT ( 'NONE', #5295 ) ;
#5308 = ADVANCED_FACE ( 'NONE', ( #1101 ), #607, .T. ) ;
#5309 = SURFACE_STYLE_USAGE ( .BOTH. , #3561 ) ;
#5310 = CARTESIAN_POINT ( 'NONE',  ( -4.683937850140519110, 3.046557841984033121, 18.01648394155112243 ) ) ;
#5311 = UNCERTAINTY_MEASURE_WITH_UNIT (LENGTH_MEASURE( 1.000000000000000082E-05 ), #5258, 'distance_accuracy_value', 'NONE');
#5312 = PLANE ( 'NONE',  #2349 ) ;
#5313 = PRESENTATION_LAYER_ASSIGNMENT (  '', '', ( #3663 ) ) ;
#5314 = LINE ( 'NONE', #4444, #5465 ) ;
#5315 = ORIENTED_EDGE ( 'NONE', *, *, #3129, .T. ) ;
#5316 = EDGE_CURVE ( 'NONE', #4947, #5242, #547, .T. ) ;
#5317 =( NAMED_UNIT ( * ) SI_UNIT ( $, .STERADIAN. ) SOLID_ANGLE_UNIT ( ) );
#5318 = ORIENTED_EDGE ( 'NONE', *, *, #2676, .T. ) ;
#5319 = UNCERTAINTY_MEASURE_WITH_UNIT (LENGTH_MEASURE( 1.000000000000000082E-05 ), #3834, 'distance_accuracy_value', 'NONE');
#5320 = CARTESIAN_POINT ( 'NONE',  ( -2.539999999999996039, -1.016000000000008674, -5.500000000000001776 ) ) ;
#5321 = SURFACE_STYLE_FILL_AREA ( #4926 ) ;
#5322 =( LENGTH_UNIT ( ) NAMED_UNIT ( * ) SI_UNIT ( .MILLI., .METRE. ) );
#5323 = ORIENTED_EDGE ( 'NONE', *, *, #1161, .F. ) ;
#5324 = CARTESIAN_POINT ( 'NONE',  ( -0.2500000000000013878, 0.6349999999999992317, -3.075000000000001510 ) ) ;
#5325 = SURFACE_SIDE_STYLE ('',( #980 ) ) ;
#5326 = ORIENTED_EDGE ( 'NONE', *, *, #4280, .F. ) ;
#5327 = DIRECTION ( 'NONE',  ( -1.000000000000000000, -3.491481338843133355E-15, -5.376517026358584721E-16 ) ) ;
#5328 = STYLED_ITEM ( 'NONE', ( #212 ), #1864 ) ;
#5329 = SURFACE_SIDE_STYLE ('',( #4857 ) ) ;
#5330 = ORIENTED_EDGE ( 'NONE', *, *, #5027, .F. ) ;
#5331 = AXIS2_PLACEMENT_3D ( 'NONE', #1668, #1726, #3026 ) ;
#5332 = DIRECTION ( 'NONE',  ( -0.7071067811865496822, 0.7071067811865453523, 0.000000000000000000 ) ) ;
#5333 = SURFACE_STYLE_USAGE ( .BOTH. , #2191 ) ;
#5334 = MECHANICAL_DESIGN_GEOMETRIC_PRESENTATION_REPRESENTATION (  '', ( #2409 ), #5250 ) ;
#5335 = FACE_OUTER_BOUND ( 'NONE', #3806, .T. ) ;
#5336 = CARTESIAN_POINT ( 'NONE',  ( -4.235675135168349925, 2.978201688927954116, 18.79779834619770540 ) ) ;
#5337 = FACE_OUTER_BOUND ( 'NONE', #4832, .T. ) ;
#5338 = VERTEX_POINT ( 'NONE', #1432 ) ;
#5339 = TOROIDAL_SURFACE ( 'NONE', #4983, 0.2999999999999997669, 0.3499999999999999778 ) ;
#5340 = CARTESIAN_POINT ( 'NONE',  ( -1.269999999999998019, -0.6350000000000044498, 0.000000000000000000 ) ) ;
#5341 = EDGE_CURVE ( 'NONE', #404, #1123, #4479, .T. ) ;
#5342 = AXIS2_PLACEMENT_3D ( 'NONE', #4505, #1485, #1411 ) ;
#5343 = VECTOR ( 'NONE', #2774, 1000.000000000000000 ) ;
#5344 =( BOUNDED_SURFACE ( )  B_SPLINE_SURFACE ( 3, 2, ( 
 ( #4147, #4090, #3647 ),
 ( #2359, #1173, #2760 ),
 ( #231, #1933, #3280 ),
 ( #1527, #733, #5413 ) ),
 .UNSPECIFIED., .F., .F., .F. ) 
 B_SPLINE_SURFACE_WITH_KNOTS ( ( 4, 4 ),
 ( 3, 3 ),
 ( 0.000000000000000000, 0.7816000651241674646 ),
 ( 0.000000000000000000, 1.000000000000000000 ),
 .UNSPECIFIED. ) 
 GEOMETRIC_REPRESENTATION_ITEM ( )  RATIONAL_B_SPLINE_SURFACE ( (
 ( 1.000000000000000000, 0.7492634205062532748, 1.000000000000000000),
 ( 1.000000000000000000, 0.7493005499708280670, 1.000000000000000000),
 ( 1.000000000000000000, 0.7449550586513098427, 1.000000000000000000),
 ( 1.000000000000000000, 0.7372773368101200875, 1.000000000000000000) ) ) 
 REPRESENTATION_ITEM ( '' )  SURFACE ( )  );
#5345 = SURFACE_STYLE_USAGE ( .BOTH. , #2766 ) ;
#5346 = ORIENTED_EDGE ( 'NONE', *, *, #5316, .F. ) ;
#5347 = STYLED_ITEM ( 'NONE', ( #2216 ), #3635 ) ;
#5348 = CARTESIAN_POINT ( 'NONE',  ( -1.660000000000001918, 0.6349999999999940137, -2.096841640279847982E-16 ) ) ;
#5349 = COLOUR_RGB ( '',0.8627450980392157298, 0.5882352941176470784, 0.06274509803921568540 ) ;
#5350 =( NAMED_UNIT ( * ) PLANE_ANGLE_UNIT ( ) SI_UNIT ( $, .RADIAN. ) );
#5351 = CARTESIAN_POINT ( 'NONE',  ( -2.969499999999997808, -1.255500000000011385, 1.349999999999998757 ) ) ;
#5352 = DIRECTION ( 'NONE',  ( 1.988267581731810705E-16, 6.123233995736836294E-17, -1.000000000000000000 ) ) ;
#5353 = COLOUR_RGB ( '',0.2862745098039215508, 0.3254901960784313819, 0.5882352941176470784 ) ;
#5354 = DIRECTION ( 'NONE',  ( -3.491481338843133355E-15, 1.000000000000000000, 6.123233995736767268E-17 ) ) ;
#5355 = FACE_OUTER_BOUND ( 'NONE', #663, .T. ) ;
#5356 = CARTESIAN_POINT ( 'NONE',  ( 4.202999999999988745, 2.948000000000014609, 7.250000000000001776 ) ) ;
#5357 = ORIENTED_EDGE ( 'NONE', *, *, #2981, .F. ) ;
#5358 = PRESENTATION_STYLE_ASSIGNMENT (( #533 ) ) ;
#5359 = EDGE_CURVE ( 'NONE', #1612, #1906, #2255, .T. ) ;
#5360 = AXIS2_PLACEMENT_3D ( 'NONE', #4078, #1848, #1054 ) ;
#5361 = VECTOR ( 'NONE', #432, 1000.000000000000000 ) ;
#5362 = LINE ( 'NONE', #3201, #4188 ) ;
#5363 = SURFACE_STYLE_FILL_AREA ( #4063 ) ;
#5364 = CARTESIAN_POINT ( 'NONE',  ( -2.969500000000008466, 1.905499999999989313, 6.999999999999999112 ) ) ;
#5365 = VERTEX_POINT ( 'NONE', #2223 ) ;
#5366 = UNCERTAINTY_MEASURE_WITH_UNIT (LENGTH_MEASURE( 1.000000000000000082E-05 ), #2452, 'distance_accuracy_value', 'NONE');
#5367 = CARTESIAN_POINT ( 'NONE',  ( 0.3900000000000019007, -0.6349999999999988987, 7.754243568754066238E-17 ) ) ;
#5368 = CARTESIAN_POINT ( 'NONE',  ( 3.780185667963003926, 1.875185667963024327, 25.66900000000000048 ) ) ;
#5369 = DIRECTION ( 'NONE',  ( -1.988267581731810705E-16, -6.123233995736836294E-17, 1.000000000000000000 ) ) ;
#5370 = DIRECTION ( 'NONE',  ( 1.000000000000000000, 3.252606517456513302E-15, 0.000000000000000000 ) ) ;
#5371 = ORIENTED_EDGE ( 'NONE', *, *, #2892, .F. ) ;
#5372 = EDGE_CURVE ( 'NONE', #3388, #2776, #4956, .T. ) ;
#5373 = DIRECTION ( 'NONE',  ( -1.000000000000000000, -3.571489509364014096E-15, 0.000000000000000000 ) ) ;
#5374 = MECHANICAL_DESIGN_GEOMETRIC_PRESENTATION_REPRESENTATION (  '', ( #1403 ), #957 ) ;
#5375 = COLOUR_RGB ( '',0.2862745098039215508, 0.3254901960784313819, 0.5882352941176470784 ) ;
#5376 = DIRECTION ( 'NONE',  ( 0.000000000000000000, 0.000000000000000000, -1.000000000000000000 ) ) ;
#5377 = EDGE_CURVE ( 'NONE', #3032, #2993, #1844, .T. ) ;
#5378 = MECHANICAL_DESIGN_GEOMETRIC_PRESENTATION_REPRESENTATION (  '', ( #2185 ), #4752 ) ;
#5379 = COLOUR_RGB ( '',0.8627450980392157298, 0.5882352941176470784, 0.06274509803921568540 ) ;
#5380 = SURFACE_STYLE_USAGE ( .BOTH. , #4542 ) ;
#5381 = STYLED_ITEM ( 'NONE', ( #483 ), #885 ) ;
#5382 = ORIENTED_EDGE ( 'NONE', *, *, #437, .T. ) ;
#5383 = PRESENTATION_STYLE_ASSIGNMENT (( #2462 ) ) ;
#5384 = COLOUR_RGB ( '',0.8627450980392157298, 0.5882352941176470784, 0.06274509803921568540 ) ;
#5385 = STYLED_ITEM ( 'NONE', ( #779 ), #4257 ) ;
#5386 = ORIENTED_EDGE ( 'NONE', *, *, #1161, .T. ) ;
#5387 = EDGE_LOOP ( 'NONE', ( #1102, #2523, #3071, #2561, #5110, #1333, #4973, #1870 ) ) ;
#5388 = LINE ( 'NONE', #1175, #3283 ) ;
#5389 = ORIENTED_EDGE ( 'NONE', *, *, #1623, .F. ) ;
#5390 = AXIS2_PLACEMENT_3D ( 'NONE', #85, #1214, #528 ) ;
#5391 = VERTEX_POINT ( 'NONE', #2712 ) ;
#5392 = CARTESIAN_POINT ( 'NONE',  ( 3.752388249660503661, -1.902983082116084024, 25.66900000000000048 ) ) ;
#5393 = FILL_AREA_STYLE_COLOUR ( '', #1372 ) ;
#5394 =( GEOMETRIC_REPRESENTATION_CONTEXT ( 3 ) GLOBAL_UNCERTAINTY_ASSIGNED_CONTEXT ( ( #661 ) ) GLOBAL_UNIT_ASSIGNED_CONTEXT ( ( #3052, #4791, #1282 ) ) REPRESENTATION_CONTEXT ( 'NONE', 'WORKASPACE' ) );
#5395 = CARTESIAN_POINT ( 'NONE',  ( -4.131063546504096351, 2.226063546504068569, 25.23039567330873112 ) ) ;
#5396 = FACE_OUTER_BOUND ( 'NONE', #5491, .T. ) ;
#5397 = SURFACE_STYLE_USAGE ( .BOTH. , #1915 ) ;
#5398 =( LENGTH_UNIT ( ) NAMED_UNIT ( * ) SI_UNIT ( .MILLI., .METRE. ) );
#5399 = PRESENTATION_STYLE_ASSIGNMENT (( #5032 ) ) ;
#5400 = DIRECTION ( 'NONE',  ( -3.491481338843133355E-15, 1.000000000000000000, 6.123233995736767268E-17 ) ) ;
#5401 = FILL_AREA_STYLE_COLOUR ( '', #982 ) ;
#5402 = ORIENTED_EDGE ( 'NONE', *, *, #2719, .T. ) ;
#5403 = DIRECTION ( 'NONE',  ( 1.000000000000000000, 3.491481338843133355E-15, 4.537009299541455732E-16 ) ) ;
#5404 = EDGE_CURVE ( 'NONE', #423, #3874, #565, .T. ) ;
#5405 = DIRECTION ( 'NONE',  ( -1.988267581731810459E-16, -6.123233995736835061E-17, 1.000000000000000000 ) ) ;
#5406 = COLOUR_RGB ( '',0.2862745098039215508, 0.3254901960784313819, 0.5882352941176470784 ) ;
#5407 = CARTESIAN_POINT ( 'NONE',  ( 1.420000000000002816, -0.6349999999999947908, -3.175000000000000711 ) ) ;
#5408 = ORIENTED_EDGE ( 'NONE', *, *, #635, .F. ) ;
#5409 = DIRECTION ( 'NONE',  ( -1.000000000000000000, -3.614007241618348376E-15, -5.376517026358584721E-16 ) ) ;
#5410 = SURFACE_STYLE_USAGE ( .BOTH. , #228 ) ;
#5411 = ADVANCED_FACE ( 'NONE', ( #4102 ), #318, .T. ) ;
#5412 = ORIENTED_EDGE ( 'NONE', *, *, #923, .T. ) ;
#5413 = CARTESIAN_POINT ( 'NONE',  ( -3.823883852410985273, 1.769454647697199512, 25.66900000000000048 ) ) ;
#5414 = MECHANICAL_DESIGN_GEOMETRIC_PRESENTATION_REPRESENTATION (  '', ( #441 ), #4885 ) ;
#5415 = DIRECTION ( 'NONE',  ( 1.988267581731810705E-16, 6.123233995736836294E-17, -1.000000000000000000 ) ) ;
#5416 = UNCERTAINTY_MEASURE_WITH_UNIT (LENGTH_MEASURE( 1.000000000000000082E-05 ), #2816, 'distance_accuracy_value', 'NONE');
#5417 =( LENGTH_UNIT ( ) NAMED_UNIT ( * ) SI_UNIT ( .MILLI., .METRE. ) );
#5418 = DIRECTION ( 'NONE',  ( 1.000000000000000000, 3.469446951953613400E-15, 5.376517026358584721E-16 ) ) ;
#5419 =( NAMED_UNIT ( * ) PLANE_ANGLE_UNIT ( ) SI_UNIT ( $, .RADIAN. ) );
#5420 = CARTESIAN_POINT ( 'NONE',  ( -2.114999999999997549, -1.016000000000007342, 0.9999999999999991118 ) ) ;
#5421 = CARTESIAN_POINT ( 'NONE',  ( -2.315000000000002167, 1.015999999999991577, -5.500000000000001776 ) ) ;
#5422 = AXIS2_PLACEMENT_3D ( 'NONE', #2802, #5352, #4514 ) ;
#5423 = VERTEX_POINT ( 'NONE', #4152 ) ;
#5424 = LINE ( 'NONE', #5004, #1889 ) ;
#5425 = DIRECTION ( 'NONE',  ( -1.000000000000000000, -3.571489509364014096E-15, -1.988267581731813171E-16 ) ) ;
#5426 = UNCERTAINTY_MEASURE_WITH_UNIT (LENGTH_MEASURE( 1.000000000000000082E-05 ), #669, 'distance_accuracy_value', 'NONE');
#5427 = AXIS2_PLACEMENT_3D ( 'NONE', #3512, #4925, #3134 ) ;
#5428 = CARTESIAN_POINT ( 'NONE',  ( -3.634522885660063540, 1.918883852410967261, 25.66900000000000048 ) ) ;
#5429 = EDGE_LOOP ( 'NONE', ( #4625, #1300, #4569, #3885 ) ) ;
#5430 = AXIS2_PLACEMENT_3D ( 'NONE', #5233, #2453, #4661 ) ;
#5431 = MECHANICAL_DESIGN_GEOMETRIC_PRESENTATION_REPRESENTATION (  '', ( #4808 ), #3903 ) ;
#5432 = FACE_OUTER_BOUND ( 'NONE', #3854, .T. ) ;
#5433 = VECTOR ( 'NONE', #2574, 1000.000000000000000 ) ;
#5434 = FACE_OUTER_BOUND ( 'NONE', #3503, .T. ) ;
#5435 = COLOUR_RGB ( '',0.8627450980392157298, 0.5882352941176470784, 0.06274509803921568540 ) ;
#5436 = FILL_AREA_STYLE ('',( #3690 ) ) ;
#5437 = ORIENTED_EDGE ( 'NONE', *, *, #2159, .T. ) ;
#5438 = EDGE_CURVE ( 'NONE', #4359, #5338, #443, .T. ) ;
#5439 = EDGE_CURVE ( 'NONE', #2644, #197, #480, .T. ) ;
#5440 = CARTESIAN_POINT ( 'NONE',  ( 4.131063546504088357, -2.226063546504072566, 25.23039567330873822 ) ) ;
#5441 = ORIENTED_EDGE ( 'NONE', *, *, #5105, .F. ) ;
#5442 = CARTESIAN_POINT ( 'NONE',  ( -2.969499999999996920, -1.555500000000011207, 1.349999999999998757 ) ) ;
#5443 = ORIENTED_EDGE ( 'NONE', *, *, #4905, .F. ) ;
#5444 = FILL_AREA_STYLE_COLOUR ( '', #366 ) ;
#5445 = PRESENTATION_LAYER_ASSIGNMENT (  '', '', ( #5193 ) ) ;
#5446 = VECTOR ( 'NONE', #1016, 1000.000000000000114 ) ;
#5447 = FILL_AREA_STYLE ('',( #3257 ) ) ;
#5448 = CARTESIAN_POINT ( 'NONE',  ( 1.269999999999998019, 0.6350000000000045608, 1.000000000000000888 ) ) ;
#5449 = LINE ( 'NONE', #2346, #2954 ) ;
#5450 = PRESENTATION_STYLE_ASSIGNMENT (( #4189 ) ) ;
#5451 = CARTESIAN_POINT ( 'NONE',  ( -4.321981201456848609, -1.769454647697230376, 25.21257787137382422 ) ) ;
#5452 = ORIENTED_EDGE ( 'NONE', *, *, #1557, .T. ) ;
#5453 = PRESENTATION_LAYER_ASSIGNMENT (  '', '', ( #1986 ) ) ;
#5454 = EDGE_CURVE ( 'NONE', #1011, #199, #2900, .T. ) ;
#5455 = CIRCLE ( 'NONE', #3723, 0.3899999999999999578 ) ;
#5456 = SURFACE_STYLE_USAGE ( .BOTH. , #2831 ) ;
#5457 =( LENGTH_UNIT ( ) NAMED_UNIT ( * ) SI_UNIT ( .MILLI., .METRE. ) );
#5458 = FILL_AREA_STYLE ('',( #1601 ) ) ;
#5459 = EDGE_LOOP ( 'NONE', ( #1056, #3648, #4158, #3048 ) ) ;
#5460 = CIRCLE ( 'NONE', #4407, 0.1000000000000000472 ) ;
#5461 = COLOUR_RGB ( '',0.8627450980392157298, 0.5882352941176470784, 0.06274509803921568540 ) ;
#5462 = DIRECTION ( 'NONE',  ( 1.988267581731810705E-16, 6.123233995736836294E-17, -1.000000000000000000 ) ) ;
#5463 = DIRECTION ( 'NONE',  ( 1.000000000000000000, 3.614007241618348376E-15, 5.560011140951304512E-16 ) ) ;
#5464 = VECTOR ( 'NONE', #1477, 1000.000000000000114 ) ;
#5465 = VECTOR ( 'NONE', #2761, 1000.000000000000000 ) ;
#5466 = LINE ( 'NONE', #2634, #4010 ) ;
#5467 = EDGE_CURVE ( 'NONE', #2744, #3577, #4301, .T. ) ;
#5468 = ORIENTED_EDGE ( 'NONE', *, *, #2226, .F. ) ;
#5469 = ORIENTED_EDGE ( 'NONE', *, *, #2848, .F. ) ;
#5470 = AXIS2_PLACEMENT_3D ( 'NONE', #1849, #948, #2231 ) ;
#5471 = DIRECTION ( 'NONE',  ( -1.000000000000000000, -2.612024756756503845E-15, 1.132785166344528143E-30 ) ) ;
#5472 = TOROIDAL_SURFACE ( 'NONE', #4325, 0.2999999999999999889, 0.3499999999999999778 ) ;
#5473 = UNCERTAINTY_MEASURE_WITH_UNIT (LENGTH_MEASURE( 1.000000000000000082E-05 ), #4347, 'distance_accuracy_value', 'NONE');
#5474 = EDGE_CURVE ( 'NONE', #5187, #2307, #1621, .T. ) ;
#5475 =( LENGTH_UNIT ( ) NAMED_UNIT ( * ) SI_UNIT ( .MILLI., .METRE. ) );
#5476 = ORIENTED_EDGE ( 'NONE', *, *, #5316, .T. ) ;
#5477 = AXIS2_PLACEMENT_3D ( 'NONE', #5520, #1580, #4672 ) ;
#5478 = FILL_AREA_STYLE_COLOUR ( '', #3625 ) ;
#5479 = FILL_AREA_STYLE_COLOUR ( '', #4907 ) ;
#5480 = CIRCLE ( 'NONE', #2381, 0.2500000000000000000 ) ;
#5481 = ADVANCED_FACE ( 'NONE', ( #1944 ), #4179, .T. ) ;
#5482 = DIRECTION ( 'NONE',  ( 1.988267581731810705E-16, 6.123233995736836294E-17, -1.000000000000000000 ) ) ;
#5483 = VERTEX_POINT ( 'NONE', #2048 ) ;
#5484 = DIRECTION ( 'NONE',  ( 1.000000000000000000, 3.614007241618348376E-15, 5.376517026358584721E-16 ) ) ;
#5485 = FILL_AREA_STYLE_COLOUR ( '', #2495 ) ;
#5486 = CARTESIAN_POINT ( 'NONE',  ( -2.969499999999996032, -1.905500000000011296, 0.9999999999999991118 ) ) ;
#5487 = VERTEX_POINT ( 'NONE', #3931 ) ;
#5488 = CARTESIAN_POINT ( 'NONE',  ( 1.270000000000002016, -0.6349999999999955680, 0.000000000000000000 ) ) ;
#5489 = VERTEX_POINT ( 'NONE', #1679 ) ;
#5490 = FILL_AREA_STYLE_COLOUR ( '', #4641 ) ;
#5491 = EDGE_LOOP ( 'NONE', ( #1366, #2519, #2051, #4115 ) ) ;
#5492 = CARTESIAN_POINT ( 'NONE',  ( 3.823883852410969286, 1.180986234820950362E-14, 25.16900000000000048 ) ) ;
#5493 = VERTEX_POINT ( 'NONE', #4342 ) ;
#5494 = COLOUR_RGB ( '',0.2509803921568627416, 0.2509803921568627416, 0.2509803921568627416 ) ;
#5495 = AXIS2_PLACEMENT_3D ( 'NONE', #1445, #4917, #3278 ) ;
#5496 = FILL_AREA_STYLE ('',( #3763 ) ) ;
#5497 = CARTESIAN_POINT ( 'NONE',  ( -1.948781388753659952E-15, 0.6350000000000000089, 0.000000000000000000 ) ) ;
#5498 = ORIENTED_EDGE ( 'NONE', *, *, #1694, .T. ) ;
#5499 = COLOUR_RGB ( '',0.7529411764705882248, 0.7529411764705882248, 0.7529411764705882248 ) ;
#5500 = ADVANCED_FACE ( 'NONE', ( #4308 ), #3011, .T. ) ;
#5501 = FACE_OUTER_BOUND ( 'NONE', #3319, .T. ) ;
#5502 = FACE_OUTER_BOUND ( 'NONE', #5191, .T. ) ;
#5503 = FACE_OUTER_BOUND ( 'NONE', #5270, .T. ) ;
#5504 = PRESENTATION_STYLE_ASSIGNMENT (( #3769 ) ) ;
#5505 = CIRCLE ( 'NONE', #1712, 0.2000000000000000944 ) ;
#5506 = CARTESIAN_POINT ( 'NONE',  ( -3.751824435404707891, 1.903546900521311924, 25.66900000000000048 ) ) ;
#5507 = ORIENTED_EDGE ( 'NONE', *, *, #699, .F. ) ;
#5508 = LINE ( 'NONE', #3350, #2194 ) ;
#5509 = COLOUR_RGB ( '',0.8627450980392157298, 0.5882352941176470784, 0.06274509803921568540 ) ;
#5510 = EDGE_CURVE ( 'NONE', #3121, #3597, #2632, .T. ) ;
#5511 =( LENGTH_UNIT ( ) NAMED_UNIT ( * ) SI_UNIT ( .MILLI., .METRE. ) );
#5512 = AXIS2_PLACEMENT_3D ( 'NONE', #2530, #2102, #4338 ) ;
#5513 = CIRCLE ( 'NONE', #2058, 0.2500000000000000555 ) ;
#5514 = ORIENTED_EDGE ( 'NONE', *, *, #3054, .F. ) ;
#5515 = CARTESIAN_POINT ( 'NONE',  ( -4.303000000000009706, 2.397999999999983700, 7.249999999999997335 ) ) ;
#5516 = AXIS2_PLACEMENT_3D ( 'NONE', #4714, #5086, #3037 ) ;
#5517 = ORIENTED_EDGE ( 'NONE', *, *, #1178, .F. ) ;
#5518 = SURFACE_SIDE_STYLE ('',( #1346 ) ) ;
#5519 = ORIENTED_EDGE ( 'NONE', *, *, #945, .T. ) ;
#5520 = CARTESIAN_POINT ( 'NONE',  ( -2.969499999999999140, -1.255500000000011607, 6.999999999999998224 ) ) ;
#5521 =( NAMED_UNIT ( * ) PLANE_ANGLE_UNIT ( ) SI_UNIT ( $, .RADIAN. ) );
#5522 = DIRECTION ( 'NONE',  ( 1.000000000000000000, 3.469446951953613400E-15, 0.000000000000000000 ) ) ;
#5523 = FILL_AREA_STYLE_COLOUR ( '', #1927 ) ;
#5524 = PRESENTATION_LAYER_ASSIGNMENT (  '', '', ( #2339 ) ) ;
#5525 = ORIENTED_EDGE ( 'NONE', *, *, #692, .F. ) ;
#5526 = EDGE_CURVE ( 'NONE', #1779, #390, #2268, .T. ) ;
#5527 = CARTESIAN_POINT ( 'NONE',  ( 3.429119407771253680, 0.8458805922287561119, 1.350000000000002309 ) ) ;
#5528 =( NAMED_UNIT ( * ) PLANE_ANGLE_UNIT ( ) SI_UNIT ( $, .RADIAN. ) );
#5529 = AXIS2_PLACEMENT_3D ( 'NONE', #628, #740, #1615 ) ;
#5530 = CARTESIAN_POINT ( 'NONE',  ( 1.269999999999998685, 0.6350000000000048939, -3.075000000000001510 ) ) ;
#5531 = CARTESIAN_POINT ( 'NONE',  ( 3.674454647697220189, -2.416981201456838591, 25.21257787137383133 ) ) ;
#5532 = SURFACE_STYLE_FILL_AREA ( #3736 ) ;
#5533 = VERTEX_POINT ( 'NONE', #3897 ) ;
#5534 = PRESENTATION_LAYER_ASSIGNMENT (  '', '', ( #3175 ) ) ;
#5535 =( GEOMETRIC_REPRESENTATION_CONTEXT ( 3 ) GLOBAL_UNCERTAINTY_ASSIGNED_CONTEXT ( ( #4594 ) ) GLOBAL_UNIT_ASSIGNED_CONTEXT ( ( #4766, #82, #5223 ) ) REPRESENTATION_CONTEXT ( 'NONE', 'WORKASPACE' ) );
#5536 = PRESENTATION_STYLE_ASSIGNMENT (( #3798 ) ) ;
#5537 = DIRECTION ( 'NONE',  ( 1.988267581731810705E-16, 6.123233995736836294E-17, -1.000000000000000000 ) ) ;
#5538 = UNCERTAINTY_MEASURE_WITH_UNIT (LENGTH_MEASURE( 1.000000000000000082E-05 ), #2884, 'distance_accuracy_value', 'NONE');
#5539 = FILL_AREA_STYLE ('',( #787 ) ) ;
#5540 = STYLED_ITEM ( 'NONE', ( #641 ), #5047 ) ;
#5541 = CARTESIAN_POINT ( 'NONE',  ( -2.115000000000002434, 1.015999999999992243, -5.500000000000001776 ) ) ;
#5542 = LINE ( 'NONE', #4642, #2894 ) ;
#5543 = VERTEX_POINT ( 'NONE', #1710 ) ;
#5544 = EDGE_CURVE ( 'NONE', #3119, #3965, #5455, .T. ) ;
#5545 =( NAMED_UNIT ( * ) PLANE_ANGLE_UNIT ( ) SI_UNIT ( $, .RADIAN. ) );
#5546 =( LENGTH_UNIT ( ) NAMED_UNIT ( * ) SI_UNIT ( .MILLI., .METRE. ) );
#5547 = FILL_AREA_STYLE_COLOUR ( '', #4533 ) ;
#5548 = SURFACE_STYLE_USAGE ( .BOTH. , #4670 ) ;
#5549 = EDGE_CURVE ( 'NONE', #4622, #5242, #1653, .T. ) ;
#5550 = ORIENTED_EDGE ( 'NONE', *, *, #699, .T. ) ;
#5551 = TOROIDAL_SURFACE ( 'NONE', #857, 0.1500000000000000777, 0.1000000000000000056 ) ;
#5552 = SURFACE_SIDE_STYLE ('',( #823 ) ) ;
#5553 = CARTESIAN_POINT ( 'NONE',  ( 4.953000000000003844, -2.397999999999981036, 7.250000000000002665 ) ) ;
#5554 =( BOUNDED_SURFACE ( )  B_SPLINE_SURFACE ( 3, 2, ( 
 ( #1913, #1098, #2844 ),
 ( #4601, #741, #3651 ),
 ( #712, #2446, #1215 ),
 ( #5395, #4658, #4215 ) ),
 .UNSPECIFIED., .F., .F., .F. ) 
 B_SPLINE_SURFACE_WITH_KNOTS ( ( 4, 4 ),
 ( 3, 3 ),
 ( 5.501585242055421432, 6.283185307179586232 ),
 ( 0.000000000000000000, 1.000000000000000000 ),
 .UNSPECIFIED. ) 
 GEOMETRIC_REPRESENTATION_ITEM ( )  RATIONAL_B_SPLINE_SURFACE ( (
 ( 1.000000000000000000, 0.7372773368101200875, 1.000000000000000000),
 ( 1.000000000000000000, 0.7449550586513120631, 1.000000000000000000),
 ( 1.000000000000000000, 0.7493005499708250694, 1.000000000000000000),
 ( 1.000000000000000000, 0.7492634205062531638, 1.000000000000000000) ) ) 
 REPRESENTATION_ITEM ( '' )  SURFACE ( )  );
#5555 = LINE ( 'NONE', #3394, #200 ) ;
#5556 = ORIENTED_EDGE ( 'NONE', *, *, #3112, .T. ) ;
#5557 = FILL_AREA_STYLE ('',( #3886 ) ) ;
#5558 = ORIENTED_EDGE ( 'NONE', *, *, #2719, .F. ) ;
#5559 = CIRCLE ( 'NONE', #3198, 0.3500000000000000333 ) ;
#5560 =( GEOMETRIC_REPRESENTATION_CONTEXT ( 3 ) GLOBAL_UNCERTAINTY_ASSIGNED_CONTEXT ( ( #4638 ) ) GLOBAL_UNIT_ASSIGNED_CONTEXT ( ( #5152, #2938, #1331 ) ) REPRESENTATION_CONTEXT ( 'NONE', 'WORKASPACE' ) );
#5561 = SURFACE_STYLE_FILL_AREA ( #429 ) ;
#5562 = DIRECTION ( 'NONE',  ( -1.000000000000000000, -3.336006684570782904E-15, 0.000000000000000000 ) ) ;
#5563 = CARTESIAN_POINT ( 'NONE',  ( -4.131063546504082140, -2.226063546504100987, 25.23039567330873822 ) ) ;
#5564 = SURFACE_SIDE_STYLE ('',( #3001 ) ) ;
#5565 = ORIENTED_EDGE ( 'NONE', *, *, #3727, .T. ) ;
#5566 =( BOUNDED_CURVE ( )  B_SPLINE_CURVE ( 3, ( #683, #3289, #2422, #5531 ),
 .UNSPECIFIED., .F., .T. ) 
 B_SPLINE_CURVE_WITH_KNOTS ( ( 4, 4 ),
 ( 0.000000000000000000, 0.7816000651241641339 ),
 .UNSPECIFIED. ) 
 CURVE ( )  GEOMETRIC_REPRESENTATION_ITEM ( )  RATIONAL_B_SPLINE_CURVE ( ( 1.000000000000000000, 0.9497364005219715022, 0.9497364005219715022, 1.000000000000000000 ) ) 
 REPRESENTATION_ITEM ( '' )  );
#5567 = PRESENTATION_LAYER_ASSIGNMENT (  '', '', ( #2745 ) ) ;
#5568 = FILL_AREA_STYLE_COLOUR ( '', #5509 ) ;
#5569 = CIRCLE ( 'NONE', #2003, 0.6500000000000003553 ) ;
#5570 =( GEOMETRIC_REPRESENTATION_CONTEXT ( 3 ) GLOBAL_UNCERTAINTY_ASSIGNED_CONTEXT ( ( #1733 ) ) GLOBAL_UNIT_ASSIGNED_CONTEXT ( ( #1074, #206, #2740 ) ) REPRESENTATION_CONTEXT ( 'NONE', 'WORKASPACE' ) );
#5571 = DIRECTION ( 'NONE',  ( 5.376517026358582749E-16, 6.123233995736954623E-17, -1.000000000000000000 ) ) ;
#5572 = ORIENTED_EDGE ( 'NONE', *, *, #3847, .F. ) ;
#5573 = PRESENTATION_LAYER_ASSIGNMENT (  '', '', ( #1421 ) ) ;
#5574 = FILL_AREA_STYLE_COLOUR ( '', #3677 ) ;
#5575 = DIRECTION ( 'NONE',  ( -0.08682659386424747272, -0.08682659386424798620, 0.9924325091389669673 ) ) ;
#5576 = FILL_AREA_STYLE ('',( #3852 ) ) ;
#5577 = CARTESIAN_POINT ( 'NONE',  ( 2.765000000000001013, 9.691909952674835788E-15, -5.700000000000000178 ) ) ;
#5578 = EDGE_CURVE ( 'NONE', #4000, #2584, #43, .T. ) ;
#5579 = ORIENTED_EDGE ( 'NONE', *, *, #2652, .T. ) ;
#5580 = VERTEX_POINT ( 'NONE', #1357 ) ;
#5581 = CYLINDRICAL_SURFACE ( 'NONE', #1841, 0.2500000000000000555 ) ;
#5582 = ORIENTED_EDGE ( 'NONE', *, *, #3086, .F. ) ;
#5583 = FILL_AREA_STYLE_COLOUR ( '', #4632 ) ;
#5584 = ADVANCED_FACE ( 'NONE', ( #2083 ), #2134, .F. ) ;
#5585 = EDGE_CURVE ( 'NONE', #484, #1225, #1994, .T. ) ;
#5586 =( NAMED_UNIT ( * ) SI_UNIT ( $, .STERADIAN. ) SOLID_ANGLE_UNIT ( ) );
#5587 =( NAMED_UNIT ( * ) SI_UNIT ( $, .STERADIAN. ) SOLID_ANGLE_UNIT ( ) );
#5588 = SURFACE_SIDE_STYLE ('',( #3460 ) ) ;
#5589 = VECTOR ( 'NONE', #998, 1000.000000000000000 ) ;
#5590 = FILL_AREA_STYLE_COLOUR ( '', #1573 ) ;
#5591 = DIRECTION ( 'NONE',  ( 1.000000000000000000, 3.614007241618343643E-15, 0.000000000000000000 ) ) ;
#5592 = ORIENTED_EDGE ( 'NONE', *, *, #4453, .T. ) ;
#5593 =( NAMED_UNIT ( * ) PLANE_ANGLE_UNIT ( ) SI_UNIT ( $, .RADIAN. ) );
#5594 = AXIS2_PLACEMENT_3D ( 'NONE', #5070, #1691, #4646 ) ;
#5595 = FILL_AREA_STYLE ('',( #844 ) ) ;
#5596 = DIRECTION ( 'NONE',  ( 1.000000000000000000, 3.469446951953613400E-15, 5.376517026358584721E-16 ) ) ;
#5597 = FACE_OUTER_BOUND ( 'NONE', #936, .T. ) ;
#5598 =( NAMED_UNIT ( * ) PLANE_ANGLE_UNIT ( ) SI_UNIT ( $, .RADIAN. ) );
#5599 =( NAMED_UNIT ( * ) PLANE_ANGLE_UNIT ( ) SI_UNIT ( $, .RADIAN. ) );
#5600 = SURFACE_SIDE_STYLE ('',( #4760 ) ) ;
#5601 = MECHANICAL_DESIGN_GEOMETRIC_PRESENTATION_REPRESENTATION (  '', ( #4975 ), #3775 ) ;
#5602 = ORIENTED_EDGE ( 'NONE', *, *, #3738, .T. ) ;
#5603 = DIRECTION ( 'NONE',  ( -1.000000000000000000, -3.448710007688152381E-15, -5.376517026358584721E-16 ) ) ;
#5604 =( NAMED_UNIT ( * ) PLANE_ANGLE_UNIT ( ) SI_UNIT ( $, .RADIAN. ) );
#5605 = SURFACE_STYLE_FILL_AREA ( #792 ) ;
#5606 = PRESENTATION_LAYER_ASSIGNMENT (  '', '', ( #2409 ) ) ;
#5607 = VERTEX_POINT ( 'NONE', #4035 ) ;
#5608 = STYLED_ITEM ( 'NONE', ( #1853 ), #2618 ) ;
#5609 = DIRECTION ( 'NONE',  ( 1.000000000000000000, 2.668805347656626087E-15, 6.672013369141565217E-16 ) ) ;
ENDSEC;
END-ISO-10303-21;
