ISO-10303-21;
HEADER;
FILE_DESCRIPTION (( 'STEP AP214' ),
    '1' );
FILE_NAME ('816F8F81-2A2B-4F31-833F-88FCC05DE8D3.STEP',
    '2025-10-31T19:33:42',
    ( '' ),
    ( '' ),
    'SwSTEP 2.0',
    'SolidWorks 2022',
    '' );
FILE_SCHEMA (( 'AUTOMOTIVE_DESIGN' ));
ENDSEC;

DATA;
#1 =( NAMED_UNIT ( * ) PLANE_ANGLE_UNIT ( ) SI_UNIT ( $, .RADIAN. ) );
#2 = AXIS2_PLACEMENT_3D ( 'NONE', #555, #1637, #566 ) ;
#3 = VERTEX_POINT ( 'NONE', #1960 ) ;
#4 = SURFACE_STYLE_USAGE ( .BOTH. , #1092 ) ;
#5 = COLOUR_RGB ( '',1.000000000000000000, 0.8078431372549019773, 0.4980392156862745168 ) ;
#6 = CARTESIAN_POINT ( 'NONE',  ( 0.1500000000000008271, 0.02000000000000000042, 1.149999999999999911 ) ) ;
#7 = MECHANICAL_DESIGN_GEOMETRIC_PRESENTATION_REPRESENTATION (  '', ( #96 ), #2156 ) ;
#8 = VERTEX_POINT ( 'NONE', #2416 ) ;
#9 = DIRECTION ( 'NONE',  ( -0.0000000000000000000, -1.000000000000000000, -0.0000000000000000000 ) ) ;
#10 = CARTESIAN_POINT ( 'NONE',  ( -1.149999999999998135, 0.2300000000000000100, -0.7999999999999986011 ) ) ;
#11 = EDGE_CURVE ( 'NONE', #1571, #2527, #352, .T. ) ;
#12 = EDGE_CURVE ( 'NONE', #639, #2628, #1295, .T. ) ;
#13 = EDGE_LOOP ( 'NONE', ( #2406, #112, #1228, #2702 ) ) ;
#14 = DIRECTION ( 'NONE',  ( 0.0000000000000000000, -0.0000000000000000000, -1.000000000000000000 ) ) ;
#15 = DIRECTION ( 'NONE',  ( -1.000000000000000000, -0.0000000000000000000, -0.0000000000000000000 ) ) ;
#16 = CARTESIAN_POINT ( 'NONE',  ( -1.149999999999998135, 0.2300000000000000100, 1.150000000000002132 ) ) ;
#17 = DIRECTION ( 'NONE',  ( -0.0000000000000000000, -0.0000000000000000000, 1.000000000000000000 ) ) ;
#18 = EDGE_LOOP ( 'NONE', ( #1726, #62, #2727, #538 ) ) ;
#19 = CARTESIAN_POINT ( 'NONE',  ( 0.7999999999999983791, 0.2799999999999998601, -1.099999999999998535 ) ) ;
#20 = DIRECTION ( 'NONE',  ( -0.0000000000000000000, -1.000000000000000000, -0.0000000000000000000 ) ) ;
#21 = DIRECTION ( 'NONE',  ( 0.0000000000000000000, 0.0000000000000000000, 1.000000000000000000 ) ) ;
#22 = EDGE_CURVE ( 'NONE', #637, #1199, #265, .T. ) ;
#23 = EDGE_CURVE ( 'NONE', #1944, #2014, #1948, .T. ) ;
#24 = SURFACE_SIDE_STYLE ('',( #863 ) ) ;
#25 = ADVANCED_BREP_SHAPE_REPRESENTATION ( '816F8F81-2A2B-4F31-833F-88FCC05DE8D3', ( #2517, #943 ), #1124 ) ;
#26 = ORIENTED_EDGE ( 'NONE', *, *, #2048, .F. ) ;
#27 = LINE ( 'NONE', #39, #931 ) ;
#28 = VERTEX_POINT ( 'NONE', #871 ) ;
#29 = LINE ( 'NONE', #1927, #400 ) ;
#30 = CARTESIAN_POINT ( 'NONE',  ( -1.149999999999998135, 0.2300000000000000100, -1.149999999999997913 ) ) ;
#31 = ORIENTED_EDGE ( 'NONE', *, *, #1240, .F. ) ;
#32 = CARTESIAN_POINT ( 'NONE',  ( -0.4999999999999989453, 0.02000000000000000042, -1.149999999999999911 ) ) ;
#33 = CARTESIAN_POINT ( 'NONE',  ( 0.6200000000000011058, 0.6300000000000001155, -0.009999999999999592548 ) ) ;
#34 = ORIENTED_EDGE ( 'NONE', *, *, #109, .T. ) ;
#35 = ORIENTED_EDGE ( 'NONE', *, *, #1595, .T. ) ;
#36 =( GEOMETRIC_REPRESENTATION_CONTEXT ( 3 ) GLOBAL_UNCERTAINTY_ASSIGNED_CONTEXT ( ( #1373 ) ) GLOBAL_UNIT_ASSIGNED_CONTEXT ( ( #1860, #1459, #394 ) ) REPRESENTATION_CONTEXT ( 'NONE', 'WORKASPACE' ) );
#37 = DIRECTION ( 'NONE',  ( 0.0000000000000000000, -1.000000000000000000, 0.0000000000000000000 ) ) ;
#38 = VECTOR ( 'NONE', #455, 1000.000000000000000 ) ;
#39 = CARTESIAN_POINT ( 'NONE',  ( -1.149999999999999023, 0.02000000000000000042, 0.7999999999999999334 ) ) ;
#40 = EDGE_CURVE ( 'NONE', #752, #2329, #236, .T. ) ;
#41 = VECTOR ( 'NONE', #2764, 1000.000000000000000 ) ;
#42 = ORIENTED_EDGE ( 'NONE', *, *, #2084, .T. ) ;
#43 = VERTEX_POINT ( 'NONE', #19 ) ;
#44 = VECTOR ( 'NONE', #1628, 1000.000000000000000 ) ;
#45 = COLOUR_RGB ( '',0.7803921568627451011, 0.7607843137254901578, 0.7411764705882353255 ) ;
#46 = CYLINDRICAL_SURFACE ( 'NONE', #1207, 0.2999999999999999334 ) ;
#47 = VECTOR ( 'NONE', #2352, 1000.000000000000000 ) ;
#48 = STYLED_ITEM ( 'NONE', ( #2695 ), #1950 ) ;
#49 = AXIS2_PLACEMENT_3D ( 'NONE', #81, #1598, #1389 ) ;
#50 = ORIENTED_EDGE ( 'NONE', *, *, #534, .T. ) ;
#51 = VERTEX_POINT ( 'NONE', #1780 ) ;
#52 = DIRECTION ( 'NONE',  ( -0.0000000000000000000, -1.000000000000000000, -0.0000000000000000000 ) ) ;
#53 = DIRECTION ( 'NONE',  ( 0.0000000000000000000, 0.0000000000000000000, 1.000000000000000000 ) ) ;
#54 = ADVANCED_FACE ( 'NONE', ( #2679 ), #1196, .F. ) ;
#55 = EDGE_CURVE ( 'NONE', #65, #1384, #82, .T. ) ;
#56 = EDGE_LOOP ( 'NONE', ( #912, #59, #1564, #521 ) ) ;
#57 = UNCERTAINTY_MEASURE_WITH_UNIT (LENGTH_MEASURE( 1.000000000000000082E-05 ), #2374, 'distance_accuracy_value', 'NONE');
#58 = DIRECTION ( 'NONE',  ( -8.673617379884035472E-16, 0.0000000000000000000, 1.000000000000000000 ) ) ;
#59 = ORIENTED_EDGE ( 'NONE', *, *, #1537, .T. ) ;
#60 =( NAMED_UNIT ( * ) PLANE_ANGLE_UNIT ( ) SI_UNIT ( $, .RADIAN. ) );
#61 =( NAMED_UNIT ( * ) PLANE_ANGLE_UNIT ( ) SI_UNIT ( $, .RADIAN. ) );
#62 = ORIENTED_EDGE ( 'NONE', *, *, #853, .T. ) ;
#63 = CARTESIAN_POINT ( 'NONE',  ( 0.6200000000000011058, 0.6300000000000001155, 0.1400000000000009015 ) ) ;
#64 = ORIENTED_EDGE ( 'NONE', *, *, #798, .T. ) ;
#65 = VERTEX_POINT ( 'NONE', #1375 ) ;
#66 = CARTESIAN_POINT ( 'NONE',  ( 1.150000000000001243, 0.0000000000000000000, -0.7999999999999999334 ) ) ;
#67 = PLANE ( 'NONE',  #1605 ) ;
#68 = EDGE_LOOP ( 'NONE', ( #909, #2200, #1812, #1436 ) ) ;
#69 = DIRECTION ( 'NONE',  ( 0.0000000000000000000, 0.0000000000000000000, 1.000000000000000000 ) ) ;
#70 = LINE ( 'NONE', #528, #1940 ) ;
#71 = CARTESIAN_POINT ( 'NONE',  ( -1.149999999999998801, 0.02000000000000000042, -1.149999999999999911 ) ) ;
#72 = ADVANCED_FACE ( 'NONE', ( #2664 ), #926, .F. ) ;
#73 = FACE_OUTER_BOUND ( 'NONE', #395, .T. ) ;
#74 = EDGE_CURVE ( 'NONE', #1317, #838, #986, .T. ) ;
#75 = ORIENTED_EDGE ( 'NONE', *, *, #1952, .F. ) ;
#76 = PRESENTATION_LAYER_ASSIGNMENT (  '', '', ( #2501 ) ) ;
#77 = CARTESIAN_POINT ( 'NONE',  ( -0.8000000000000024869, 0.2300000000000000100, -1.149999999999997913 ) ) ;
#78 = VECTOR ( 'NONE', #17, 1000.000000000000000 ) ;
#79 = ORIENTED_EDGE ( 'NONE', *, *, #1071, .T. ) ;
#80 = LINE ( 'NONE', #2006, #1565 ) ;
#81 = CARTESIAN_POINT ( 'NONE',  ( 1.030000000000001803, 0.2300000000000000100, 1.030000000000002247 ) ) ;
#82 = LINE ( 'NONE', #2710, #1918 ) ;
#83 = AXIS2_PLACEMENT_3D ( 'NONE', #2209, #2680, #944 ) ;
#84 = EDGE_LOOP ( 'NONE', ( #2231, #506, #502, #2491 ) ) ;
#85 = DIRECTION ( 'NONE',  ( 1.000000000000000000, -0.0000000000000000000, -0.0000000000000000000 ) ) ;
#86 = CARTESIAN_POINT ( 'NONE',  ( 0.7999999999999983791, 0.2799999999999998601, -0.7999999999999986011 ) ) ;
#87 = COLOUR_RGB ( '',1.000000000000000000, 0.8078431372549019773, 0.4980392156862745168 ) ;
#88 = EDGE_CURVE ( 'NONE', #1571, #1231, #2008, .T. ) ;
#89 = VECTOR ( 'NONE', #406, 1000.000000000000000 ) ;
#90 = ORIENTED_EDGE ( 'NONE', *, *, #1752, .F. ) ;
#91 = EDGE_CURVE ( 'NONE', #1581, #902, #1167, .T. ) ;
#92 = EDGE_CURVE ( 'NONE', #2176, #1543, #1797, .T. ) ;
#93 = CARTESIAN_POINT ( 'NONE',  ( -0.4999999999999989453, 0.02000000000000000042, -0.7999999999999999334 ) ) ;
#94 = ORIENTED_EDGE ( 'NONE', *, *, #2762, .T. ) ;
#95 = VECTOR ( 'NONE', #657, 1000.000000000000000 ) ;
#96 = STYLED_ITEM ( 'NONE', ( #2737 ), #1963 ) ;
#97 =( GEOMETRIC_REPRESENTATION_CONTEXT ( 3 ) GLOBAL_UNCERTAINTY_ASSIGNED_CONTEXT ( ( #1946 ) ) GLOBAL_UNIT_ASSIGNED_CONTEXT ( ( #1947, #474, #870 ) ) REPRESENTATION_CONTEXT ( 'NONE', 'WORKASPACE' ) );
#98 = LINE ( 'NONE', #2241, #2288 ) ;
#99 = STYLED_ITEM ( 'NONE', ( #630 ), #2458 ) ;
#100 = ORIENTED_EDGE ( 'NONE', *, *, #1463, .T. ) ;
#101 = DIRECTION ( 'NONE',  ( 1.000000000000000000, -0.0000000000000000000, 0.0000000000000000000 ) ) ;
#102 = CARTESIAN_POINT ( 'NONE',  ( 1.099999999999998312, 0.2799999999999998601, -0.7999999999999983791 ) ) ;
#103 = DIRECTION ( 'NONE',  ( -0.0000000000000000000, -0.0000000000000000000, 1.000000000000000000 ) ) ;
#104 = DIRECTION ( 'NONE',  ( 0.0000000000000000000, 0.0000000000000000000, -1.000000000000000000 ) ) ;
#105 = DIRECTION ( 'NONE',  ( 1.000000000000000000, 0.0000000000000000000, -8.673617379884028076E-17 ) ) ;
#106 = EDGE_LOOP ( 'NONE', ( #2189, #335, #728, #1065 ) ) ;
#107 = DIRECTION ( 'NONE',  ( 1.000000000000000000, -0.0000000000000000000, 0.0000000000000000000 ) ) ;
#108 = ORIENTED_EDGE ( 'NONE', *, *, #1425, .T. ) ;
#109 = EDGE_CURVE ( 'NONE', #373, #1440, #1834, .T. ) ;
#110 = LINE ( 'NONE', #274, #767 ) ;
#111 = DIRECTION ( 'NONE',  ( 0.0000000000000000000, 1.000000000000000000, 0.0000000000000000000 ) ) ;
#112 = ORIENTED_EDGE ( 'NONE', *, *, #304, .F. ) ;
#113 = DIRECTION ( 'NONE',  ( 0.0000000000000000000, -0.0000000000000000000, -1.000000000000000000 ) ) ;
#114 = PRODUCT_DEFINITION_CONTEXT ( 'detailed design', #1055, 'design' ) ;
#115 = CARTESIAN_POINT ( 'NONE',  ( -1.149999999999998135, 0.2300000000000000100, -1.149999999999997913 ) ) ;
#116 = PRESENTATION_STYLE_ASSIGNMENT (( #333 ) ) ;
#117 = LINE ( 'NONE', #306, #1703 ) ;
#118 = SURFACE_SIDE_STYLE ('',( #2041 ) ) ;
#119 = ORIENTED_EDGE ( 'NONE', *, *, #466, .F. ) ;
#120 = DIRECTION ( 'NONE',  ( 1.000000000000000000, -0.0000000000000000000, 0.0000000000000000000 ) ) ;
#121 = ORIENTED_EDGE ( 'NONE', *, *, #1964, .T. ) ;
#122 = CARTESIAN_POINT ( 'NONE',  ( -0.9749999999999988676, 0.02000000000000000042, -0.3999999999999994671 ) ) ;
#123 = DIRECTION ( 'NONE',  ( 7.885106708985485090E-16, 0.0000000000000000000, -1.000000000000000000 ) ) ;
#124 = VECTOR ( 'NONE', #103, 1000.000000000000000 ) ;
#125 = LINE ( 'NONE', #545, #228 ) ;
#126 = ADVANCED_FACE ( 'NONE', ( #343 ), #721, .F. ) ;
#127 = DIRECTION ( 'NONE',  ( 0.0000000000000000000, 0.0000000000000000000, -1.000000000000000000 ) ) ;
#128 = CIRCLE ( 'NONE', #1693, 0.2999999999999999334 ) ;
#129 = DIRECTION ( 'NONE',  ( 1.000000000000000000, 0.0000000000000000000, 0.0000000000000000000 ) ) ;
#130 = AXIS2_PLACEMENT_3D ( 'NONE', #1906, #1527, #258 ) ;
#131 = ORIENTED_EDGE ( 'NONE', *, *, #2230, .T. ) ;
#132 = DIRECTION ( 'NONE',  ( -0.0000000000000000000, -1.000000000000000000, -0.0000000000000000000 ) ) ;
#133 = DIRECTION ( 'NONE',  ( 0.0000000000000000000, 0.0000000000000000000, -1.000000000000000000 ) ) ;
#134 = ORIENTED_EDGE ( 'NONE', *, *, #674, .F. ) ;
#135 = AXIS2_PLACEMENT_3D ( 'NONE', #507, #2221, #1820 ) ;
#136 = FACE_OUTER_BOUND ( 'NONE', #2204, .T. ) ;
#137 = EDGE_LOOP ( 'NONE', ( #1400, #1721, #31, #2123 ) ) ;
#138 = STYLED_ITEM ( 'NONE', ( #1533 ), #1226 ) ;
#139 = VERTEX_POINT ( 'NONE', #958 ) ;
#140 = COLOUR_RGB ( '',0.7803921568627451011, 0.7607843137254901578, 0.7411764705882353255 ) ;
#141 = VECTOR ( 'NONE', #2654, 1000.000000000000000 ) ;
#142 = CARTESIAN_POINT ( 'NONE',  ( -1.100000000000004974, 4.971269837220813059, 0.8000000000000017097 ) ) ;
#143 = LINE ( 'NONE', #2495, #1561 ) ;
#144 = AXIS2_PLACEMENT_3D ( 'NONE', #2195, #2155, #21 ) ;
#145 = CARTESIAN_POINT ( 'NONE',  ( 0.8000000000000008216, 0.02000000000000000042, 0.7999999999999999334 ) ) ;
#146 = EDGE_CURVE ( 'NONE', #469, #2465, #2053, .T. ) ;
#147 = DIRECTION ( 'NONE',  ( 0.0000000000000000000, 0.0000000000000000000, 1.000000000000000000 ) ) ;
#148 = AXIS2_PLACEMENT_3D ( 'NONE', #1614, #1195, #720 ) ;
#149 = EDGE_CURVE ( 'NONE', #2212, #783, #2027, .T. ) ;
#150 = EDGE_CURVE ( 'NONE', #1748, #1702, #1576, .T. ) ;
#151 = VECTOR ( 'NONE', #626, 1000.000000000000000 ) ;
#152 = DIRECTION ( 'NONE',  ( 0.0000000000000000000, 1.000000000000000000, 0.0000000000000000000 ) ) ;
#153 = DIRECTION ( 'NONE',  ( 0.0000000000000000000, -1.000000000000000000, 0.0000000000000000000 ) ) ;
#154 = ORIENTED_EDGE ( 'NONE', *, *, #88, .F. ) ;
#155 = CARTESIAN_POINT ( 'NONE',  ( 0.1500000000000010492, 0.02000000000000000042, -1.149999999999999911 ) ) ;
#156 = FACE_OUTER_BOUND ( 'NONE', #472, .T. ) ;
#157 = DIRECTION ( 'NONE',  ( -1.000000000000000000, -0.0000000000000000000, -0.0000000000000000000 ) ) ;
#158 = DIRECTION ( 'NONE',  ( 0.0000000000000000000, 0.0000000000000000000, 1.000000000000000000 ) ) ;
#159 = DIRECTION ( 'NONE',  ( 0.0000000000000000000, -1.000000000000000000, 0.0000000000000000000 ) ) ;
#160 = LINE ( 'NONE', #2308, #2658 ) ;
#161 = DIRECTION ( 'NONE',  ( 1.000000000000000000, 0.0000000000000000000, 0.0000000000000000000 ) ) ;
#162 = EDGE_LOOP ( 'NONE', ( #2272, #2301, #1485, #2452 ) ) ;
#163 = FACE_OUTER_BOUND ( 'NONE', #2167, .T. ) ;
#164 = DIRECTION ( 'NONE',  ( -0.0000000000000000000, -1.000000000000000000, -0.0000000000000000000 ) ) ;
#165 = ADVANCED_FACE ( 'NONE', ( #1808 ), #2456, .F. ) ;
#166 = DIRECTION ( 'NONE',  ( -1.000000000000000000, -0.0000000000000000000, -0.0000000000000000000 ) ) ;
#167 = UNCERTAINTY_MEASURE_WITH_UNIT (LENGTH_MEASURE( 1.000000000000000082E-05 ), #421, 'distance_accuracy_value', 'NONE');
#168 = SURFACE_STYLE_FILL_AREA ( #1689 ) ;
#169 = EDGE_CURVE ( 'NONE', #8, #750, #761, .T. ) ;
#170 = ORIENTED_EDGE ( 'NONE', *, *, #2512, .F. ) ;
#171 = DIRECTION ( 'NONE',  ( 0.0000000000000000000, 0.0000000000000000000, 1.000000000000000000 ) ) ;
#172 = DIRECTION ( 'NONE',  ( -0.0000000000000000000, -1.000000000000000000, -0.0000000000000000000 ) ) ;
#173 = LINE ( 'NONE', #145, #808 ) ;
#174 = LINE ( 'NONE', #2296, #2612 ) ;
#175 = FACE_OUTER_BOUND ( 'NONE', #412, .T. ) ;
#176 = VERTEX_POINT ( 'NONE', #2220 ) ;
#177 = DIRECTION ( 'NONE',  ( -7.885106708985485090E-16, 0.0000000000000000000, 1.000000000000000000 ) ) ;
#178 = LINE ( 'NONE', #837, #1033 ) ;
#179 = AXIS2_PLACEMENT_3D ( 'NONE', #1236, #1446, #802 ) ;
#180 = CARTESIAN_POINT ( 'NONE',  ( -0.4999999999999989453, 0.02000000000000000042, 0.7999999999999999334 ) ) ;
#181 = AXIS2_PLACEMENT_3D ( 'NONE', #1894, #158, #2061 ) ;
#182 = EDGE_LOOP ( 'NONE', ( #232, #440, #2133, #456 ) ) ;
#183 = ADVANCED_FACE ( 'NONE', ( #2040 ), #2474, .F. ) ;
#184 = ADVANCED_FACE ( 'NONE', ( #1877 ), #1057, .T. ) ;
#185 = VERTEX_POINT ( 'NONE', #2734 ) ;
#186 = CARTESIAN_POINT ( 'NONE',  ( -1.149999999999998135, 0.2300000000000000100, 1.150000000000002132 ) ) ;
#187 = LINE ( 'NONE', #403, #2319 ) ;
#188 = VECTOR ( 'NONE', #2238, 1000.000000000000000 ) ;
#189 = CARTESIAN_POINT ( 'NONE',  ( 0.7999999999999983791, 0.6800000000000000488, -0.7999999999999986011 ) ) ;
#190 = DIRECTION ( 'NONE',  ( 0.0000000000000000000, 1.000000000000000000, 0.0000000000000000000 ) ) ;
#191 = AXIS2_PLACEMENT_3D ( 'NONE', #2544, #1025, #1239 ) ;
#192 = ORIENTED_EDGE ( 'NONE', *, *, #764, .F. ) ;
#193 = DIRECTION ( 'NONE',  ( 0.0000000000000000000, -0.0000000000000000000, 1.000000000000000000 ) ) ;
#194 = VECTOR ( 'NONE', #1739, 1000.000000000000000 ) ;
#195 = SURFACE_SIDE_STYLE ('',( #411 ) ) ;
#196 = EDGE_LOOP ( 'NONE', ( #1173, #2580, #2441, #2739 ) ) ;
#197 = AXIS2_PLACEMENT_3D ( 'NONE', #390, #1203, #814 ) ;
#198 = ORIENTED_EDGE ( 'NONE', *, *, #2067, .T. ) ;
#199 = CARTESIAN_POINT ( 'NONE',  ( 1.250000000000001332, 0.1300000000000000044, 1.250000000000002887 ) ) ;
#200 = ORIENTED_EDGE ( 'NONE', *, *, #2263, .T. ) ;
#201 = FILL_AREA_STYLE_COLOUR ( '', #1426 ) ;
#202 = ADVANCED_FACE ( 'NONE', ( #1210 ), #2065, .F. ) ;
#203 = LINE ( 'NONE', #1053, #722 ) ;
#204 = ORIENTED_EDGE ( 'NONE', *, *, #2034, .F. ) ;
#205 = DIRECTION ( 'NONE',  ( -1.000000000000000000, -0.0000000000000000000, -0.0000000000000000000 ) ) ;
#206 = EDGE_LOOP ( 'NONE', ( #1324, #687, #523, #1357 ) ) ;
#207 = CARTESIAN_POINT ( 'NONE',  ( 0.8000000000000008216, 0.0000000000000000000, 1.149999999999999911 ) ) ;
#208 = CYLINDRICAL_SURFACE ( 'NONE', #676, 0.1500000000000004940 ) ;
#209 = ORIENTED_EDGE ( 'NONE', *, *, #92, .T. ) ;
#210 = LINE ( 'NONE', #1938, #95 ) ;
#211 = PLANE ( 'NONE',  #803 ) ;
#212 = CARTESIAN_POINT ( 'NONE',  ( 0.5000000000000009992, 0.0000000000000000000, 0.7999999999999999334 ) ) ;
#213 = CARTESIAN_POINT ( 'NONE',  ( -0.8000000000000051514, 0.6800000000000000488, 0.8000000000000020428 ) ) ;
#214 = DIRECTION ( 'NONE',  ( 0.0000000000000000000, 0.0000000000000000000, 1.000000000000000000 ) ) ;
#215 = EDGE_CURVE ( 'NONE', #2131, #2424, #1643, .T. ) ;
#216 = ORIENTED_EDGE ( 'NONE', *, *, #1460, .F. ) ;
#217 =( NAMED_UNIT ( * ) PLANE_ANGLE_UNIT ( ) SI_UNIT ( $, .RADIAN. ) );
#218 = DIRECTION ( 'NONE',  ( 0.0000000000000000000, 0.0000000000000000000, -1.000000000000000000 ) ) ;
#219 = CARTESIAN_POINT ( 'NONE',  ( -1.149999999999998135, 0.2300000000000000100, 1.150000000000002132 ) ) ;
#220 = CARTESIAN_POINT ( 'NONE',  ( 1.030000000000001803, 0.2300000000000000100, -1.149999999999997913 ) ) ;
#221 = LINE ( 'NONE', #1548, #2068 ) ;
#222 = MECHANICAL_DESIGN_GEOMETRIC_PRESENTATION_REPRESENTATION (  '', ( #2501 ), #36 ) ;
#223 = ORIENTED_EDGE ( 'NONE', *, *, #903, .T. ) ;
#224 = VECTOR ( 'NONE', #166, 1000.000000000000000 ) ;
#225 = CARTESIAN_POINT ( 'NONE',  ( 0.8000000000000010436, 0.02000000000000000042, -1.149999999999999911 ) ) ;
#226 = VECTOR ( 'NONE', #2104, 1000.000000000000000 ) ;
#227 = LINE ( 'NONE', #1502, #47 ) ;
#228 = VECTOR ( 'NONE', #1222, 1000.000000000000000 ) ;
#229 = CARTESIAN_POINT ( 'NONE',  ( -0.1499999999999987732, -0.0000000000000000000, -0.7999999999999999334 ) ) ;
#230 = AXIS2_PLACEMENT_3D ( 'NONE', #2683, #726, #1398 ) ;
#231 = EDGE_CURVE ( 'NONE', #1806, #1581, #1225, .T. ) ;
#232 = ORIENTED_EDGE ( 'NONE', *, *, #1175, .F. ) ;
#233 = CARTESIAN_POINT ( 'NONE',  ( -0.1499999999999989675, 0.02000000000000000042, 1.149999999999999911 ) ) ;
#234 = UNCERTAINTY_MEASURE_WITH_UNIT (LENGTH_MEASURE( 1.000000000000000082E-05 ), #873, 'distance_accuracy_value', 'NONE');
#235 = STYLED_ITEM ( 'NONE', ( #435 ), #1895 ) ;
#236 = LINE ( 'NONE', #6, #2690 ) ;
#237 = EDGE_CURVE ( 'NONE', #659, #331, #2738, .T. ) ;
#238 = EDGE_CURVE ( 'NONE', #1690, #449, #1655, .T. ) ;
#239 = AXIS2_PLACEMENT_3D ( 'NONE', #2678, #704, #2689 ) ;
#240 = LINE ( 'NONE', #220, #2370 ) ;
#241 = LINE ( 'NONE', #875, #1981 ) ;
#242 = VERTEX_POINT ( 'NONE', #594 ) ;
#243 = CYLINDRICAL_SURFACE ( 'NONE', #2656, 0.2500000000000000000 ) ;
#244 = DIRECTION ( 'NONE',  ( -1.000000000000000000, 0.0000000000000000000, 0.0000000000000000000 ) ) ;
#245 = ORIENTED_EDGE ( 'NONE', *, *, #2297, .T. ) ;
#246 = DIRECTION ( 'NONE',  ( 0.0000000000000000000, 0.0000000000000000000, -1.000000000000000000 ) ) ;
#247 = DIRECTION ( 'NONE',  ( 0.0000000000000000000, 0.0000000000000000000, 1.000000000000000000 ) ) ;
#248 = EDGE_LOOP ( 'NONE', ( #2591, #662, #497, #1505 ) ) ;
#249 = DIRECTION ( 'NONE',  ( -7.744301232039316681E-17, 0.0000000000000000000, -1.000000000000000000 ) ) ;
#250 =( LENGTH_UNIT ( ) NAMED_UNIT ( * ) SI_UNIT ( .MILLI., .METRE. ) );
#251 = EDGE_LOOP ( 'NONE', ( #972, #916, #1704, #131 ) ) ;
#252 = CARTESIAN_POINT ( 'NONE',  ( -0.4999999999999989453, 0.02000000000000000042, -0.7999999999999999334 ) ) ;
#253 = ADVANCED_FACE ( 'NONE', ( #175 ), #2342, .F. ) ;
#254 = FILL_AREA_STYLE ('',( #2380 ) ) ;
#255 = ORIENTED_EDGE ( 'NONE', *, *, #2493, .T. ) ;
#256 = EDGE_CURVE ( 'NONE', #1904, #1765, #2398, .T. ) ;
#257 = DIRECTION ( 'NONE',  ( 1.577021341797097018E-15, 0.0000000000000000000, -1.000000000000000000 ) ) ;
#258 = DIRECTION ( 'NONE',  ( 0.0000000000000000000, 0.0000000000000000000, 1.000000000000000000 ) ) ;
#259 = ORIENTED_EDGE ( 'NONE', *, *, #1227, .F. ) ;
#260 = SURFACE_STYLE_FILL_AREA ( #1967 ) ;
#261 = CARTESIAN_POINT ( 'NONE',  ( -1.249999999999998668, 0.1300000000000000044, 1.250000000000002887 ) ) ;
#262 = EDGE_LOOP ( 'NONE', ( #893, #1001, #1315, #100 ) ) ;
#263 = SURFACE_SIDE_STYLE ('',( #1318 ) ) ;
#264 = SURFACE_STYLE_FILL_AREA ( #2562 ) ;
#265 = LINE ( 'NONE', #1113, #707 ) ;
#266 = DIRECTION ( 'NONE',  ( 1.000000000000000000, 0.0000000000000000000, 0.0000000000000000000 ) ) ;
#267 = FACE_OUTER_BOUND ( 'NONE', #1261, .T. ) ;
#268 = EDGE_CURVE ( 'NONE', #1231, #1917, #1473, .T. ) ;
#269 = ORIENTED_EDGE ( 'NONE', *, *, #2454, .T. ) ;
#270 = ADVANCED_FACE ( 'NONE', ( #1943 ), #1069, .F. ) ;
#271 = EDGE_CURVE ( 'NONE', #1541, #2537, #650, .T. ) ;
#272 = VERTEX_POINT ( 'NONE', #2369 ) ;
#273 = CIRCLE ( 'NONE', #1825, 0.04999999999999991257 ) ;
#274 = CARTESIAN_POINT ( 'NONE',  ( 1.099999999999998312, 4.971269837220813059, -0.7999999999999983791 ) ) ;
#275 = AXIS2_PLACEMENT_3D ( 'NONE', #349, #2075, #1423 ) ;
#276 = FACE_OUTER_BOUND ( 'NONE', #2365, .T. ) ;
#277 = EDGE_LOOP ( 'NONE', ( #860, #2397, #619, #951 ) ) ;
#278 = CARTESIAN_POINT ( 'NONE',  ( 0.6200000000000011058, 0.9300000000000000488, 0.1400000000000009015 ) ) ;
#279 = PLANE ( 'NONE',  #1623 ) ;
#280 = ORIENTED_EDGE ( 'NONE', *, *, #1817, .T. ) ;
#281 = MECHANICAL_DESIGN_GEOMETRIC_PRESENTATION_REPRESENTATION (  '', ( #2607 ), #2466 ) ;
#282 = LINE ( 'NONE', #2477, #624 ) ;
#283 = VECTOR ( 'NONE', #1367, 1000.000000000000000 ) ;
#284 = CARTESIAN_POINT ( 'NONE',  ( 0.5000000000000012212, 0.02000000000000000042, -0.7999999999999999334 ) ) ;
#285 = DIRECTION ( 'NONE',  ( 0.0000000000000000000, 0.0000000000000000000, -1.000000000000000000 ) ) ;
#286 = MECHANICAL_DESIGN_GEOMETRIC_PRESENTATION_REPRESENTATION (  '', ( #1754 ), #2475 ) ;
#287 = EDGE_LOOP ( 'NONE', ( #1061, #2148, #933, #804 ) ) ;
#288 = EDGE_LOOP ( 'NONE', ( #1677, #1042, #891, #1773 ) ) ;
#289 = ADVANCED_FACE ( 'NONE', ( #1307 ), #1519, .F. ) ;
#290 = DIRECTION ( 'NONE',  ( 0.0000000000000000000, 0.0000000000000000000, 1.000000000000000000 ) ) ;
#291 = LINE ( 'NONE', #2411, #312 ) ;
#292 = VERTEX_POINT ( 'NONE', #2145 ) ;
#293 = DIRECTION ( 'NONE',  ( 0.0000000000000000000, 0.0000000000000000000, 1.000000000000000000 ) ) ;
#294 = FILL_AREA_STYLE_COLOUR ( '', #930 ) ;
#295 = CARTESIAN_POINT ( 'NONE',  ( 0.8000000000000008216, 0.02000000000000000042, 0.7999999999999999334 ) ) ;
#296 = ORIENTED_EDGE ( 'NONE', *, *, #238, .F. ) ;
#297 = ORIENTED_EDGE ( 'NONE', *, *, #1240, .T. ) ;
#298 = FACE_OUTER_BOUND ( 'NONE', #1777, .T. ) ;
#299 = CARTESIAN_POINT ( 'NONE',  ( -1.100000000000002531, 0.6800000000000000488, -0.7999999999999990452 ) ) ;
#300 = ORIENTED_EDGE ( 'NONE', *, *, #271, .T. ) ;
#301 = DIRECTION ( 'NONE',  ( 1.000000000000000000, 0.0000000000000000000, 0.0000000000000000000 ) ) ;
#302 = PLANE ( 'NONE',  #869 ) ;
#303 = SURFACE_SIDE_STYLE ('',( #1145 ) ) ;
#304 = EDGE_CURVE ( 'NONE', #806, #639, #2576, .T. ) ;
#305 = EDGE_CURVE ( 'NONE', #176, #2655, #880, .T. ) ;
#306 = CARTESIAN_POINT ( 'NONE',  ( 0.7999999999999983791, 4.971269837220813059, -1.099999999999998535 ) ) ;
#307 =( NAMED_UNIT ( * ) SI_UNIT ( $, .STERADIAN. ) SOLID_ANGLE_UNIT ( ) );
#308 = ORIENTED_EDGE ( 'NONE', *, *, #674, .T. ) ;
#309 = DIRECTION ( 'NONE',  ( 0.0000000000000000000, 0.0000000000000000000, -1.000000000000000000 ) ) ;
#310 = ORIENTED_EDGE ( 'NONE', *, *, #2673, .F. ) ;
#311 = LINE ( 'NONE', #1790, #1978 ) ;
#312 = VECTOR ( 'NONE', #1805, 1000.000000000000000 ) ;
#313 = ORIENTED_EDGE ( 'NONE', *, *, #1786, .F. ) ;
#314 = CARTESIAN_POINT ( 'NONE',  ( -0.9749999999999988676, -0.0000000000000000000, -0.5999999999999992006 ) ) ;
#315 = AXIS2_PLACEMENT_3D ( 'NONE', #388, #621, #2492 ) ;
#316 = FACE_OUTER_BOUND ( 'NONE', #2462, .T. ) ;
#317 = DIRECTION ( 'NONE',  ( 0.0000000000000000000, 0.0000000000000000000, 1.000000000000000000 ) ) ;
#318 = AXIS2_PLACEMENT_3D ( 'NONE', #374, #132, #396 ) ;
#319 = CARTESIAN_POINT ( 'NONE',  ( -0.9749999999999988676, -0.0000000000000000000, -0.4999999999999993339 ) ) ;
#320 = AXIS2_PLACEMENT_3D ( 'NONE', #2051, #1413, #1038 ) ;
#321 = ADVANCED_FACE ( 'NONE', ( #276 ), #2354, .F. ) ;
#322 = VECTOR ( 'NONE', #1648, 1000.000000000000000 ) ;
#323 = VERTEX_POINT ( 'NONE', #1956 ) ;
#324 = LINE ( 'NONE', #1801, #2066 ) ;
#325 = ORIENTED_EDGE ( 'NONE', *, *, #1549, .T. ) ;
#326 = APPLICATION_CONTEXT ( 'automotive_design' ) ;
#327 = CIRCLE ( 'NONE', #1937, 0.2500000000000000000 ) ;
#328 = FACE_OUTER_BOUND ( 'NONE', #1551, .T. ) ;
#329 = DIRECTION ( 'NONE',  ( -1.000000000000000000, -0.0000000000000000000, -0.0000000000000000000 ) ) ;
#330 = COLOUR_RGB ( '',0.0000000000000000000, 0.5019607843137254832, 0.0000000000000000000 ) ;
#331 = VERTEX_POINT ( 'NONE', #1968 ) ;
#332 = PLANE ( 'NONE',  #1489 ) ;
#333 = SURFACE_STYLE_USAGE ( .BOTH. , #303 ) ;
#334 = CARTESIAN_POINT ( 'NONE',  ( 0.7999999999999983791, 0.6800000000000000488, -1.099999999999998535 ) ) ;
#335 = ORIENTED_EDGE ( 'NONE', *, *, #1358, .F. ) ;
#336 = CYLINDRICAL_SURFACE ( 'NONE', #2421, 0.09999999999999982514 ) ;
#337 = VERTEX_POINT ( 'NONE', #2590 ) ;
#338 = CARTESIAN_POINT ( 'NONE',  ( -0.1499999999999987732, 0.02000000000000000042, -0.7999999999999999334 ) ) ;
#339 = DIRECTION ( 'NONE',  ( 1.000000000000000000, 0.0000000000000000000, -0.0000000000000000000 ) ) ;
#340 = ORIENTED_EDGE ( 'NONE', *, *, #2146, .T. ) ;
#341 = CARTESIAN_POINT ( 'NONE',  ( 1.030000000000001803, 0.2300000000000000100, 1.030000000000002247 ) ) ;
#342 = DIRECTION ( 'NONE',  ( -0.0000000000000000000, -1.000000000000000000, -0.0000000000000000000 ) ) ;
#343 = FACE_OUTER_BOUND ( 'NONE', #1600, .T. ) ;
#344 = DIRECTION ( 'NONE',  ( -0.0000000000000000000, -0.0000000000000000000, 1.000000000000000000 ) ) ;
#345 = ORIENTED_EDGE ( 'NONE', *, *, #2479, .T. ) ;
#346 = LINE ( 'NONE', #1200, #1568 ) ;
#347 = ORIENTED_EDGE ( 'NONE', *, *, #1142, .F. ) ;
#348 = DIRECTION ( 'NONE',  ( -0.0000000000000000000, -1.000000000000000000, -0.0000000000000000000 ) ) ;
#349 = CARTESIAN_POINT ( 'NONE',  ( -1.149999999999998135, 0.2300000000000000100, -1.149999999999997913 ) ) ;
#350 = EDGE_CURVE ( 'NONE', #1806, #2212, #27, .T. ) ;
#351 = EDGE_CURVE ( 'NONE', #28, #1823, #1753, .T. ) ;
#352 = CIRCLE ( 'NONE', #894, 0.1500000000000004940 ) ;
#353 = DIRECTION ( 'NONE',  ( 0.0000000000000000000, 0.0000000000000000000, -1.000000000000000000 ) ) ;
#354 = CARTESIAN_POINT ( 'NONE',  ( -0.8000000000000051514, 0.6800000000000000488, 0.8000000000000020428 ) ) ;
#355 = AXIS2_PLACEMENT_3D ( 'NONE', #513, #485, #954 ) ;
#356 = DIRECTION ( 'NONE',  ( 0.0000000000000000000, -1.000000000000000000, 0.0000000000000000000 ) ) ;
#357 = DIRECTION ( 'NONE',  ( -1.000000000000000000, 0.0000000000000000000, 0.0000000000000000000 ) ) ;
#358 = AXIS2_PLACEMENT_3D ( 'NONE', #1601, #2029, #1798 ) ;
#359 = EDGE_LOOP ( 'NONE', ( #2483, #1111, #656, #792 ) ) ;
#360 = SURFACE_SIDE_STYLE ('',( #1903 ) ) ;
#361 = VECTOR ( 'NONE', #1182, 1000.000000000000000 ) ;
#362 = ORIENTED_EDGE ( 'NONE', *, *, #1803, .T. ) ;
#363 = ORIENTED_EDGE ( 'NONE', *, *, #2568, .T. ) ;
#364 = PRESENTATION_LAYER_ASSIGNMENT (  '', '', ( #1570 ) ) ;
#365 = DIRECTION ( 'NONE',  ( -0.0000000000000000000, -1.000000000000000000, -0.0000000000000000000 ) ) ;
#366 = CARTESIAN_POINT ( 'NONE',  ( -0.8500000000000025313, 0.9300000000000000488, -0.7999999999999986011 ) ) ;
#367 = PRESENTATION_LAYER_ASSIGNMENT (  '', '', ( #1172 ) ) ;
#368 = EDGE_CURVE ( 'NONE', #2192, #2614, #1650, .T. ) ;
#369 = CYLINDRICAL_SURFACE ( 'NONE', #2743, 0.1199999999999999956 ) ;
#370 = DIRECTION ( 'NONE',  ( 0.0000000000000000000, -0.0000000000000000000, 1.000000000000000000 ) ) ;
#371 = CIRCLE ( 'NONE', #817, 0.1199999999999998845 ) ;
#372 = EDGE_CURVE ( 'NONE', #1618, #2579, #754, .T. ) ;
#373 = VERTEX_POINT ( 'NONE', #1359 ) ;
#374 = CARTESIAN_POINT ( 'NONE',  ( -0.8000000000000051514, 0.2300000000000000100, 0.8000000000000020428 ) ) ;
#375 = CYLINDRICAL_SURFACE ( 'NONE', #2610, 0.1500000000000004940 ) ;
#376 = ORIENTED_EDGE ( 'NONE', *, *, #2582, .F. ) ;
#377 = CARTESIAN_POINT ( 'NONE',  ( -0.4999999999999989453, -0.0000000000000000000, -1.149999999999999911 ) ) ;
#378 = DIRECTION ( 'NONE',  ( -0.0000000000000000000, -1.000000000000000000, -0.0000000000000000000 ) ) ;
#379 = DIRECTION ( 'NONE',  ( -0.0000000000000000000, -1.000000000000000000, -0.0000000000000000000 ) ) ;
#380 = DIRECTION ( 'NONE',  ( 0.0000000000000000000, 0.0000000000000000000, 1.000000000000000000 ) ) ;
#381 = CARTESIAN_POINT ( 'NONE',  ( -0.4999999999999989453, 0.02000000000000000042, 0.7999999999999999334 ) ) ;
#382 = EDGE_CURVE ( 'NONE', #2023, #839, #291, .T. ) ;
#383 = ORIENTED_EDGE ( 'NONE', *, *, #350, .T. ) ;
#384 = PLANE ( 'NONE',  #1925 ) ;
#385 = ADVANCED_FACE ( 'NONE', ( #2004 ), #2672, .F. ) ;
#386 = ADVANCED_FACE ( 'NONE', ( #732 ), #1141, .F. ) ;
#387 = ORIENTED_EDGE ( 'NONE', *, *, #1501, .F. ) ;
#388 = CARTESIAN_POINT ( 'NONE',  ( -1.150000000000001910, 0.2799999999999998601, -1.099999999999998535 ) ) ;
#389 = EDGE_LOOP ( 'NONE', ( #889, #1675, #1815, #1913 ) ) ;
#390 = CARTESIAN_POINT ( 'NONE',  ( -1.100000000000005418, 4.971269837220813059, 1.100000000000002087 ) ) ;
#391 = CARTESIAN_POINT ( 'NONE',  ( 1.150000000000001688, 0.2300000000000000100, -0.7999999999999986011 ) ) ;
#392 =( NAMED_UNIT ( * ) PLANE_ANGLE_UNIT ( ) SI_UNIT ( $, .RADIAN. ) );
#393 = CARTESIAN_POINT ( 'NONE',  ( 0.8499999999999983125, 0.9300000000000000488, -0.7999999999999986011 ) ) ;
#394 =( NAMED_UNIT ( * ) SI_UNIT ( $, .STERADIAN. ) SOLID_ANGLE_UNIT ( ) );
#395 = EDGE_LOOP ( 'NONE', ( #2450, #2470, #607, #1664 ) ) ;
#396 = DIRECTION ( 'NONE',  ( 0.0000000000000000000, 0.0000000000000000000, 1.000000000000000000 ) ) ;
#397 = AXIS2_PLACEMENT_3D ( 'NONE', #717, #1402, #339 ) ;
#398 = CARTESIAN_POINT ( 'NONE',  ( 1.150000000000001243, 0.02000000000000000042, -0.7999999999999999334 ) ) ;
#399 = EDGE_CURVE ( 'NONE', #242, #1356, #2692, .T. ) ;
#400 = VECTOR ( 'NONE', #1101, 1000.000000000000000 ) ;
#401 = ORIENTED_EDGE ( 'NONE', *, *, #2355, .F. ) ;
#402 = LINE ( 'NONE', #1727, #1354 ) ;
#403 = CARTESIAN_POINT ( 'NONE',  ( 1.150000000000000799, 0.02000000000000000042, 1.149999999999999911 ) ) ;
#404 = CIRCLE ( 'NONE', #2523, 0.1199999999999998845 ) ;
#405 = AXIS2_PLACEMENT_3D ( 'NONE', #2333, #2347, #416 ) ;
#406 = DIRECTION ( 'NONE',  ( -0.0000000000000000000, -1.000000000000000000, -0.0000000000000000000 ) ) ;
#407 = LINE ( 'NONE', #2516, #589 ) ;
#408 = SURFACE_STYLE_USAGE ( .BOTH. , #2773 ) ;
#409 = ORIENTED_EDGE ( 'NONE', *, *, #74, .F. ) ;
#410 = VECTOR ( 'NONE', #2025, 1000.000000000000000 ) ;
#411 = SURFACE_STYLE_FILL_AREA ( #1060 ) ;
#412 = EDGE_LOOP ( 'NONE', ( #900, #2042, #1985, #434 ) ) ;
#413 = AXIS2_PLACEMENT_3D ( 'NONE', #649, #2616, #689 ) ;
#414 = EDGE_LOOP ( 'NONE', ( #34, #1244, #198, #35 ) ) ;
#415 = FACE_OUTER_BOUND ( 'NONE', #2448, .T. ) ;
#416 = DIRECTION ( 'NONE',  ( 0.0000000000000000000, -0.0000000000000000000, -1.000000000000000000 ) ) ;
#417 = EDGE_LOOP ( 'NONE', ( #2185, #2251, #340, #795 ) ) ;
#418 = CARTESIAN_POINT ( 'NONE',  ( -0.8500000000000037526, 0.6800000000000000488, -1.340468140527538313E-15 ) ) ;
#419 = EDGE_CURVE ( 'NONE', #1178, #633, #524, .T. ) ;
#420 = CARTESIAN_POINT ( 'NONE',  ( 1.150000000000000799, 0.02000000000000000042, 0.7999999999999999334 ) ) ;
#421 =( LENGTH_UNIT ( ) NAMED_UNIT ( * ) SI_UNIT ( .MILLI., .METRE. ) );
#422 = DIRECTION ( 'NONE',  ( 0.0000000000000000000, 1.000000000000000000, 0.0000000000000000000 ) ) ;
#423 = ORIENTED_EDGE ( 'NONE', *, *, #2405, .F. ) ;
#424 = ORIENTED_EDGE ( 'NONE', *, *, #1014, .F. ) ;
#425 = ORIENTED_EDGE ( 'NONE', *, *, #1724, .T. ) ;
#426 = CARTESIAN_POINT ( 'NONE',  ( 1.150000000000001688, 0.2300000000000000100, 1.030000000000002247 ) ) ;
#427 = ORIENTED_EDGE ( 'NONE', *, *, #2762, .F. ) ;
#428 = LINE ( 'NONE', #660, #1391 ) ;
#429 = ADVANCED_FACE ( 'NONE', ( #2226 ), #67, .F. ) ;
#430 = EDGE_CURVE ( 'NONE', #1802, #2399, #542, .T. ) ;
#431 = CARTESIAN_POINT ( 'NONE',  ( -1.100000000000002087, 0.2799999999999998601, -1.149999999999998357 ) ) ;
#432 = VERTEX_POINT ( 'NONE', #1610 ) ;
#433 = DIRECTION ( 'NONE',  ( 0.0000000000000000000, -0.0000000000000000000, 1.000000000000000000 ) ) ;
#434 = ORIENTED_EDGE ( 'NONE', *, *, #466, .T. ) ;
#435 = PRESENTATION_STYLE_ASSIGNMENT (( #451 ) ) ;
#436 = VECTOR ( 'NONE', #1569, 1000.000000000000000 ) ;
#437 = ORIENTED_EDGE ( 'NONE', *, *, #1257, .F. ) ;
#438 = FACE_OUTER_BOUND ( 'NONE', #2298, .T. ) ;
#439 = SURFACE_STYLE_USAGE ( .BOTH. , #24 ) ;
#440 = ORIENTED_EDGE ( 'NONE', *, *, #1395, .F. ) ;
#441 = DIRECTION ( 'NONE',  ( -0.0000000000000000000, -0.0000000000000000000, -1.000000000000000000 ) ) ;
#442 = AXIS2_PLACEMENT_3D ( 'NONE', #1143, #1596, #2453 ) ;
#443 = ADVANCED_FACE ( 'NONE', ( #965 ), #1584, .F. ) ;
#444 = ORIENTED_EDGE ( 'NONE', *, *, #231, .F. ) ;
#445 = UNCERTAINTY_MEASURE_WITH_UNIT (LENGTH_MEASURE( 1.000000000000000082E-05 ), #250, 'distance_accuracy_value', 'NONE');
#446 =( NAMED_UNIT ( * ) PLANE_ANGLE_UNIT ( ) SI_UNIT ( $, .RADIAN. ) );
#447 = ORIENTED_EDGE ( 'NONE', *, *, #514, .T. ) ;
#448 = VECTOR ( 'NONE', #2077, 1000.000000000000000 ) ;
#449 = VERTEX_POINT ( 'NONE', #299 ) ;
#450 =( NAMED_UNIT ( * ) PLANE_ANGLE_UNIT ( ) SI_UNIT ( $, .RADIAN. ) );
#451 = SURFACE_STYLE_USAGE ( .BOTH. , #2361 ) ;
#452 = TOROIDAL_SURFACE ( 'NONE', #413, 0.3499999999999999778, 0.05000000000000000278 ) ;
#453 = VERTEX_POINT ( 'NONE', #77 ) ;
#454 = SURFACE_SIDE_STYLE ('',( #2384 ) ) ;
#455 = DIRECTION ( 'NONE',  ( -1.000000000000000000, -0.0000000000000000000, -0.0000000000000000000 ) ) ;
#456 = ORIENTED_EDGE ( 'NONE', *, *, #1223, .F. ) ;
#457 = DIRECTION ( 'NONE',  ( 0.0000000000000000000, 0.0000000000000000000, 1.000000000000000000 ) ) ;
#458 = DIRECTION ( 'NONE',  ( 0.0000000000000000000, 1.000000000000000000, 0.0000000000000000000 ) ) ;
#459 = EDGE_LOOP ( 'NONE', ( #1731, #26, #259, #914 ) ) ;
#460 = DIRECTION ( 'NONE',  ( 1.000000000000000000, 0.0000000000000000000, 1.734723475976807094E-15 ) ) ;
#461 = DIRECTION ( 'NONE',  ( -0.0000000000000000000, -1.000000000000000000, -0.0000000000000000000 ) ) ;
#462 = VERTEX_POINT ( 'NONE', #1180 ) ;
#463 = EDGE_CURVE ( 'NONE', #740, #2080, #1767, .T. ) ;
#464 = LINE ( 'NONE', #706, #1435 ) ;
#465 = EDGE_CURVE ( 'NONE', #1008, #544, #273, .T. ) ;
#466 = EDGE_CURVE ( 'NONE', #1454, #595, #1192, .T. ) ;
#467 = ORIENTED_EDGE ( 'NONE', *, *, #88, .T. ) ;
#468 = EDGE_LOOP ( 'NONE', ( #1285, #1371, #1901, #2735 ) ) ;
#469 = VERTEX_POINT ( 'NONE', #700 ) ;
#470 = LINE ( 'NONE', #1766, #1844 ) ;
#471 = CARTESIAN_POINT ( 'NONE',  ( 1.150000000000000799, 0.02000000000000000042, 1.149999999999999911 ) ) ;
#472 = EDGE_LOOP ( 'NONE', ( #1089, #2224, #712, #154 ) ) ;
#473 = CARTESIAN_POINT ( 'NONE',  ( -0.8000000000000024869, 0.6800000000000000488, -0.8499999999999985345 ) ) ;
#474 =( NAMED_UNIT ( * ) PLANE_ANGLE_UNIT ( ) SI_UNIT ( $, .RADIAN. ) );
#475 = ORIENTED_EDGE ( 'NONE', *, *, #1786, .T. ) ;
#476 = FACE_OUTER_BOUND ( 'NONE', #955, .T. ) ;
#477 = AXIS2_PLACEMENT_3D ( 'NONE', #1599, #2691, #2488 ) ;
#478 = EDGE_CURVE ( 'NONE', #2037, #1440, #128, .T. ) ;
#479 = AXIS2_PLACEMENT_3D ( 'NONE', #381, #575, #998 ) ;
#480 = ORIENTED_EDGE ( 'NONE', *, *, #1372, .T. ) ;
#481 = ORIENTED_EDGE ( 'NONE', *, *, #2457, .T. ) ;
#482 = CARTESIAN_POINT ( 'NONE',  ( 0.5000000000000009992, 0.0000000000000000000, 1.149999999999999911 ) ) ;
#483 = AXIS2_PLACEMENT_3D ( 'NONE', #1476, #177, #1449 ) ;
#484 = APPLICATION_PROTOCOL_DEFINITION ( 'draft international standard', 'automotive_design', 1998, #1055 ) ;
#485 = DIRECTION ( 'NONE',  ( 0.0000000000000000000, -1.000000000000000000, 0.0000000000000000000 ) ) ;
#486 = CIRCLE ( 'NONE', #1698, 0.1199999999999999956 ) ;
#487 = ORIENTED_EDGE ( 'NONE', *, *, #1867, .T. ) ;
#488 = CARTESIAN_POINT ( 'NONE',  ( 1.150000000000000799, 0.02000000000000000042, 1.149999999999999911 ) ) ;
#489 = CARTESIAN_POINT ( 'NONE',  ( -1.149999999999999023, 0.0000000000000000000, 0.7999999999999999334 ) ) ;
#490 = CARTESIAN_POINT ( 'NONE',  ( 0.6200000000000011058, 0.6300000000000001155, -0.009999999999999592548 ) ) ;
#491 =( GEOMETRIC_REPRESENTATION_CONTEXT ( 3 ) GLOBAL_UNCERTAINTY_ASSIGNED_CONTEXT ( ( #57 ) ) GLOBAL_UNIT_ASSIGNED_CONTEXT ( ( #2374, #217, #1758 ) ) REPRESENTATION_CONTEXT ( 'NONE', 'WORKASPACE' ) );
#492 = PLANE ( 'NONE',  #358 ) ;
#493 =( GEOMETRIC_REPRESENTATION_CONTEXT ( 3 ) GLOBAL_UNCERTAINTY_ASSIGNED_CONTEXT ( ( #2677 ) ) GLOBAL_UNIT_ASSIGNED_CONTEXT ( ( #896, #61, #2595 ) ) REPRESENTATION_CONTEXT ( 'NONE', 'WORKASPACE' ) );
#494 = MECHANICAL_DESIGN_GEOMETRIC_PRESENTATION_REPRESENTATION (  '', ( #235 ), #1792 ) ;
#495 = DIRECTION ( 'NONE',  ( 0.0000000000000000000, 0.0000000000000000000, -1.000000000000000000 ) ) ;
#496 = ORIENTED_EDGE ( 'NONE', *, *, #399, .T. ) ;
#497 = ORIENTED_EDGE ( 'NONE', *, *, #2546, .F. ) ;
#498 = VECTOR ( 'NONE', #2363, 1000.000000000000000 ) ;
#499 = CARTESIAN_POINT ( 'NONE',  ( 0.8000000000000010436, 0.0000000000000000000, -0.7999999999999999334 ) ) ;
#500 = EDGE_CURVE ( 'NONE', #2688, #1618, #2530, .T. ) ;
#501 = EDGE_CURVE ( 'NONE', #323, #2289, #2538, .T. ) ;
#502 = ORIENTED_EDGE ( 'NONE', *, *, #1340, .F. ) ;
#503 =( NAMED_UNIT ( * ) PLANE_ANGLE_UNIT ( ) SI_UNIT ( $, .RADIAN. ) );
#504 = PLANE ( 'NONE',  #239 ) ;
#505 = CARTESIAN_POINT ( 'NONE',  ( 0.8000000000000008216, 0.02000000000000000042, 1.149999999999999911 ) ) ;
#506 = ORIENTED_EDGE ( 'NONE', *, *, #591, .F. ) ;
#507 = CARTESIAN_POINT ( 'NONE',  ( 0.8000000000000010436, 0.02000000000000000042, -0.7999999999999999334 ) ) ;
#508 = CARTESIAN_POINT ( 'NONE',  ( 0.5000000000000012212, 0.02000000000000000042, -0.7999999999999999334 ) ) ;
#509 = VERTEX_POINT ( 'NONE', #1204 ) ;
#510 = FACE_OUTER_BOUND ( 'NONE', #1214, .T. ) ;
#511 = ORIENTED_EDGE ( 'NONE', *, *, #1787, .T. ) ;
#512 = DIRECTION ( 'NONE',  ( 0.0000000000000000000, 1.000000000000000000, 0.0000000000000000000 ) ) ;
#513 = CARTESIAN_POINT ( 'NONE',  ( -0.9749999999999988676, 0.02000000000000000042, -0.4999999999999993339 ) ) ;
#514 = EDGE_CURVE ( 'NONE', #1914, #2697, #143, .T. ) ;
#515 = VERTEX_POINT ( 'NONE', #789 ) ;
#516 = FACE_OUTER_BOUND ( 'NONE', #1072, .T. ) ;
#517 = DIRECTION ( 'NONE',  ( -0.0000000000000000000, 1.000000000000000000, -0.0000000000000000000 ) ) ;
#518 = SURFACE_SIDE_STYLE ('',( #1809 ) ) ;
#519 = CYLINDRICAL_SURFACE ( 'NONE', #1086, 0.2999999999999999334 ) ;
#520 = ORIENTED_EDGE ( 'NONE', *, *, #816, .F. ) ;
#521 = ORIENTED_EDGE ( 'NONE', *, *, #642, .F. ) ;
#522 = CARTESIAN_POINT ( 'NONE',  ( -0.4999999999999989453, -0.0000000000000000000, -1.149999999999999911 ) ) ;
#523 = ORIENTED_EDGE ( 'NONE', *, *, #1312, .T. ) ;
#524 = LINE ( 'NONE', #499, #1158 ) ;
#525 = VERTEX_POINT ( 'NONE', #391 ) ;
#526 = DIRECTION ( 'NONE',  ( -0.0000000000000000000, -0.0000000000000000000, 1.000000000000000000 ) ) ;
#527 = VECTOR ( 'NONE', #2787, 1000.000000000000000 ) ;
#528 = CARTESIAN_POINT ( 'NONE',  ( -1.149999999999998801, -0.0000000000000000000, -1.149999999999999911 ) ) ;
#529 = DIRECTION ( 'NONE',  ( -1.000000000000000000, 0.0000000000000000000, -6.195440985631453345E-16 ) ) ;
#530 = AXIS2_PLACEMENT_3D ( 'NONE', #1734, #20, #695 ) ;
#531 = DIRECTION ( 'NONE',  ( -0.0000000000000000000, -1.000000000000000000, -0.0000000000000000000 ) ) ;
#532 = CARTESIAN_POINT ( 'NONE',  ( -0.1499999999999987732, -0.0000000000000000000, -1.149999999999999911 ) ) ;
#533 =( GEOMETRIC_REPRESENTATION_CONTEXT ( 3 ) GLOBAL_UNCERTAINTY_ASSIGNED_CONTEXT ( ( #1494 ) ) GLOBAL_UNIT_ASSIGNED_CONTEXT ( ( #1587, #503, #924 ) ) REPRESENTATION_CONTEXT ( 'NONE', 'WORKASPACE' ) );
#534 = EDGE_CURVE ( 'NONE', #2239, #2212, #2265, .T. ) ;
#535 = VECTOR ( 'NONE', #1355, 1000.000000000000000 ) ;
#536 = ORIENTED_EDGE ( 'NONE', *, *, #1156, .T. ) ;
#537 = LINE ( 'NONE', #93, #141 ) ;
#538 = ORIENTED_EDGE ( 'NONE', *, *, #644, .T. ) ;
#539 = VECTOR ( 'NONE', #2183, 1000.000000000000000 ) ;
#540 = TOROIDAL_SURFACE ( 'NONE', #2246, 0.04999999999999996808, 0.2500000000000000000 ) ;
#541 = CARTESIAN_POINT ( 'NONE',  ( -0.7999999999999987121, 0.02000000000000000042, -1.149999999999999911 ) ) ;
#542 = LINE ( 'NONE', #1776, #1021 ) ;
#543 = VECTOR ( 'NONE', #557, 1000.000000000000000 ) ;
#544 = VERTEX_POINT ( 'NONE', #366 ) ;
#545 = CARTESIAN_POINT ( 'NONE',  ( -1.100000000000002087, 0.2799999999999998601, -1.099999999999998535 ) ) ;
#546 = LINE ( 'NONE', #1588, #410 ) ;
#547 = DIRECTION ( 'NONE',  ( -6.195440985631453345E-16, 0.0000000000000000000, 1.000000000000000000 ) ) ;
#548 = ORIENTED_EDGE ( 'NONE', *, *, #1567, .F. ) ;
#549 = PRESENTATION_STYLE_ASSIGNMENT (( #1379 ) ) ;
#550 =( LENGTH_UNIT ( ) NAMED_UNIT ( * ) SI_UNIT ( .MILLI., .METRE. ) );
#551 = EDGE_CURVE ( 'NONE', #2527, #1917, #1221, .T. ) ;
#552 = EDGE_LOOP ( 'NONE', ( #1733, #387, #1720, #223 ) ) ;
#553 = EDGE_CURVE ( 'NONE', #449, #1957, #1443, .T. ) ;
#554 = ADVANCED_FACE ( 'NONE', ( #830 ), #558, .F. ) ;
#555 = CARTESIAN_POINT ( 'NONE',  ( 1.030000000000001803, 0.2300000000000000100, -1.029999999999998028 ) ) ;
#556 = VERTEX_POINT ( 'NONE', #2720 ) ;
#557 = DIRECTION ( 'NONE',  ( -0.0000000000000000000, -1.000000000000000000, -0.0000000000000000000 ) ) ;
#558 = PLANE ( 'NONE',  #275 ) ;
#559 = LINE ( 'NONE', #2341, #1976 ) ;
#560 = DIRECTION ( 'NONE',  ( 0.0000000000000000000, 0.0000000000000000000, -1.000000000000000000 ) ) ;
#561 =( NAMED_UNIT ( * ) PLANE_ANGLE_UNIT ( ) SI_UNIT ( $, .RADIAN. ) );
#562 = CARTESIAN_POINT ( 'NONE',  ( 0.1500000000000010492, 0.02000000000000000042, -0.7999999999999999334 ) ) ;
#563 = FACE_OUTER_BOUND ( 'NONE', #2256, .T. ) ;
#564 = EDGE_LOOP ( 'NONE', ( #1612, #94, #1266, #1498, #1451, #2613 ) ) ;
#565 = FILL_AREA_STYLE_COLOUR ( '', #713 ) ;
#566 = DIRECTION ( 'NONE',  ( 0.0000000000000000000, 0.0000000000000000000, -1.000000000000000000 ) ) ;
#567 = ORIENTED_EDGE ( 'NONE', *, *, #2586, .F. ) ;
#568 = EDGE_CURVE ( 'NONE', #2165, #525, #2461, .T. ) ;
#569 = FACE_OUTER_BOUND ( 'NONE', #2438, .T. ) ;
#570 = CARTESIAN_POINT ( 'NONE',  ( -1.100000000000002531, 4.971269837220813059, -0.7999999999999990452 ) ) ;
#571 = EDGE_CURVE ( 'NONE', #1062, #2570, #1668, .T. ) ;
#572 = VECTOR ( 'NONE', #1390, 1000.000000000000000 ) ;
#573 = CARTESIAN_POINT ( 'NONE',  ( 0.5000000000000012212, 0.0000000000000000000, -0.7999999999999999334 ) ) ;
#574 = AXIS2_PLACEMENT_3D ( 'NONE', #1415, #356, #821 ) ;
#575 = DIRECTION ( 'NONE',  ( 0.0000000000000000000, 0.0000000000000000000, -1.000000000000000000 ) ) ;
#576 = PRESENTATION_LAYER_ASSIGNMENT (  '', '', ( #2275 ) ) ;
#577 = ORIENTED_EDGE ( 'NONE', *, *, #590, .F. ) ;
#578 = LINE ( 'NONE', #2489, #2147 ) ;
#579 = CARTESIAN_POINT ( 'NONE',  ( -0.1499999999999989952, 0.02000000000000000042, 0.7999999999999999334 ) ) ;
#580 = TOROIDAL_SURFACE ( 'NONE', #1975, 0.3499999999999999778, 0.05000000000000000278 ) ;
#581 = EDGE_LOOP ( 'NONE', ( #409, #825, #1625, #2157, #1528, #345, #1138, #812 ) ) ;
#582 = LINE ( 'NONE', #2332, #2555 ) ;
#583 = CARTESIAN_POINT ( 'NONE',  ( 1.099999999999996980, 0.6800000000000000488, 0.8000000000000022649 ) ) ;
#584 = ORIENTED_EDGE ( 'NONE', *, *, #465, .T. ) ;
#585 = PRESENTATION_LAYER_ASSIGNMENT (  '', '', ( #1392 ) ) ;
#586 = CARTESIAN_POINT ( 'NONE',  ( 1.150000000000001688, 0.2300000000000000100, -1.149999999999997913 ) ) ;
#587 = CARTESIAN_POINT ( 'NONE',  ( -0.4999999999999991673, 0.02000000000000000042, 1.149999999999999911 ) ) ;
#588 = EDGE_CURVE ( 'NONE', #469, #1774, #1077, .T. ) ;
#589 = VECTOR ( 'NONE', #2540, 1000.000000000000000 ) ;
#590 = EDGE_CURVE ( 'NONE', #1823, #453, #1827, .T. ) ;
#591 = EDGE_CURVE ( 'NONE', #509, #2362, #2293, .T. ) ;
#592 = DIRECTION ( 'NONE',  ( -1.000000000000000000, -0.0000000000000000000, -0.0000000000000000000 ) ) ;
#593 = VECTOR ( 'NONE', #365, 1000.000000000000000 ) ;
#594 = CARTESIAN_POINT ( 'NONE',  ( 1.150000000000001688, 0.2300000000000000100, -1.029999999999998028 ) ) ;
#595 = VERTEX_POINT ( 'NONE', #2114 ) ;
#596 = CYLINDRICAL_SURFACE ( 'NONE', #1660, 0.2500000000000000000 ) ;
#597 = EDGE_LOOP ( 'NONE', ( #1139, #1328, #697, #447 ) ) ;
#598 = DIRECTION ( 'NONE',  ( -1.000000000000000000, 0.0000000000000000000, -2.168404344971012812E-15 ) ) ;
#599 = FILL_AREA_STYLE_COLOUR ( '', #1125 ) ;
#600 = ORIENTED_EDGE ( 'NONE', *, *, #11, .F. ) ;
#601 = DIRECTION ( 'NONE',  ( 0.0000000000000000000, 0.0000000000000000000, -1.000000000000000000 ) ) ;
#602 = CARTESIAN_POINT ( 'NONE',  ( -0.1499999999999987732, 0.02000000000000000042, -0.7999999999999999334 ) ) ;
#603 = CARTESIAN_POINT ( 'NONE',  ( 1.030000000000001803, 0.2300000000000000100, -1.149999999999997913 ) ) ;
#604 = DIRECTION ( 'NONE',  ( 0.0000000000000000000, 0.0000000000000000000, 1.000000000000000000 ) ) ;
#605 =( NAMED_UNIT ( * ) SI_UNIT ( $, .STERADIAN. ) SOLID_ANGLE_UNIT ( ) );
#606 = EDGE_CURVE ( 'NONE', #902, #2480, #1872, .T. ) ;
#607 = ORIENTED_EDGE ( 'NONE', *, *, #2250, .F. ) ;
#608 = FACE_OUTER_BOUND ( 'NONE', #2445, .T. ) ;
#609 = DIRECTION ( 'NONE',  ( 2.168404344971012418E-15, -9.403954806578342103E-30, -1.000000000000000000 ) ) ;
#610 = PLANE ( 'NONE',  #2379 ) ;
#611 = ORIENTED_EDGE ( 'NONE', *, *, #231, .T. ) ;
#612 = CARTESIAN_POINT ( 'NONE',  ( -0.1499999999999989675, 0.0000000000000000000, 1.149999999999999911 ) ) ;
#613 = DIRECTION ( 'NONE',  ( 0.0000000000000000000, 1.000000000000000000, 0.0000000000000000000 ) ) ;
#614 = CARTESIAN_POINT ( 'NONE',  ( 0.0000000000000000000, 0.2300000000000000100, 0.0000000000000000000 ) ) ;
#615 = VERTEX_POINT ( 'NONE', #612 ) ;
#616 = LINE ( 'NONE', #562, #226 ) ;
#617 = VECTOR ( 'NONE', #736, 1000.000000000000000 ) ;
#618 = CARTESIAN_POINT ( 'NONE',  ( -1.149999999999998135, 0.2300000000000000100, -1.149999999999997913 ) ) ;
#619 = ORIENTED_EDGE ( 'NONE', *, *, #847, .F. ) ;
#620 = ORIENTED_EDGE ( 'NONE', *, *, #929, .T. ) ;
#621 = DIRECTION ( 'NONE',  ( -1.577021341797097018E-15, 0.0000000000000000000, 1.000000000000000000 ) ) ;
#622 = VECTOR ( 'NONE', #2364, 1000.000000000000000 ) ;
#623 = EDGE_CURVE ( 'NONE', #2741, #1099, #187, .T. ) ;
#624 = VECTOR ( 'NONE', #1782, 1000.000000000000000 ) ;
#625 = ORIENTED_EDGE ( 'NONE', *, *, #2295, .T. ) ;
#626 = DIRECTION ( 'NONE',  ( 0.0000000000000000000, 0.0000000000000000000, -1.000000000000000000 ) ) ;
#627 = AXIS2_PLACEMENT_3D ( 'NONE', #1911, #2357, #433 ) ;
#628 = LINE ( 'NONE', #1737, #1744 ) ;
#629 = LINE ( 'NONE', #1137, #1484 ) ;
#630 = PRESENTATION_STYLE_ASSIGNMENT (( #2558 ) ) ;
#631 = PRODUCT ( '816F8F81-2A2B-4F31-833F-88FCC05DE8D3', '816F8F81-2A2B-4F31-833F-88FCC05DE8D3', '', ( #2641 ) ) ;
#632 = CARTESIAN_POINT ( 'NONE',  ( 0.1500000000000008271, 0.02000000000000000042, 1.149999999999999911 ) ) ;
#633 = VERTEX_POINT ( 'NONE', #1469 ) ;
#634 = PLANE ( 'NONE',  #762 ) ;
#635 = COLOUR_RGB ( '',1.000000000000000000, 0.8078431372549019773, 0.4980392156862745168 ) ;
#636 = CARTESIAN_POINT ( 'NONE',  ( 0.1500000000000008271, 0.02000000000000000042, 1.149999999999999911 ) ) ;
#637 = VERTEX_POINT ( 'NONE', #980 ) ;
#638 = AXIS2_PLACEMENT_3D ( 'NONE', #1245, #2098, #171 ) ;
#639 = VERTEX_POINT ( 'NONE', #1830 ) ;
#640 =( NAMED_UNIT ( * ) SI_UNIT ( $, .STERADIAN. ) SOLID_ANGLE_UNIT ( ) );
#641 = LINE ( 'NONE', #1216, #1212 ) ;
#642 = EDGE_CURVE ( 'NONE', #2192, #1291, #2706, .T. ) ;
#643 = ADVANCED_FACE ( 'NONE', ( #1728 ), #211, .F. ) ;
#644 = EDGE_CURVE ( 'NONE', #176, #739, #1067, .T. ) ;
#645 = ORIENTED_EDGE ( 'NONE', *, *, #169, .T. ) ;
#646 = LINE ( 'NONE', #1487, #498 ) ;
#647 = PRESENTATION_STYLE_ASSIGNMENT (( #439 ) ) ;
#648 = CARTESIAN_POINT ( 'NONE',  ( -0.7999999999999987121, 0.02000000000000000042, -0.7999999999999999334 ) ) ;
#649 = CARTESIAN_POINT ( 'NONE',  ( -0.8000000000000051514, 0.2799999999999998601, 0.8000000000000020428 ) ) ;
#650 = LINE ( 'NONE', #2164, #78 ) ;
#651 = EDGE_LOOP ( 'NONE', ( #1237, #1058, #1364, #121 ) ) ;
#652 = CARTESIAN_POINT ( 'NONE',  ( 0.6200000000000011058, 0.6300000000000001155, -0.009999999999999592548 ) ) ;
#653 = ORIENTED_EDGE ( 'NONE', *, *, #2582, .T. ) ;
#654 = CARTESIAN_POINT ( 'NONE',  ( 1.150000000000001688, 0.1300000000000000044, -1.029999999999998028 ) ) ;
#655 = DIRECTION ( 'NONE',  ( -0.0000000000000000000, -1.000000000000000000, -0.0000000000000000000 ) ) ;
#656 = ORIENTED_EDGE ( 'NONE', *, *, #782, .F. ) ;
#657 = DIRECTION ( 'NONE',  ( -0.0000000000000000000, 1.000000000000000000, -0.0000000000000000000 ) ) ;
#658 = EDGE_CURVE ( 'NONE', #2775, #2783, #628, .T. ) ;
#659 = VERTEX_POINT ( 'NONE', #1287 ) ;
#660 = CARTESIAN_POINT ( 'NONE',  ( 1.250000000000001332, 0.1300000000000000044, 1.250000000000002887 ) ) ;
#661 = ADVANCED_FACE ( 'NONE', ( #2573 ), #843, .F. ) ;
#662 = ORIENTED_EDGE ( 'NONE', *, *, #2314, .T. ) ;
#663 =( NAMED_UNIT ( * ) SI_UNIT ( $, .STERADIAN. ) SOLID_ANGLE_UNIT ( ) );
#664 = ORIENTED_EDGE ( 'NONE', *, *, #2457, .F. ) ;
#665 = CARTESIAN_POINT ( 'NONE',  ( -1.029999999999998472, 0.2300000000000000100, -1.149999999999997913 ) ) ;
#666 = CARTESIAN_POINT ( 'NONE',  ( -0.8500000000000050848, 0.9300000000000000488, 0.8000000000000020428 ) ) ;
#667 = AXIS2_PLACEMENT_3D ( 'NONE', #846, #1041, #1697 ) ;
#668 = AXIS2_PLACEMENT_3D ( 'NONE', #1512, #244, #1098 ) ;
#669 = DIRECTION ( 'NONE',  ( 1.000000000000000000, -0.0000000000000000000, 0.0000000000000000000 ) ) ;
#670 = VECTOR ( 'NONE', #2694, 1000.000000000000000 ) ;
#671 = ORIENTED_EDGE ( 'NONE', *, *, #1094, .T. ) ;
#672 = MECHANICAL_DESIGN_GEOMETRIC_PRESENTATION_REPRESENTATION (  '', ( #138 ), #491 ) ;
#673 = PLANE ( 'NONE',  #996 ) ;
#674 = EDGE_CURVE ( 'NONE', #449, #1702, #1784, .T. ) ;
#675 = DIRECTION ( 'NONE',  ( -0.0000000000000000000, -0.0000000000000000000, 1.000000000000000000 ) ) ;
#676 = AXIS2_PLACEMENT_3D ( 'NONE', #33, #1746, #1510 ) ;
#677 = EDGE_CURVE ( 'NONE', #1765, #733, #2340, .T. ) ;
#678 = EDGE_CURVE ( 'NONE', #432, #740, #2160, .T. ) ;
#679 = ORIENTED_EDGE ( 'NONE', *, *, #465, .F. ) ;
#680 = PLANE ( 'NONE',  #2334 ) ;
#681 = PRESENTATION_LAYER_ASSIGNMENT (  '', '', ( #96 ) ) ;
#682 = CARTESIAN_POINT ( 'NONE',  ( -1.149999999999998801, -0.0000000000000000000, -0.7999999999999999334 ) ) ;
#683 = AXIS2_PLACEMENT_3D ( 'NONE', #2708, #1629, #560 ) ;
#684 = CARTESIAN_POINT ( 'NONE',  ( 1.250000000000001110, 0.1300000000000000044, -1.249999999999999334 ) ) ;
#685 = PRESENTATION_LAYER_ASSIGNMENT (  '', '', ( #2112 ) ) ;
#686 = EDGE_LOOP ( 'NONE', ( #771, #548, #2435, #698 ) ) ;
#687 = ORIENTED_EDGE ( 'NONE', *, *, #2250, .T. ) ;
#688 = ORIENTED_EDGE ( 'NONE', *, *, #725, .F. ) ;
#689 = DIRECTION ( 'NONE',  ( 0.0000000000000000000, 0.0000000000000000000, 1.000000000000000000 ) ) ;
#690 = DIRECTION ( 'NONE',  ( 0.0000000000000000000, 0.0000000000000000000, -1.000000000000000000 ) ) ;
#691 = ORIENTED_EDGE ( 'NONE', *, *, #982, .T. ) ;
#692 = CARTESIAN_POINT ( 'NONE',  ( -0.4999999999999989453, -0.0000000000000000000, -0.7999999999999999334 ) ) ;
#693 = ORIENTED_EDGE ( 'NONE', *, *, #1190, .F. ) ;
#694 = ADVANCED_FACE ( 'NONE', ( #1107 ), #2140, .T. ) ;
#695 = DIRECTION ( 'NONE',  ( 0.0000000000000000000, 0.0000000000000000000, -1.000000000000000000 ) ) ;
#696 = LINE ( 'NONE', #2170, #772 ) ;
#697 = ORIENTED_EDGE ( 'NONE', *, *, #1582, .T. ) ;
#698 = ORIENTED_EDGE ( 'NONE', *, *, #534, .F. ) ;
#699 = CARTESIAN_POINT ( 'NONE',  ( -1.029999999999998472, 0.1300000000000000044, 1.030000000000002247 ) ) ;
#700 = CARTESIAN_POINT ( 'NONE',  ( -1.149999999999998135, 0.2300000000000000100, 0.8000000000000020428 ) ) ;
#701 = ORIENTED_EDGE ( 'NONE', *, *, #2172, .F. ) ;
#702 = CARTESIAN_POINT ( 'NONE',  ( 0.6200000000000011058, 0.9300000000000000488, -0.009999999999999592548 ) ) ;
#703 = UNCERTAINTY_MEASURE_WITH_UNIT (LENGTH_MEASURE( 1.000000000000000082E-05 ), #861, 'distance_accuracy_value', 'NONE');
#704 = DIRECTION ( 'NONE',  ( 0.0000000000000000000, 0.0000000000000000000, -1.000000000000000000 ) ) ;
#705 = ORIENTED_EDGE ( 'NONE', *, *, #372, .T. ) ;
#706 = CARTESIAN_POINT ( 'NONE',  ( -0.7999999999999989342, 0.02000000000000000042, 1.149999999999999911 ) ) ;
#707 = VECTOR ( 'NONE', #2151, 1000.000000000000000 ) ;
#708 = ADVANCED_FACE ( 'NONE', ( #877 ), #2584, .F. ) ;
#709 = DIRECTION ( 'NONE',  ( 0.0000000000000000000, 1.000000000000000000, 0.0000000000000000000 ) ) ;
#710 = AXIS2_PLACEMENT_3D ( 'NONE', #2430, #1345, #2451 ) ;
#711 = ORIENTED_EDGE ( 'NONE', *, *, #501, .F. ) ;
#712 = ORIENTED_EDGE ( 'NONE', *, *, #1260, .T. ) ;
#713 = COLOUR_RGB ( '',0.0000000000000000000, 0.5019607843137254832, 0.0000000000000000000 ) ;
#714 = PRESENTATION_STYLE_ASSIGNMENT (( #2671 ) ) ;
#715 = PRESENTATION_LAYER_ASSIGNMENT (  '', '', ( #2788 ) ) ;
#716 = APPLICATION_PROTOCOL_DEFINITION ( 'draft international standard', 'automotive_design', 1998, #326 ) ;
#717 = CARTESIAN_POINT ( 'NONE',  ( -1.149999999999999023, 0.02000000000000000042, 1.149999999999999911 ) ) ;
#718 = VECTOR ( 'NONE', #1329, 1000.000000000000000 ) ;
#719 = FACE_OUTER_BOUND ( 'NONE', #206, .T. ) ;
#720 = DIRECTION ( 'NONE',  ( 0.0000000000000000000, 0.0000000000000000000, -1.000000000000000000 ) ) ;
#721 = PLANE ( 'NONE',  #477 ) ;
#722 = VECTOR ( 'NONE', #15, 1000.000000000000000 ) ;
#723 = AXIS2_PLACEMENT_3D ( 'NONE', #738, #105, #1170 ) ;
#724 = CIRCLE ( 'NONE', #683, 0.2500000000000000000 ) ;
#725 = EDGE_CURVE ( 'NONE', #1957, #1823, #1296, .T. ) ;
#726 = DIRECTION ( 'NONE',  ( 0.0000000000000000000, 0.0000000000000000000, -1.000000000000000000 ) ) ;
#727 = CIRCLE ( 'NONE', #777, 0.04999999999999991257 ) ;
#728 = ORIENTED_EDGE ( 'NONE', *, *, #1312, .F. ) ;
#729 = EDGE_CURVE ( 'NONE', #839, #28, #2646, .T. ) ;
#730 = ADVANCED_FACE ( 'NONE', ( #415 ), #2716, .F. ) ;
#731 =( LENGTH_UNIT ( ) NAMED_UNIT ( * ) SI_UNIT ( .MILLI., .METRE. ) );
#732 = FACE_OUTER_BOUND ( 'NONE', #262, .T. ) ;
#733 = VERTEX_POINT ( 'NONE', #1481 ) ;
#734 = DIRECTION ( 'NONE',  ( 0.0000000000000000000, -1.000000000000000000, 0.0000000000000000000 ) ) ;
#735 = CARTESIAN_POINT ( 'NONE',  ( 0.8000000000000010436, 0.02000000000000000042, -1.149999999999999911 ) ) ;
#736 = DIRECTION ( 'NONE',  ( -0.0000000000000000000, 1.000000000000000000, -0.0000000000000000000 ) ) ;
#737 = PLANE ( 'NONE',  #83 ) ;
#738 = CARTESIAN_POINT ( 'NONE',  ( -1.249999999999998890, 0.1300000000000000044, -1.249999999999999334 ) ) ;
#739 = VERTEX_POINT ( 'NONE', #199 ) ;
#740 = VERTEX_POINT ( 'NONE', #2312 ) ;
#741 = EDGE_CURVE ( 'NONE', #1309, #1178, #1215, .T. ) ;
#742 = CARTESIAN_POINT ( 'NONE',  ( -0.1499999999999987732, 0.02000000000000000042, -0.7999999999999999334 ) ) ;
#743 = ORIENTED_EDGE ( 'NONE', *, *, #2653, .F. ) ;
#744 = DIRECTION ( 'NONE',  ( 1.000000000000000000, -0.0000000000000000000, 0.0000000000000000000 ) ) ;
#745 = EDGE_CURVE ( 'NONE', #43, #1748, #2768, .T. ) ;
#746 = CARTESIAN_POINT ( 'NONE',  ( -0.9749999999999988676, 0.02000000000000000042, -0.5999999999999992006 ) ) ;
#747 = DIRECTION ( 'NONE',  ( 1.000000000000000000, 0.0000000000000000000, -0.0000000000000000000 ) ) ;
#748 = CARTESIAN_POINT ( 'NONE',  ( 1.030000000000001803, 0.1300000000000000044, -1.029999999999998028 ) ) ;
#749 = DIRECTION ( 'NONE',  ( 0.0000000000000000000, -1.000000000000000000, 0.0000000000000000000 ) ) ;
#750 = VERTEX_POINT ( 'NONE', #1452 ) ;
#751 = DIRECTION ( 'NONE',  ( 0.0000000000000000000, -0.0000000000000000000, 1.000000000000000000 ) ) ;
#752 = VERTEX_POINT ( 'NONE', #826 ) ;
#753 = FILL_AREA_STYLE_COLOUR ( '', #45 ) ;
#754 = LINE ( 'NONE', #1387, #436 ) ;
#755 = VECTOR ( 'NONE', #1110, 1000.000000000000000 ) ;
#756 = ORIENTED_EDGE ( 'NONE', *, *, #678, .F. ) ;
#757 = FACE_OUTER_BOUND ( 'NONE', #1741, .T. ) ;
#758 = EDGE_CURVE ( 'NONE', #2399, #2688, #1419, .T. ) ;
#759 = AXIS2_PLACEMENT_3D ( 'NONE', #1661, #609, #598 ) ;
#760 = DIRECTION ( 'NONE',  ( 1.000000000000000000, 0.0000000000000000000, 0.0000000000000000000 ) ) ;
#761 = LINE ( 'NONE', #505, #572 ) ;
#762 = AXIS2_PLACEMENT_3D ( 'NONE', #1958, #2149, #2344 ) ;
#763 = EDGE_CURVE ( 'NONE', #2775, #176, #1242, .T. ) ;
#764 = EDGE_CURVE ( 'NONE', #272, #185, #2072, .T. ) ;
#765 = FACE_OUTER_BOUND ( 'NONE', #84, .T. ) ;
#766 = TOROIDAL_SURFACE ( 'NONE', #1343, 0.04999999999999996808, 0.2500000000000000000 ) ;
#767 = VECTOR ( 'NONE', #2659, 1000.000000000000000 ) ;
#768 = AXIS2_PLACEMENT_3D ( 'NONE', #1147, #285, #1068 ) ;
#769 = ORIENTED_EDGE ( 'NONE', *, *, #1836, .T. ) ;
#770 = CARTESIAN_POINT ( 'NONE',  ( 1.149999999999997025, 0.2800000000000000266, 0.8000000000000022649 ) ) ;
#771 = ORIENTED_EDGE ( 'NONE', *, *, #1425, .F. ) ;
#772 = VECTOR ( 'NONE', #1105, 1000.000000000000000 ) ;
#773 = ORIENTED_EDGE ( 'NONE', *, *, #149, .T. ) ;
#774 = AXIS2_PLACEMENT_3D ( 'NONE', #1429, #2763, #1039 ) ;
#775 = DIRECTION ( 'NONE',  ( 0.0000000000000000000, -1.000000000000000000, 0.0000000000000000000 ) ) ;
#776 = CARTESIAN_POINT ( 'NONE',  ( -1.029999999999998472, 0.2300000000000000100, 1.150000000000002132 ) ) ;
#777 = AXIS2_PLACEMENT_3D ( 'NONE', #935, #1608, #1982 ) ;
#778 = CARTESIAN_POINT ( 'NONE',  ( -1.149999999999999023, 0.0000000000000000000, 1.149999999999999911 ) ) ;
#779 = PLANE ( 'NONE',  #1037 ) ;
#780 = DIRECTION ( 'NONE',  ( -0.0000000000000000000, -1.000000000000000000, -0.0000000000000000000 ) ) ;
#781 = FACE_OUTER_BOUND ( 'NONE', #18, .T. ) ;
#782 = EDGE_CURVE ( 'NONE', #515, #337, #582, .T. ) ;
#783 = VERTEX_POINT ( 'NONE', #1002 ) ;
#784 = FACE_BOUND ( 'NONE', #968, .T. ) ;
#785 = CARTESIAN_POINT ( 'NONE',  ( 0.0000000000000000000, 0.2300000000000000100, 0.0000000000000000000 ) ) ;
#786 = ORIENTED_EDGE ( 'NONE', *, *, #150, .F. ) ;
#787 = ORIENTED_EDGE ( 'NONE', *, *, #1464, .F. ) ;
#788 = DIRECTION ( 'NONE',  ( -1.000000000000000000, 0.0000000000000000000, -0.0000000000000000000 ) ) ;
#789 = CARTESIAN_POINT ( 'NONE',  ( 0.8000000000000010436, 0.0000000000000000000, -1.149999999999999911 ) ) ;
#790 = PLANE ( 'NONE',  #1028 ) ;
#791 = DIRECTION ( 'NONE',  ( 1.000000000000000000, 0.0000000000000000000, 0.0000000000000000000 ) ) ;
#792 = ORIENTED_EDGE ( 'NONE', *, *, #2729, .F. ) ;
#793 = DIRECTION ( 'NONE',  ( 0.0000000000000000000, 0.0000000000000000000, 1.000000000000000000 ) ) ;
#794 = CARTESIAN_POINT ( 'NONE',  ( -0.8000000000000051514, 0.6800000000000000488, 0.8500000000000019762 ) ) ;
#795 = ORIENTED_EDGE ( 'NONE', *, *, #729, .T. ) ;
#796 = SURFACE_STYLE_USAGE ( .BOTH. , #360 ) ;
#797 = DIRECTION ( 'NONE',  ( -0.0000000000000000000, 1.000000000000000000, -0.0000000000000000000 ) ) ;
#798 = EDGE_CURVE ( 'NONE', #1099, #637, #1027, .T. ) ;
#799 = EDGE_CURVE ( 'NONE', #2165, #43, #1696, .T. ) ;
#800 = DIRECTION ( 'NONE',  ( 0.0000000000000000000, -1.000000000000000000, 0.0000000000000000000 ) ) ;
#801 = CARTESIAN_POINT ( 'NONE',  ( 1.150000000000001688, 0.2300000000000000100, 0.8000000000000022649 ) ) ;
#802 = DIRECTION ( 'NONE',  ( 0.0000000000000000000, 0.0000000000000000000, 1.000000000000000000 ) ) ;
#803 = AXIS2_PLACEMENT_3D ( 'NONE', #2175, #1920, #1488 ) ;
#804 = ORIENTED_EDGE ( 'NONE', *, *, #1483, .F. ) ;
#805 = LINE ( 'NONE', #2724, #1026 ) ;
#806 = VERTEX_POINT ( 'NONE', #1063 ) ;
#807 = FACE_BOUND ( 'NONE', #13, .T. ) ;
#808 = VECTOR ( 'NONE', #1404, 1000.000000000000000 ) ;
#809 = LINE ( 'NONE', #1856, #322 ) ;
#810 = PRESENTATION_LAYER_ASSIGNMENT (  '', '', ( #1347 ) ) ;
#811 = EDGE_LOOP ( 'NONE', ( #1788, #2620, #1954, #1885 ) ) ;
#812 = ORIENTED_EDGE ( 'NONE', *, *, #1000, .T. ) ;
#813 = MECHANICAL_DESIGN_GEOMETRIC_PRESENTATION_REPRESENTATION (  '', ( #1570 ), #1884 ) ;
#814 = DIRECTION ( 'NONE',  ( -1.000000000000000000, 0.0000000000000000000, -0.0000000000000000000 ) ) ;
#815 = DIRECTION ( 'NONE',  ( 0.0000000000000000000, 0.0000000000000000000, -1.000000000000000000 ) ) ;
#816 = EDGE_CURVE ( 'NONE', #2097, #2579, #1013, .T. ) ;
#817 = AXIS2_PLACEMENT_3D ( 'NONE', #1988, #1545, #2619 ) ;
#818 = SURFACE_STYLE_USAGE ( .BOTH. , #1896 ) ;
#819 = FACE_OUTER_BOUND ( 'NONE', #811, .T. ) ;
#820 = AXIS2_PLACEMENT_3D ( 'NONE', #1695, #2600, #246 ) ;
#821 = DIRECTION ( 'NONE',  ( 0.0000000000000000000, 0.0000000000000000000, -1.000000000000000000 ) ) ;
#822 = ORIENTED_EDGE ( 'NONE', *, *, #1227, .T. ) ;
#823 = DIRECTION ( 'NONE',  ( -0.0000000000000000000, -0.0000000000000000000, -1.000000000000000000 ) ) ;
#824 = DIRECTION ( 'NONE',  ( -0.0000000000000000000, -1.000000000000000000, -0.0000000000000000000 ) ) ;
#825 = ORIENTED_EDGE ( 'NONE', *, *, #2083, .T. ) ;
#826 = CARTESIAN_POINT ( 'NONE',  ( 0.1500000000000008271, 0.02000000000000000042, 1.149999999999999911 ) ) ;
#827 =( LENGTH_UNIT ( ) NAMED_UNIT ( * ) SI_UNIT ( .MILLI., .METRE. ) );
#828 = ORIENTED_EDGE ( 'NONE', *, *, #2045, .F. ) ;
#829 = FACE_OUTER_BOUND ( 'NONE', #414, .T. ) ;
#830 = FACE_OUTER_BOUND ( 'NONE', #1687, .T. ) ;
#831 = CARTESIAN_POINT ( 'NONE',  ( -0.9749999999999988676, 0.0000000000000000000, -0.3999999999999994671 ) ) ;
#832 = LINE ( 'NONE', #1472, #448 ) ;
#833 = PRESENTATION_STYLE_ASSIGNMENT (( #408 ) ) ;
#834 = ADVANCED_FACE ( 'NONE', ( #2728, #2525, #1886, #807, #1676, #2536, #1466, #784, #1634, #1254 ), #1047, .F. ) ;
#835 = VERTEX_POINT ( 'NONE', #252 ) ;
#836 = DIRECTION ( 'NONE',  ( 1.000000000000000000, -0.0000000000000000000, 1.577021341797097018E-15 ) ) ;
#837 = CARTESIAN_POINT ( 'NONE',  ( -0.1499999999999989675, 0.0000000000000000000, 1.149999999999999911 ) ) ;
#838 = VERTEX_POINT ( 'NONE', #654 ) ;
#839 = VERTEX_POINT ( 'NONE', #665 ) ;
#840 = DIRECTION ( 'NONE',  ( -1.000000000000000000, 0.0000000000000000000, 0.0000000000000000000 ) ) ;
#841 = EDGE_LOOP ( 'NONE', ( #1977, #1407, #1303, #1189 ) ) ;
#842 = FILL_AREA_STYLE_COLOUR ( '', #140 ) ;
#843 = CYLINDRICAL_SURFACE ( 'NONE', #1335, 0.04999999999999991257 ) ;
#844 = DIRECTION ( 'NONE',  ( -0.0000000000000000000, -1.000000000000000000, -0.0000000000000000000 ) ) ;
#845 = DIRECTION ( 'NONE',  ( 0.0000000000000000000, 0.0000000000000000000, 1.000000000000000000 ) ) ;
#846 = CARTESIAN_POINT ( 'NONE',  ( 1.250000000000001110, 0.1300000000000000044, -1.249999999999999334 ) ) ;
#847 = EDGE_CURVE ( 'NONE', #1944, #948, #2237, .T. ) ;
#848 = ORIENTED_EDGE ( 'NONE', *, *, #463, .F. ) ;
#849 = CARTESIAN_POINT ( 'NONE',  ( -0.8500000000000025313, 0.6800000000000000488, -0.7999999999999986011 ) ) ;
#850 = LINE ( 'NONE', #636, #2070 ) ;
#851 = ORIENTED_EDGE ( 'NONE', *, *, #1868, .F. ) ;
#852 = EDGE_CURVE ( 'NONE', #2628, #2766, #1283, .T. ) ;
#853 = EDGE_CURVE ( 'NONE', #1800, #2775, #1509, .T. ) ;
#854 = VECTOR ( 'NONE', #1412, 1000.000000000000000 ) ;
#855 = ORIENTED_EDGE ( 'NONE', *, *, #2335, .F. ) ;
#856 = FACE_OUTER_BOUND ( 'NONE', #1049, .T. ) ;
#857 = SURFACE_STYLE_USAGE ( .BOTH. , #2781 ) ;
#858 = AXIS2_PLACEMENT_3D ( 'NONE', #1658, #793, #2736 ) ;
#859 = ORIENTED_EDGE ( 'NONE', *, *, #2621, .F. ) ;
#860 = ORIENTED_EDGE ( 'NONE', *, *, #2335, .T. ) ;
#861 =( LENGTH_UNIT ( ) NAMED_UNIT ( * ) SI_UNIT ( .MILLI., .METRE. ) );
#862 = CIRCLE ( 'NONE', #938, 0.3499999999999999778 ) ;
#863 = SURFACE_STYLE_FILL_AREA ( #1274 ) ;
#864 = CIRCLE ( 'NONE', #2019, 0.09999999999999982514 ) ;
#865 = DIRECTION ( 'NONE',  ( -0.0000000000000000000, -1.000000000000000000, -0.0000000000000000000 ) ) ;
#866 = DIRECTION ( 'NONE',  ( 1.000000000000000000, 0.0000000000000000000, 0.0000000000000000000 ) ) ;
#867 = ORIENTED_EDGE ( 'NONE', *, *, #1764, .T. ) ;
#868 = CARTESIAN_POINT ( 'NONE',  ( -1.149999999999998135, 0.1300000000000000044, 1.150000000000002132 ) ) ;
#869 = AXIS2_PLACEMENT_3D ( 'NONE', #1144, #2039, #1998 ) ;
#870 =( NAMED_UNIT ( * ) SI_UNIT ( $, .STERADIAN. ) SOLID_ANGLE_UNIT ( ) );
#871 = CARTESIAN_POINT ( 'NONE',  ( -1.149999999999998135, 0.2300000000000000100, -1.029999999999998028 ) ) ;
#872 = AXIS2_PLACEMENT_3D ( 'NONE', #213, #1316, #457 ) ;
#873 =( LENGTH_UNIT ( ) NAMED_UNIT ( * ) SI_UNIT ( .MILLI., .METRE. ) );
#874 = EDGE_CURVE ( 'NONE', #615, #1618, #2567, .T. ) ;
#875 = CARTESIAN_POINT ( 'NONE',  ( 0.7999999999999971578, 0.9300000000000000488, 0.8500000000000019762 ) ) ;
#876 = ORIENTED_EDGE ( 'NONE', *, *, #500, .F. ) ;
#877 = FACE_OUTER_BOUND ( 'NONE', #1770, .T. ) ;
#878 = CARTESIAN_POINT ( 'NONE',  ( -0.1499999999999989675, 0.02000000000000000042, 1.149999999999999911 ) ) ;
#879 = CARTESIAN_POINT ( 'NONE',  ( 1.150000000000000799, 0.0000000000000000000, 1.149999999999999911 ) ) ;
#880 = LINE ( 'NONE', #261, #755 ) ;
#881 = ORIENTED_EDGE ( 'NONE', *, *, #1358, .T. ) ;
#882 = UNCERTAINTY_MEASURE_WITH_UNIT (LENGTH_MEASURE( 1.000000000000000082E-05 ), #1859, 'distance_accuracy_value', 'NONE');
#883 = ORIENTED_EDGE ( 'NONE', *, *, #382, .F. ) ;
#884 = DIRECTION ( 'NONE',  ( 0.0000000000000000000, 0.0000000000000000000, -1.000000000000000000 ) ) ;
#885 = DIRECTION ( 'NONE',  ( -1.577021341797097018E-15, 0.0000000000000000000, 1.000000000000000000 ) ) ;
#886 = EDGE_CURVE ( 'NONE', #1356, #1665, #240, .T. ) ;
#887 = ADVANCED_FACE ( 'NONE', ( #2780 ), #580, .F. ) ;
#888 = ADVANCED_FACE ( 'NONE', ( #2403 ), #2169, .F. ) ;
#889 = ORIENTED_EDGE ( 'NONE', *, *, #2586, .T. ) ;
#890 = DIRECTION ( 'NONE',  ( -1.000000000000000000, 0.0000000000000000000, 0.0000000000000000000 ) ) ;
#891 = ORIENTED_EDGE ( 'NONE', *, *, #553, .T. ) ;
#892 = CARTESIAN_POINT ( 'NONE',  ( 1.150000000000001243, 0.0000000000000000000, -0.7999999999999999334 ) ) ;
#893 = ORIENTED_EDGE ( 'NONE', *, *, #256, .T. ) ;
#894 = AXIS2_PLACEMENT_3D ( 'NONE', #490, #2392, #2606 ) ;
#895 = DIRECTION ( 'NONE',  ( -1.000000000000000000, 0.0000000000000000000, -0.0000000000000000000 ) ) ;
#896 =( LENGTH_UNIT ( ) NAMED_UNIT ( * ) SI_UNIT ( .MILLI., .METRE. ) );
#897 = AXIS2_PLACEMENT_3D ( 'NONE', #431, #1983, #1715 ) ;
#898 = ORIENTED_EDGE ( 'NONE', *, *, #22, .F. ) ;
#899 = VECTOR ( 'NONE', #378, 1000.000000000000000 ) ;
#900 = ORIENTED_EDGE ( 'NONE', *, *, #2405, .T. ) ;
#901 = VECTOR ( 'NONE', #2360, 1000.000000000000000 ) ;
#902 = VERTEX_POINT ( 'NONE', #1547 ) ;
#903 = EDGE_CURVE ( 'NONE', #2697, #806, #1705, .T. ) ;
#904 = LINE ( 'NONE', #1109, #194 ) ;
#905 = DIRECTION ( 'NONE',  ( -0.0000000000000000000, -1.000000000000000000, -0.0000000000000000000 ) ) ;
#906 = MECHANICAL_DESIGN_GEOMETRIC_PRESENTATION_REPRESENTATION (  '', ( #2746 ), #493 ) ;
#907 = ORIENTED_EDGE ( 'NONE', *, *, #1500, .F. ) ;
#908 = VECTOR ( 'NONE', #655, 1000.000000000000000 ) ;
#909 = ORIENTED_EDGE ( 'NONE', *, *, #2230, .F. ) ;
#910 = VECTOR ( 'NONE', #592, 1000.000000000000000 ) ;
#911 = ORIENTED_EDGE ( 'NONE', *, *, #678, .T. ) ;
#912 = ORIENTED_EDGE ( 'NONE', *, *, #1708, .F. ) ;
#913 = DIRECTION ( 'NONE',  ( 0.0000000000000000000, 0.0000000000000000000, 1.000000000000000000 ) ) ;
#914 = ORIENTED_EDGE ( 'NONE', *, *, #816, .T. ) ;
#915 = CARTESIAN_POINT ( 'NONE',  ( -1.149999999999998135, 0.2300000000000000100, -1.149999999999997913 ) ) ;
#916 = ORIENTED_EDGE ( 'NONE', *, *, #1421, .T. ) ;
#917 = ADVANCED_FACE ( 'NONE', ( #1321 ), #1961, .F. ) ;
#918 = DIRECTION ( 'NONE',  ( 0.0000000000000000000, 1.000000000000000000, 0.0000000000000000000 ) ) ;
#919 = ORIENTED_EDGE ( 'NONE', *, *, #1724, .F. ) ;
#920 = DIRECTION ( 'NONE',  ( 0.0000000000000000000, 0.0000000000000000000, 1.000000000000000000 ) ) ;
#921 = ADVANCED_FACE ( 'NONE', ( #476 ), #1745, .T. ) ;
#922 = CARTESIAN_POINT ( 'NONE',  ( -0.4999999999999989453, 0.02000000000000000042, -0.7999999999999999334 ) ) ;
#923 = ORIENTED_EDGE ( 'NONE', *, *, #2426, .F. ) ;
#924 =( NAMED_UNIT ( * ) SI_UNIT ( $, .STERADIAN. ) SOLID_ANGLE_UNIT ( ) );
#925 = CARTESIAN_POINT ( 'NONE',  ( -0.8500000000000050848, 0.6800000000000000488, 0.8000000000000020428 ) ) ;
#926 = PLANE ( 'NONE',  #1470 ) ;
#927 = DIRECTION ( 'NONE',  ( 0.0000000000000000000, 1.000000000000000000, 0.0000000000000000000 ) ) ;
#928 = ADVANCED_FACE ( 'NONE', ( #856 ), #46, .T. ) ;
#929 = EDGE_CURVE ( 'NONE', #1800, #1475, #282, .T. ) ;
#930 = COLOUR_RGB ( '',0.0000000000000000000, 0.5019607843137254832, 0.0000000000000000000 ) ;
#931 = VECTOR ( 'NONE', #905, 1000.000000000000000 ) ;
#932 = ORIENTED_EDGE ( 'NONE', *, *, #2009, .T. ) ;
#933 = ORIENTED_EDGE ( 'NONE', *, *, #2009, .F. ) ;
#934 = VECTOR ( 'NONE', #1246, 1000.000000000000000 ) ;
#935 = CARTESIAN_POINT ( 'NONE',  ( 0.7999999999999971578, 0.9300000000000000488, 0.8000000000000020428 ) ) ;
#936 = VECTOR ( 'NONE', #9, 1000.000000000000000 ) ;
#937 = DIRECTION ( 'NONE',  ( -0.0000000000000000000, -0.0000000000000000000, 1.000000000000000000 ) ) ;
#938 = AXIS2_PLACEMENT_3D ( 'NONE', #2024, #2662, #293 ) ;
#939 = ORIENTED_EDGE ( 'NONE', *, *, #478, .T. ) ;
#940 = DIRECTION ( 'NONE',  ( 1.000000000000000000, 0.0000000000000000000, 0.0000000000000000000 ) ) ;
#941 = LINE ( 'NONE', #2258, #1531 ) ;
#942 = CARTESIAN_POINT ( 'NONE',  ( 0.7999999999999971578, 4.971269837220813059, 1.100000000000002087 ) ) ;
#943 = AXIS2_PLACEMENT_3D ( 'NONE', #2021, #2410, #2440 ) ;
#944 = DIRECTION ( 'NONE',  ( 0.0000000000000000000, -0.0000000000000000000, 1.000000000000000000 ) ) ;
#945 = FACE_OUTER_BOUND ( 'NONE', #248, .T. ) ;
#946 = AXIS2_PLACEMENT_3D ( 'NONE', #1374, #2207, #2228 ) ;
#947 = ADVANCED_FACE ( 'NONE', ( #1134 ), #737, .T. ) ;
#948 = VERTEX_POINT ( 'NONE', #1772 ) ;
#949 = DIRECTION ( 'NONE',  ( -1.000000000000000000, 0.0000000000000000000, 0.0000000000000000000 ) ) ;
#950 = CIRCLE ( 'NONE', #872, 0.2999999999999999334 ) ;
#951 = ORIENTED_EDGE ( 'NONE', *, *, #23, .T. ) ;
#952 = ADVANCED_FACE ( 'NONE', ( #2446 ), #492, .F. ) ;
#953 = DIRECTION ( 'NONE',  ( 1.000000000000000000, 0.0000000000000000000, 0.0000000000000000000 ) ) ;
#954 = DIRECTION ( 'NONE',  ( 0.0000000000000000000, 0.0000000000000000000, -1.000000000000000000 ) ) ;
#955 = EDGE_LOOP ( 'NONE', ( #1902, #1159, #401, #2625 ) ) ;
#956 = DIRECTION ( 'NONE',  ( 0.0000000000000000000, 0.0000000000000000000, -1.000000000000000000 ) ) ;
#957 = CARTESIAN_POINT ( 'NONE',  ( -1.149999999999998135, 0.2300000000000000100, -1.029999999999998028 ) ) ;
#958 = CARTESIAN_POINT ( 'NONE',  ( -1.149999999999998801, 0.02000000000000000042, -0.7999999999999999334 ) ) ;
#959 = FACE_OUTER_BOUND ( 'NONE', #2033, .T. ) ;
#960 = ORIENTED_EDGE ( 'NONE', *, *, #40, .F. ) ;
#961 = PLANE ( 'NONE',  #1835 ) ;
#962 = EDGE_LOOP ( 'NONE', ( #705, #520, #923, #1969 ) ) ;
#963 = ADVANCED_FACE ( 'NONE', ( #959 ), #973, .F. ) ;
#964 = LINE ( 'NONE', #66, #1892 ) ;
#965 = FACE_OUTER_BOUND ( 'NONE', #2661, .T. ) ;
#966 = EDGE_CURVE ( 'NONE', #1291, #1578, #2015, .T. ) ;
#967 = ADVANCED_FACE ( 'NONE', ( #73 ), #1579, .F. ) ;
#968 = EDGE_LOOP ( 'NONE', ( #1657, #1546 ) ) ;
#969 = CARTESIAN_POINT ( 'NONE',  ( 0.8000000000000010436, 0.02000000000000000042, -0.7999999999999999334 ) ) ;
#970 = DIRECTION ( 'NONE',  ( 1.000000000000000000, 0.0000000000000000000, 8.673617379884035472E-16 ) ) ;
#971 = CARTESIAN_POINT ( 'NONE',  ( -1.149999999999998135, 0.2300000000000000100, -1.149999999999997913 ) ) ;
#972 = ORIENTED_EDGE ( 'NONE', *, *, #1464, .T. ) ;
#973 = PLANE ( 'NONE',  #1339 ) ;
#974 = FILL_AREA_STYLE ('',( #2447 ) ) ;
#975 = ORIENTED_EDGE ( 'NONE', *, *, #1097, .T. ) ;
#976 = DIRECTION ( 'NONE',  ( 0.0000000000000000000, 0.0000000000000000000, -1.000000000000000000 ) ) ;
#977 = EDGE_LOOP ( 'NONE', ( #2637, #2778, #2217, #255 ) ) ;
#978 = AXIS2_PLACEMENT_3D ( 'NONE', #1327, #458, #53 ) ;
#979 = LINE ( 'NONE', #586, #1091 ) ;
#980 = CARTESIAN_POINT ( 'NONE',  ( 0.8000000000000008216, 0.0000000000000000000, 1.149999999999999911 ) ) ;
#981 = MECHANICAL_DESIGN_GEOMETRIC_PRESENTATION_REPRESENTATION (  '', ( #2459 ), #2643 ) ;
#982 = EDGE_CURVE ( 'NONE', #2276, #43, #117, .T. ) ;
#983 = DIRECTION ( 'NONE',  ( 0.0000000000000000000, 1.000000000000000000, 0.0000000000000000000 ) ) ;
#984 = AXIS2_PLACEMENT_3D ( 'NONE', #1005, #1858, #2732 ) ;
#985 = CARTESIAN_POINT ( 'NONE',  ( 0.7999999999999971578, 0.2800000000000000266, 1.150000000000002132 ) ) ;
#986 = LINE ( 'NONE', #1363, #1822 ) ;
#987 =( GEOMETRIC_REPRESENTATION_CONTEXT ( 3 ) GLOBAL_UNCERTAINTY_ASSIGNED_CONTEXT ( ( #1520 ) ) GLOBAL_UNIT_ASSIGNED_CONTEXT ( ( #2418, #60, #2460 ) ) REPRESENTATION_CONTEXT ( 'NONE', 'WORKASPACE' ) );
#988 = FACE_OUTER_BOUND ( 'NONE', #417, .T. ) ;
#989 = VECTOR ( 'NONE', #1206, 1000.000000000000000 ) ;
#990 = ORIENTED_EDGE ( 'NONE', *, *, #55, .F. ) ;
#991 = CYLINDRICAL_SURFACE ( 'NONE', #2, 0.1199999999999998845 ) ;
#992 = ORIENTED_EDGE ( 'NONE', *, *, #1260, .F. ) ;
#993 = VECTOR ( 'NONE', #164, 1000.000000000000000 ) ;
#994 = CARTESIAN_POINT ( 'NONE',  ( -0.4999999999999989453, 0.0000000000000000000, 0.7999999999999999334 ) ) ;
#995 = DIRECTION ( 'NONE',  ( -2.168404344971003346E-15, 0.0000000000000000000, 1.000000000000000000 ) ) ;
#996 = AXIS2_PLACEMENT_3D ( 'NONE', #2409, #920, #1775 ) ;
#997 = PLANE ( 'NONE',  #1163 ) ;
#998 = DIRECTION ( 'NONE',  ( -1.000000000000000000, 0.0000000000000000000, -0.0000000000000000000 ) ) ;
#999 = DIRECTION ( 'NONE',  ( 1.000000000000000000, 0.0000000000000000000, 0.0000000000000000000 ) ) ;
#1000 = EDGE_CURVE ( 'NONE', #1665, #838, #486, .T. ) ;
#1001 = ORIENTED_EDGE ( 'NONE', *, *, #2095, .F. ) ;
#1002 = CARTESIAN_POINT ( 'NONE',  ( -0.7999999999999989342, 0.0000000000000000000, 0.7999999999999999334 ) ) ;
#1003 = DIRECTION ( 'NONE',  ( 1.000000000000000000, 0.0000000000000000000, -0.0000000000000000000 ) ) ;
#1004 = DIRECTION ( 'NONE',  ( 1.000000000000000000, 0.0000000000000000000, 0.0000000000000000000 ) ) ;
#1005 = CARTESIAN_POINT ( 'NONE',  ( -0.8000000000000024869, 0.2300000000000000100, -0.7999999999999986011 ) ) ;
#1006 = FACE_OUTER_BOUND ( 'NONE', #597, .T. ) ;
#1007 = DIRECTION ( 'NONE',  ( -0.0000000000000000000, -0.0000000000000000000, 1.000000000000000000 ) ) ;
#1008 = VERTEX_POINT ( 'NONE', #1155 ) ;
#1009 = SURFACE_STYLE_USAGE ( .BOTH. , #1862 ) ;
#1010 = CARTESIAN_POINT ( 'NONE',  ( 0.7999999999999983791, 0.9300000000000000488, -0.7999999999999986011 ) ) ;
#1011 = EDGE_CURVE ( 'NONE', #1702, #2276, #2010, .T. ) ;
#1012 = ORIENTED_EDGE ( 'NONE', *, *, #1097, .F. ) ;
#1013 = LINE ( 'NONE', #180, #2234 ) ;
#1014 = EDGE_CURVE ( 'NONE', #2037, #1768, #1185, .T. ) ;
#1015 = DIRECTION ( 'NONE',  ( -7.885106708985485090E-16, -0.0000000000000000000, 1.000000000000000000 ) ) ;
#1016 = DIRECTION ( 'NONE',  ( 0.0000000000000000000, 0.0000000000000000000, -1.000000000000000000 ) ) ;
#1017 = CARTESIAN_POINT ( 'NONE',  ( 0.8499999999999983125, 0.9300000000000000488, -0.7999999999999986011 ) ) ;
#1018 = VECTOR ( 'NONE', #1076, 1000.000000000000000 ) ;
#1019 = LINE ( 'NONE', #1457, #2102 ) ;
#1020 = LINE ( 'NONE', #879, #1396 ) ;
#1021 = VECTOR ( 'NONE', #1814, 1000.000000000000000 ) ;
#1022 = AXIS2_PLACEMENT_3D ( 'NONE', #2086, #2549, #1688 ) ;
#1023 = EDGE_LOOP ( 'NONE', ( #1989, #437, #664, #1761 ) ) ;
#1024 = CARTESIAN_POINT ( 'NONE',  ( 1.099999999999998312, 0.6800000000000000488, -0.7999999999999983791 ) ) ;
#1025 = DIRECTION ( 'NONE',  ( 0.0000000000000000000, -1.000000000000000000, 0.0000000000000000000 ) ) ;
#1026 = VECTOR ( 'NONE', #1229, 1000.000000000000000 ) ;
#1027 = LINE ( 'NONE', #207, #2696 ) ;
#1028 = AXIS2_PLACEMENT_3D ( 'NONE', #2063, #1427, #2257 ) ;
#1029 = CARTESIAN_POINT ( 'NONE',  ( -1.149999999999998135, 0.1300000000000000044, 1.030000000000002247 ) ) ;
#1030 = VECTOR ( 'NONE', #1525, 1000.000000000000000 ) ;
#1031 = EDGE_LOOP ( 'NONE', ( #1388, #1511, #1079, #1278 ) ) ;
#1032 = EDGE_LOOP ( 'NONE', ( #1397, #1348, #42, #911 ) ) ;
#1033 = VECTOR ( 'NONE', #1881, 1000.000000000000000 ) ;
#1034 = DIRECTION ( 'NONE',  ( 1.000000000000000000, 0.0000000000000000000, 0.0000000000000000000 ) ) ;
#1035 = DIRECTION ( 'NONE',  ( -0.0000000000000000000, -1.000000000000000000, -0.0000000000000000000 ) ) ;
#1036 = ADVANCED_FACE ( 'NONE', ( #765 ), #1619, .T. ) ;
#1037 = AXIS2_PLACEMENT_3D ( 'NONE', #2267, #147, #1642 ) ;
#1038 = DIRECTION ( 'NONE',  ( 9.293161478447180018E-16, 0.0000000000000000000, 1.000000000000000000 ) ) ;
#1039 = DIRECTION ( 'NONE',  ( 0.0000000000000000000, 0.0000000000000000000, -1.000000000000000000 ) ) ;
#1040 = VECTOR ( 'NONE', #1004, 1000.000000000000000 ) ;
#1041 = DIRECTION ( 'NONE',  ( -1.000000000000000000, 0.0000000000000000000, 8.673617379884028076E-17 ) ) ;
#1042 = ORIENTED_EDGE ( 'NONE', *, *, #238, .T. ) ;
#1043 = LINE ( 'NONE', #1899, #41 ) ;
#1044 = SURFACE_STYLE_USAGE ( .BOTH. , #195 ) ;
#1045 = EDGE_LOOP ( 'NONE', ( #2260, #423, #1992, #898 ) ) ;
#1046 = ORIENTED_EDGE ( 'NONE', *, *, #2336, .F. ) ;
#1047 = PLANE ( 'NONE',  #2698 ) ;
#1048 = CARTESIAN_POINT ( 'NONE',  ( -0.8000000000000024869, 0.2799999999999998601, -1.099999999999998535 ) ) ;
#1049 = EDGE_LOOP ( 'NONE', ( #1378, #308, #786, #1418 ) ) ;
#1050 = EDGE_LOOP ( 'NONE', ( #625, #2346, #2254, #1360 ) ) ;
#1051 = CYLINDRICAL_SURFACE ( 'NONE', #2563, 0.1199999999999999956 ) ;
#1052 = EDGE_CURVE ( 'NONE', #2311, #525, #2299, .T. ) ;
#1053 = CARTESIAN_POINT ( 'NONE',  ( -0.8000000000000051514, 0.6800000000000000488, 1.100000000000002087 ) ) ;
#1054 = EDGE_CURVE ( 'NONE', #2424, #1309, #578, .T. ) ;
#1055 = APPLICATION_CONTEXT ( 'automotive_design' ) ;
#1056 = ADVANCED_FACE ( 'NONE', ( #988 ), #384, .T. ) ;
#1057 = PLANE ( 'NONE',  #574 ) ;
#1058 = ORIENTED_EDGE ( 'NONE', *, *, #2493, .F. ) ;
#1059 = PLANE ( 'NONE',  #1119 ) ;
#1060 = FILL_AREA_STYLE ('',( #2105 ) ) ;
#1061 = ORIENTED_EDGE ( 'NONE', *, *, #2568, .F. ) ;
#1062 = VERTEX_POINT ( 'NONE', #1838 ) ;
#1063 = CARTESIAN_POINT ( 'NONE',  ( -0.7999999999999987121, -0.0000000000000000000, -1.149999999999999911 ) ) ;
#1064 = FILL_AREA_STYLE_COLOUR ( '', #1659 ) ;
#1065 = ORIENTED_EDGE ( 'NONE', *, *, #2585, .T. ) ;
#1066 = DIRECTION ( 'NONE',  ( -1.000000000000000000, 0.0000000000000000000, -1.577021341797096821E-15 ) ) ;
#1067 = LINE ( 'NONE', #2554, #527 ) ;
#1068 = DIRECTION ( 'NONE',  ( -1.000000000000000000, 0.0000000000000000000, -0.0000000000000000000 ) ) ;
#1069 = CYLINDRICAL_SURFACE ( 'NONE', #897, 0.04999999999999991257 ) ;
#1070 = VECTOR ( 'NONE', #129, 1000.000000000000000 ) ;
#1071 = EDGE_CURVE ( 'NONE', #2684, #1062, #805, .T. ) ;
#1072 = EDGE_LOOP ( 'NONE', ( #773, #2002, #444, #383 ) ) ;
#1073 = DIRECTION ( 'NONE',  ( 1.000000000000000000, 0.0000000000000000000, 0.0000000000000000000 ) ) ;
#1074 = UNCERTAINTY_MEASURE_WITH_UNIT (LENGTH_MEASURE( 1.000000000000000082E-05 ), #2125, 'distance_accuracy_value', 'NONE');
#1075 = PRESENTATION_STYLE_ASSIGNMENT (( #1319 ) ) ;
#1076 = DIRECTION ( 'NONE',  ( 1.000000000000000000, 0.0000000000000000000, 0.0000000000000000000 ) ) ;
#1077 = CIRCLE ( 'NONE', #2013, 0.04999999999999991257 ) ;
#1078 = ADVANCED_FACE ( 'NONE', ( #1433 ), #1197, .F. ) ;
#1079 = ORIENTED_EDGE ( 'NONE', *, *, #1000, .F. ) ;
#1080 = DIRECTION ( 'NONE',  ( 0.0000000000000000000, 1.000000000000000000, 0.0000000000000000000 ) ) ;
#1081 = PLANE ( 'NONE',  #723 ) ;
#1082 = VECTOR ( 'NONE', #205, 1000.000000000000000 ) ;
#1083 = DIRECTION ( 'NONE',  ( 0.0000000000000000000, 0.0000000000000000000, -1.000000000000000000 ) ) ;
#1084 = VECTOR ( 'NONE', #844, 1000.000000000000000 ) ;
#1085 = CARTESIAN_POINT ( 'NONE',  ( 0.0000000000000000000, 0.02000000000000000042, 0.0000000000000000000 ) ) ;
#1086 = AXIS2_PLACEMENT_3D ( 'NONE', #2030, #749, #1380 ) ;
#1087 = CARTESIAN_POINT ( 'NONE',  ( -1.100000000000005418, 0.2799999999999998601, 1.100000000000002087 ) ) ;
#1088 = FACE_OUTER_BOUND ( 'NONE', #1749, .T. ) ;
#1089 = ORIENTED_EDGE ( 'NONE', *, *, #2351, .F. ) ;
#1090 = DIRECTION ( 'NONE',  ( -1.000000000000000000, -0.0000000000000000000, -0.0000000000000000000 ) ) ;
#1091 = VECTOR ( 'NONE', #2742, 1000.000000000000000 ) ;
#1092 = SURFACE_SIDE_STYLE ('',( #264 ) ) ;
#1093 = DIRECTION ( 'NONE',  ( -0.0000000000000000000, -1.000000000000000000, -0.0000000000000000000 ) ) ;
#1094 = EDGE_CURVE ( 'NONE', #1944, #469, #1162, .T. ) ;
#1095 = DIRECTION ( 'NONE',  ( 0.0000000000000000000, 0.0000000000000000000, -1.000000000000000000 ) ) ;
#1096 = ADVANCED_FACE ( 'NONE', ( #163 ), #2712, .F. ) ;
#1097 = EDGE_CURVE ( 'NONE', #65, #272, #616, .T. ) ;
#1098 = DIRECTION ( 'NONE',  ( 0.0000000000000000000, 0.0000000000000000000, 1.000000000000000000 ) ) ;
#1099 = VERTEX_POINT ( 'NONE', #1416 ) ;
#1100 = EDGE_LOOP ( 'NONE', ( #1151, #362, #2044, #79 ) ) ;
#1101 = DIRECTION ( 'NONE',  ( -1.000000000000000000, -0.0000000000000000000, -0.0000000000000000000 ) ) ;
#1102 = UNCERTAINTY_MEASURE_WITH_UNIT (LENGTH_MEASURE( 1.000000000000000082E-05 ), #550, 'distance_accuracy_value', 'NONE');
#1103 = ORIENTED_EDGE ( 'NONE', *, *, #725, .T. ) ;
#1104 = CARTESIAN_POINT ( 'NONE',  ( -0.7999999999999987121, 0.02000000000000000042, -1.149999999999999911 ) ) ;
#1105 = DIRECTION ( 'NONE',  ( -0.0000000000000000000, -1.000000000000000000, -0.0000000000000000000 ) ) ;
#1106 =( NAMED_UNIT ( * ) SI_UNIT ( $, .STERADIAN. ) SOLID_ANGLE_UNIT ( ) );
#1107 = FACE_OUTER_BOUND ( 'NONE', #1250, .T. ) ;
#1108 = ORIENTED_EDGE ( 'NONE', *, *, #74, .T. ) ;
#1109 = CARTESIAN_POINT ( 'NONE',  ( -0.4999999999999991673, 0.02000000000000000042, 1.149999999999999911 ) ) ;
#1110 = DIRECTION ( 'NONE',  ( -0.0000000000000000000, -1.000000000000000000, -0.0000000000000000000 ) ) ;
#1111 = ORIENTED_EDGE ( 'NONE', *, *, #2541, .F. ) ;
#1112 = SURFACE_STYLE_USAGE ( .BOTH. , #263 ) ;
#1113 = CARTESIAN_POINT ( 'NONE',  ( 0.8000000000000008216, 0.0000000000000000000, 1.149999999999999911 ) ) ;
#1114 = DIRECTION ( 'NONE',  ( 0.0000000000000000000, 0.0000000000000000000, -1.000000000000000000 ) ) ;
#1115 = CARTESIAN_POINT ( 'NONE',  ( 0.5000000000000012212, 0.02000000000000000042, -0.7999999999999999334 ) ) ;
#1116 = VECTOR ( 'NONE', #1430, 1000.000000000000000 ) ;
#1117 =( GEOMETRIC_REPRESENTATION_CONTEXT ( 3 ) GLOBAL_UNCERTAINTY_ASSIGNED_CONTEXT ( ( #1074 ) ) GLOBAL_UNIT_ASSIGNED_CONTEXT ( ( #2125, #2350, #1692 ) ) REPRESENTATION_CONTEXT ( 'NONE', 'WORKASPACE' ) );
#1118 = VERTEX_POINT ( 'NONE', #1024 ) ;
#1119 = AXIS2_PLACEMENT_3D ( 'NONE', #233, #2578, #249 ) ;
#1120 = ORIENTED_EDGE ( 'NONE', *, *, #1853, .F. ) ;
#1121 = STYLED_ITEM ( 'NONE', ( #1572 ), #1290 ) ;
#1122 = DIRECTION ( 'NONE',  ( 1.000000000000000000, -0.0000000000000000000, 0.0000000000000000000 ) ) ;
#1123 = ADVANCED_FACE ( 'NONE', ( #1880, #781 ), #2310, .T. ) ;
#1124 =( GEOMETRIC_REPRESENTATION_CONTEXT ( 3 ) GLOBAL_UNCERTAINTY_ASSIGNED_CONTEXT ( ( #703 ) ) GLOBAL_UNIT_ASSIGNED_CONTEXT ( ( #861, #1711, #1106 ) ) REPRESENTATION_CONTEXT ( 'NONE', 'WORKASPACE' ) );
#1125 = COLOUR_RGB ( '',1.000000000000000000, 0.8078431372549019773, 0.4980392156862745168 ) ;
#1126 = ORIENTED_EDGE ( 'NONE', *, *, #2202, .T. ) ;
#1127 = FACE_OUTER_BOUND ( 'NONE', #1149, .T. ) ;
#1128 = UNCERTAINTY_MEASURE_WITH_UNIT (LENGTH_MEASURE( 1.000000000000000082E-05 ), #1238, 'distance_accuracy_value', 'NONE');
#1129 = SURFACE_STYLE_FILL_AREA ( #2082 ) ;
#1130 = PRESENTATION_LAYER_ASSIGNMENT (  '', '', ( #48 ) ) ;
#1131 = ORIENTED_EDGE ( 'NONE', *, *, #1054, .F. ) ;
#1132 = PRODUCT_DEFINITION_SHAPE ( 'NONE', 'NONE',  #1669 ) ;
#1133 = AXIS2_PLACEMENT_3D ( 'NONE', #2531, #1833, #604 ) ;
#1134 = FACE_OUTER_BOUND ( 'NONE', #251, .T. ) ;
#1135 = LINE ( 'NONE', #1284, #539 ) ;
#1136 = AXIS2_PLACEMENT_3D ( 'NONE', #1442, #775, #1016 ) ;
#1137 = CARTESIAN_POINT ( 'NONE',  ( -0.7999999999999989342, 0.0000000000000000000, 1.149999999999999911 ) ) ;
#1138 = ORIENTED_EDGE ( 'NONE', *, *, #1444, .F. ) ;
#1139 = ORIENTED_EDGE ( 'NONE', *, *, #1243, .T. ) ;
#1140 = EDGE_CURVE ( 'NONE', #2480, #1806, #1043, .T. ) ;
#1141 = PLANE ( 'NONE',  #2271 ) ;
#1142 = EDGE_CURVE ( 'NONE', #1810, #65, #29, .T. ) ;
#1143 = CARTESIAN_POINT ( 'NONE',  ( 0.8499999999999969802, 0.6800000000000000488, 0.8000000000000020428 ) ) ;
#1144 = CARTESIAN_POINT ( 'NONE',  ( 0.8000000000000008216, 0.02000000000000000042, 1.149999999999999911 ) ) ;
#1145 = SURFACE_STYLE_FILL_AREA ( #2247 ) ;
#1146 = DIRECTION ( 'NONE',  ( -1.000000000000000000, 0.0000000000000000000, -0.0000000000000000000 ) ) ;
#1147 = CARTESIAN_POINT ( 'NONE',  ( 0.8000000000000008216, 0.02000000000000000042, 0.7999999999999999334 ) ) ;
#1148 = ORIENTED_EDGE ( 'NONE', *, *, #1513, .T. ) ;
#1149 = EDGE_LOOP ( 'NONE', ( #769, #2779, #2031, #2304, #1592, #584, #475, #2715 ) ) ;
#1150 = DIRECTION ( 'NONE',  ( 0.0000000000000000000, 0.0000000000000000000, 1.000000000000000000 ) ) ;
#1151 = ORIENTED_EDGE ( 'NONE', *, *, #571, .T. ) ;
#1152 = DIRECTION ( 'NONE',  ( -1.301042606982605321E-15, 0.0000000000000000000, 1.000000000000000000 ) ) ;
#1153 = CARTESIAN_POINT ( 'NONE',  ( -1.149999999999998801, 0.02000000000000000042, -0.7999999999999999334 ) ) ;
#1154 = ADVANCED_FACE ( 'NONE', ( #2390 ), #634, .F. ) ;
#1155 = CARTESIAN_POINT ( 'NONE',  ( -0.8000000000000024869, 0.9300000000000000488, -0.8499999999999985345 ) ) ;
#1156 = EDGE_CURVE ( 'NONE', #2289, #292, #1292, .T. ) ;
#1157 = ORIENTED_EDGE ( 'NONE', *, *, #741, .F. ) ;
#1158 = VECTOR ( 'NONE', #329, 1000.000000000000000 ) ;
#1159 = ORIENTED_EDGE ( 'NONE', *, *, #1652, .F. ) ;
#1160 = PRESENTATION_LAYER_ASSIGNMENT (  '', '', ( #1607 ) ) ;
#1161 = CARTESIAN_POINT ( 'NONE',  ( 0.1500000000000008271, 0.02000000000000000042, 1.149999999999999911 ) ) ;
#1162 = CIRCLE ( 'NONE', #318, 0.3500000000000000333 ) ;
#1163 = AXIS2_PLACEMENT_3D ( 'NONE', #1831, #1849, #2747 ) ;
#1164 = ORIENTED_EDGE ( 'NONE', *, *, #2726, .T. ) ;
#1165 = CARTESIAN_POINT ( 'NONE',  ( 1.150000000000001243, 0.02000000000000000042, -0.7999999999999999334 ) ) ;
#1166 = CARTESIAN_POINT ( 'NONE',  ( 0.0000000000000000000, 0.02000000000000000042, 0.0000000000000000000 ) ) ;
#1167 = LINE ( 'NONE', #2229, #124 ) ;
#1168 = ORIENTED_EDGE ( 'NONE', *, *, #644, .F. ) ;
#1169 = AXIS2_PLACEMENT_3D ( 'NONE', #1010, #2069, #1852 ) ;
#1170 = DIRECTION ( 'NONE',  ( -8.673617379884028076E-17, 0.0000000000000000000, -1.000000000000000000 ) ) ;
#1171 = EDGE_CURVE ( 'NONE', #733, #1633, #2776, .T. ) ;
#1172 = STYLED_ITEM ( 'NONE', ( #1330 ), #2126 ) ;
#1173 = ORIENTED_EDGE ( 'NONE', *, *, #1965, .T. ) ;
#1174 = ADVANCED_FACE ( 'NONE', ( #1970 ), #1059, .F. ) ;
#1175 = EDGE_CURVE ( 'NONE', #2603, #1475, #2326, .T. ) ;
#1176 = CARTESIAN_POINT ( 'NONE',  ( -1.100000000000004974, 0.6800000000000000488, 0.8000000000000017097 ) ) ;
#1177 = AXIS2_PLACEMENT_3D ( 'NONE', #2117, #37, #1751 ) ;
#1178 = VERTEX_POINT ( 'NONE', #892 ) ;
#1179 = DIRECTION ( 'NONE',  ( -1.000000000000000000, 0.0000000000000000000, 0.0000000000000000000 ) ) ;
#1180 = CARTESIAN_POINT ( 'NONE',  ( 0.8000000000000010436, 0.02000000000000000042, -0.7999999999999999334 ) ) ;
#1181 = ORIENTED_EDGE ( 'NONE', *, *, #1869, .F. ) ;
#1182 = DIRECTION ( 'NONE',  ( -0.0000000000000000000, -0.0000000000000000000, 1.000000000000000000 ) ) ;
#1183 = CARTESIAN_POINT ( 'NONE',  ( 1.030000000000001803, 0.2300000000000000100, 1.150000000000002132 ) ) ;
#1184 = DIRECTION ( 'NONE',  ( -0.0000000000000000000, -0.0000000000000000000, -1.000000000000000000 ) ) ;
#1185 = LINE ( 'NONE', #2665, #670 ) ;
#1186 = DIRECTION ( 'NONE',  ( 0.0000000000000000000, 0.0000000000000000000, 1.000000000000000000 ) ) ;
#1187 = EDGE_LOOP ( 'NONE', ( #1108, #867, #743, #1757, #787, #280 ) ) ;
#1188 = PLANE ( 'NONE',  #2106 ) ;
#1189 = ORIENTED_EDGE ( 'NONE', *, *, #1550, .T. ) ;
#1190 = EDGE_CURVE ( 'NONE', #2396, #1384, #1742, .T. ) ;
#1191 = LINE ( 'NONE', #2074, #593 ) ;
#1192 = LINE ( 'NONE', #2047, #2191 ) ;
#1193 = ORIENTED_EDGE ( 'NONE', *, *, #623, .T. ) ;
#1194 = DIRECTION ( 'NONE',  ( 0.0000000000000000000, 0.0000000000000000000, 1.000000000000000000 ) ) ;
#1195 = DIRECTION ( 'NONE',  ( 1.000000000000000000, -0.0000000000000000000, 0.0000000000000000000 ) ) ;
#1196 = PLANE ( 'NONE',  #1202 ) ;
#1197 = PLANE ( 'NONE',  #2602 ) ;
#1198 = DIRECTION ( 'NONE',  ( 1.000000000000000000, -0.0000000000000000000, 0.0000000000000000000 ) ) ;
#1199 = VERTEX_POINT ( 'NONE', #1945 ) ;
#1200 = CARTESIAN_POINT ( 'NONE',  ( 1.030000000000001803, 0.2300000000000000100, 1.150000000000002132 ) ) ;
#1201 = ORIENTED_EDGE ( 'NONE', *, *, #1171, .T. ) ;
#1202 = AXIS2_PLACEMENT_3D ( 'NONE', #1153, #1999, #747 ) ;
#1203 = DIRECTION ( 'NONE',  ( 0.0000000000000000000, 0.0000000000000000000, -1.000000000000000000 ) ) ;
#1204 = CARTESIAN_POINT ( 'NONE',  ( 0.8499999999999969802, 0.9300000000000000488, 0.8000000000000020428 ) ) ;
#1205 = VECTOR ( 'NONE', #2755, 1000.000000000000000 ) ;
#1206 = DIRECTION ( 'NONE',  ( 1.000000000000000000, 0.0000000000000000000, 0.0000000000000000000 ) ) ;
#1207 = AXIS2_PLACEMENT_3D ( 'NONE', #1762, #2622, #2194 ) ;
#1208 = EDGE_CURVE ( 'NONE', #544, #449, #2790, .T. ) ;
#1209 = CARTESIAN_POINT ( 'NONE',  ( 1.099999999999998535, 4.971269837220813059, -1.099999999999998535 ) ) ;
#1210 = FACE_OUTER_BOUND ( 'NONE', #459, .T. ) ;
#1211 = DIRECTION ( 'NONE',  ( 0.0000000000000000000, 0.0000000000000000000, 1.000000000000000000 ) ) ;
#1212 = VECTOR ( 'NONE', #2291, 1000.000000000000000 ) ;
#1213 = VECTOR ( 'NONE', #495, 1000.000000000000000 ) ;
#1214 = EDGE_LOOP ( 'NONE', ( #932, #1120, #756, #2506 ) ) ;
#1215 = LINE ( 'NONE', #398, #1385 ) ;
#1216 = CARTESIAN_POINT ( 'NONE',  ( 1.150000000000001688, 0.2300000000000000100, -1.029999999999998028 ) ) ;
#1217 = ORIENTED_EDGE ( 'NONE', *, *, #169, .F. ) ;
#1218 = VECTOR ( 'NONE', #999, 1000.000000000000000 ) ;
#1219 = AXIS2_PLACEMENT_3D ( 'NONE', #985, #791, #127 ) ;
#1220 = CARTESIAN_POINT ( 'NONE',  ( -1.249999999999998668, 0.0000000000000000000, 1.250000000000002887 ) ) ;
#1221 = LINE ( 'NONE', #1848, #1474 ) ;
#1222 = DIRECTION ( 'NONE',  ( -1.577021341797097018E-15, 0.0000000000000000000, 1.000000000000000000 ) ) ;
#1223 = EDGE_CURVE ( 'NONE', #1475, #2783, #2618, .T. ) ;
#1224 = DIRECTION ( 'NONE',  ( -7.885106708985485090E-16, 0.0000000000000000000, 1.000000000000000000 ) ) ;
#1225 = LINE ( 'NONE', #2078, #2141 ) ;
#1226 = ADVANCED_FACE ( 'NONE', ( #1717 ), #1506, .T. ) ;
#1227 = EDGE_CURVE ( 'NONE', #2097, #1802, #1732, .T. ) ;
#1228 = ORIENTED_EDGE ( 'NONE', *, *, #2128, .F. ) ;
#1229 = DIRECTION ( 'NONE',  ( 1.000000000000000000, 0.0000000000000000000, 0.0000000000000000000 ) ) ;
#1230 = FILL_AREA_STYLE_COLOUR ( '', #1839 ) ;
#1231 = VERTEX_POINT ( 'NONE', #278 ) ;
#1232 = CARTESIAN_POINT ( 'NONE',  ( -1.100000000000002087, 0.2799999999999998601, -1.099999999999998535 ) ) ;
#1233 = DIRECTION ( 'NONE',  ( -8.673617379884028076E-17, -0.0000000000000000000, -1.000000000000000000 ) ) ;
#1234 = CARTESIAN_POINT ( 'NONE',  ( 0.1500000000000010492, 0.0000000000000000000, -0.7999999999999999334 ) ) ;
#1235 = FACE_OUTER_BOUND ( 'NONE', #2667, .T. ) ;
#1236 = CARTESIAN_POINT ( 'NONE',  ( -0.8000000000000051514, 0.9300000000000000488, 0.8000000000000020428 ) ) ;
#1237 = ORIENTED_EDGE ( 'NONE', *, *, #852, .T. ) ;
#1238 =( LENGTH_UNIT ( ) NAMED_UNIT ( * ) SI_UNIT ( .MILLI., .METRE. ) );
#1239 = DIRECTION ( 'NONE',  ( 0.0000000000000000000, -0.0000000000000000000, -1.000000000000000000 ) ) ;
#1240 = EDGE_CURVE ( 'NONE', #272, #2176, #80, .T. ) ;
#1241 = ORIENTED_EDGE ( 'NONE', *, *, #588, .T. ) ;
#1242 = LINE ( 'NONE', #2094, #2414 ) ;
#1243 = EDGE_CURVE ( 'NONE', #2697, #1558, #2218, .T. ) ;
#1244 = ORIENTED_EDGE ( 'NONE', *, *, #1500, .T. ) ;
#1245 = CARTESIAN_POINT ( 'NONE',  ( 0.1500000000000010492, 0.02000000000000000042, -0.7999999999999999334 ) ) ;
#1246 = DIRECTION ( 'NONE',  ( 0.0000000000000000000, -1.000000000000000000, 0.0000000000000000000 ) ) ;
#1247 = DIRECTION ( 'NONE',  ( 0.0000000000000000000, 0.0000000000000000000, 1.000000000000000000 ) ) ;
#1248 = VECTOR ( 'NONE', #214, 1000.000000000000000 ) ;
#1249 = VECTOR ( 'NONE', #1680, 1000.000000000000000 ) ;
#1250 = EDGE_LOOP ( 'NONE', ( #1678, #1910, #975, #297 ) ) ;
#1251 = CARTESIAN_POINT ( 'NONE',  ( 0.0000000000000000000, 0.1300000000000000044, 0.0000000000000000000 ) ) ;
#1252 = DIRECTION ( 'NONE',  ( 0.0000000000000000000, -0.0000000000000000000, -1.000000000000000000 ) ) ;
#1253 = ORIENTED_EDGE ( 'NONE', *, *, #1567, .T. ) ;
#1254 = FACE_OUTER_BOUND ( 'NONE', #182, .T. ) ;
#1255 = AXIS2_PLACEMENT_3D ( 'NONE', #1613, #2294, #2471 ) ;
#1256 = SURFACE_SIDE_STYLE ('',( #168 ) ) ;
#1257 = EDGE_CURVE ( 'NONE', #1552, #525, #862, .T. ) ;
#1258 = CIRCLE ( 'NONE', #1934, 0.2999999999999999334 ) ;
#1259 = EDGE_CURVE ( 'NONE', #1454, #2741, #1778, .T. ) ;
#1260 = EDGE_CURVE ( 'NONE', #1917, #1231, #1656, .T. ) ;
#1261 = EDGE_LOOP ( 'NONE', ( #245, #1738, #1282, #2343 ) ) ;
#1262 = AXIS2_PLACEMENT_3D ( 'NONE', #86, #927, #1186 ) ;
#1263 = PRESENTATION_STYLE_ASSIGNMENT (( #2174 ) ) ;
#1264 = PRESENTATION_LAYER_ASSIGNMENT (  '', '', ( #1754 ) ) ;
#1265 = LINE ( 'NONE', #2116, #1301 ) ;
#1266 = ORIENTED_EDGE ( 'NONE', *, *, #146, .F. ) ;
#1267 = DIRECTION ( 'NONE',  ( -8.673617379884028076E-17, -0.0000000000000000000, -1.000000000000000000 ) ) ;
#1268 = ORIENTED_EDGE ( 'NONE', *, *, #2084, .F. ) ;
#1269 = ORIENTED_EDGE ( 'NONE', *, *, #1140, .F. ) ;
#1270 = CARTESIAN_POINT ( 'NONE',  ( 0.7999999999999983791, 0.2799999999999998601, -0.7999999999999986011 ) ) ;
#1271 = CARTESIAN_POINT ( 'NONE',  ( -0.1499999999999987732, 0.0000000000000000000, -0.7999999999999999334 ) ) ;
#1272 = ORIENTED_EDGE ( 'NONE', *, *, #729, .F. ) ;
#1273 = DIRECTION ( 'NONE',  ( 0.0000000000000000000, 0.0000000000000000000, -1.000000000000000000 ) ) ;
#1274 = FILL_AREA_STYLE ('',( #201 ) ) ;
#1275 = EDGE_CURVE ( 'NONE', #1552, #453, #2645, .T. ) ;
#1276 = LINE ( 'NONE', #295, #89 ) ;
#1277 =( NAMED_UNIT ( * ) PLANE_ANGLE_UNIT ( ) SI_UNIT ( $, .RADIAN. ) );
#1278 = ORIENTED_EDGE ( 'NONE', *, *, #886, .F. ) ;
#1279 = FILL_AREA_STYLE ('',( #2179 ) ) ;
#1280 = FILL_AREA_STYLE_COLOUR ( '', #635 ) ;
#1281 = ORIENTED_EDGE ( 'NONE', *, *, #305, .T. ) ;
#1282 = ORIENTED_EDGE ( 'NONE', *, *, #763, .F. ) ;
#1283 = LINE ( 'NONE', #2153, #1829 ) ;
#1284 = CARTESIAN_POINT ( 'NONE',  ( 0.5000000000000009992, 0.02000000000000000042, 0.7999999999999999334 ) ) ;
#1285 = ORIENTED_EDGE ( 'NONE', *, *, #847, .T. ) ;
#1286 = DIRECTION ( 'NONE',  ( -1.000000000000000000, 0.0000000000000000000, -0.0000000000000000000 ) ) ;
#1287 = CARTESIAN_POINT ( 'NONE',  ( -0.8500000000000050848, 0.9300000000000000488, 0.8000000000000020428 ) ) ;
#1288 = LINE ( 'NONE', #1087, #2154 ) ;
#1289 = DIRECTION ( 'NONE',  ( -0.0000000000000000000, -0.0000000000000000000, 1.000000000000000000 ) ) ;
#1290 = ADVANCED_FACE ( 'NONE', ( #719 ), #2400, .T. ) ;
#1291 = VERTEX_POINT ( 'NONE', #314 ) ;
#1292 = LINE ( 'NONE', #868, #1785 ) ;
#1293 = PRESENTATION_LAYER_ASSIGNMENT (  '', '', ( #2459 ) ) ;
#1294 = UNCERTAINTY_MEASURE_WITH_UNIT (LENGTH_MEASURE( 1.000000000000000082E-05 ), #1679, 'distance_accuracy_value', 'NONE');
#1295 = LINE ( 'NONE', #682, #2408 ) ;
#1296 = CIRCLE ( 'NONE', #759, 0.04999999999999991257 ) ;
#1297 = CARTESIAN_POINT ( 'NONE',  ( 0.0000000000000000000, 0.0000000000000000000, 0.0000000000000000000 ) ) ;
#1298 = AXIS2_PLACEMENT_3D ( 'NONE', #1949, #266, #1973 ) ;
#1299 = AXIS2_PLACEMENT_3D ( 'NONE', #2676, #744, #2205 ) ;
#1300 = ORIENTED_EDGE ( 'NONE', *, *, #2216, .F. ) ;
#1301 = VECTOR ( 'NONE', #2197, 1000.000000000000000 ) ;
#1302 = DIRECTION ( 'NONE',  ( 0.0000000000000000000, 0.0000000000000000000, -1.000000000000000000 ) ) ;
#1303 = ORIENTED_EDGE ( 'NONE', *, *, #2599, .F. ) ;
#1304 = VECTOR ( 'NONE', #1863, 1000.000000000000000 ) ;
#1305 = CARTESIAN_POINT ( 'NONE',  ( 0.1500000000000008271, 0.0000000000000000000, 1.149999999999999911 ) ) ;
#1306 =( NAMED_UNIT ( * ) SI_UNIT ( $, .STERADIAN. ) SOLID_ANGLE_UNIT ( ) );
#1307 = FACE_OUTER_BOUND ( 'NONE', #2093, .T. ) ;
#1308 = VECTOR ( 'NONE', #1007, 1000.000000000000000 ) ;
#1309 = VERTEX_POINT ( 'NONE', #1165 ) ;
#1310 = CARTESIAN_POINT ( 'NONE',  ( -1.249999999999998890, 0.0000000000000000000, -1.249999999999999334 ) ) ;
#1311 = EDGE_LOOP ( 'NONE', ( #64, #2524, #2120, #1193 ) ) ;
#1312 = EDGE_CURVE ( 'NONE', #462, #2131, #2629, .T. ) ;
#1313 = CARTESIAN_POINT ( 'NONE',  ( -1.100000000000004974, 0.2799999999999998601, 0.8000000000000017097 ) ) ;
#1314 = CARTESIAN_POINT ( 'NONE',  ( 0.1500000000000008271, 0.02000000000000000042, 0.7999999999999999334 ) ) ;
#1315 = ORIENTED_EDGE ( 'NONE', *, *, #571, .F. ) ;
#1316 = DIRECTION ( 'NONE',  ( -0.0000000000000000000, -1.000000000000000000, -0.0000000000000000000 ) ) ;
#1317 = VERTEX_POINT ( 'NONE', #1816 ) ;
#1318 = SURFACE_STYLE_FILL_AREA ( #1279 ) ;
#1319 = SURFACE_STYLE_USAGE ( .BOTH. , #2605 ) ;
#1320 = ORIENTED_EDGE ( 'NONE', *, *, #568, .F. ) ;
#1321 = FACE_OUTER_BOUND ( 'NONE', #389, .T. ) ;
#1322 = DIRECTION ( 'NONE',  ( 1.000000000000000000, -0.0000000000000000000, 0.0000000000000000000 ) ) ;
#1323 = EDGE_CURVE ( 'NONE', #1702, #1008, #2279, .T. ) ;
#1324 = ORIENTED_EDGE ( 'NONE', *, *, #1054, .T. ) ;
#1325 = ORIENTED_EDGE ( 'NONE', *, *, #40, .T. ) ;
#1326 = SURFACE_SIDE_STYLE ('',( #1553 ) ) ;
#1327 = CARTESIAN_POINT ( 'NONE',  ( 0.6200000000000011058, 0.9300000000000000488, -0.009999999999999592548 ) ) ;
#1328 = ORIENTED_EDGE ( 'NONE', *, *, #1868, .T. ) ;
#1329 = DIRECTION ( 'NONE',  ( 0.0000000000000000000, 0.0000000000000000000, -1.000000000000000000 ) ) ;
#1330 = PRESENTATION_STYLE_ASSIGNMENT (( #4 ) ) ;
#1331 = ORIENTED_EDGE ( 'NONE', *, *, #886, .T. ) ;
#1332 = AXIS2_PLACEMENT_3D ( 'NONE', #2559, #422, #1517 ) ;
#1333 = CARTESIAN_POINT ( 'NONE',  ( 0.7999999999999971578, 0.2799999999999998601, 0.8000000000000020428 ) ) ;
#1334 = LINE ( 'NONE', #2404, #908 ) ;
#1335 = AXIS2_PLACEMENT_3D ( 'NONE', #1953, #669, #1302 ) ;
#1336 = ADVANCED_FACE ( 'NONE', ( #1807 ), #1986, .F. ) ;
#1337 = VECTOR ( 'NONE', #2744, 1000.000000000000000 ) ;
#1338 = ORIENTED_EDGE ( 'NONE', *, *, #2216, .T. ) ;
#1339 = AXIS2_PLACEMENT_3D ( 'NONE', #2232, #1365, #1146 ) ;
#1340 = EDGE_CURVE ( 'NONE', #2037, #509, #2651, .T. ) ;
#1341 = ADVANCED_FACE ( 'NONE', ( #2190, #1127 ), #790, .T. ) ;
#1342 = EDGE_LOOP ( 'NONE', ( #2359, #2382, #2331, #1972 ) ) ;
#1343 = AXIS2_PLACEMENT_3D ( 'NONE', #2636, #613, #2789 ) ;
#1344 =( NAMED_UNIT ( * ) SI_UNIT ( $, .STERADIAN. ) SOLID_ANGLE_UNIT ( ) );
#1345 = DIRECTION ( 'NONE',  ( 0.0000000000000000000, 1.000000000000000000, 0.0000000000000000000 ) ) ;
#1346 = AXIS2_PLACEMENT_3D ( 'NONE', #2339, #2317, #1083 ) ;
#1347 = STYLED_ITEM ( 'NONE', ( #2303 ), #1756 ) ;
#1348 = ORIENTED_EDGE ( 'NONE', *, *, #1635, .T. ) ;
#1349 = FILL_AREA_STYLE ('',( #2442 ) ) ;
#1350 = FACE_OUTER_BOUND ( 'NONE', #1381, .T. ) ;
#1351 = VECTOR ( 'NONE', #2358, 1000.000000000000000 ) ;
#1352 = DIRECTION ( 'NONE',  ( -0.0000000000000000000, -1.000000000000000000, -0.0000000000000000000 ) ) ;
#1353 = DIRECTION ( 'NONE',  ( 0.0000000000000000000, -1.000000000000000000, 0.0000000000000000000 ) ) ;
#1354 = VECTOR ( 'NONE', #2553, 1000.000000000000000 ) ;
#1355 = DIRECTION ( 'NONE',  ( -0.0000000000000000000, -1.000000000000000000, -0.0000000000000000000 ) ) ;
#1356 = VERTEX_POINT ( 'NONE', #603 ) ;
#1357 = ORIENTED_EDGE ( 'NONE', *, *, #215, .T. ) ;
#1358 = EDGE_CURVE ( 'NONE', #2131, #515, #1019, .T. ) ;
#1359 = CARTESIAN_POINT ( 'NONE',  ( 0.7999999999999971578, 0.2799999999999998601, 1.100000000000002087 ) ) ;
#1360 = ORIENTED_EDGE ( 'NONE', *, *, #2507, .F. ) ;
#1361 = EDGE_CURVE ( 'NONE', #1957, #1774, #125, .T. ) ;
#1362 = DIRECTION ( 'NONE',  ( 0.0000000000000000000, -1.000000000000000000, 0.0000000000000000000 ) ) ;
#1363 = CARTESIAN_POINT ( 'NONE',  ( 1.150000000000001688, 0.1300000000000000044, -1.149999999999997913 ) ) ;
#1364 = ORIENTED_EDGE ( 'NONE', *, *, #1582, .F. ) ;
#1365 = DIRECTION ( 'NONE',  ( 0.0000000000000000000, 0.0000000000000000000, -1.000000000000000000 ) ) ;
#1366 = CARTESIAN_POINT ( 'NONE',  ( 0.0000000000000000000, 0.02000000000000000042, 0.0000000000000000000 ) ) ;
#1367 = DIRECTION ( 'NONE',  ( 0.0000000000000000000, 0.0000000000000000000, 1.000000000000000000 ) ) ;
#1368 = EDGE_LOOP ( 'NONE', ( #2161, #1522 ) ) ;
#1369 = DIRECTION ( 'NONE',  ( -0.0000000000000000000, -1.000000000000000000, -0.0000000000000000000 ) ) ;
#1370 = DIRECTION ( 'NONE',  ( 1.000000000000000000, -0.0000000000000000000, 0.0000000000000000000 ) ) ;
#1371 = ORIENTED_EDGE ( 'NONE', *, *, #2202, .F. ) ;
#1372 = EDGE_CURVE ( 'NONE', #750, #1454, #173, .T. ) ;
#1373 = UNCERTAINTY_MEASURE_WITH_UNIT (LENGTH_MEASURE( 1.000000000000000082E-05 ), #1860, 'distance_accuracy_value', 'NONE');
#1374 = CARTESIAN_POINT ( 'NONE',  ( -1.100000000000002087, 4.971269837220813059, -1.099999999999998535 ) ) ;
#1375 = CARTESIAN_POINT ( 'NONE',  ( 0.1500000000000010492, 0.02000000000000000042, -0.7999999999999999334 ) ) ;
#1376 = ADVANCED_FACE ( 'NONE', ( #2076 ), #369, .T. ) ;
#1377 = ADVANCED_FACE ( 'NONE', ( #757 ), #2377, .T. ) ;
#1378 = ORIENTED_EDGE ( 'NONE', *, *, #553, .F. ) ;
#1379 = SURFACE_STYLE_USAGE ( .BOTH. , #518 ) ;
#1380 = DIRECTION ( 'NONE',  ( 0.0000000000000000000, 0.0000000000000000000, -1.000000000000000000 ) ) ;
#1381 = EDGE_LOOP ( 'NONE', ( #2631, #1926, #691, #1686 ) ) ;
#1382 = PLANE ( 'NONE',  #230 ) ;
#1383 = COLOUR_RGB ( '',1.000000000000000000, 0.8078431372549019773, 0.4980392156862745168 ) ;
#1384 = VERTEX_POINT ( 'NONE', #1234 ) ;
#1385 = VECTOR ( 'NONE', #2504, 1000.000000000000000 ) ;
#1386 = COLOUR_RGB ( '',0.0000000000000000000, 0.5019607843137254832, 0.0000000000000000000 ) ;
#1387 = CARTESIAN_POINT ( 'NONE',  ( -0.4999999999999991673, 0.0000000000000000000, 1.149999999999999911 ) ) ;
#1388 = ORIENTED_EDGE ( 'NONE', *, *, #399, .F. ) ;
#1389 = DIRECTION ( 'NONE',  ( 0.0000000000000000000, 0.0000000000000000000, 1.000000000000000000 ) ) ;
#1390 = DIRECTION ( 'NONE',  ( 0.0000000000000000000, 0.0000000000000000000, -1.000000000000000000 ) ) ;
#1391 = VECTOR ( 'NONE', #865, 1000.000000000000000 ) ;
#1392 = STYLED_ITEM ( 'NONE', ( #1263 ), #25 ) ;
#1393 = DIRECTION ( 'NONE',  ( 0.0000000000000000000, 0.0000000000000000000, 1.000000000000000000 ) ) ;
#1394 = CARTESIAN_POINT ( 'NONE',  ( 0.7999999999999983791, 4.971269837220813059, -0.7999999999999986011 ) ) ;
#1395 = EDGE_CURVE ( 'NONE', #2655, #2603, #2266, .T. ) ;
#1396 = VECTOR ( 'NONE', #2575, 1000.000000000000000 ) ;
#1397 = ORIENTED_EDGE ( 'NONE', *, *, #463, .T. ) ;
#1398 = DIRECTION ( 'NONE',  ( -1.000000000000000000, 0.0000000000000000000, -0.0000000000000000000 ) ) ;
#1399 = VECTOR ( 'NONE', #348, 1000.000000000000000 ) ;
#1400 = ORIENTED_EDGE ( 'NONE', *, *, #2336, .T. ) ;
#1401 = FACE_OUTER_BOUND ( 'NONE', #2693, .T. ) ;
#1402 = DIRECTION ( 'NONE',  ( 0.0000000000000000000, 0.0000000000000000000, 1.000000000000000000 ) ) ;
#1403 = ORIENTED_EDGE ( 'NONE', *, *, #2745, .F. ) ;
#1404 = DIRECTION ( 'NONE',  ( 1.000000000000000000, 0.0000000000000000000, 0.0000000000000000000 ) ) ;
#1405 = CARTESIAN_POINT ( 'NONE',  ( -0.8000000000000024869, 4.971269837220813059, -1.099999999999998535 ) ) ;
#1406 =( NAMED_UNIT ( * ) PLANE_ANGLE_UNIT ( ) SI_UNIT ( $, .RADIAN. ) );
#1407 = ORIENTED_EDGE ( 'NONE', *, *, #929, .F. ) ;
#1408 = CARTESIAN_POINT ( 'NONE',  ( -1.149999999999998135, 0.1300000000000000044, -1.149999999999997913 ) ) ;
#1409 = ORIENTED_EDGE ( 'NONE', *, *, #1208, .T. ) ;
#1410 = ADVANCED_FACE ( 'NONE', ( #1641 ), #997, .F. ) ;
#1411 = CARTESIAN_POINT ( 'NONE',  ( 1.250000000000001110, 0.1300000000000000044, -1.249999999999999334 ) ) ;
#1412 = DIRECTION ( 'NONE',  ( -0.0000000000000000000, -1.000000000000000000, -0.0000000000000000000 ) ) ;
#1413 = DIRECTION ( 'NONE',  ( -0.0000000000000000000, -1.000000000000000000, -0.0000000000000000000 ) ) ;
#1414 = CARTESIAN_POINT ( 'NONE',  ( 0.7999999999999983791, 0.6800000000000000488, -1.099999999999998535 ) ) ;
#1415 = CARTESIAN_POINT ( 'NONE',  ( 0.0000000000000000000, 0.02000000000000000042, 0.0000000000000000000 ) ) ;
#1416 = CARTESIAN_POINT ( 'NONE',  ( 1.150000000000000799, 0.0000000000000000000, 1.149999999999999911 ) ) ;
#1417 = CARTESIAN_POINT ( 'NONE',  ( 0.1500000000000008271, 0.0000000000000000000, 0.7999999999999999334 ) ) ;
#1418 = ORIENTED_EDGE ( 'NONE', *, *, #1585, .T. ) ;
#1419 = LINE ( 'NONE', #2108, #224 ) ;
#1420 = ORIENTED_EDGE ( 'NONE', *, *, #1421, .F. ) ;
#1421 = EDGE_CURVE ( 'NONE', #2311, #2014, #1526, .T. ) ;
#1422 = PLANE ( 'NONE',  #2338 ) ;
#1423 = DIRECTION ( 'NONE',  ( 1.000000000000000000, 0.0000000000000000000, -0.0000000000000000000 ) ) ;
#1424 = ADVANCED_FACE ( 'NONE', ( #1006 ), #2721, .T. ) ;
#1425 = EDGE_CURVE ( 'NONE', #1493, #2239, #2088, .T. ) ;
#1426 = COLOUR_RGB ( '',1.000000000000000000, 0.8078431372549019773, 0.4980392156862745168 ) ;
#1427 = DIRECTION ( 'NONE',  ( 0.0000000000000000000, 1.000000000000000000, 0.0000000000000000000 ) ) ;
#1428 = AXIS2_PLACEMENT_3D ( 'NONE', #32, #1095, #895 ) ;
#1429 = CARTESIAN_POINT ( 'NONE',  ( 0.7999999999999971578, 0.6800000000000000488, 0.8500000000000019762 ) ) ;
#1430 = DIRECTION ( 'NONE',  ( 1.000000000000000000, 0.0000000000000000000, 0.0000000000000000000 ) ) ;
#1431 = AXIS2_PLACEMENT_3D ( 'NONE', #473, #101, #956 ) ;
#1432 = ORIENTED_EDGE ( 'NONE', *, *, #2045, .T. ) ;
#1433 = FACE_OUTER_BOUND ( 'NONE', #288, .T. ) ;
#1434 = AXIS2_PLACEMENT_3D ( 'NONE', #1681, #918, #2539 ) ;
#1435 = VECTOR ( 'NONE', #1763, 1000.000000000000000 ) ;
#1436 = ORIENTED_EDGE ( 'NONE', *, *, #1817, .F. ) ;
#1437 = DIRECTION ( 'NONE',  ( 1.000000000000000000, 0.0000000000000000000, 0.0000000000000000000 ) ) ;
#1438 = CARTESIAN_POINT ( 'NONE',  ( 0.8000000000000008216, 0.02000000000000000042, 1.149999999999999911 ) ) ;
#1439 = AXIS2_PLACEMENT_3D ( 'NONE', #2472, #58, #970 ) ;
#1440 = VERTEX_POINT ( 'NONE', #2486 ) ;
#1441 = CIRCLE ( 'NONE', #1346, 0.09999999999999982514 ) ;
#1442 = CARTESIAN_POINT ( 'NONE',  ( -0.8000000000000051514, 4.971269837220813059, 0.8000000000000020428 ) ) ;
#1443 = LINE ( 'NONE', #570, #934 ) ;
#1444 = EDGE_CURVE ( 'NONE', #1665, #2023, #559, .T. ) ;
#1445 = DIRECTION ( 'NONE',  ( 0.0000000000000000000, 0.0000000000000000000, 1.000000000000000000 ) ) ;
#1446 = DIRECTION ( 'NONE',  ( 0.0000000000000000000, 1.000000000000000000, 0.0000000000000000000 ) ) ;
#1447 = ADVANCED_FACE ( 'NONE', ( #1490 ), #766, .T. ) ;
#1448 = EDGE_LOOP ( 'NONE', ( #919, #1495, #1320, #2198 ) ) ;
#1449 = DIRECTION ( 'NONE',  ( 1.000000000000000000, 0.0000000000000000000, 7.885106708985487062E-16 ) ) ;
#1450 = CARTESIAN_POINT ( 'NONE',  ( 0.7999999999999971578, 0.2300000000000000100, 1.150000000000002132 ) ) ;
#1451 = ORIENTED_EDGE ( 'NONE', *, *, #351, .F. ) ;
#1452 = CARTESIAN_POINT ( 'NONE',  ( 0.8000000000000008216, 0.02000000000000000042, 0.7999999999999999334 ) ) ;
#1453 = SURFACE_STYLE_USAGE ( .BOTH. , #1256 ) ;
#1454 = VERTEX_POINT ( 'NONE', #420 ) ;
#1455 = LINE ( 'NONE', #2087, #1399 ) ;
#1456 = CARTESIAN_POINT ( 'NONE',  ( -1.149999999999999023, 0.02000000000000000042, 1.149999999999999911 ) ) ;
#1457 = CARTESIAN_POINT ( 'NONE',  ( 0.8000000000000010436, 0.02000000000000000042, -1.149999999999999911 ) ) ;
#1458 = DIRECTION ( 'NONE',  ( 1.000000000000000000, 0.0000000000000000000, 0.0000000000000000000 ) ) ;
#1459 =( NAMED_UNIT ( * ) PLANE_ANGLE_UNIT ( ) SI_UNIT ( $, .RADIAN. ) );
#1460 = EDGE_CURVE ( 'NONE', #373, #1768, #1258, .T. ) ;
#1461 = EDGE_LOOP ( 'NONE', ( #1201, #1532, #2110, #653 ) ) ;
#1462 = CARTESIAN_POINT ( 'NONE',  ( -1.029999999999998472, 0.1300000000000000044, -1.149999999999997913 ) ) ;
#1463 = EDGE_CURVE ( 'NONE', #1062, #1904, #1265, .T. ) ;
#1464 = EDGE_CURVE ( 'NONE', #51, #2311, #2423, .T. ) ;
#1465 = ORIENTED_EDGE ( 'NONE', *, *, #1444, .T. ) ;
#1466 = FACE_BOUND ( 'NONE', #162, .T. ) ;
#1467 = FACE_OUTER_BOUND ( 'NONE', #2700, .T. ) ;
#1468 = ORIENTED_EDGE ( 'NONE', *, *, #1549, .F. ) ;
#1469 = CARTESIAN_POINT ( 'NONE',  ( 0.8000000000000010436, 0.0000000000000000000, -0.7999999999999999334 ) ) ;
#1470 = AXIS2_PLACEMENT_3D ( 'NONE', #71, #1615, #2259 ) ;
#1471 = LINE ( 'NONE', #2588, #535 ) ;
#1472 = CARTESIAN_POINT ( 'NONE',  ( -1.249999999999998890, 0.0000000000000000000, -1.249999999999999334 ) ) ;
#1473 = CIRCLE ( 'NONE', #978, 0.1500000000000004940 ) ;
#1474 = VECTOR ( 'NONE', #2758, 1000.000000000000000 ) ;
#1475 = VERTEX_POINT ( 'NONE', #1907 ) ;
#1476 = CARTESIAN_POINT ( 'NONE',  ( 0.8499999999999976463, 0.6800000000000000488, 6.702340702637644232E-16 ) ) ;
#1477 = LINE ( 'NONE', #618, #1304 ) ;
#1478 = ORIENTED_EDGE ( 'NONE', *, *, #146, .T. ) ;
#1479 = VECTOR ( 'NONE', #1538, 1000.000000000000000 ) ;
#1480 = ORIENTED_EDGE ( 'NONE', *, *, #55, .T. ) ;
#1481 = CARTESIAN_POINT ( 'NONE',  ( -0.4999999999999989453, -0.0000000000000000000, -0.7999999999999999334 ) ) ;
#1482 = AXIS2_PLACEMENT_3D ( 'NONE', #189, #983, #1194 ) ;
#1483 = EDGE_CURVE ( 'NONE', #2329, #2545, #2771, .T. ) ;
#1484 = VECTOR ( 'NONE', #2556, 1000.000000000000000 ) ;
#1485 = ORIENTED_EDGE ( 'NONE', *, *, #2513, .F. ) ;
#1486 = VECTOR ( 'NONE', #824, 1000.000000000000000 ) ;
#1487 = CARTESIAN_POINT ( 'NONE',  ( 0.1500000000000010492, 0.0000000000000000000, -0.7999999999999999334 ) ) ;
#1488 = DIRECTION ( 'NONE',  ( -1.000000000000000000, 0.0000000000000000000, -0.0000000000000000000 ) ) ;
#1489 = AXIS2_PLACEMENT_3D ( 'NONE', #614, #1672, #370 ) ;
#1490 = FACE_OUTER_BOUND ( 'NONE', #1050, .T. ) ;
#1491 = VECTOR ( 'NONE', #1034, 1000.000000000000000 ) ;
#1492 = DIRECTION ( 'NONE',  ( 1.000000000000000000, 0.0000000000000000000, -0.0000000000000000000 ) ) ;
#1493 = VERTEX_POINT ( 'NONE', #2127 ) ;
#1494 = UNCERTAINTY_MEASURE_WITH_UNIT (LENGTH_MEASURE( 1.000000000000000082E-05 ), #1587, 'distance_accuracy_value', 'NONE');
#1495 = ORIENTED_EDGE ( 'NONE', *, *, #1052, .T. ) ;
#1496 = DIRECTION ( 'NONE',  ( 1.000000000000000000, 0.0000000000000000000, 0.0000000000000000000 ) ) ;
#1497 = PLANE ( 'NONE',  #405 ) ;
#1498 = ORIENTED_EDGE ( 'NONE', *, *, #2393, .F. ) ;
#1499 = CARTESIAN_POINT ( 'NONE',  ( 1.150000000000000799, 0.02000000000000000042, 1.149999999999999911 ) ) ;
#1500 = EDGE_CURVE ( 'NONE', #1440, #1936, #203, .T. ) ;
#1501 = EDGE_CURVE ( 'NONE', #1558, #639, #1471, .T. ) ;
#1502 = CARTESIAN_POINT ( 'NONE',  ( -1.149999999999998801, 0.02000000000000000042, -0.7999999999999999334 ) ) ;
#1503 = PRESENTATION_STYLE_ASSIGNMENT (( #2130 ) ) ;
#1504 = CARTESIAN_POINT ( 'NONE',  ( -0.7999999999999987121, -0.0000000000000000000, -0.7999999999999999334 ) ) ;
#1505 = ORIENTED_EDGE ( 'NONE', *, *, #799, .T. ) ;
#1506 = PLANE ( 'NONE',  #627 ) ;
#1507 = DIRECTION ( 'NONE',  ( 0.0000000000000000000, 0.0000000000000000000, 1.000000000000000000 ) ) ;
#1508 = ORIENTED_EDGE ( 'NONE', *, *, #12, .T. ) ;
#1509 = LINE ( 'NONE', #2135, #901 ) ;
#1510 = DIRECTION ( 'NONE',  ( 0.0000000000000000000, 0.0000000000000000000, 1.000000000000000000 ) ) ;
#1511 = ORIENTED_EDGE ( 'NONE', *, *, #1764, .F. ) ;
#1512 = CARTESIAN_POINT ( 'NONE',  ( -1.149999999999999023, 0.02000000000000000042, 1.149999999999999911 ) ) ;
#1513 = EDGE_CURVE ( 'NONE', #2399, #615, #1713, .T. ) ;
#1514 = ORIENTED_EDGE ( 'NONE', *, *, #853, .F. ) ;
#1515 = DIRECTION ( 'NONE',  ( -1.000000000000000000, -0.0000000000000000000, -0.0000000000000000000 ) ) ;
#1516 = CARTESIAN_POINT ( 'NONE',  ( 1.150000000000001243, 0.02000000000000000042, -1.149999999999999911 ) ) ;
#1517 = DIRECTION ( 'NONE',  ( 0.0000000000000000000, 0.0000000000000000000, 1.000000000000000000 ) ) ;
#1518 = CARTESIAN_POINT ( 'NONE',  ( 1.250000000000001110, 0.0000000000000000000, -1.249999999999999334 ) ) ;
#1519 = TOROIDAL_SURFACE ( 'NONE', #1332, 0.3499999999999999778, 0.05000000000000000278 ) ;
#1520 = UNCERTAINTY_MEASURE_WITH_UNIT (LENGTH_MEASURE( 1.000000000000000082E-05 ), #2418, 'distance_accuracy_value', 'NONE');
#1521 = CARTESIAN_POINT ( 'NONE',  ( 0.5000000000000009992, 0.02000000000000000042, 1.149999999999999911 ) ) ;
#1522 = ORIENTED_EDGE ( 'NONE', *, *, #2351, .T. ) ;
#1523 = AXIS2_PLACEMENT_3D ( 'NONE', #1085, #1939, #14 ) ;
#1524 = DIRECTION ( 'NONE',  ( 0.0000000000000000000, 1.000000000000000000, 0.0000000000000000000 ) ) ;
#1525 = DIRECTION ( 'NONE',  ( -1.000000000000000000, -0.0000000000000000000, -0.0000000000000000000 ) ) ;
#1526 = CIRCLE ( 'NONE', #320, 0.3500000000000000333 ) ;
#1527 = DIRECTION ( 'NONE',  ( -0.0000000000000000000, -1.000000000000000000, -0.0000000000000000000 ) ) ;
#1528 = ORIENTED_EDGE ( 'NONE', *, *, #1670, .F. ) ;
#1529 = AXIS2_PLACEMENT_3D ( 'NONE', #794, #1645, #2502 ) ;
#1530 = FILL_AREA_STYLE_COLOUR ( '', #330 ) ;
#1531 = VECTOR ( 'NONE', #342, 1000.000000000000000 ) ;
#1532 = ORIENTED_EDGE ( 'NONE', *, *, #1683, .F. ) ;
#1533 = PRESENTATION_STYLE_ASSIGNMENT (( #1112 ) ) ;
#1534 = AXIS2_PLACEMENT_3D ( 'NONE', #1804, #512, #1150 ) ;
#1535 = DIRECTION ( 'NONE',  ( 1.000000000000000000, 0.0000000000000000000, 0.0000000000000000000 ) ) ;
#1536 = ORIENTED_EDGE ( 'NONE', *, *, #1323, .F. ) ;
#1537 = EDGE_CURVE ( 'NONE', #2614, #1578, #2210, .T. ) ;
#1538 = DIRECTION ( 'NONE',  ( -1.000000000000000000, -0.0000000000000000000, -0.0000000000000000000 ) ) ;
#1539 = ORIENTED_EDGE ( 'NONE', *, *, #215, .F. ) ;
#1540 = EDGE_LOOP ( 'NONE', ( #2356, #1157, #1131, #487 ) ) ;
#1541 = VERTEX_POINT ( 'NONE', #212 ) ;
#1542 = PLANE ( 'NONE',  #1177 ) ;
#1543 = VERTEX_POINT ( 'NONE', #2142 ) ;
#1544 = DIRECTION ( 'NONE',  ( -1.000000000000000000, -0.0000000000000000000, -0.0000000000000000000 ) ) ;
#1545 = DIRECTION ( 'NONE',  ( -0.0000000000000000000, -1.000000000000000000, -0.0000000000000000000 ) ) ;
#1546 = ORIENTED_EDGE ( 'NONE', *, *, #2761, .F. ) ;
#1547 = CARTESIAN_POINT ( 'NONE',  ( -0.7999999999999989342, 0.02000000000000000042, 1.149999999999999911 ) ) ;
#1548 = CARTESIAN_POINT ( 'NONE',  ( -1.149999999999998801, 0.02000000000000000042, -0.7999999999999999334 ) ) ;
#1549 = EDGE_CURVE ( 'NONE', #750, #1199, #1276, .T. ) ;
#1550 = EDGE_CURVE ( 'NONE', #739, #2603, #428, .T. ) ;
#1551 = EDGE_LOOP ( 'NONE', ( #1536, #134, #2675, #679 ) ) ;
#1552 = VERTEX_POINT ( 'NONE', #2574 ) ;
#1553 = SURFACE_STYLE_FILL_AREA ( #1593 ) ;
#1554 = CARTESIAN_POINT ( 'NONE',  ( 0.7999999999999971578, 0.6800000000000000488, 0.8000000000000020428 ) ) ;
#1555 = ORIENTED_EDGE ( 'NONE', *, *, #1725, .T. ) ;
#1556 = SURFACE_SIDE_STYLE ('',( #1769 ) ) ;
#1557 = CARTESIAN_POINT ( 'NONE',  ( -0.8000000000000051514, 0.2799999999999998601, 0.8000000000000020428 ) ) ;
#1558 = VERTEX_POINT ( 'NONE', #648 ) ;
#1559 = FILL_AREA_STYLE_COLOUR ( '', #2557 ) ;
#1560 = LINE ( 'NONE', #426, #2467 ) ;
#1561 = VECTOR ( 'NONE', #2280, 1000.000000000000000 ) ;
#1562 = ADVANCED_FACE ( 'NONE', ( #1694 ), #2366, .F. ) ;
#1563 = CARTESIAN_POINT ( 'NONE',  ( 1.150000000000001688, 0.2300000000000000100, -1.149999999999997913 ) ) ;
#1564 = ORIENTED_EDGE ( 'NONE', *, *, #2761, .T. ) ;
#1565 = VECTOR ( 'NONE', #940, 1000.000000000000000 ) ;
#1566 = ORIENTED_EDGE ( 'NONE', *, *, #501, .T. ) ;
#1567 = EDGE_CURVE ( 'NONE', #783, #1493, #629, .T. ) ;
#1568 = VECTOR ( 'NONE', #797, 1000.000000000000000 ) ;
#1569 = DIRECTION ( 'NONE',  ( 6.195440985631453345E-16, 0.0000000000000000000, -1.000000000000000000 ) ) ;
#1570 = STYLED_ITEM ( 'NONE', ( #1075 ), #2049 ) ;
#1571 = VERTEX_POINT ( 'NONE', #63 ) ;
#1572 = PRESENTATION_STYLE_ASSIGNMENT (( #1794 ) ) ;
#1573 = UNCERTAINTY_MEASURE_WITH_UNIT (LENGTH_MEASURE( 1.000000000000000082E-05 ), #2419, 'distance_accuracy_value', 'NONE');
#1574 = DIRECTION ( 'NONE',  ( 0.0000000000000000000, 0.0000000000000000000, 1.000000000000000000 ) ) ;
#1575 = CIRCLE ( 'NONE', #1529, 0.2500000000000000000 ) ;
#1576 = LINE ( 'NONE', #1405, #2639 ) ;
#1577 = CIRCLE ( 'NONE', #1133, 0.1500000000000004940 ) ;
#1578 = VERTEX_POINT ( 'NONE', #831 ) ;
#1579 = PLANE ( 'NONE',  #135 ) ;
#1580 = LINE ( 'NONE', #2437, #188 ) ;
#1581 = VERTEX_POINT ( 'NONE', #1922 ) ;
#1582 = EDGE_CURVE ( 'NONE', #139, #1914, #227, .T. ) ;
#1583 =( NAMED_UNIT ( * ) SI_UNIT ( $, .STERADIAN. ) SOLID_ANGLE_UNIT ( ) );
#1584 = PLANE ( 'NONE',  #397 ) ;
#1585 = EDGE_CURVE ( 'NONE', #1748, #1957, #2328, .T. ) ;
#1586 = ORIENTED_EDGE ( 'NONE', *, *, #1190, .T. ) ;
#1587 =( LENGTH_UNIT ( ) NAMED_UNIT ( * ) SI_UNIT ( .MILLI., .METRE. ) );
#1588 = CARTESIAN_POINT ( 'NONE',  ( 0.5000000000000009992, 0.02000000000000000042, 1.149999999999999911 ) ) ;
#1589 = FACE_OUTER_BOUND ( 'NONE', #1100, .T. ) ;
#1590 = VERTEX_POINT ( 'NONE', #2320 ) ;
#1591 = LINE ( 'NONE', #1811, #2704 ) ;
#1592 = ORIENTED_EDGE ( 'NONE', *, *, #1652, .T. ) ;
#1593 = FILL_AREA_STYLE ('',( #753 ) ) ;
#1594 = DIRECTION ( 'NONE',  ( -1.000000000000000000, 0.0000000000000000000, 0.0000000000000000000 ) ) ;
#1595 = EDGE_CURVE ( 'NONE', #948, #373, #1288, .T. ) ;
#1596 = DIRECTION ( 'NONE',  ( -8.673617379884035472E-16, 0.0000000000000000000, 1.000000000000000000 ) ) ;
#1597 = UNCERTAINTY_MEASURE_WITH_UNIT (LENGTH_MEASURE( 1.000000000000000082E-05 ), #827, 'distance_accuracy_value', 'NONE');
#1598 = DIRECTION ( 'NONE',  ( 0.0000000000000000000, 1.000000000000000000, 0.0000000000000000000 ) ) ;
#1599 = CARTESIAN_POINT ( 'NONE',  ( -0.4999999999999991673, 0.02000000000000000042, 1.149999999999999911 ) ) ;
#1600 = EDGE_LOOP ( 'NONE', ( #1606, #876, #2412, #1148 ) ) ;
#1601 = CARTESIAN_POINT ( 'NONE',  ( 0.5000000000000009992, 0.02000000000000000042, 1.149999999999999911 ) ) ;
#1602 = PLANE ( 'NONE',  #2749 ) ;
#1603 = ORIENTED_EDGE ( 'NONE', *, *, #109, .F. ) ;
#1604 = FACE_OUTER_BOUND ( 'NONE', #2111, .T. ) ;
#1605 = AXIS2_PLACEMENT_3D ( 'NONE', #922, #2214, #2642 ) ;
#1606 = ORIENTED_EDGE ( 'NONE', *, *, #874, .T. ) ;
#1607 = STYLED_ITEM ( 'NONE', ( #647 ), #694 ) ;
#1608 = DIRECTION ( 'NONE',  ( 0.0000000000000000000, 1.000000000000000000, 0.0000000000000000000 ) ) ;
#1609 = STYLED_ITEM ( 'NONE', ( #549 ), #963 ) ;
#1610 = CARTESIAN_POINT ( 'NONE',  ( 0.1500000000000008271, 0.02000000000000000042, 0.7999999999999999334 ) ) ;
#1611 = VECTOR ( 'NONE', #1090, 1000.000000000000000 ) ;
#1612 = ORIENTED_EDGE ( 'NONE', *, *, #1670, .T. ) ;
#1613 = CARTESIAN_POINT ( 'NONE',  ( 0.0000000000000000000, 0.02000000000000000042, 0.0000000000000000000 ) ) ;
#1614 = CARTESIAN_POINT ( 'NONE',  ( 1.150000000000001243, 0.02000000000000000042, -0.7999999999999999334 ) ) ;
#1615 = DIRECTION ( 'NONE',  ( 0.0000000000000000000, 0.0000000000000000000, -1.000000000000000000 ) ) ;
#1616 = PRESENTATION_LAYER_ASSIGNMENT (  '', '', ( #99 ) ) ;
#1617 = VECTOR ( 'NONE', #1015, 1000.000000000000000 ) ;
#1618 = VERTEX_POINT ( 'NONE', #2481 ) ;
#1619 = CYLINDRICAL_SURFACE ( 'NONE', #483, 0.2500000000000000000 ) ;
#1620 = MECHANICAL_DESIGN_GEOMETRIC_PRESENTATION_REPRESENTATION (  '', ( #48 ), #2381 ) ;
#1621 = FACE_OUTER_BOUND ( 'NONE', #1638, .T. ) ;
#1622 = ADVANCED_FACE ( 'NONE', ( #136 ), #961, .T. ) ;
#1623 = AXIS2_PLACEMENT_3D ( 'NONE', #1166, #1795, #2647 ) ;
#1624 = DIRECTION ( 'NONE',  ( 0.0000000000000000000, -0.0000000000000000000, -1.000000000000000000 ) ) ;
#1625 = ORIENTED_EDGE ( 'NONE', *, *, #1156, .F. ) ;
#1626 = DIRECTION ( 'NONE',  ( 0.0000000000000000000, 0.0000000000000000000, -1.000000000000000000 ) ) ;
#1627 = CARTESIAN_POINT ( 'NONE',  ( -1.150000000000005240, 0.2800000000000000266, 0.8000000000000015987 ) ) ;
#1628 = DIRECTION ( 'NONE',  ( -1.000000000000000000, -0.0000000000000000000, -0.0000000000000000000 ) ) ;
#1629 = DIRECTION ( 'NONE',  ( 1.000000000000000000, -0.0000000000000000000, 0.0000000000000000000 ) ) ;
#1630 = DIRECTION ( 'NONE',  ( -0.0000000000000000000, 1.000000000000000000, -0.0000000000000000000 ) ) ;
#1631 = PRESENTATION_STYLE_ASSIGNMENT (( #1009 ) ) ;
#1632 = EDGE_CURVE ( 'NONE', #835, #2684, #537, .T. ) ;
#1633 = VERTEX_POINT ( 'NONE', #522 ) ;
#1634 = FACE_BOUND ( 'NONE', #686, .T. ) ;
#1635 = EDGE_CURVE ( 'NONE', #2080, #752, #324, .T. ) ;
#1636 = ADVANCED_FACE ( 'NONE', ( #1824 ), #991, .T. ) ;
#1637 = DIRECTION ( 'NONE',  ( 0.0000000000000000000, -1.000000000000000000, 0.0000000000000000000 ) ) ;
#1638 = EDGE_LOOP ( 'NONE', ( #2542, #2754, #90, #209 ) ) ;
#1639 = CYLINDRICAL_SURFACE ( 'NONE', #1759, 0.1199999999999998845 ) ;
#1640 = CARTESIAN_POINT ( 'NONE',  ( -1.149999999999999023, 0.0000000000000000000, 1.149999999999999911 ) ) ;
#1641 = FACE_OUTER_BOUND ( 'NONE', #651, .T. ) ;
#1642 = DIRECTION ( 'NONE',  ( 1.000000000000000000, 0.0000000000000000000, -0.0000000000000000000 ) ) ;
#1643 = LINE ( 'NONE', #2498, #1116 ) ;
#1644 = ORIENTED_EDGE ( 'NONE', *, *, #1275, .F. ) ;
#1645 = DIRECTION ( 'NONE',  ( 1.000000000000000000, 0.0000000000000000000, 0.0000000000000000000 ) ) ;
#1646 = EDGE_LOOP ( 'NONE', ( #1181, #427, #170, #711 ) ) ;
#1647 = DIRECTION ( 'NONE',  ( 0.0000000000000000000, 0.0000000000000000000, 1.000000000000000000 ) ) ;
#1648 = DIRECTION ( 'NONE',  ( -0.0000000000000000000, -0.0000000000000000000, 1.000000000000000000 ) ) ;
#1649 = ADVANCED_FACE ( 'NONE', ( #510 ), #1382, .F. ) ;
#1650 = CIRCLE ( 'NONE', #355, 0.09999999999999982514 ) ;
#1651 = CYLINDRICAL_SURFACE ( 'NONE', #1136, 0.2999999999999999334 ) ;
#1652 = EDGE_CURVE ( 'NONE', #3, #1008, #1591, .T. ) ;
#1653 = AXIS2_PLACEMENT_3D ( 'NONE', #2182, #1496, #884 ) ;
#1654 = FACE_OUTER_BOUND ( 'NONE', #2017, .T. ) ;
#1655 = LINE ( 'NONE', #1673, #2552 ) ;
#1656 = CIRCLE ( 'NONE', #2324, 0.1500000000000004940 ) ;
#1657 = ORIENTED_EDGE ( 'NONE', *, *, #966, .F. ) ;
#1658 = CARTESIAN_POINT ( 'NONE',  ( -0.4999999999999989453, 0.02000000000000000042, -0.7999999999999999334 ) ) ;
#1659 = COLOUR_RGB ( '',0.2039215686274509776, 0.2039215686274509776, 0.2039215686274509776 ) ;
#1660 = AXIS2_PLACEMENT_3D ( 'NONE', #2522, #357, #1211 ) ;
#1661 = CARTESIAN_POINT ( 'NONE',  ( -1.150000000000002354, 0.2799999999999998601, -0.7999999999999991562 ) ) ;
#1662 = DIRECTION ( 'NONE',  ( 0.0000000000000000000, 0.0000000000000000000, 1.000000000000000000 ) ) ;
#1663 = CIRCLE ( 'NONE', #774, 0.2500000000000000000 ) ;
#1664 = ORIENTED_EDGE ( 'NONE', *, *, #741, .T. ) ;
#1665 = VERTEX_POINT ( 'NONE', #2668 ) ;
#1666 =( GEOMETRIC_REPRESENTATION_CONTEXT ( 3 ) GLOBAL_UNCERTAINTY_ASSIGNED_CONTEXT ( ( #167 ) ) GLOBAL_UNIT_ASSIGNED_CONTEXT ( ( #421, #1, #1344 ) ) REPRESENTATION_CONTEXT ( 'NONE', 'WORKASPACE' ) );
#1667 = DIRECTION ( 'NONE',  ( -0.0000000000000000000, 1.000000000000000000, -0.0000000000000000000 ) ) ;
#1668 = LINE ( 'NONE', #602, #1337 ) ;
#1669 = PRODUCT_DEFINITION ( 'UNKNOWN', '', #2284, #114 ) ;
#1670 = EDGE_CURVE ( 'NONE', #556, #1743, #2449, .T. ) ;
#1671 = ADVANCED_FACE ( 'NONE', ( #1604 ), #1188, .F. ) ;
#1672 = DIRECTION ( 'NONE',  ( 0.0000000000000000000, 1.000000000000000000, 0.0000000000000000000 ) ) ;
#1673 = CARTESIAN_POINT ( 'NONE',  ( -1.100000000000002531, 0.6800000000000000488, -0.7999999999999990452 ) ) ;
#1674 = ORIENTED_EDGE ( 'NONE', *, *, #677, .T. ) ;
#1675 = ORIENTED_EDGE ( 'NONE', *, *, #1463, .F. ) ;
#1676 = FACE_BOUND ( 'NONE', #1045, .T. ) ;
#1677 = ORIENTED_EDGE ( 'NONE', *, *, #2673, .T. ) ;
#1678 = ORIENTED_EDGE ( 'NONE', *, *, #1752, .T. ) ;
#1679 =( LENGTH_UNIT ( ) NAMED_UNIT ( * ) SI_UNIT ( .MILLI., .METRE. ) );
#1680 = DIRECTION ( 'NONE',  ( 7.885106708985485090E-16, 0.0000000000000000000, -1.000000000000000000 ) ) ;
#1681 = CARTESIAN_POINT ( 'NONE',  ( -0.8000000000000024869, 0.2799999999999998601, -0.7999999999999986011 ) ) ;
#1682 = LINE ( 'NONE', #2064, #1841 ) ;
#1683 = EDGE_CURVE ( 'NONE', #2684, #1633, #1580, .T. ) ;
#1684 = EDGE_LOOP ( 'NONE', ( #300, #2561, #848, #1996 ) ) ;
#1685 = FILL_AREA_STYLE_COLOUR ( '', #1386 ) ;
#1686 = ORIENTED_EDGE ( 'NONE', *, *, #745, .T. ) ;
#1687 = EDGE_LOOP ( 'NONE', ( #75, #1331, #1465, #2767, #1709, #1644 ) ) ;
#1688 = DIRECTION ( 'NONE',  ( 0.0000000000000000000, 0.0000000000000000000, 1.000000000000000000 ) ) ;
#1689 = FILL_AREA_STYLE ('',( #599 ) ) ;
#1690 = VERTEX_POINT ( 'NONE', #1176 ) ;
#1691 = VECTOR ( 'NONE', #1352, 1000.000000000000000 ) ;
#1692 =( NAMED_UNIT ( * ) SI_UNIT ( $, .STERADIAN. ) SOLID_ANGLE_UNIT ( ) );
#1693 = AXIS2_PLACEMENT_3D ( 'NONE', #1554, #172, #2318 ) ;
#1694 = FACE_OUTER_BOUND ( 'NONE', #2598, .T. ) ;
#1695 = CARTESIAN_POINT ( 'NONE',  ( 0.7999999999999983791, 0.2799999999999998601, -1.149999999999998357 ) ) ;
#1696 = CIRCLE ( 'NONE', #2785, 0.2999999999999999334 ) ;
#1697 = DIRECTION ( 'NONE',  ( 8.673617379884028076E-17, 0.0000000000000000000, 1.000000000000000000 ) ) ;
#1698 = AXIS2_PLACEMENT_3D ( 'NONE', #748, #531, #1393 ) ;
#1699 = ORIENTED_EDGE ( 'NONE', *, *, #2355, .T. ) ;
#1700 = DIRECTION ( 'NONE',  ( 0.0000000000000000000, 0.0000000000000000000, -1.000000000000000000 ) ) ;
#1701 = CARTESIAN_POINT ( 'NONE',  ( -0.4999999999999989453, 0.02000000000000000042, 0.7999999999999999334 ) ) ;
#1702 = VERTEX_POINT ( 'NONE', #2464 ) ;
#1703 = VECTOR ( 'NONE', #2249, 1000.000000000000000 ) ;
#1704 = ORIENTED_EDGE ( 'NONE', *, *, #2674, .T. ) ;
#1705 = LINE ( 'NONE', #1104, #936 ) ;
#1706 = COLOUR_RGB ( '',0.2039215686274509776, 0.2039215686274509776, 0.2039215686274509776 ) ;
#1707 = PRESENTATION_STYLE_ASSIGNMENT (( #857 ) ) ;
#1708 = EDGE_CURVE ( 'NONE', #2614, #2192, #864, .T. ) ;
#1709 = ORIENTED_EDGE ( 'NONE', *, *, #2146, .F. ) ;
#1710 = PRESENTATION_LAYER_ASSIGNMENT (  '', '', ( #235 ) ) ;
#1711 =( NAMED_UNIT ( * ) PLANE_ANGLE_UNIT ( ) SI_UNIT ( $, .RADIAN. ) );
#1712 = CIRCLE ( 'NONE', #2026, 0.2999999999999999334 ) ;
#1713 = LINE ( 'NONE', #878, #1084 ) ;
#1714 = MECHANICAL_DESIGN_GEOMETRIC_PRESENTATION_REPRESENTATION (  '', ( #2112 ), #2028 ) ;
#1715 = DIRECTION ( 'NONE',  ( 0.0000000000000000000, 0.0000000000000000000, 1.000000000000000000 ) ) ;
#1716 = ORIENTED_EDGE ( 'NONE', *, *, #1171, .F. ) ;
#1717 = FACE_OUTER_BOUND ( 'NONE', #1368, .T. ) ;
#1718 = UNCERTAINTY_MEASURE_WITH_UNIT (LENGTH_MEASURE( 1.000000000000000082E-05 ), #2589, 'distance_accuracy_value', 'NONE');
#1719 = FACE_OUTER_BOUND ( 'NONE', #1870, .T. ) ;
#1720 = ORIENTED_EDGE ( 'NONE', *, *, #1243, .F. ) ;
#1721 = ORIENTED_EDGE ( 'NONE', *, *, #92, .F. ) ;
#1722 = SURFACE_STYLE_FILL_AREA ( #254 ) ;
#1723 = ADVANCED_FACE ( 'NONE', ( #2253 ), #336, .F. ) ;
#1724 = EDGE_CURVE ( 'NONE', #2311, #1768, #2564, .T. ) ;
#1725 = EDGE_CURVE ( 'NONE', #292, #2211, #346, .T. ) ;
#1726 = ORIENTED_EDGE ( 'NONE', *, *, #2599, .T. ) ;
#1727 = CARTESIAN_POINT ( 'NONE',  ( 0.8000000000000008216, 0.02000000000000000042, 1.149999999999999911 ) ) ;
#1728 = FACE_OUTER_BOUND ( 'NONE', #2638, .T. ) ;
#1729 = ORIENTED_EDGE ( 'NONE', *, *, #2454, .F. ) ;
#1730 = DIRECTION ( 'NONE',  ( -0.0000000000000000000, -1.000000000000000000, -0.0000000000000000000 ) ) ;
#1731 = ORIENTED_EDGE ( 'NONE', *, *, #2513, .T. ) ;
#1732 = LINE ( 'NONE', #2592, #2062 ) ;
#1733 = ORIENTED_EDGE ( 'NONE', *, *, #304, .T. ) ;
#1734 = CARTESIAN_POINT ( 'NONE',  ( -0.9749999999999988676, 0.02000000000000000042, -0.4999999999999993339 ) ) ;
#1735 = LINE ( 'NONE', #666, #1882 ) ;
#1736 = CARTESIAN_POINT ( 'NONE',  ( 0.8000000000000010436, 0.0000000000000000000, -0.7999999999999999334 ) ) ;
#1737 = CARTESIAN_POINT ( 'NONE',  ( -1.249999999999998890, 0.1300000000000000044, -1.249999999999999334 ) ) ;
#1738 = ORIENTED_EDGE ( 'NONE', *, *, #305, .F. ) ;
#1739 = DIRECTION ( 'NONE',  ( 6.195440985631453345E-16, 0.0000000000000000000, -1.000000000000000000 ) ) ;
#1740 = EDGE_CURVE ( 'NONE', #1118, #2037, #2313, .T. ) ;
#1741 = EDGE_LOOP ( 'NONE', ( #1699, #204, #2386, #2581 ) ) ;
#1742 = LINE ( 'NONE', #2166, #1611 ) ;
#1743 = VERTEX_POINT ( 'NONE', #1029 ) ;
#1744 = VECTOR ( 'NONE', #2597, 1000.000000000000000 ) ;
#1745 = CYLINDRICAL_SURFACE ( 'NONE', #1298, 0.2500000000000000000 ) ;
#1746 = DIRECTION ( 'NONE',  ( -0.0000000000000000000, 1.000000000000000000, -0.0000000000000000000 ) ) ;
#1747 = VECTOR ( 'NONE', #85, 1000.000000000000000 ) ;
#1748 = VERTEX_POINT ( 'NONE', #1048 ) ;
#1749 = EDGE_LOOP ( 'NONE', ( #2756, #200, #645, #480 ) ) ;
#1750 = AXIS2_PLACEMENT_3D ( 'NONE', #1394, #2681, #2478 ) ;
#1751 = DIRECTION ( 'NONE',  ( 0.0000000000000000000, -0.0000000000000000000, -1.000000000000000000 ) ) ;
#1752 = EDGE_CURVE ( 'NONE', #2176, #1810, #809, .T. ) ;
#1753 = LINE ( 'NONE', #2188, #1248 ) ;
#1754 = STYLED_ITEM ( 'NONE', ( #1503 ), #2427 ) ;
#1755 = ADVANCED_FACE ( 'NONE', ( #1866 ), #610, .F. ) ;
#1756 = ADVANCED_FACE ( 'NONE', ( #1467 ), #1497, .T. ) ;
#1757 = ORIENTED_EDGE ( 'NONE', *, *, #1052, .F. ) ;
#1758 =( NAMED_UNIT ( * ) SI_UNIT ( $, .STERADIAN. ) SOLID_ANGLE_UNIT ( ) );
#1759 = AXIS2_PLACEMENT_3D ( 'NONE', #1857, #800, #601 ) ;
#1760 = CARTESIAN_POINT ( 'NONE',  ( -0.8000000000000051514, 4.971269837220813059, 1.100000000000002087 ) ) ;
#1761 = ORIENTED_EDGE ( 'NONE', *, *, #799, .F. ) ;
#1762 = CARTESIAN_POINT ( 'NONE',  ( -0.8000000000000024869, 4.971269837220813059, -0.7999999999999986011 ) ) ;
#1763 = DIRECTION ( 'NONE',  ( -0.0000000000000000000, -1.000000000000000000, -0.0000000000000000000 ) ) ;
#1764 = EDGE_CURVE ( 'NONE', #838, #242, #641, .T. ) ;
#1765 = VERTEX_POINT ( 'NONE', #1271 ) ;
#1766 = CARTESIAN_POINT ( 'NONE',  ( -1.149999999999998801, 0.02000000000000000042, -1.149999999999999911 ) ) ;
#1767 = LINE ( 'NONE', #2036, #2316 ) ;
#1768 = VERTEX_POINT ( 'NONE', #2526 ) ;
#1769 = SURFACE_STYLE_FILL_AREA ( #1349 ) ;
#1770 = EDGE_LOOP ( 'NONE', ( #50, #1962, #1269, #2594 ) ) ;
#1771 = ADVANCED_FACE ( 'NONE', ( #156 ), #208, .F. ) ;
#1772 = CARTESIAN_POINT ( 'NONE',  ( -0.8000000000000051514, 0.2799999999999998601, 1.100000000000002087 ) ) ;
#1773 = ORIENTED_EDGE ( 'NONE', *, *, #1361, .T. ) ;
#1774 = VERTEX_POINT ( 'NONE', #1313 ) ;
#1775 = DIRECTION ( 'NONE',  ( 1.000000000000000000, 0.0000000000000000000, -0.0000000000000000000 ) ) ;
#1776 = CARTESIAN_POINT ( 'NONE',  ( -0.1499999999999989675, 0.02000000000000000042, 1.149999999999999911 ) ) ;
#1777 = EDGE_LOOP ( 'NONE', ( #2718, #1861, #1268, #1325 ) ) ;
#1778 = LINE ( 'NONE', #488, #2196 ) ;
#1779 = AXIS2_PLACEMENT_3D ( 'NONE', #2434, #529, #547 ) ;
#1780 = CARTESIAN_POINT ( 'NONE',  ( 1.150000000000001688, 0.2300000000000000100, 1.030000000000002247 ) ) ;
#1781 = VECTOR ( 'NONE', #1289, 1000.000000000000000 ) ;
#1782 = DIRECTION ( 'NONE',  ( -0.0000000000000000000, -1.000000000000000000, -0.0000000000000000000 ) ) ;
#1783 = CARTESIAN_POINT ( 'NONE',  ( 0.6200000000000011058, 0.9300000000000000488, -0.1600000000000000866 ) ) ;
#1784 = CIRCLE ( 'NONE', #130, 0.2999999999999999334 ) ;
#1785 = VECTOR ( 'NONE', #1073, 1000.000000000000000 ) ;
#1786 = EDGE_CURVE ( 'NONE', #544, #659, #1735, .T. ) ;
#1787 = EDGE_CURVE ( 'NONE', #1810, #2396, #2394, .T. ) ;
#1788 = ORIENTED_EDGE ( 'NONE', *, *, #2546, .T. ) ;
#1789 = MECHANICAL_DESIGN_GEOMETRIC_PRESENTATION_REPRESENTATION (  '', ( #1121 ), #533 ) ;
#1790 = CARTESIAN_POINT ( 'NONE',  ( -0.4999999999999989453, 0.0000000000000000000, 0.7999999999999999334 ) ) ;
#1791 = CARTESIAN_POINT ( 'NONE',  ( -0.8000000000000024869, 0.9300000000000000488, -0.7999999999999986011 ) ) ;
#1792 =( GEOMETRIC_REPRESENTATION_CONTEXT ( 3 ) GLOBAL_UNCERTAINTY_ASSIGNED_CONTEXT ( ( #1573 ) ) GLOBAL_UNIT_ASSIGNED_CONTEXT ( ( #2419, #2222, #307 ) ) REPRESENTATION_CONTEXT ( 'NONE', 'WORKASPACE' ) );
#1793 = ORIENTED_EDGE ( 'NONE', *, *, #1585, .F. ) ;
#1794 = SURFACE_STYLE_USAGE ( .BOTH. , #1556 ) ;
#1795 = DIRECTION ( 'NONE',  ( 0.0000000000000000000, -1.000000000000000000, 0.0000000000000000000 ) ) ;
#1796 = MECHANICAL_DESIGN_GEOMETRIC_PRESENTATION_REPRESENTATION (  '', ( #1172 ), #97 ) ;
#1797 = LINE ( 'NONE', #2648, #1691 ) ;
#1798 = DIRECTION ( 'NONE',  ( 0.0000000000000000000, 0.0000000000000000000, -1.000000000000000000 ) ) ;
#1799 = FACE_OUTER_BOUND ( 'NONE', #1023, .T. ) ;
#1800 = VERTEX_POINT ( 'NONE', #684 ) ;
#1801 = CARTESIAN_POINT ( 'NONE',  ( 0.1500000000000008271, 0.02000000000000000042, 1.149999999999999911 ) ) ;
#1802 = VERTEX_POINT ( 'NONE', #1974 ) ;
#1803 = EDGE_CURVE ( 'NONE', #2570, #835, #2634, .T. ) ;
#1804 = CARTESIAN_POINT ( 'NONE',  ( -0.8000000000000024869, 0.6800000000000000488, -0.7999999999999986011 ) ) ;
#1805 = DIRECTION ( 'NONE',  ( -0.0000000000000000000, 1.000000000000000000, -0.0000000000000000000 ) ) ;
#1806 = VERTEX_POINT ( 'NONE', #1935 ) ;
#1807 = FACE_OUTER_BOUND ( 'NONE', #552, .T. ) ;
#1808 = FACE_OUTER_BOUND ( 'NONE', #962, .T. ) ;
#1809 = SURFACE_STYLE_FILL_AREA ( #2633 ) ;
#1810 = VERTEX_POINT ( 'NONE', #284 ) ;
#1811 = CARTESIAN_POINT ( 'NONE',  ( -0.8000000000000024869, 0.9300000000000000488, -0.8499999999999985345 ) ) ;
#1812 = ORIENTED_EDGE ( 'NONE', *, *, #2083, .F. ) ;
#1813 = CARTESIAN_POINT ( 'NONE',  ( -1.149999999999998135, 0.2300000000000000100, 1.030000000000002247 ) ) ;
#1814 = DIRECTION ( 'NONE',  ( 7.744301232039316681E-17, -0.0000000000000000000, 1.000000000000000000 ) ) ;
#1815 = ORIENTED_EDGE ( 'NONE', *, *, #1071, .F. ) ;
#1816 = CARTESIAN_POINT ( 'NONE',  ( 1.150000000000001688, 0.1300000000000000044, 1.030000000000002247 ) ) ;
#1817 = EDGE_CURVE ( 'NONE', #51, #1317, #1560, .T. ) ;
#1818 = PLANE ( 'NONE',  #148 ) ;
#1819 = CARTESIAN_POINT ( 'NONE',  ( 0.6200000000000011058, 0.6300000000000001155, 0.1400000000000009015 ) ) ;
#1820 = DIRECTION ( 'NONE',  ( 1.000000000000000000, 0.0000000000000000000, -0.0000000000000000000 ) ) ;
#1821 = SURFACE_STYLE_USAGE ( .BOTH. , #118 ) ;
#1822 = VECTOR ( 'NONE', #1184, 1000.000000000000000 ) ;
#1823 = VERTEX_POINT ( 'NONE', #10 ) ;
#1824 = FACE_OUTER_BOUND ( 'NONE', #1031, .T. ) ;
#1825 = AXIS2_PLACEMENT_3D ( 'NONE', #1791, #111, #2686 ) ;
#1826 = ORIENTED_EDGE ( 'NONE', *, *, #2115, .F. ) ;
#1827 = CIRCLE ( 'NONE', #984, 0.3499999999999999778 ) ;
#1828 = PLANE ( 'NONE',  #2660 ) ;
#1829 = VECTOR ( 'NONE', #1114, 1000.000000000000000 ) ;
#1830 = CARTESIAN_POINT ( 'NONE',  ( -0.7999999999999987121, 0.0000000000000000000, -0.7999999999999999334 ) ) ;
#1831 = CARTESIAN_POINT ( 'NONE',  ( -1.149999999999998801, 0.02000000000000000042, -0.7999999999999999334 ) ) ;
#1832 = EDGE_CURVE ( 'NONE', #902, #1493, #464, .T. ) ;
#1833 = DIRECTION ( 'NONE',  ( 0.0000000000000000000, 1.000000000000000000, 0.0000000000000000000 ) ) ;
#1834 = LINE ( 'NONE', #942, #2269 ) ;
#1835 = AXIS2_PLACEMENT_3D ( 'NONE', #785, #2016, #751 ) ;
#1836 = EDGE_CURVE ( 'NONE', #331, #1854, #241, .T. ) ;
#1837 = EDGE_CURVE ( 'NONE', #432, #2545, #1334, .T. ) ;
#1838 = CARTESIAN_POINT ( 'NONE',  ( -0.1499999999999987732, 0.02000000000000000042, -1.149999999999999911 ) ) ;
#1839 = COLOUR_RGB ( '',0.2039215686274509776, 0.2039215686274509776, 0.2039215686274509776 ) ;
#1840 = CARTESIAN_POINT ( 'NONE',  ( -0.8000000000000051514, 0.6800000000000000488, 1.100000000000002087 ) ) ;
#1841 = VECTOR ( 'NONE', #1876, 1000.000000000000000 ) ;
#1842 = ORIENTED_EDGE ( 'NONE', *, *, #2372, .F. ) ;
#1843 = CARTESIAN_POINT ( 'NONE',  ( -0.9749999999999988676, 0.02000000000000000042, -0.4999999999999993339 ) ) ;
#1844 = VECTOR ( 'NONE', #1369, 1000.000000000000000 ) ;
#1845 = ORIENTED_EDGE ( 'NONE', *, *, #1869, .T. ) ;
#1846 = ORIENTED_EDGE ( 'NONE', *, *, #551, .F. ) ;
#1847 = DIRECTION ( 'NONE',  ( 7.885106708985485090E-16, 0.0000000000000000000, -1.000000000000000000 ) ) ;
#1848 = CARTESIAN_POINT ( 'NONE',  ( 0.6200000000000011058, 0.6300000000000001155, -0.1600000000000000866 ) ) ;
#1849 = DIRECTION ( 'NONE',  ( -1.000000000000000000, 0.0000000000000000000, 0.0000000000000000000 ) ) ;
#1850 = PLANE ( 'NONE',  #2158 ) ;
#1851 = DIRECTION ( 'NONE',  ( 0.0000000000000000000, 1.000000000000000000, 0.0000000000000000000 ) ) ;
#1852 = DIRECTION ( 'NONE',  ( 0.0000000000000000000, 0.0000000000000000000, 1.000000000000000000 ) ) ;
#1853 = EDGE_CURVE ( 'NONE', #740, #1541, #1135, .T. ) ;
#1854 = VERTEX_POINT ( 'NONE', #1951 ) ;
#1855 = DIRECTION ( 'NONE',  ( -1.000000000000000000, -0.0000000000000000000, -0.0000000000000000000 ) ) ;
#1856 = CARTESIAN_POINT ( 'NONE',  ( 0.5000000000000012212, 0.02000000000000000042, -0.7999999999999999334 ) ) ;
#1857 = CARTESIAN_POINT ( 'NONE',  ( -1.029999999999998472, 0.2300000000000000100, -1.029999999999998028 ) ) ;
#1858 = DIRECTION ( 'NONE',  ( -0.0000000000000000000, -1.000000000000000000, -0.0000000000000000000 ) ) ;
#1859 =( LENGTH_UNIT ( ) NAMED_UNIT ( * ) SI_UNIT ( .MILLI., .METRE. ) );
#1860 =( LENGTH_UNIT ( ) NAMED_UNIT ( * ) SI_UNIT ( .MILLI., .METRE. ) );
#1861 = ORIENTED_EDGE ( 'NONE', *, *, #1837, .F. ) ;
#1862 = SURFACE_SIDE_STYLE ('',( #2500 ) ) ;
#1863 = DIRECTION ( 'NONE',  ( -1.000000000000000000, -0.0000000000000000000, -0.0000000000000000000 ) ) ;
#1864 = ORIENTED_EDGE ( 'NONE', *, *, #1832, .T. ) ;
#1865 = DIRECTION ( 'NONE',  ( -0.0000000000000000000, -1.000000000000000000, -0.0000000000000000000 ) ) ;
#1866 = FACE_OUTER_BOUND ( 'NONE', #1311, .T. ) ;
#1867 = EDGE_CURVE ( 'NONE', #2424, #337, #696, .T. ) ;
#1868 = EDGE_CURVE ( 'NONE', #1558, #139, #221, .T. ) ;
#1869 = EDGE_CURVE ( 'NONE', #2465, #323, #2330, .T. ) ;
#1870 = EDGE_LOOP ( 'NONE', ( #1889, #2056, #2376, #611 ) ) ;
#1871 = LINE ( 'NONE', #142, #2711 ) ;
#1872 = LINE ( 'NONE', #1456, #2505 ) ;
#1873 = VECTOR ( 'NONE', #840, 1000.000000000000000 ) ;
#1874 = FILL_AREA_STYLE ('',( #2100 ) ) ;
#1875 = MECHANICAL_DESIGN_GEOMETRIC_PRESENTATION_REPRESENTATION (  '', ( #1609 ), #987 ) ;
#1876 = DIRECTION ( 'NONE',  ( 1.000000000000000000, 0.0000000000000000000, 0.0000000000000000000 ) ) ;
#1877 = FACE_OUTER_BOUND ( 'NONE', #2001, .T. ) ;
#1878 = PRESENTATION_LAYER_ASSIGNMENT (  '', '', ( #2607 ) ) ;
#1879 = ORIENTED_EDGE ( 'NONE', *, *, #2479, .F. ) ;
#1880 = FACE_BOUND ( 'NONE', #581, .T. ) ;
#1881 = DIRECTION ( 'NONE',  ( 7.744301232039316681E-17, -0.0000000000000000000, 1.000000000000000000 ) ) ;
#1882 = VECTOR ( 'NONE', #885, 1000.000000000000000 ) ;
#1883 = MECHANICAL_DESIGN_GEOMETRIC_PRESENTATION_REPRESENTATION (  '', ( #1392 ), #2703 ) ;
#1884 =( GEOMETRIC_REPRESENTATION_CONTEXT ( 3 ) GLOBAL_UNCERTAINTY_ASSIGNED_CONTEXT ( ( #445 ) ) GLOBAL_UNIT_ASSIGNED_CONTEXT ( ( #250, #446, #663 ) ) REPRESENTATION_CONTEXT ( 'NONE', 'WORKASPACE' ) );
#1885 = ORIENTED_EDGE ( 'NONE', *, *, #2687, .T. ) ;
#1886 = FACE_BOUND ( 'NONE', #359, .T. ) ;
#1887 =( NAMED_UNIT ( * ) SI_UNIT ( $, .STERADIAN. ) SOLID_ANGLE_UNIT ( ) );
#1888 = CIRCLE ( 'NONE', #1219, 0.04999999999999991257 ) ;
#1889 = ORIENTED_EDGE ( 'NONE', *, *, #91, .T. ) ;
#1890 = PRODUCT_RELATED_PRODUCT_CATEGORY ( 'part', '', ( #631 ) ) ;
#1891 = ORIENTED_EDGE ( 'NONE', *, *, #1550, .F. ) ;
#1892 = VECTOR ( 'NONE', #1994, 1000.000000000000000 ) ;
#1893 = CARTESIAN_POINT ( 'NONE',  ( -0.4999999999999989453, 0.02000000000000000042, -1.149999999999999911 ) ) ;
#1894 = CARTESIAN_POINT ( 'NONE',  ( 1.149999999999998135, 0.2799999999999998601, -0.7999999999999983791 ) ) ;
#1895 = ADVANCED_FACE ( 'NONE', ( #267 ), #1081, .F. ) ;
#1896 = SURFACE_SIDE_STYLE ('',( #2707 ) ) ;
#1897 = LINE ( 'NONE', #2052, #910 ) ;
#1898 = SURFACE_STYLE_FILL_AREA ( #2532 ) ;
#1899 = CARTESIAN_POINT ( 'NONE',  ( -1.149999999999999023, 0.02000000000000000042, 1.149999999999999911 ) ) ;
#1900 = PLANE ( 'NONE',  #191 ) ;
#1901 = ORIENTED_EDGE ( 'NONE', *, *, #588, .F. ) ;
#1902 = ORIENTED_EDGE ( 'NONE', *, *, #1323, .T. ) ;
#1903 = SURFACE_STYLE_FILL_AREA ( #2273 ) ;
#1904 = VERTEX_POINT ( 'NONE', #532 ) ;
#1905 =( NAMED_UNIT ( * ) SI_UNIT ( $, .STERADIAN. ) SOLID_ANGLE_UNIT ( ) );
#1906 = CARTESIAN_POINT ( 'NONE',  ( -0.8000000000000024869, 0.6800000000000000488, -0.7999999999999986011 ) ) ;
#1907 = CARTESIAN_POINT ( 'NONE',  ( 1.250000000000001110, 0.0000000000000000000, -1.249999999999999334 ) ) ;
#1908 = PLANE ( 'NONE',  #2327 ) ;
#1909 = ADVANCED_FACE ( 'NONE', ( #1621 ), #2233, .F. ) ;
#1910 = ORIENTED_EDGE ( 'NONE', *, *, #1142, .T. ) ;
#1911 = CARTESIAN_POINT ( 'NONE',  ( 0.6200000000000011058, 0.6300000000000001155, -0.009999999999999592548 ) ) ;
#1912 =( LENGTH_UNIT ( ) NAMED_UNIT ( * ) SI_UNIT ( .MILLI., .METRE. ) );
#1913 = ORIENTED_EDGE ( 'NONE', *, *, #1683, .T. ) ;
#1914 = VERTEX_POINT ( 'NONE', #2011 ) ;
#1915 = CARTESIAN_POINT ( 'NONE',  ( -0.4999999999999991673, 0.0000000000000000000, 1.149999999999999911 ) ) ;
#1916 = FILL_AREA_STYLE ('',( #1064 ) ) ;
#1917 = VERTEX_POINT ( 'NONE', #1783 ) ;
#1918 = VECTOR ( 'NONE', #780, 1000.000000000000000 ) ;
#1919 = CARTESIAN_POINT ( 'NONE',  ( -1.249999999999998890, 0.1300000000000000044, -1.249999999999999334 ) ) ;
#1920 = DIRECTION ( 'NONE',  ( 0.0000000000000000000, 0.0000000000000000000, -1.000000000000000000 ) ) ;
#1921 = AXIS2_PLACEMENT_3D ( 'NONE', #2242, #123, #1594 ) ;
#1922 = CARTESIAN_POINT ( 'NONE',  ( -0.7999999999999989342, 0.02000000000000000042, 0.7999999999999999334 ) ) ;
#1923 = FACE_OUTER_BOUND ( 'NONE', #468, .T. ) ;
#1924 = ADVANCED_FACE ( 'NONE', ( #1799 ), #2469, .F. ) ;
#1925 = AXIS2_PLACEMENT_3D ( 'NONE', #2081, #152, #2268 ) ;
#1926 = ORIENTED_EDGE ( 'NONE', *, *, #1011, .T. ) ;
#1927 = CARTESIAN_POINT ( 'NONE',  ( 0.1500000000000010492, 0.02000000000000000042, -0.7999999999999999334 ) ) ;
#1928 = DIRECTION ( 'NONE',  ( 0.0000000000000000000, 0.0000000000000000000, -1.000000000000000000 ) ) ;
#1929 = EDGE_LOOP ( 'NONE', ( #2285, #671, #1478, #1845 ) ) ;
#1930 = PRESENTATION_LAYER_ASSIGNMENT (  '', '', ( #138 ) ) ;
#1931 = ADVANCED_FACE ( 'NONE', ( #945 ), #2650, .T. ) ;
#1932 = ADVANCED_FACE ( 'NONE', ( #2666 ), #519, .T. ) ;
#1933 = DIRECTION ( 'NONE',  ( 0.0000000000000000000, 0.0000000000000000000, 1.000000000000000000 ) ) ;
#1934 = AXIS2_PLACEMENT_3D ( 'NONE', #2760, #709, #1941 ) ;
#1935 = CARTESIAN_POINT ( 'NONE',  ( -1.149999999999999023, 0.02000000000000000042, 0.7999999999999999334 ) ) ;
#1936 = VERTEX_POINT ( 'NONE', #1840 ) ;
#1937 = AXIS2_PLACEMENT_3D ( 'NONE', #925, #1152, #2007 ) ;
#1938 = CARTESIAN_POINT ( 'NONE',  ( -1.149999999999998135, 0.2300000000000000100, 1.030000000000002247 ) ) ;
#1939 = DIRECTION ( 'NONE',  ( 0.0000000000000000000, -1.000000000000000000, 0.0000000000000000000 ) ) ;
#1940 = VECTOR ( 'NONE', #760, 1000.000000000000000 ) ;
#1941 = DIRECTION ( 'NONE',  ( 0.0000000000000000000, 0.0000000000000000000, 1.000000000000000000 ) ) ;
#1942 = LINE ( 'NONE', #16, #2473 ) ;
#1943 = FACE_OUTER_BOUND ( 'NONE', #2186, .T. ) ;
#1944 = VERTEX_POINT ( 'NONE', #2713 ) ;
#1945 = CARTESIAN_POINT ( 'NONE',  ( 0.8000000000000008216, 0.0000000000000000000, 0.7999999999999999334 ) ) ;
#1946 = UNCERTAINTY_MEASURE_WITH_UNIT (LENGTH_MEASURE( 1.000000000000000082E-05 ), #1947, 'distance_accuracy_value', 'NONE');
#1947 =( LENGTH_UNIT ( ) NAMED_UNIT ( * ) SI_UNIT ( .MILLI., .METRE. ) );
#1948 = LINE ( 'NONE', #219, #1018 ) ;
#1949 = CARTESIAN_POINT ( 'NONE',  ( 0.0000000000000000000, 0.6800000000000000488, -0.8499999999999985345 ) ) ;
#1950 = ADVANCED_FACE ( 'NONE', ( #1589 ), #1602, .T. ) ;
#1951 = CARTESIAN_POINT ( 'NONE',  ( 0.7999999999999971578, 0.9300000000000000488, 0.8500000000000019762 ) ) ;
#1952 = EDGE_CURVE ( 'NONE', #1356, #1552, #1477, .T. ) ;
#1953 = CARTESIAN_POINT ( 'NONE',  ( -1.100000000000005418, 0.2799999999999998601, 1.150000000000001910 ) ) ;
#1954 = ORIENTED_EDGE ( 'NONE', *, *, #1014, .T. ) ;
#1955 = FILL_AREA_STYLE_COLOUR ( '', #2203 ) ;
#1956 = CARTESIAN_POINT ( 'NONE',  ( -1.029999999999998472, 0.2300000000000000100, 1.150000000000002132 ) ) ;
#1957 = VERTEX_POINT ( 'NONE', #2092 ) ;
#1958 = CARTESIAN_POINT ( 'NONE',  ( 0.8000000000000010436, 0.02000000000000000042, -0.7999999999999999334 ) ) ;
#1959 = FACE_OUTER_BOUND ( 'NONE', #564, .T. ) ;
#1960 = CARTESIAN_POINT ( 'NONE',  ( 0.7999999999999983791, 0.9300000000000000488, -0.8499999999999985345 ) ) ;
#1961 = PLANE ( 'NONE',  #1428 ) ;
#1962 = ORIENTED_EDGE ( 'NONE', *, *, #350, .F. ) ;
#1963 = ADVANCED_FACE ( 'NONE', ( #2270 ), #1900, .T. ) ;
#1964 = EDGE_CURVE ( 'NONE', #139, #2628, #2765, .T. ) ;
#1965 = EDGE_CURVE ( 'NONE', #1590, #615, #178, .T. ) ;
#1966 = EDGE_LOOP ( 'NONE', ( #2373, #269, #310, #1126 ) ) ;
#1967 = FILL_AREA_STYLE ('',( #1955 ) ) ;
#1968 = CARTESIAN_POINT ( 'NONE',  ( -0.8000000000000051514, 0.9300000000000000488, 0.8500000000000019762 ) ) ;
#1969 = ORIENTED_EDGE ( 'NONE', *, *, #500, .T. ) ;
#1970 = FACE_OUTER_BOUND ( 'NONE', #196, .T. ) ;
#1971 = UNCERTAINTY_MEASURE_WITH_UNIT (LENGTH_MEASURE( 1.000000000000000082E-05 ), #2118, 'distance_accuracy_value', 'NONE');
#1972 = ORIENTED_EDGE ( 'NONE', *, *, #966, .T. ) ;
#1973 = DIRECTION ( 'NONE',  ( 0.0000000000000000000, 0.0000000000000000000, -1.000000000000000000 ) ) ;
#1974 = CARTESIAN_POINT ( 'NONE',  ( -0.1499999999999989952, 0.02000000000000000042, 0.7999999999999999334 ) ) ;
#1975 = AXIS2_PLACEMENT_3D ( 'NONE', #1333, #1080, #1933 ) ;
#1976 = VECTOR ( 'NONE', #1515, 1000.000000000000000 ) ;
#1977 = ORIENTED_EDGE ( 'NONE', *, *, #1175, .T. ) ;
#1978 = VECTOR ( 'NONE', #953, 1000.000000000000000 ) ;
#1979 = PRESENTATION_LAYER_ASSIGNMENT (  '', '', ( #2746 ) ) ;
#1980 = ORIENTED_EDGE ( 'NONE', *, *, #2282, .T. ) ;
#1981 = VECTOR ( 'NONE', #1322, 1000.000000000000000 ) ;
#1982 = DIRECTION ( 'NONE',  ( 0.0000000000000000000, 0.0000000000000000000, 1.000000000000000000 ) ) ;
#1983 = DIRECTION ( 'NONE',  ( -1.000000000000000000, 0.0000000000000000000, 0.0000000000000000000 ) ) ;
#1984 = CIRCLE ( 'NONE', #49, 0.1199999999999998845 ) ;
#1985 = ORIENTED_EDGE ( 'NONE', *, *, #1259, .F. ) ;
#1986 = PLANE ( 'NONE',  #1299 ) ;
#1987 = MECHANICAL_DESIGN_GEOMETRIC_PRESENTATION_REPRESENTATION (  '', ( #99 ), #1666 ) ;
#1988 = CARTESIAN_POINT ( 'NONE',  ( 1.030000000000001803, 0.1300000000000000044, 1.030000000000002247 ) ) ;
#1989 = ORIENTED_EDGE ( 'NONE', *, *, #568, .T. ) ;
#1990 = DIRECTION ( 'NONE',  ( -1.000000000000000000, -0.0000000000000000000, -0.0000000000000000000 ) ) ;
#1991 = CARTESIAN_POINT ( 'NONE',  ( -0.9749999999999988676, 0.02000000000000000042, -0.3999999999999994671 ) ) ;
#1992 = ORIENTED_EDGE ( 'NONE', *, *, #2282, .F. ) ;
#1993 = ORIENTED_EDGE ( 'NONE', *, *, #1803, .F. ) ;
#1994 = DIRECTION ( 'NONE',  ( -0.0000000000000000000, -0.0000000000000000000, 1.000000000000000000 ) ) ;
#1995 = DIRECTION ( 'NONE',  ( 0.0000000000000000000, 0.0000000000000000000, -1.000000000000000000 ) ) ;
#1996 = ORIENTED_EDGE ( 'NONE', *, *, #1853, .T. ) ;
#1997 = DIRECTION ( 'NONE',  ( 0.0000000000000000000, 1.000000000000000000, 0.0000000000000000000 ) ) ;
#1998 = DIRECTION ( 'NONE',  ( 0.0000000000000000000, 0.0000000000000000000, 1.000000000000000000 ) ) ;
#1999 = DIRECTION ( 'NONE',  ( 0.0000000000000000000, 0.0000000000000000000, 1.000000000000000000 ) ) ;
#2000 =( NAMED_UNIT ( * ) SI_UNIT ( $, .STERADIAN. ) SOLID_ANGLE_UNIT ( ) );
#2001 = EDGE_LOOP ( 'NONE', ( #2682, #2395, #2348, #822 ) ) ;
#2002 = ORIENTED_EDGE ( 'NONE', *, *, #2129, .F. ) ;
#2003 = SHAPE_DEFINITION_REPRESENTATION ( #1132, #25 ) ;
#2004 = FACE_OUTER_BOUND ( 'NONE', #1448, .T. ) ;
#2005 = ORIENTED_EDGE ( 'NONE', *, *, #23, .F. ) ;
#2006 = CARTESIAN_POINT ( 'NONE',  ( 0.1500000000000010492, 0.02000000000000000042, -1.149999999999999911 ) ) ;
#2007 = DIRECTION ( 'NONE',  ( 1.000000000000000000, 0.0000000000000000000, 1.301042606982605321E-15 ) ) ;
#2008 = LINE ( 'NONE', #1819, #617 ) ;
#2009 = EDGE_CURVE ( 'NONE', #2545, #1541, #2490, .T. ) ;
#2010 = LINE ( 'NONE', #334, #1747 ) ;
#2011 = CARTESIAN_POINT ( 'NONE',  ( -1.149999999999998801, 0.02000000000000000042, -1.149999999999999911 ) ) ;
#2012 = ADVANCED_FACE ( 'NONE', ( #563 ), #596, .T. ) ;
#2013 = AXIS2_PLACEMENT_3D ( 'NONE', #1627, #995, #2306 ) ;
#2014 = VERTEX_POINT ( 'NONE', #1450 ) ;
#2015 = CIRCLE ( 'NONE', #2417, 0.09999999999999982514 ) ;
#2016 = DIRECTION ( 'NONE',  ( 0.0000000000000000000, 1.000000000000000000, 0.0000000000000000000 ) ) ;
#2017 = EDGE_LOOP ( 'NONE', ( #1338, #1729, #828, #2551 ) ) ;
#2018 = PRESENTATION_LAYER_ASSIGNMENT (  '', '', ( #1121 ) ) ;
#2019 = AXIS2_PLACEMENT_3D ( 'NONE', #1843, #2032, #2717 ) ;
#2020 = DIRECTION ( 'NONE',  ( 0.0000000000000000000, 0.0000000000000000000, 1.000000000000000000 ) ) ;
#2021 = CARTESIAN_POINT ( 'NONE',  ( 0.0000000000000000000, 0.0000000000000000000, 0.0000000000000000000 ) ) ;
#2022 = CIRCLE ( 'NONE', #1169, 0.04999999999999991257 ) ;
#2023 = VERTEX_POINT ( 'NONE', #1462 ) ;
#2024 = CARTESIAN_POINT ( 'NONE',  ( 0.7999999999999983791, 0.2300000000000000100, -0.7999999999999986011 ) ) ;
#2025 = DIRECTION ( 'NONE',  ( -0.0000000000000000000, -1.000000000000000000, -0.0000000000000000000 ) ) ;
#2026 = AXIS2_PLACEMENT_3D ( 'NONE', #1557, #2415, #1574 ) ;
#2027 = LINE ( 'NONE', #2208, #1070 ) ;
#2028 =( GEOMETRIC_REPRESENTATION_CONTEXT ( 3 ) GLOBAL_UNCERTAINTY_ASSIGNED_CONTEXT ( ( #2593 ) ) GLOBAL_UNIT_ASSIGNED_CONTEXT ( ( #731, #2035, #1583 ) ) REPRESENTATION_CONTEXT ( 'NONE', 'WORKASPACE' ) );
#2029 = DIRECTION ( 'NONE',  ( 1.000000000000000000, -0.0000000000000000000, 0.0000000000000000000 ) ) ;
#2030 = CARTESIAN_POINT ( 'NONE',  ( 0.7999999999999971578, 4.971269837220813059, 0.8000000000000020428 ) ) ;
#2031 = ORIENTED_EDGE ( 'NONE', *, *, #591, .T. ) ;
#2032 = DIRECTION ( 'NONE',  ( 0.0000000000000000000, -1.000000000000000000, 0.0000000000000000000 ) ) ;
#2033 = EDGE_LOOP ( 'NONE', ( #2315, #1891, #1168, #1281 ) ) ;
#2034 = EDGE_CURVE ( 'NONE', #2362, #3, #2022, .T. ) ;
#2035 =( NAMED_UNIT ( * ) PLANE_ANGLE_UNIT ( ) SI_UNIT ( $, .RADIAN. ) );
#2036 = CARTESIAN_POINT ( 'NONE',  ( 0.5000000000000009992, 0.02000000000000000042, 1.149999999999999911 ) ) ;
#2037 = VERTEX_POINT ( 'NONE', #2725 ) ;
#2038 = CARTESIAN_POINT ( 'NONE',  ( 0.0000000000000000000, 0.02000000000000000042, 0.0000000000000000000 ) ) ;
#2039 = DIRECTION ( 'NONE',  ( -1.000000000000000000, 0.0000000000000000000, 0.0000000000000000000 ) ) ;
#2040 = FACE_OUTER_BOUND ( 'NONE', #841, .T. ) ;
#2041 = SURFACE_STYLE_FILL_AREA ( #974 ) ;
#2042 = ORIENTED_EDGE ( 'NONE', *, *, #623, .F. ) ;
#2043 = CARTESIAN_POINT ( 'NONE',  ( -0.9749999999999988676, 0.02000000000000000042, -0.4999999999999993339 ) ) ;
#2044 = ORIENTED_EDGE ( 'NONE', *, *, #1632, .T. ) ;
#2045 = EDGE_CURVE ( 'NONE', #331, #1936, #1575, .T. ) ;
#2046 = LINE ( 'NONE', #2509, #543 ) ;
#2047 = CARTESIAN_POINT ( 'NONE',  ( 1.150000000000000799, 0.02000000000000000042, 0.7999999999999999334 ) ) ;
#2048 = EDGE_CURVE ( 'NONE', #1802, #1590, #2752, .T. ) ;
#2049 = ADVANCED_FACE ( 'NONE', ( #608 ), #375, .F. ) ;
#2050 = ORIENTED_EDGE ( 'NONE', *, *, #2095, .T. ) ;
#2051 = CARTESIAN_POINT ( 'NONE',  ( 0.7999999999999971578, 0.2300000000000000100, 0.8000000000000020428 ) ) ;
#2052 = CARTESIAN_POINT ( 'NONE',  ( 0.8000000000000008216, 0.02000000000000000042, 1.149999999999999911 ) ) ;
#2053 = LINE ( 'NONE', #971, #2138 ) ;
#2054 = DIRECTION ( 'NONE',  ( 1.577021341797097018E-15, 0.0000000000000000000, -1.000000000000000000 ) ) ;
#2055 = AXIS2_PLACEMENT_3D ( 'NONE', #471, #1122, #690 ) ;
#2056 = ORIENTED_EDGE ( 'NONE', *, *, #606, .T. ) ;
#2057 = VECTOR ( 'NONE', #815, 1000.000000000000000 ) ;
#2058 = VECTOR ( 'NONE', #823, 1000.000000000000000 ) ;
#2059 = FACE_OUTER_BOUND ( 'NONE', #1966, .T. ) ;
#2060 = AXIS2_PLACEMENT_3D ( 'NONE', #849, #2604, #460 ) ;
#2061 = DIRECTION ( 'NONE',  ( 1.000000000000000000, 0.0000000000000000000, 0.0000000000000000000 ) ) ;
#2062 = VECTOR ( 'NONE', #301, 1000.000000000000000 ) ;
#2063 = CARTESIAN_POINT ( 'NONE',  ( 0.0000000000000000000, 0.9300000000000000488, 0.0000000000000000000 ) ) ;
#2064 = CARTESIAN_POINT ( 'NONE',  ( 0.8000000000000008216, 0.0000000000000000000, 0.7999999999999999334 ) ) ;
#2065 = PLANE ( 'NONE',  #479 ) ;
#2066 = VECTOR ( 'NONE', #2274, 1000.000000000000000 ) ;
#2067 = EDGE_CURVE ( 'NONE', #1936, #948, #2150, .T. ) ;
#2068 = VECTOR ( 'NONE', #1990, 1000.000000000000000 ) ;
#2069 = DIRECTION ( 'NONE',  ( 0.0000000000000000000, 1.000000000000000000, 0.0000000000000000000 ) ) ;
#2070 = VECTOR ( 'NONE', #218, 1000.000000000000000 ) ;
#2071 = EDGE_LOOP ( 'NONE', ( #2528, #2784, #1514, #620 ) ) ;
#2072 = LINE ( 'NONE', #155, #1205 ) ;
#2073 = ORIENTED_EDGE ( 'NONE', *, *, #22, .T. ) ;
#2074 = CARTESIAN_POINT ( 'NONE',  ( -0.4999999999999989453, 0.02000000000000000042, -0.7999999999999999334 ) ) ;
#2075 = DIRECTION ( 'NONE',  ( 0.0000000000000000000, 0.0000000000000000000, 1.000000000000000000 ) ) ;
#2076 = FACE_OUTER_BOUND ( 'NONE', #68, .T. ) ;
#2077 = DIRECTION ( 'NONE',  ( 8.673617379884028076E-17, 0.0000000000000000000, 1.000000000000000000 ) ) ;
#2078 = CARTESIAN_POINT ( 'NONE',  ( -1.149999999999999023, 0.02000000000000000042, 0.7999999999999999334 ) ) ;
#2079 = ADVANCED_FACE ( 'NONE', ( #1959 ), #680, .F. ) ;
#2080 = VERTEX_POINT ( 'NONE', #1521 ) ;
#2081 = CARTESIAN_POINT ( 'NONE',  ( 0.0000000000000000000, 0.2300000000000000100, 0.0000000000000000000 ) ) ;
#2082 = FILL_AREA_STYLE ('',( #1230 ) ) ;
#2083 = EDGE_CURVE ( 'NONE', #1317, #292, #371, .T. ) ;
#2084 = EDGE_CURVE ( 'NONE', #752, #432, #850, .T. ) ;
#2085 = ORIENTED_EDGE ( 'NONE', *, *, #2115, .T. ) ;
#2086 = CARTESIAN_POINT ( 'NONE',  ( -1.029999999999998472, 0.2300000000000000100, -1.029999999999998028 ) ) ;
#2087 = CARTESIAN_POINT ( 'NONE',  ( -1.149999999999999023, 0.02000000000000000042, 1.149999999999999911 ) ) ;
#2088 = LINE ( 'NONE', #778, #44 ) ;
#2089 = CARTESIAN_POINT ( 'NONE',  ( 0.5000000000000012212, 0.0000000000000000000, -0.7999999999999999334 ) ) ;
#2090 = ORIENTED_EDGE ( 'NONE', *, *, #2295, .F. ) ;
#2091 =( NAMED_UNIT ( * ) SI_UNIT ( $, .STERADIAN. ) SOLID_ANGLE_UNIT ( ) );
#2092 = CARTESIAN_POINT ( 'NONE',  ( -1.100000000000002531, 0.2799999999999998601, -0.7999999999999990452 ) ) ;
#2093 = EDGE_LOOP ( 'NONE', ( #2085, #577, #688, #1793 ) ) ;
#2094 = CARTESIAN_POINT ( 'NONE',  ( -1.249999999999998890, 0.1300000000000000044, -1.249999999999999334 ) ) ;
#2095 = EDGE_CURVE ( 'NONE', #2570, #1765, #2391, .T. ) ;
#2096 = CLOSED_SHELL ( 'NONE', ( #1723, #1771, #2235, #947, #1622, #183, #2458, #1895, #963, #1123, #834, #2443, #554, #2079, #643, #1056, #2252, #2213, #1078, #2632, #1341, #1636, #1376, #2759, #2657, #1931, #1932, #2670, #928, #385, #1924, #887, #270, #661, #289, #2439, #730, #2533, #2774, #921, #2368, #1377, #2012, #1036, #1447, #2049, #1226, #1671, #2184, #708, #443, #2126, #888, #1756, #1174, #202, #165, #126, #184, #952, #1649, #2547, #321, #1963, #253, #1562, #2215, #1755, #2427, #1336, #72, #1410, #54, #1424, #2168, #2714, #1154, #967, #1290, #1909, #2572, #2635, #2371, #694, #386, #917, #429, #1096, #1950 ) ) ;
#2097 = VERTEX_POINT ( 'NONE', #1701 ) ;
#2098 = DIRECTION ( 'NONE',  ( -1.000000000000000000, 0.0000000000000000000, 0.0000000000000000000 ) ) ;
#2099 = DIRECTION ( 'NONE',  ( -1.000000000000000000, -0.0000000000000000000, -0.0000000000000000000 ) ) ;
#2100 = FILL_AREA_STYLE_COLOUR ( '', #2560 ) ;
#2101 = DIRECTION ( 'NONE',  ( -0.0000000000000000000, -1.000000000000000000, -0.0000000000000000000 ) ) ;
#2102 = VECTOR ( 'NONE', #379, 1000.000000000000000 ) ;
#2103 = ORIENTED_EDGE ( 'NONE', *, *, #1501, .T. ) ;
#2104 = DIRECTION ( 'NONE',  ( 0.0000000000000000000, 0.0000000000000000000, -1.000000000000000000 ) ) ;
#2105 = FILL_AREA_STYLE_COLOUR ( '', #5 ) ;
#2106 = AXIS2_PLACEMENT_3D ( 'NONE', #2223, #120, #309 ) ;
#2107 = AXIS2_PLACEMENT_3D ( 'NONE', #508, #1198, #133 ) ;
#2108 = CARTESIAN_POINT ( 'NONE',  ( -0.4999999999999991673, 0.02000000000000000042, 1.149999999999999911 ) ) ;
#2109 = CIRCLE ( 'NONE', #2383, 0.04999999999999991257 ) ;
#2110 = ORIENTED_EDGE ( 'NONE', *, *, #1632, .F. ) ;
#2111 = EDGE_LOOP ( 'NONE', ( #1253, #2436, #2723, #2309 ) ) ;
#2112 = STYLED_ITEM ( 'NONE', ( #714 ), #2517 ) ;
#2113 =( NAMED_UNIT ( * ) PLANE_ANGLE_UNIT ( ) SI_UNIT ( $, .RADIAN. ) );
#2114 = CARTESIAN_POINT ( 'NONE',  ( 1.150000000000000799, 0.0000000000000000000, 0.7999999999999999334 ) ) ;
#2115 = EDGE_CURVE ( 'NONE', #1748, #453, #2109, .T. ) ;
#2116 = CARTESIAN_POINT ( 'NONE',  ( -0.1499999999999987732, 0.02000000000000000042, -1.149999999999999911 ) ) ;
#2117 = CARTESIAN_POINT ( 'NONE',  ( 0.0000000000000000000, 0.02000000000000000042, 0.0000000000000000000 ) ) ;
#2118 =( LENGTH_UNIT ( ) NAMED_UNIT ( * ) SI_UNIT ( .MILLI., .METRE. ) );
#2119 = ORIENTED_EDGE ( 'NONE', *, *, #2674, .F. ) ;
#2120 = ORIENTED_EDGE ( 'NONE', *, *, #2263, .F. ) ;
#2121 = DIRECTION ( 'NONE',  ( 0.0000000000000000000, 1.000000000000000000, 0.0000000000000000000 ) ) ;
#2122 =( NAMED_UNIT ( * ) PLANE_ANGLE_UNIT ( ) SI_UNIT ( $, .RADIAN. ) );
#2123 = ORIENTED_EDGE ( 'NONE', *, *, #764, .T. ) ;
#2124 = FACE_OUTER_BOUND ( 'NONE', #1646, .T. ) ;
#2125 =( LENGTH_UNIT ( ) NAMED_UNIT ( * ) SI_UNIT ( .MILLI., .METRE. ) );
#2126 = ADVANCED_FACE ( 'NONE', ( #1719 ), #279, .T. ) ;
#2127 = CARTESIAN_POINT ( 'NONE',  ( -0.7999999999999989342, 0.0000000000000000000, 1.149999999999999911 ) ) ;
#2128 = EDGE_CURVE ( 'NONE', #2766, #806, #70, .T. ) ;
#2129 = EDGE_CURVE ( 'NONE', #1581, #783, #941, .T. ) ;
#2130 = SURFACE_STYLE_USAGE ( .BOTH. , #2367 ) ;
#2131 = VERTEX_POINT ( 'NONE', #735 ) ;
#2132 = DIRECTION ( 'NONE',  ( -0.0000000000000000000, 1.000000000000000000, -0.0000000000000000000 ) ) ;
#2133 = ORIENTED_EDGE ( 'NONE', *, *, #2297, .F. ) ;
#2134 = ORIENTED_EDGE ( 'NONE', *, *, #677, .F. ) ;
#2135 = CARTESIAN_POINT ( 'NONE',  ( -1.249999999999998890, 0.1300000000000000044, -1.249999999999999334 ) ) ;
#2136 = DIRECTION ( 'NONE',  ( 0.0000000000000000000, -1.000000000000000000, 0.0000000000000000000 ) ) ;
#2137 = ORIENTED_EDGE ( 'NONE', *, *, #1867, .F. ) ;
#2138 = VECTOR ( 'NONE', #317, 1000.000000000000000 ) ;
#2139 = LINE ( 'NONE', #1736, #151 ) ;
#2140 = PLANE ( 'NONE',  #1523 ) ;
#2141 = VECTOR ( 'NONE', #161, 1000.000000000000000 ) ;
#2142 = CARTESIAN_POINT ( 'NONE',  ( 0.5000000000000012212, 0.0000000000000000000, -1.149999999999999911 ) ) ;
#2143 = SURFACE_STYLE_FILL_AREA ( #2388 ) ;
#2144 = MECHANICAL_DESIGN_GEOMETRIC_PRESENTATION_REPRESENTATION (  '', ( #2275 ), #2601 ) ;
#2145 = CARTESIAN_POINT ( 'NONE',  ( 1.030000000000001803, 0.1300000000000000044, 1.150000000000002132 ) ) ;
#2146 = EDGE_CURVE ( 'NONE', #453, #839, #2433, .T. ) ;
#2147 = VECTOR ( 'NONE', #344, 1000.000000000000000 ) ;
#2148 = ORIENTED_EDGE ( 'NONE', *, *, #271, .F. ) ;
#2149 = DIRECTION ( 'NONE',  ( -1.000000000000000000, 0.0000000000000000000, 0.0000000000000000000 ) ) ;
#2150 = LINE ( 'NONE', #1760, #1351 ) ;
#2151 = DIRECTION ( 'NONE',  ( 0.0000000000000000000, 0.0000000000000000000, -1.000000000000000000 ) ) ;
#2152 = EDGE_CURVE ( 'NONE', #2080, #2537, #546, .T. ) ;
#2153 = CARTESIAN_POINT ( 'NONE',  ( -1.149999999999998801, -0.0000000000000000000, -0.7999999999999999334 ) ) ;
#2154 = VECTOR ( 'NONE', #107, 1000.000000000000000 ) ;
#2155 = DIRECTION ( 'NONE',  ( 0.0000000000000000000, 1.000000000000000000, 0.0000000000000000000 ) ) ;
#2156 =( GEOMETRIC_REPRESENTATION_CONTEXT ( 3 ) GLOBAL_UNCERTAINTY_ASSIGNED_CONTEXT ( ( #2244 ) ) GLOBAL_UNIT_ASSIGNED_CONTEXT ( ( #1912, #2777, #2300 ) ) REPRESENTATION_CONTEXT ( 'NONE', 'WORKASPACE' ) );
#2157 = ORIENTED_EDGE ( 'NONE', *, *, #2512, .T. ) ;
#2158 = AXIS2_PLACEMENT_3D ( 'NONE', #1209, #2283, #1224 ) ;
#2159 = CARTESIAN_POINT ( 'NONE',  ( -1.029999999999998472, 0.2300000000000000100, 1.030000000000002247 ) ) ;
#2160 = LINE ( 'NONE', #1314, #622 ) ;
#2161 = ORIENTED_EDGE ( 'NONE', *, *, #11, .T. ) ;
#2162 = CIRCLE ( 'NONE', #820, 0.04999999999999991257 ) ;
#2163 = FACE_OUTER_BOUND ( 'NONE', #1187, .T. ) ;
#2164 = CARTESIAN_POINT ( 'NONE',  ( 0.5000000000000009992, 0.0000000000000000000, 1.149999999999999911 ) ) ;
#2165 = VERTEX_POINT ( 'NONE', #102 ) ;
#2166 = CARTESIAN_POINT ( 'NONE',  ( 0.1500000000000010492, 0.0000000000000000000, -0.7999999999999999334 ) ) ;
#2167 = EDGE_LOOP ( 'NONE', ( #1674, #376, #1993, #2050 ) ) ;
#2168 = ADVANCED_FACE ( 'NONE', ( #2630 ), #1818, .F. ) ;
#2169 = CYLINDRICAL_SURFACE ( 'NONE', #530, 0.09999999999999982514 ) ;
#2170 = CARTESIAN_POINT ( 'NONE',  ( 1.150000000000001243, 0.02000000000000000042, -1.149999999999999911 ) ) ;
#2171 = EDGE_CURVE ( 'NONE', #1118, #2362, #2287, .T. ) ;
#2172 = EDGE_CURVE ( 'NONE', #28, #556, #2455, .T. ) ;
#2173 = ORIENTED_EDGE ( 'NONE', *, *, #2422, .F. ) ;
#2174 = SURFACE_STYLE_USAGE ( .BOTH. , #454 ) ;
#2175 = CARTESIAN_POINT ( 'NONE',  ( -1.149999999999998135, 0.2300000000000000100, 1.150000000000002132 ) ) ;
#2176 = VERTEX_POINT ( 'NONE', #2663 ) ;
#2177 = SURFACE_SIDE_STYLE ('',( #2143 ) ) ;
#2178 = ORIENTED_EDGE ( 'NONE', *, *, #2653, .T. ) ;
#2179 = FILL_AREA_STYLE_COLOUR ( '', #1706 ) ;
#2180 = DIRECTION ( 'NONE',  ( 0.0000000000000000000, 0.0000000000000000000, -1.000000000000000000 ) ) ;
#2181 = DIRECTION ( 'NONE',  ( -1.000000000000000000, -0.0000000000000000000, -0.0000000000000000000 ) ) ;
#2182 = CARTESIAN_POINT ( 'NONE',  ( -0.8000000000000051514, 0.2800000000000000266, 1.150000000000001910 ) ) ;
#2183 = DIRECTION ( 'NONE',  ( -0.0000000000000000000, -1.000000000000000000, -0.0000000000000000000 ) ) ;
#2184 = ADVANCED_FACE ( 'NONE', ( #516 ), #504, .F. ) ;
#2185 = ORIENTED_EDGE ( 'NONE', *, *, #351, .T. ) ;
#2186 = EDGE_LOOP ( 'NONE', ( #481, #2428, #1826, #2624 ) ) ;
#2187 = CARTESIAN_POINT ( 'NONE',  ( 0.6200000000000011058, 0.6300000000000001155, -0.1600000000000000866 ) ) ;
#2188 = CARTESIAN_POINT ( 'NONE',  ( -1.149999999999998135, 0.2300000000000000100, -1.149999999999997913 ) ) ;
#2189 = ORIENTED_EDGE ( 'NONE', *, *, #2729, .T. ) ;
#2190 = FACE_BOUND ( 'NONE', #2499, .T. ) ;
#2191 = VECTOR ( 'NONE', #2627, 1000.000000000000000 ) ;
#2192 = VERTEX_POINT ( 'NONE', #746 ) ;
#2193 = VECTOR ( 'NONE', #2511, 1000.000000000000000 ) ;
#2194 = DIRECTION ( 'NONE',  ( 0.0000000000000000000, 0.0000000000000000000, -1.000000000000000000 ) ) ;
#2195 = CARTESIAN_POINT ( 'NONE',  ( -1.029999999999998472, 0.2300000000000000100, 1.030000000000002247 ) ) ;
#2196 = VECTOR ( 'NONE', #526, 1000.000000000000000 ) ;
#2197 = DIRECTION ( 'NONE',  ( -0.0000000000000000000, -1.000000000000000000, -0.0000000000000000000 ) ) ;
#2198 = ORIENTED_EDGE ( 'NONE', *, *, #2687, .F. ) ;
#2199 = AXIS2_PLACEMENT_3D ( 'NONE', #770, #1624, #2261 ) ;
#2200 = ORIENTED_EDGE ( 'NONE', *, *, #1725, .F. ) ;
#2201 = CARTESIAN_POINT ( 'NONE',  ( -1.149999999999999023, 0.02000000000000000042, 1.149999999999999911 ) ) ;
#2202 = EDGE_CURVE ( 'NONE', #1774, #948, #1712, .T. ) ;
#2203 = COLOUR_RGB ( '',1.000000000000000000, 0.8078431372549019773, 0.4980392156862745168 ) ;
#2204 = EDGE_LOOP ( 'NONE', ( #2432, #2577, #2178, #496 ) ) ;
#2205 = DIRECTION ( 'NONE',  ( 0.0000000000000000000, 0.0000000000000000000, -1.000000000000000000 ) ) ;
#2206 = VECTOR ( 'NONE', #1847, 1000.000000000000000 ) ;
#2207 = DIRECTION ( 'NONE',  ( 0.0000000000000000000, 0.0000000000000000000, 1.000000000000000000 ) ) ;
#2208 = CARTESIAN_POINT ( 'NONE',  ( -1.149999999999999023, 0.0000000000000000000, 0.7999999999999999334 ) ) ;
#2209 = CARTESIAN_POINT ( 'NONE',  ( 0.0000000000000000000, 0.2300000000000000100, 0.0000000000000000000 ) ) ;
#2210 = LINE ( 'NONE', #1991, #2281 ) ;
#2211 = VERTEX_POINT ( 'NONE', #1183 ) ;
#2212 = VERTEX_POINT ( 'NONE', #489 ) ;
#2213 = ADVANCED_FACE ( 'NONE', ( #1350 ), #2219, .F. ) ;
#2214 = DIRECTION ( 'NONE',  ( -1.000000000000000000, 0.0000000000000000000, 0.0000000000000000000 ) ) ;
#2215 = ADVANCED_FACE ( 'NONE', ( #316 ), #302, .F. ) ;
#2216 = EDGE_CURVE ( 'NONE', #659, #1690, #327, .T. ) ;
#2217 = ORIENTED_EDGE ( 'NONE', *, *, #514, .F. ) ;
#2218 = LINE ( 'NONE', #2413, #361 ) ;
#2219 = PLANE ( 'NONE',  #946 ) ;
#2220 = CARTESIAN_POINT ( 'NONE',  ( -1.249999999999998668, 0.1300000000000000044, 1.250000000000002887 ) ) ;
#2221 = DIRECTION ( 'NONE',  ( 0.0000000000000000000, 0.0000000000000000000, 1.000000000000000000 ) ) ;
#2222 =( NAMED_UNIT ( * ) PLANE_ANGLE_UNIT ( ) SI_UNIT ( $, .RADIAN. ) );
#2223 = CARTESIAN_POINT ( 'NONE',  ( -0.7999999999999989342, 0.02000000000000000042, 1.149999999999999911 ) ) ;
#2224 = ORIENTED_EDGE ( 'NONE', *, *, #551, .T. ) ;
#2225 = PLANE ( 'NONE',  #2248 ) ;
#2226 = FACE_OUTER_BOUND ( 'NONE', #1461, .T. ) ;
#2227 = EDGE_LOOP ( 'NONE', ( #424, #939, #1603, #2565 ) ) ;
#2228 = DIRECTION ( 'NONE',  ( 1.000000000000000000, 0.0000000000000000000, -0.0000000000000000000 ) ) ;
#2229 = CARTESIAN_POINT ( 'NONE',  ( -0.7999999999999989342, 0.02000000000000000042, 1.149999999999999911 ) ) ;
#2230 = EDGE_CURVE ( 'NONE', #2211, #51, #1984, .T. ) ;
#2231 = ORIENTED_EDGE ( 'NONE', *, *, #2171, .T. ) ;
#2232 = CARTESIAN_POINT ( 'NONE',  ( -1.249999999999998668, 0.1300000000000000044, 1.250000000000002887 ) ) ;
#2233 = PLANE ( 'NONE',  #2107 ) ;
#2234 = VECTOR ( 'NONE', #1865, 1000.000000000000000 ) ;
#2235 = ADVANCED_FACE ( 'NONE', ( #2245 ), #332, .T. ) ;
#2236 = ORIENTED_EDGE ( 'NONE', *, *, #606, .F. ) ;
#2237 = CIRCLE ( 'NONE', #1653, 0.04999999999999991257 ) ;
#2238 = DIRECTION ( 'NONE',  ( -0.0000000000000000000, -1.000000000000000000, -0.0000000000000000000 ) ) ;
#2239 = VERTEX_POINT ( 'NONE', #2733 ) ;
#2240 = VECTOR ( 'NONE', #2609, 1000.000000000000000 ) ;
#2241 = CARTESIAN_POINT ( 'NONE',  ( 0.1500000000000008271, 0.0000000000000000000, 1.149999999999999911 ) ) ;
#2242 = CARTESIAN_POINT ( 'NONE',  ( 1.149999999999998357, 0.2799999999999998601, -1.099999999999998535 ) ) ;
#2243 = ORIENTED_EDGE ( 'NONE', *, *, #268, .F. ) ;
#2244 = UNCERTAINTY_MEASURE_WITH_UNIT (LENGTH_MEASURE( 1.000000000000000082E-05 ), #1912, 'distance_accuracy_value', 'NONE');
#2245 = FACE_OUTER_BOUND ( 'NONE', #1929, .T. ) ;
#2246 = AXIS2_PLACEMENT_3D ( 'NONE', #354, #190, #1445 ) ;
#2247 = FILL_AREA_STYLE ('',( #294 ) ) ;
#2248 = AXIS2_PLACEMENT_3D ( 'NONE', #1161, #1179, #2020 ) ;
#2249 = DIRECTION ( 'NONE',  ( 0.0000000000000000000, -1.000000000000000000, 0.0000000000000000000 ) ) ;
#2250 = EDGE_CURVE ( 'NONE', #1309, #462, #407, .T. ) ;
#2251 = ORIENTED_EDGE ( 'NONE', *, *, #590, .T. ) ;
#2252 = ADVANCED_FACE ( 'NONE', ( #819 ), #1850, .F. ) ;
#2253 = FACE_OUTER_BOUND ( 'NONE', #56, .T. ) ;
#2254 = ORIENTED_EDGE ( 'NONE', *, *, #1340, .T. ) ;
#2255 = LINE ( 'NONE', #186, #1491 ) ;
#2256 = EDGE_LOOP ( 'NONE', ( #1432, #907, #2090, #2587 ) ) ;
#2257 = DIRECTION ( 'NONE',  ( 0.0000000000000000000, -0.0000000000000000000, 1.000000000000000000 ) ) ;
#2258 = CARTESIAN_POINT ( 'NONE',  ( -0.7999999999999989342, 0.02000000000000000042, 0.7999999999999999334 ) ) ;
#2259 = DIRECTION ( 'NONE',  ( -1.000000000000000000, 0.0000000000000000000, -0.0000000000000000000 ) ) ;
#2260 = ORIENTED_EDGE ( 'NONE', *, *, #798, .F. ) ;
#2261 = DIRECTION ( 'NONE',  ( -1.000000000000000000, 0.0000000000000000000, 0.0000000000000000000 ) ) ;
#2262 = ORIENTED_EDGE ( 'NONE', *, *, #2152, .T. ) ;
#2263 = EDGE_CURVE ( 'NONE', #2741, #8, #1897, .T. ) ;
#2264 = CARTESIAN_POINT ( 'NONE',  ( 0.1500000000000010492, 0.02000000000000000042, -1.149999999999999911 ) ) ;
#2265 = LINE ( 'NONE', #1640, #2057 ) ;
#2266 = LINE ( 'NONE', #2307, #989 ) ;
#2267 = CARTESIAN_POINT ( 'NONE',  ( 0.1500000000000010492, 0.02000000000000000042, -0.7999999999999999334 ) ) ;
#2268 = DIRECTION ( 'NONE',  ( 0.0000000000000000000, -0.0000000000000000000, 1.000000000000000000 ) ) ;
#2269 = VECTOR ( 'NONE', #517, 1000.000000000000000 ) ;
#2270 = FACE_OUTER_BOUND ( 'NONE', #1032, .T. ) ;
#2271 = AXIS2_PLACEMENT_3D ( 'NONE', #742, #1370, #1995 ) ;
#2272 = ORIENTED_EDGE ( 'NONE', *, *, #874, .F. ) ;
#2273 = FILL_AREA_STYLE ('',( #565 ) ) ;
#2274 = DIRECTION ( 'NONE',  ( -1.000000000000000000, -0.0000000000000000000, -0.0000000000000000000 ) ) ;
#2275 = STYLED_ITEM ( 'NONE', ( #2290 ), #834 ) ;
#2276 = VERTEX_POINT ( 'NONE', #1414 ) ;
#2277 = MECHANICAL_DESIGN_GEOMETRIC_PRESENTATION_REPRESENTATION (  '', ( #2788 ), #2649 ) ;
#2278 = LINE ( 'NONE', #1411, #2615 ) ;
#2279 = CIRCLE ( 'NONE', #1431, 0.2500000000000000000 ) ;
#2280 = DIRECTION ( 'NONE',  ( 1.000000000000000000, 0.0000000000000000000, 0.0000000000000000000 ) ) ;
#2281 = VECTOR ( 'NONE', #1730, 1000.000000000000000 ) ;
#2282 = EDGE_CURVE ( 'NONE', #1199, #595, #1682, .T. ) ;
#2283 = DIRECTION ( 'NONE',  ( -1.000000000000000000, 0.0000000000000000000, -7.885106708985485090E-16 ) ) ;
#2284 = PRODUCT_DEFINITION_FORMATION_WITH_SPECIFIED_SOURCE ( 'ANY', '', #631, .NOT_KNOWN. ) ;
#2285 = ORIENTED_EDGE ( 'NONE', *, *, #2422, .T. ) ;
#2286 = CARTESIAN_POINT ( 'NONE',  ( -1.100000000000002087, 4.971269837220813059, -1.099999999999998535 ) ) ;
#2287 = CIRCLE ( 'NONE', #1439, 0.2500000000000000000 ) ;
#2288 = VECTOR ( 'NONE', #157, 1000.000000000000000 ) ;
#2289 = VERTEX_POINT ( 'NONE', #2487 ) ;
#2290 = PRESENTATION_STYLE_ASSIGNMENT (( #796 ) ) ;
#2291 = DIRECTION ( 'NONE',  ( -0.0000000000000000000, 1.000000000000000000, -0.0000000000000000000 ) ) ;
#2292 = CARTESIAN_POINT ( 'NONE',  ( -1.149999999999998801, -0.0000000000000000000, -0.7999999999999999334 ) ) ;
#2293 = LINE ( 'NONE', #1017, #1249 ) ;
#2294 = DIRECTION ( 'NONE',  ( 0.0000000000000000000, -1.000000000000000000, 0.0000000000000000000 ) ) ;
#2295 = EDGE_CURVE ( 'NONE', #1854, #1440, #1663, .T. ) ;
#2296 = CARTESIAN_POINT ( 'NONE',  ( -1.149999999999998135, 0.2300000000000000100, -1.149999999999997913 ) ) ;
#2297 = EDGE_CURVE ( 'NONE', #2783, #2655, #832, .T. ) ;
#2298 = EDGE_LOOP ( 'NONE', ( #1409, #296, #1300, #313 ) ) ;
#2299 = LINE ( 'NONE', #2750, #2058 ) ;
#2300 =( NAMED_UNIT ( * ) SI_UNIT ( $, .STERADIAN. ) SOLID_ANGLE_UNIT ( ) );
#2301 = ORIENTED_EDGE ( 'NONE', *, *, #1965, .F. ) ;
#2302 = DIRECTION ( 'NONE',  ( 8.673617379884028076E-17, 0.0000000000000000000, 1.000000000000000000 ) ) ;
#2303 = PRESENTATION_STYLE_ASSIGNMENT (( #1453 ) ) ;
#2304 = ORIENTED_EDGE ( 'NONE', *, *, #2034, .T. ) ;
#2305 = PLANE ( 'NONE',  #197 ) ;
#2306 = DIRECTION ( 'NONE',  ( 1.000000000000000000, 0.0000000000000000000, 2.168404344971012812E-15 ) ) ;
#2307 = CARTESIAN_POINT ( 'NONE',  ( -1.249999999999998668, 0.0000000000000000000, 1.250000000000002887 ) ) ;
#2308 = CARTESIAN_POINT ( 'NONE',  ( 0.1500000000000010492, 0.0000000000000000000, -1.149999999999999911 ) ) ;
#2309 = ORIENTED_EDGE ( 'NONE', *, *, #2129, .T. ) ;
#2310 = PLANE ( 'NONE',  #2463 ) ;
#2311 = VERTEX_POINT ( 'NONE', #801 ) ;
#2312 = CARTESIAN_POINT ( 'NONE',  ( 0.5000000000000009992, 0.02000000000000000042, 0.7999999999999999334 ) ) ;
#2313 = LINE ( 'NONE', #583, #1617 ) ;
#2314 = EDGE_CURVE ( 'NONE', #2276, #1118, #2521, .T. ) ;
#2315 = ORIENTED_EDGE ( 'NONE', *, *, #1395, .T. ) ;
#2316 = VECTOR ( 'NONE', #937, 1000.000000000000000 ) ;
#2317 = DIRECTION ( 'NONE',  ( 0.0000000000000000000, -1.000000000000000000, 0.0000000000000000000 ) ) ;
#2318 = DIRECTION ( 'NONE',  ( 7.228014483236697541E-16, 0.0000000000000000000, 1.000000000000000000 ) ) ;
#2319 = VECTOR ( 'NONE', #1035, 1000.000000000000000 ) ;
#2320 = CARTESIAN_POINT ( 'NONE',  ( -0.1499999999999989952, 0.0000000000000000000, 0.7999999999999999334 ) ) ;
#2321 = VECTOR ( 'NONE', #1700, 1000.000000000000000 ) ;
#2322 = CARTESIAN_POINT ( 'NONE',  ( 0.1500000000000008271, 0.0000000000000000000, 1.149999999999999911 ) ) ;
#2323 = FILL_AREA_STYLE_COLOUR ( '', #1383 ) ;
#2324 = AXIS2_PLACEMENT_3D ( 'NONE', #702, #1997, #69 ) ;
#2325 = ORIENTED_EDGE ( 'NONE', *, *, #1361, .F. ) ;
#2326 = LINE ( 'NONE', #1518, #2420 ) ;
#2327 = AXIS2_PLACEMENT_3D ( 'NONE', #2772, #890, #845 ) ;
#2328 = CIRCLE ( 'NONE', #1434, 0.2999999999999999334 ) ;
#2329 = VERTEX_POINT ( 'NONE', #2322 ) ;
#2330 = CIRCLE ( 'NONE', #144, 0.1199999999999998845 ) ;
#2331 = ORIENTED_EDGE ( 'NONE', *, *, #642, .T. ) ;
#2332 = CARTESIAN_POINT ( 'NONE',  ( 0.8000000000000010436, 0.0000000000000000000, -1.149999999999999911 ) ) ;
#2333 = CARTESIAN_POINT ( 'NONE',  ( -0.9749999999999988676, 0.02000000000000000042, -0.4999999999999993339 ) ) ;
#2334 = AXIS2_PLACEMENT_3D ( 'NONE', #30, #1535, #1928 ) ;
#2335 = EDGE_CURVE ( 'NONE', #2014, #373, #1888, .T. ) ;
#2336 = EDGE_CURVE ( 'NONE', #185, #1543, #160, .T. ) ;
#2337 = ORIENTED_EDGE ( 'NONE', *, *, #1635, .F. ) ;
#2338 = AXIS2_PLACEMENT_3D ( 'NONE', #2264, #1626, #788 ) ;
#2339 = CARTESIAN_POINT ( 'NONE',  ( -0.9749999999999988676, -0.0000000000000000000, -0.4999999999999993339 ) ) ;
#2340 = LINE ( 'NONE', #2385, #38 ) ;
#2341 = CARTESIAN_POINT ( 'NONE',  ( -1.149999999999998135, 0.1300000000000000044, -1.149999999999997913 ) ) ;
#2342 = PLANE ( 'NONE',  #2055 ) ;
#2343 = ORIENTED_EDGE ( 'NONE', *, *, #658, .T. ) ;
#2344 = DIRECTION ( 'NONE',  ( 0.0000000000000000000, 0.0000000000000000000, 1.000000000000000000 ) ) ;
#2345 = CARTESIAN_POINT ( 'NONE',  ( -0.8000000000000024869, 0.2799999999999998601, -1.149999999999998357 ) ) ;
#2346 = ORIENTED_EDGE ( 'NONE', *, *, #478, .F. ) ;
#2347 = DIRECTION ( 'NONE',  ( 0.0000000000000000000, -1.000000000000000000, 0.0000000000000000000 ) ) ;
#2348 = ORIENTED_EDGE ( 'NONE', *, *, #2426, .T. ) ;
#2349 = DIRECTION ( 'NONE',  ( 0.0000000000000000000, 0.0000000000000000000, -1.000000000000000000 ) ) ;
#2350 =( NAMED_UNIT ( * ) PLANE_ANGLE_UNIT ( ) SI_UNIT ( $, .RADIAN. ) );
#2351 = EDGE_CURVE ( 'NONE', #2527, #1571, #1577, .T. ) ;
#2352 = DIRECTION ( 'NONE',  ( 0.0000000000000000000, 0.0000000000000000000, -1.000000000000000000 ) ) ;
#2353 = FACE_OUTER_BOUND ( 'NONE', #2071, .T. ) ;
#2354 = PLANE ( 'NONE',  #2550 ) ;
#2355 = EDGE_CURVE ( 'NONE', #2276, #3, #724, .T. ) ;
#2356 = ORIENTED_EDGE ( 'NONE', *, *, #2541, .T. ) ;
#2357 = DIRECTION ( 'NONE',  ( 0.0000000000000000000, 1.000000000000000000, 0.0000000000000000000 ) ) ;
#2358 = DIRECTION ( 'NONE',  ( 0.0000000000000000000, -1.000000000000000000, 0.0000000000000000000 ) ) ;
#2359 = ORIENTED_EDGE ( 'NONE', *, *, #1537, .F. ) ;
#2360 = DIRECTION ( 'NONE',  ( -1.000000000000000000, -0.0000000000000000000, -0.0000000000000000000 ) ) ;
#2361 = SURFACE_SIDE_STYLE ('',( #1722 ) ) ;
#2362 = VERTEX_POINT ( 'NONE', #393 ) ;
#2363 = DIRECTION ( 'NONE',  ( 0.0000000000000000000, 0.0000000000000000000, -1.000000000000000000 ) ) ;
#2364 = DIRECTION ( 'NONE',  ( 1.000000000000000000, 0.0000000000000000000, 0.0000000000000000000 ) ) ;
#2365 = EDGE_LOOP ( 'NONE', ( #363, #960, #2337, #2262 ) ) ;
#2366 = PLANE ( 'NONE',  #768 ) ;
#2367 = SURFACE_SIDE_STYLE ('',( #260 ) ) ;
#2368 = ADVANCED_FACE ( 'NONE', ( #1654 ), #540, .T. ) ;
#2369 = CARTESIAN_POINT ( 'NONE',  ( 0.1500000000000010492, 0.02000000000000000042, -1.149999999999999911 ) ) ;
#2370 = VECTOR ( 'NONE', #2378, 1000.000000000000000 ) ;
#2371 = ADVANCED_FACE ( 'NONE', ( #1235 ), #779, .F. ) ;
#2372 = EDGE_CURVE ( 'NONE', #1543, #2396, #2497, .T. ) ;
#2373 = ORIENTED_EDGE ( 'NONE', *, *, #2067, .F. ) ;
#2374 =( LENGTH_UNIT ( ) NAMED_UNIT ( * ) SI_UNIT ( .MILLI., .METRE. ) );
#2375 = DIRECTION ( 'NONE',  ( 1.000000000000000000, 0.0000000000000000000, -0.0000000000000000000 ) ) ;
#2376 = ORIENTED_EDGE ( 'NONE', *, *, #1140, .T. ) ;
#2377 = TOROIDAL_SURFACE ( 'NONE', #1482, 0.04999999999999996808, 0.2500000000000000000 ) ;
#2378 = DIRECTION ( 'NONE',  ( 0.0000000000000000000, -1.000000000000000000, 0.0000000000000000000 ) ) ;
#2379 = AXIS2_PLACEMENT_3D ( 'NONE', #1438, #1662, #1003 ) ;
#2380 = FILL_AREA_STYLE_COLOUR ( '', #2429 ) ;
#2381 =( GEOMETRIC_REPRESENTATION_CONTEXT ( 3 ) GLOBAL_UNCERTAINTY_ASSIGNED_CONTEXT ( ( #1102 ) ) GLOBAL_UNIT_ASSIGNED_CONTEXT ( ( #550, #1406, #2000 ) ) REPRESENTATION_CONTEXT ( 'NONE', 'WORKASPACE' ) );
#2382 = ORIENTED_EDGE ( 'NONE', *, *, #368, .F. ) ;
#2383 = AXIS2_PLACEMENT_3D ( 'NONE', #2345, #2375, #2180 ) ;
#2384 = SURFACE_STYLE_FILL_AREA ( #2596 ) ;
#2385 = CARTESIAN_POINT ( 'NONE',  ( -0.4999999999999989453, -0.0000000000000000000, -0.7999999999999999334 ) ) ;
#2386 = ORIENTED_EDGE ( 'NONE', *, *, #2171, .F. ) ;
#2387 = CIRCLE ( 'NONE', #2571, 0.1199999999999999956 ) ;
#2388 = FILL_AREA_STYLE ('',( #1530 ) ) ;
#2389 = ORIENTED_EDGE ( 'NONE', *, *, #1372, .F. ) ;
#2390 = FACE_OUTER_BOUND ( 'NONE', #106, .T. ) ;
#2391 = LINE ( 'NONE', #2401, #2751 ) ;
#2392 = DIRECTION ( 'NONE',  ( 0.0000000000000000000, 1.000000000000000000, 0.0000000000000000000 ) ) ;
#2393 = EDGE_CURVE ( 'NONE', #1823, #469, #174, .T. ) ;
#2394 = LINE ( 'NONE', #1115, #2240 ) ;
#2395 = ORIENTED_EDGE ( 'NONE', *, *, #758, .T. ) ;
#2396 = VERTEX_POINT ( 'NONE', #2089 ) ;
#2397 = ORIENTED_EDGE ( 'NONE', *, *, #1595, .F. ) ;
#2398 = LINE ( 'NONE', #229, #1781 ) ;
#2399 = VERTEX_POINT ( 'NONE', #2748 ) ;
#2400 = PLANE ( 'NONE',  #2701 ) ;
#2401 = CARTESIAN_POINT ( 'NONE',  ( -0.1499999999999987732, 0.02000000000000000042, -0.7999999999999999334 ) ) ;
#2402 = ORIENTED_EDGE ( 'NONE', *, *, #2393, .T. ) ;
#2403 = FACE_OUTER_BOUND ( 'NONE', #1342, .T. ) ;
#2404 = CARTESIAN_POINT ( 'NONE',  ( 0.1500000000000008271, 0.02000000000000000042, 0.7999999999999999334 ) ) ;
#2405 = EDGE_CURVE ( 'NONE', #595, #1099, #1020, .T. ) ;
#2406 = ORIENTED_EDGE ( 'NONE', *, *, #12, .F. ) ;
#2407 = EDGE_LOOP ( 'NONE', ( #1508, #2548, #851, #2103 ) ) ;
#2408 = VECTOR ( 'NONE', #2181, 1000.000000000000000 ) ;
#2409 = CARTESIAN_POINT ( 'NONE',  ( -1.249999999999998890, 0.1300000000000000044, -1.249999999999999334 ) ) ;
#2410 = DIRECTION ( 'NONE',  ( 0.0000000000000000000, 0.0000000000000000000, 1.000000000000000000 ) ) ;
#2411 = CARTESIAN_POINT ( 'NONE',  ( -1.029999999999998472, 0.2300000000000000100, -1.149999999999997913 ) ) ;
#2412 = ORIENTED_EDGE ( 'NONE', *, *, #758, .F. ) ;
#2413 = CARTESIAN_POINT ( 'NONE',  ( -0.7999999999999987121, 0.02000000000000000042, -0.7999999999999999334 ) ) ;
#2414 = VECTOR ( 'NONE', #2302, 1000.000000000000000 ) ;
#2415 = DIRECTION ( 'NONE',  ( 0.0000000000000000000, 1.000000000000000000, 0.0000000000000000000 ) ) ;
#2416 = CARTESIAN_POINT ( 'NONE',  ( 0.8000000000000008216, 0.02000000000000000042, 1.149999999999999911 ) ) ;
#2417 = AXIS2_PLACEMENT_3D ( 'NONE', #319, #1353, #104 ) ;
#2418 =( LENGTH_UNIT ( ) NAMED_UNIT ( * ) SI_UNIT ( .MILLI., .METRE. ) );
#2419 =( LENGTH_UNIT ( ) NAMED_UNIT ( * ) SI_UNIT ( .MILLI., .METRE. ) );
#2420 = VECTOR ( 'NONE', #1267, 1000.000000000000000 ) ;
#2421 = AXIS2_PLACEMENT_3D ( 'NONE', #2043, #2699, #976 ) ;
#2422 = EDGE_CURVE ( 'NONE', #323, #1944, #1942, .T. ) ;
#2423 = LINE ( 'NONE', #1563, #2514 ) ;
#2424 = VERTEX_POINT ( 'NONE', #1516 ) ;
#2425 = MECHANICAL_DESIGN_GEOMETRIC_PRESENTATION_REPRESENTATION (  '', ( #1347 ), #2652 ) ;
#2426 = EDGE_CURVE ( 'NONE', #2688, #2097, #904, .T. ) ;
#2427 = ADVANCED_FACE ( 'NONE', ( #1088 ), #1542, .T. ) ;
#2428 = ORIENTED_EDGE ( 'NONE', *, *, #1275, .T. ) ;
#2429 = COLOUR_RGB ( '',0.0000000000000000000, 0.5019607843137254832, 0.0000000000000000000 ) ;
#2430 = CARTESIAN_POINT ( 'NONE',  ( 1.030000000000001803, 0.2300000000000000100, -1.029999999999998028 ) ) ;
#2431 = AXIS2_PLACEMENT_3D ( 'NONE', #2722, #2101, #1247 ) ;
#2432 = ORIENTED_EDGE ( 'NONE', *, *, #1952, .T. ) ;
#2433 = LINE ( 'NONE', #115, #2709 ) ;
#2434 = CARTESIAN_POINT ( 'NONE',  ( -0.4999999999999991673, 0.02000000000000000042, 1.149999999999999911 ) ) ;
#2435 = ORIENTED_EDGE ( 'NONE', *, *, #149, .F. ) ;
#2436 = ORIENTED_EDGE ( 'NONE', *, *, #1832, .F. ) ;
#2437 = CARTESIAN_POINT ( 'NONE',  ( -0.4999999999999989453, 0.02000000000000000042, -1.149999999999999911 ) ) ;
#2438 = EDGE_LOOP ( 'NONE', ( #1272, #883, #1879, #701 ) ) ;
#2439 = ADVANCED_FACE ( 'NONE', ( #1923 ), #452, .F. ) ;
#2440 = DIRECTION ( 'NONE',  ( 1.000000000000000000, 0.0000000000000000000, 0.0000000000000000000 ) ) ;
#2441 = ORIENTED_EDGE ( 'NONE', *, *, #430, .F. ) ;
#2442 = FILL_AREA_STYLE_COLOUR ( '', #87 ) ;
#2443 = ADVANCED_FACE ( 'NONE', ( #2163 ), #1908, .F. ) ;
#2444 = DIRECTION ( 'NONE',  ( -1.000000000000000000, -0.0000000000000000000, -0.0000000000000000000 ) ) ;
#2445 = EDGE_LOOP ( 'NONE', ( #1846, #600, #467, #2476 ) ) ;
#2446 = FACE_OUTER_BOUND ( 'NONE', #1684, .T. ) ;
#2447 = FILL_AREA_STYLE_COLOUR ( '', #2519 ) ;
#2448 = EDGE_LOOP ( 'NONE', ( #1103, #2402, #1241, #2325 ) ) ;
#2449 = LINE ( 'NONE', #1408, #283 ) ;
#2450 = ORIENTED_EDGE ( 'NONE', *, *, #419, .T. ) ;
#2451 = DIRECTION ( 'NONE',  ( 0.0000000000000000000, 0.0000000000000000000, 1.000000000000000000 ) ) ;
#2452 = ORIENTED_EDGE ( 'NONE', *, *, #372, .F. ) ;
#2453 = DIRECTION ( 'NONE',  ( 1.000000000000000000, 0.0000000000000000000, 8.673617379884035472E-16 ) ) ;
#2454 = EDGE_CURVE ( 'NONE', #1936, #1690, #950, .T. ) ;
#2455 = LINE ( 'NONE', #957, #2569 ) ;
#2456 = PLANE ( 'NONE',  #1779 ) ;
#2457 = EDGE_CURVE ( 'NONE', #43, #1552, #2162, .T. ) ;
#2458 = ADVANCED_FACE ( 'NONE', ( #2353 ), #673, .F. ) ;
#2459 = STYLED_ITEM ( 'NONE', ( #833 ), #184 ) ;
#2460 =( NAMED_UNIT ( * ) SI_UNIT ( $, .STERADIAN. ) SOLID_ANGLE_UNIT ( ) );
#2461 = CIRCLE ( 'NONE', #181, 0.04999999999999991257 ) ;
#2462 = EDGE_LOOP ( 'NONE', ( #2073, #1468, #1217, #1164 ) ) ;
#2463 = AXIS2_PLACEMENT_3D ( 'NONE', #1251, #1851, #193 ) ;
#2464 = CARTESIAN_POINT ( 'NONE',  ( -0.8000000000000024869, 0.6800000000000000488, -1.099999999999998535 ) ) ;
#2465 = VERTEX_POINT ( 'NONE', #1813 ) ;
#2466 =( GEOMETRIC_REPRESENTATION_CONTEXT ( 3 ) GLOBAL_UNCERTAINTY_ASSIGNED_CONTEXT ( ( #882 ) ) GLOBAL_UNIT_ASSIGNED_CONTEXT ( ( #1859, #392, #2515 ) ) REPRESENTATION_CONTEXT ( 'NONE', 'WORKASPACE' ) );
#2467 = VECTOR ( 'NONE', #2136, 1000.000000000000000 ) ;
#2468 = CARTESIAN_POINT ( 'NONE',  ( 1.099999999999998535, 0.2799999999999998601, -1.099999999999998535 ) ) ;
#2469 = TOROIDAL_SURFACE ( 'NONE', #1262, 0.3499999999999999778, 0.05000000000000000278 ) ;
#2470 = ORIENTED_EDGE ( 'NONE', *, *, #2585, .F. ) ;
#2471 = DIRECTION ( 'NONE',  ( 0.0000000000000000000, -0.0000000000000000000, -1.000000000000000000 ) ) ;
#2472 = CARTESIAN_POINT ( 'NONE',  ( 0.8499999999999983125, 0.6800000000000000488, -0.7999999999999986011 ) ) ;
#2473 = VECTOR ( 'NONE', #866, 1000.000000000000000 ) ;
#2474 = PLANE ( 'NONE',  #667 ) ;
#2475 =( GEOMETRIC_REPRESENTATION_CONTEXT ( 3 ) GLOBAL_UNCERTAINTY_ASSIGNED_CONTEXT ( ( #1718 ) ) GLOBAL_UNIT_ASSIGNED_CONTEXT ( ( #2589, #1277, #1306 ) ) REPRESENTATION_CONTEXT ( 'NONE', 'WORKASPACE' ) );
#2476 = ORIENTED_EDGE ( 'NONE', *, *, #268, .T. ) ;
#2477 = CARTESIAN_POINT ( 'NONE',  ( 1.250000000000001110, 0.1300000000000000044, -1.249999999999999334 ) ) ;
#2478 = DIRECTION ( 'NONE',  ( 0.0000000000000000000, 0.0000000000000000000, -1.000000000000000000 ) ) ;
#2479 = EDGE_CURVE ( 'NONE', #556, #2023, #2387, .T. ) ;
#2480 = VERTEX_POINT ( 'NONE', #2201 ) ;
#2481 = CARTESIAN_POINT ( 'NONE',  ( -0.4999999999999991673, 0.0000000000000000000, 1.149999999999999911 ) ) ;
#2482 = EDGE_LOOP ( 'NONE', ( #425, #216, #855, #1420 ) ) ;
#2483 = ORIENTED_EDGE ( 'NONE', *, *, #419, .F. ) ;
#2484 = PLANE ( 'NONE',  #638 ) ;
#2485 = CARTESIAN_POINT ( 'NONE',  ( -0.9749999999999988676, 0.02000000000000000042, -0.5999999999999992006 ) ) ;
#2486 = CARTESIAN_POINT ( 'NONE',  ( 0.7999999999999971578, 0.6800000000000000488, 1.100000000000002087 ) ) ;
#2487 = CARTESIAN_POINT ( 'NONE',  ( -1.029999999999998472, 0.1300000000000000044, 1.150000000000002132 ) ) ;
#2488 = DIRECTION ( 'NONE',  ( 1.000000000000000000, 0.0000000000000000000, -0.0000000000000000000 ) ) ;
#2489 = CARTESIAN_POINT ( 'NONE',  ( 1.150000000000001243, 0.02000000000000000042, -0.7999999999999999334 ) ) ;
#2490 = LINE ( 'NONE', #1417, #1218 ) ;
#2491 = ORIENTED_EDGE ( 'NONE', *, *, #1740, .F. ) ;
#2492 = DIRECTION ( 'NONE',  ( 1.000000000000000000, 0.0000000000000000000, 0.0000000000000000000 ) ) ;
#2493 = EDGE_CURVE ( 'NONE', #1914, #2766, #470, .T. ) ;
#2494 = CARTESIAN_POINT ( 'NONE',  ( -0.4999999999999991673, 0.02000000000000000042, 1.149999999999999911 ) ) ;
#2495 = CARTESIAN_POINT ( 'NONE',  ( -1.149999999999998801, 0.02000000000000000042, -1.149999999999999911 ) ) ;
#2496 = PRESENTATION_STYLE_ASSIGNMENT (( #818 ) ) ;
#2497 = LINE ( 'NONE', #573, #1308 ) ;
#2498 = CARTESIAN_POINT ( 'NONE',  ( 0.8000000000000010436, 0.02000000000000000042, -1.149999999999999911 ) ) ;
#2499 = EDGE_LOOP ( 'NONE', ( #2243, #992 ) ) ;
#2500 = SURFACE_STYLE_FILL_AREA ( #2534 ) ;
#2501 = STYLED_ITEM ( 'NONE', ( #116 ), #183 ) ;
#2502 = DIRECTION ( 'NONE',  ( 0.0000000000000000000, 0.0000000000000000000, -1.000000000000000000 ) ) ;
#2503 = ORIENTED_EDGE ( 'NONE', *, *, #782, .T. ) ;
#2504 = DIRECTION ( 'NONE',  ( -0.0000000000000000000, -1.000000000000000000, -0.0000000000000000000 ) ) ;
#2505 = VECTOR ( 'NONE', #2099, 1000.000000000000000 ) ;
#2506 = ORIENTED_EDGE ( 'NONE', *, *, #1837, .T. ) ;
#2507 = EDGE_CURVE ( 'NONE', #1854, #509, #727, .T. ) ;
#2508 = PRESENTATION_LAYER_ASSIGNMENT (  '', '', ( #1609 ) ) ;
#2509 = CARTESIAN_POINT ( 'NONE',  ( 0.8000000000000010436, 0.02000000000000000042, -0.7999999999999999334 ) ) ;
#2510 = VECTOR ( 'NONE', #1544, 1000.000000000000000 ) ;
#2511 = DIRECTION ( 'NONE',  ( 0.0000000000000000000, -1.000000000000000000, 0.0000000000000000000 ) ) ;
#2512 = EDGE_CURVE ( 'NONE', #2289, #1743, #404, .T. ) ;
#2513 = EDGE_CURVE ( 'NONE', #2579, #1590, #311, .T. ) ;
#2514 = VECTOR ( 'NONE', #441, 1000.000000000000000 ) ;
#2515 =( NAMED_UNIT ( * ) SI_UNIT ( $, .STERADIAN. ) SOLID_ANGLE_UNIT ( ) );
#2516 = CARTESIAN_POINT ( 'NONE',  ( 0.8000000000000010436, 0.02000000000000000042, -0.7999999999999999334 ) ) ;
#2517 = MANIFOLD_SOLID_BREP ( '??-??2', #2096 ) ;
#2518 = DIRECTION ( 'NONE',  ( 1.577021341797097018E-15, -0.0000000000000000000, -1.000000000000000000 ) ) ;
#2519 = COLOUR_RGB ( '',1.000000000000000000, 0.8078431372549019773, 0.4980392156862745168 ) ;
#2520 = ORIENTED_EDGE ( 'NONE', *, *, #368, .T. ) ;
#2521 = CIRCLE ( 'NONE', #2431, 0.2999999999999999334 ) ;
#2522 = CARTESIAN_POINT ( 'NONE',  ( 0.0000000000000000000, 0.6800000000000000488, 0.8500000000000019762 ) ) ;
#2523 = AXIS2_PLACEMENT_3D ( 'NONE', #699, #52, #290 ) ;
#2524 = ORIENTED_EDGE ( 'NONE', *, *, #2726, .F. ) ;
#2525 = FACE_BOUND ( 'NONE', #2617, .T. ) ;
#2526 = CARTESIAN_POINT ( 'NONE',  ( 1.099999999999996980, 0.2799999999999998601, 0.8000000000000022649 ) ) ;
#2527 = VERTEX_POINT ( 'NONE', #2187 ) ;
#2528 = ORIENTED_EDGE ( 'NONE', *, *, #1223, .T. ) ;
#2529 = LINE ( 'NONE', #377, #1040 ) ;
#2530 = LINE ( 'NONE', #587, #899 ) ;
#2531 = CARTESIAN_POINT ( 'NONE',  ( 0.6200000000000011058, 0.6300000000000001155, -0.009999999999999592548 ) ) ;
#2532 = FILL_AREA_STYLE ('',( #2323 ) ) ;
#2533 = ADVANCED_FACE ( 'NONE', ( #328 ), #2753, .T. ) ;
#2534 = FILL_AREA_STYLE ('',( #1685 ) ) ;
#2535 = CARTESIAN_POINT ( 'NONE',  ( -1.149999999999998801, 0.02000000000000000042, -0.7999999999999999334 ) ) ;
#2536 = FACE_BOUND ( 'NONE', #287, .T. ) ;
#2537 = VERTEX_POINT ( 'NONE', #482 ) ;
#2538 = LINE ( 'NONE', #776, #2193 ) ;
#2539 = DIRECTION ( 'NONE',  ( 0.0000000000000000000, 0.0000000000000000000, 1.000000000000000000 ) ) ;
#2540 = DIRECTION ( 'NONE',  ( -1.000000000000000000, -0.0000000000000000000, -0.0000000000000000000 ) ) ;
#2541 = EDGE_CURVE ( 'NONE', #337, #1178, #964, .T. ) ;
#2542 = ORIENTED_EDGE ( 'NONE', *, *, #2372, .T. ) ;
#2543 =( NAMED_UNIT ( * ) PLANE_ANGLE_UNIT ( ) SI_UNIT ( $, .RADIAN. ) );
#2544 = CARTESIAN_POINT ( 'NONE',  ( 0.0000000000000000000, 0.02000000000000000042, 0.0000000000000000000 ) ) ;
#2545 = VERTEX_POINT ( 'NONE', #2640 ) ;
#2546 = EDGE_CURVE ( 'NONE', #2165, #1118, #110, .T. ) ;
#2547 = ADVANCED_FACE ( 'NONE', ( #298 ), #2225, .F. ) ;
#2548 = ORIENTED_EDGE ( 'NONE', *, *, #1964, .F. ) ;
#2549 = DIRECTION ( 'NONE',  ( 0.0000000000000000000, 1.000000000000000000, 0.0000000000000000000 ) ) ;
#2550 = AXIS2_PLACEMENT_3D ( 'NONE', #632, #247, #1492 ) ;
#2551 = ORIENTED_EDGE ( 'NONE', *, *, #237, .F. ) ;
#2552 = VECTOR ( 'NONE', #2518, 1000.000000000000000 ) ;
#2553 = DIRECTION ( 'NONE',  ( -0.0000000000000000000, -1.000000000000000000, -0.0000000000000000000 ) ) ;
#2554 = CARTESIAN_POINT ( 'NONE',  ( -1.249999999999998668, 0.1300000000000000044, 1.250000000000002887 ) ) ;
#2555 = VECTOR ( 'NONE', #1437, 1000.000000000000000 ) ;
#2556 = DIRECTION ( 'NONE',  ( -0.0000000000000000000, -0.0000000000000000000, 1.000000000000000000 ) ) ;
#2557 = COLOUR_RGB ( '',0.0000000000000000000, 0.5019607843137254832, 0.0000000000000000000 ) ;
#2558 = SURFACE_STYLE_USAGE ( .BOTH. , #2177 ) ;
#2559 = CARTESIAN_POINT ( 'NONE',  ( -0.8000000000000024869, 0.2799999999999998601, -0.7999999999999986011 ) ) ;
#2560 = COLOUR_RGB ( '',1.000000000000000000, 0.8078431372549019773, 0.4980392156862745168 ) ;
#2561 = ORIENTED_EDGE ( 'NONE', *, *, #2152, .F. ) ;
#2562 = FILL_AREA_STYLE ('',( #1280 ) ) ;
#2563 = AXIS2_PLACEMENT_3D ( 'NONE', #2159, #2583, #2349 ) ;
#2564 = CIRCLE ( 'NONE', #2199, 0.04999999999999991257 ) ;
#2565 = ORIENTED_EDGE ( 'NONE', *, *, #1460, .T. ) ;
#2566 = ORIENTED_EDGE ( 'NONE', *, *, #2745, .T. ) ;
#2567 = LINE ( 'NONE', #1915, #1479 ) ;
#2568 = EDGE_CURVE ( 'NONE', #2537, #2329, #98, .T. ) ;
#2569 = VECTOR ( 'NONE', #1362, 1000.000000000000000 ) ;
#2570 = VERTEX_POINT ( 'NONE', #338 ) ;
#2571 = AXIS2_PLACEMENT_3D ( 'NONE', #2685, #2626, #913 ) ;
#2572 = ADVANCED_FACE ( 'NONE', ( #2719 ), #1422, .F. ) ;
#2573 = FACE_OUTER_BOUND ( 'NONE', #277, .T. ) ;
#2574 = CARTESIAN_POINT ( 'NONE',  ( 0.7999999999999983791, 0.2300000000000000100, -1.149999999999997913 ) ) ;
#2575 = DIRECTION ( 'NONE',  ( -0.0000000000000000000, -0.0000000000000000000, 1.000000000000000000 ) ) ;
#2576 = LINE ( 'NONE', #1504, #2782 ) ;
#2577 = ORIENTED_EDGE ( 'NONE', *, *, #1257, .T. ) ;
#2578 = DIRECTION ( 'NONE',  ( 1.000000000000000000, 0.0000000000000000000, -7.744301232039316681E-17 ) ) ;
#2579 = VERTEX_POINT ( 'NONE', #994 ) ;
#2580 = ORIENTED_EDGE ( 'NONE', *, *, #1513, .F. ) ;
#2581 = ORIENTED_EDGE ( 'NONE', *, *, #2314, .F. ) ;
#2582 = EDGE_CURVE ( 'NONE', #835, #733, #1191, .T. ) ;
#2583 = DIRECTION ( 'NONE',  ( 0.0000000000000000000, -1.000000000000000000, 0.0000000000000000000 ) ) ;
#2584 = PLANE ( 'NONE',  #668 ) ;
#2585 = EDGE_CURVE ( 'NONE', #462, #633, #2046, .T. ) ;
#2586 = EDGE_CURVE ( 'NONE', #1633, #1904, #2529, .T. ) ;
#2587 = ORIENTED_EDGE ( 'NONE', *, *, #1836, .F. ) ;
#2588 = CARTESIAN_POINT ( 'NONE',  ( -0.7999999999999987121, 0.02000000000000000042, -0.7999999999999999334 ) ) ;
#2589 =( LENGTH_UNIT ( ) NAMED_UNIT ( * ) SI_UNIT ( .MILLI., .METRE. ) );
#2590 = CARTESIAN_POINT ( 'NONE',  ( 1.150000000000001243, 0.0000000000000000000, -1.149999999999999911 ) ) ;
#2591 = ORIENTED_EDGE ( 'NONE', *, *, #982, .F. ) ;
#2592 = CARTESIAN_POINT ( 'NONE',  ( -0.4999999999999989453, 0.02000000000000000042, 0.7999999999999999334 ) ) ;
#2593 = UNCERTAINTY_MEASURE_WITH_UNIT (LENGTH_MEASURE( 1.000000000000000082E-05 ), #731, 'distance_accuracy_value', 'NONE');
#2594 = ORIENTED_EDGE ( 'NONE', *, *, #2621, .T. ) ;
#2595 =( NAMED_UNIT ( * ) SI_UNIT ( $, .STERADIAN. ) SOLID_ANGLE_UNIT ( ) );
#2596 = FILL_AREA_STYLE ('',( #842 ) ) ;
#2597 = DIRECTION ( 'NONE',  ( -0.0000000000000000000, -1.000000000000000000, -0.0000000000000000000 ) ) ;
#2598 = EDGE_LOOP ( 'NONE', ( #1980, #119, #2389, #325 ) ) ;
#2599 = EDGE_CURVE ( 'NONE', #739, #1800, #2278, .T. ) ;
#2600 = DIRECTION ( 'NONE',  ( 1.000000000000000000, 0.0000000000000000000, -0.0000000000000000000 ) ) ;
#2601 =( GEOMETRIC_REPRESENTATION_CONTEXT ( 3 ) GLOBAL_UNCERTAINTY_ASSIGNED_CONTEXT ( ( #234 ) ) GLOBAL_UNIT_ASSIGNED_CONTEXT ( ( #873, #450, #640 ) ) REPRESENTATION_CONTEXT ( 'NONE', 'WORKASPACE' ) );
#2602 = AXIS2_PLACEMENT_3D ( 'NONE', #2286, #836, #2054 ) ;
#2603 = VERTEX_POINT ( 'NONE', #2705 ) ;
#2604 = DIRECTION ( 'NONE',  ( -1.734723475976807883E-15, 0.0000000000000000000, 1.000000000000000000 ) ) ;
#2605 = SURFACE_SIDE_STYLE ('',( #1129 ) ) ;
#2606 = DIRECTION ( 'NONE',  ( 0.0000000000000000000, 0.0000000000000000000, 1.000000000000000000 ) ) ;
#2607 = STYLED_ITEM ( 'NONE', ( #2496 ), #1424 ) ;
#2608 = DIRECTION ( 'NONE',  ( 0.0000000000000000000, -0.0000000000000000000, 1.000000000000000000 ) ) ;
#2609 = DIRECTION ( 'NONE',  ( -0.0000000000000000000, -1.000000000000000000, -0.0000000000000000000 ) ) ;
#2610 = AXIS2_PLACEMENT_3D ( 'NONE', #652, #2132, #1507 ) ;
#2611 = ORIENTED_EDGE ( 'NONE', *, *, #256, .F. ) ;
#2612 = VECTOR ( 'NONE', #380, 1000.000000000000000 ) ;
#2613 = ORIENTED_EDGE ( 'NONE', *, *, #2172, .T. ) ;
#2614 = VERTEX_POINT ( 'NONE', #122 ) ;
#2615 = VECTOR ( 'NONE', #1233, 1000.000000000000000 ) ;
#2616 = DIRECTION ( 'NONE',  ( 0.0000000000000000000, 1.000000000000000000, 0.0000000000000000000 ) ) ;
#2617 = EDGE_LOOP ( 'NONE', ( #693, #1842, #1046, #1403 ) ) ;
#2618 = LINE ( 'NONE', #1310, #1082 ) ;
#2619 = DIRECTION ( 'NONE',  ( 0.0000000000000000000, 0.0000000000000000000, 1.000000000000000000 ) ) ;
#2620 = ORIENTED_EDGE ( 'NONE', *, *, #1740, .T. ) ;
#2621 = EDGE_CURVE ( 'NONE', #2480, #2239, #1455, .T. ) ;
#2622 = DIRECTION ( 'NONE',  ( -0.0000000000000000000, -1.000000000000000000, 0.0000000000000000000 ) ) ;
#2623 = CARTESIAN_POINT ( 'NONE',  ( -0.4999999999999989453, 0.02000000000000000042, -0.7999999999999999334 ) ) ;
#2624 = ORIENTED_EDGE ( 'NONE', *, *, #745, .F. ) ;
#2625 = ORIENTED_EDGE ( 'NONE', *, *, #1011, .F. ) ;
#2626 = DIRECTION ( 'NONE',  ( -0.0000000000000000000, -1.000000000000000000, -0.0000000000000000000 ) ) ;
#2627 = DIRECTION ( 'NONE',  ( -0.0000000000000000000, -1.000000000000000000, -0.0000000000000000000 ) ) ;
#2628 = VERTEX_POINT ( 'NONE', #2292 ) ;
#2629 = LINE ( 'NONE', #969, #718 ) ;
#2630 = FACE_OUTER_BOUND ( 'NONE', #1540, .T. ) ;
#2631 = ORIENTED_EDGE ( 'NONE', *, *, #150, .T. ) ;
#2632 = ADVANCED_FACE ( 'NONE', ( #829 ), #2305, .F. ) ;
#2633 = FILL_AREA_STYLE ('',( #1559 ) ) ;
#2634 = LINE ( 'NONE', #2623, #1030 ) ;
#2635 = ADVANCED_FACE ( 'NONE', ( #2731 ), #2484, .F. ) ;
#2636 = CARTESIAN_POINT ( 'NONE',  ( 0.7999999999999971578, 0.6800000000000000488, 0.8000000000000020428 ) ) ;
#2637 = ORIENTED_EDGE ( 'NONE', *, *, #2128, .T. ) ;
#2638 = EDGE_LOOP ( 'NONE', ( #536, #1555, #2119, #2005, #2173, #1566 ) ) ;
#2639 = VECTOR ( 'NONE', #1630, 1000.000000000000000 ) ;
#2640 = CARTESIAN_POINT ( 'NONE',  ( 0.1500000000000008271, 0.0000000000000000000, 0.7999999999999999334 ) ) ;
#2641 = PRODUCT_CONTEXT ( 'NONE', #326, 'mechanical' ) ;
#2642 = DIRECTION ( 'NONE',  ( 0.0000000000000000000, 0.0000000000000000000, 1.000000000000000000 ) ) ;
#2643 =( GEOMETRIC_REPRESENTATION_CONTEXT ( 3 ) GLOBAL_UNCERTAINTY_ASSIGNED_CONTEXT ( ( #1971 ) ) GLOBAL_UNIT_ASSIGNED_CONTEXT ( ( #2118, #561, #605 ) ) REPRESENTATION_CONTEXT ( 'NONE', 'WORKASPACE' ) );
#2644 = EDGE_LOOP ( 'NONE', ( #2134, #2611, #567, #1716 ) ) ;
#2645 = LINE ( 'NONE', #915, #2510 ) ;
#2646 = CIRCLE ( 'NONE', #1022, 0.1199999999999999956 ) ;
#2647 = DIRECTION ( 'NONE',  ( 0.0000000000000000000, -0.0000000000000000000, -1.000000000000000000 ) ) ;
#2648 = CARTESIAN_POINT ( 'NONE',  ( 0.5000000000000012212, 0.02000000000000000042, -1.149999999999999911 ) ) ;
#2649 =( GEOMETRIC_REPRESENTATION_CONTEXT ( 3 ) GLOBAL_UNCERTAINTY_ASSIGNED_CONTEXT ( ( #1128 ) ) GLOBAL_UNIT_ASSIGNED_CONTEXT ( ( #1238, #2543, #2091 ) ) REPRESENTATION_CONTEXT ( 'NONE', 'WORKASPACE' ) );
#2650 = CYLINDRICAL_SURFACE ( 'NONE', #1750, 0.2999999999999999334 ) ;
#2651 = CIRCLE ( 'NONE', #442, 0.2500000000000000000 ) ;
#2652 =( GEOMETRIC_REPRESENTATION_CONTEXT ( 3 ) GLOBAL_UNCERTAINTY_ASSIGNED_CONTEXT ( ( #1597 ) ) GLOBAL_UNIT_ASSIGNED_CONTEXT ( ( #827, #2122, #1887 ) ) REPRESENTATION_CONTEXT ( 'NONE', 'WORKASPACE' ) );
#2653 = EDGE_CURVE ( 'NONE', #525, #242, #979, .T. ) ;
#2654 = DIRECTION ( 'NONE',  ( 0.0000000000000000000, 0.0000000000000000000, -1.000000000000000000 ) ) ;
#2655 = VERTEX_POINT ( 'NONE', #1220 ) ;
#2656 = AXIS2_PLACEMENT_3D ( 'NONE', #418, #257, #1066 ) ;
#2657 = ADVANCED_FACE ( 'NONE', ( #569 ), #1639, .T. ) ;
#2658 = VECTOR ( 'NONE', #1458, 1000.000000000000000 ) ;
#2659 = DIRECTION ( 'NONE',  ( -0.0000000000000000000, 1.000000000000000000, -0.0000000000000000000 ) ) ;
#2660 = AXIS2_PLACEMENT_3D ( 'NONE', #225, #1273, #1286 ) ;
#2661 = EDGE_LOOP ( 'NONE', ( #108, #859, #2236, #1864 ) ) ;
#2662 = DIRECTION ( 'NONE',  ( -0.0000000000000000000, -1.000000000000000000, -0.0000000000000000000 ) ) ;
#2663 = CARTESIAN_POINT ( 'NONE',  ( 0.5000000000000012212, 0.02000000000000000042, -1.149999999999999911 ) ) ;
#2664 = FACE_OUTER_BOUND ( 'NONE', #977, .T. ) ;
#2665 = CARTESIAN_POINT ( 'NONE',  ( 1.099999999999996980, 4.971269837220813059, 0.8000000000000022649 ) ) ;
#2666 = FACE_OUTER_BOUND ( 'NONE', #2227, .T. ) ;
#2667 = EDGE_LOOP ( 'NONE', ( #1586, #990, #347, #511 ) ) ;
#2668 = CARTESIAN_POINT ( 'NONE',  ( 1.030000000000001803, 0.1300000000000000044, -1.149999999999997913 ) ) ;
#2669 = EDGE_LOOP ( 'NONE', ( #2566, #192, #1012, #1480 ) ) ;
#2670 = ADVANCED_FACE ( 'NONE', ( #2059 ), #1651, .T. ) ;
#2671 = SURFACE_STYLE_USAGE ( .BOTH. , #1326 ) ;
#2672 = CYLINDRICAL_SURFACE ( 'NONE', #1921, 0.04999999999999991257 ) ;
#2673 = EDGE_CURVE ( 'NONE', #1774, #1690, #1871, .T. ) ;
#2674 = EDGE_CURVE ( 'NONE', #2014, #2211, #2255, .T. ) ;
#2675 = ORIENTED_EDGE ( 'NONE', *, *, #1208, .F. ) ;
#2676 = CARTESIAN_POINT ( 'NONE',  ( -0.7999999999999987121, 0.02000000000000000042, -0.7999999999999999334 ) ) ;
#2677 = UNCERTAINTY_MEASURE_WITH_UNIT (LENGTH_MEASURE( 1.000000000000000082E-05 ), #896, 'distance_accuracy_value', 'NONE');
#2678 = CARTESIAN_POINT ( 'NONE',  ( -1.149999999999999023, 0.02000000000000000042, 0.7999999999999999334 ) ) ;
#2679 = FACE_OUTER_BOUND ( 'NONE', #2407, .T. ) ;
#2680 = DIRECTION ( 'NONE',  ( 0.0000000000000000000, 1.000000000000000000, 0.0000000000000000000 ) ) ;
#2681 = DIRECTION ( 'NONE',  ( 0.0000000000000000000, -1.000000000000000000, 0.0000000000000000000 ) ) ;
#2682 = ORIENTED_EDGE ( 'NONE', *, *, #430, .T. ) ;
#2683 = CARTESIAN_POINT ( 'NONE',  ( 0.1500000000000008271, 0.02000000000000000042, 0.7999999999999999334 ) ) ;
#2684 = VERTEX_POINT ( 'NONE', #1893 ) ;
#2685 = CARTESIAN_POINT ( 'NONE',  ( -1.029999999999998472, 0.1300000000000000044, -1.029999999999998028 ) ) ;
#2686 = DIRECTION ( 'NONE',  ( 0.0000000000000000000, 0.0000000000000000000, 1.000000000000000000 ) ) ;
#2687 = EDGE_CURVE ( 'NONE', #1768, #2165, #2757, .T. ) ;
#2688 = VERTEX_POINT ( 'NONE', #2494 ) ;
#2689 = DIRECTION ( 'NONE',  ( -1.000000000000000000, 0.0000000000000000000, -0.0000000000000000000 ) ) ;
#2690 = VECTOR ( 'NONE', #1093, 1000.000000000000000 ) ;
#2691 = DIRECTION ( 'NONE',  ( 0.0000000000000000000, 0.0000000000000000000, 1.000000000000000000 ) ) ;
#2692 = CIRCLE ( 'NONE', #710, 0.1199999999999999956 ) ;
#2693 = EDGE_LOOP ( 'NONE', ( #2503, #2137, #1539, #881 ) ) ;
#2694 = DIRECTION ( 'NONE',  ( 0.0000000000000000000, -1.000000000000000000, 0.0000000000000000000 ) ) ;
#2695 = PRESENTATION_STYLE_ASSIGNMENT (( #1821 ) ) ;
#2696 = VECTOR ( 'NONE', #1855, 1000.000000000000000 ) ;
#2697 = VERTEX_POINT ( 'NONE', #541 ) ;
#2698 = AXIS2_PLACEMENT_3D ( 'NONE', #1297, #1524, #2608 ) ;
#2699 = DIRECTION ( 'NONE',  ( -0.0000000000000000000, -1.000000000000000000, -0.0000000000000000000 ) ) ;
#2700 = EDGE_LOOP ( 'NONE', ( #2520, #2769 ) ) ;
#2701 = AXIS2_PLACEMENT_3D ( 'NONE', #2038, #734, #113 ) ;
#2702 = ORIENTED_EDGE ( 'NONE', *, *, #852, .F. ) ;
#2703 =( GEOMETRIC_REPRESENTATION_CONTEXT ( 3 ) GLOBAL_UNCERTAINTY_ASSIGNED_CONTEXT ( ( #1294 ) ) GLOBAL_UNIT_ASSIGNED_CONTEXT ( ( #1679, #2113, #1905 ) ) REPRESENTATION_CONTEXT ( 'NONE', 'WORKASPACE' ) );
#2704 = VECTOR ( 'NONE', #949, 1000.000000000000000 ) ;
#2705 = CARTESIAN_POINT ( 'NONE',  ( 1.250000000000001332, 0.0000000000000000000, 1.250000000000002887 ) ) ;
#2706 = LINE ( 'NONE', #2485, #854 ) ;
#2707 = SURFACE_STYLE_FILL_AREA ( #1874 ) ;
#2708 = CARTESIAN_POINT ( 'NONE',  ( 0.7999999999999983791, 0.6800000000000000488, -0.8499999999999985345 ) ) ;
#2709 = VECTOR ( 'NONE', #2444, 1000.000000000000000 ) ;
#2710 = CARTESIAN_POINT ( 'NONE',  ( 0.1500000000000010492, 0.02000000000000000042, -0.7999999999999999334 ) ) ;
#2711 = VECTOR ( 'NONE', #1667, 1000.000000000000000 ) ;
#2712 = PLANE ( 'NONE',  #858 ) ;
#2713 = CARTESIAN_POINT ( 'NONE',  ( -0.8000000000000051514, 0.2300000000000000100, 1.150000000000002132 ) ) ;
#2714 = ADVANCED_FACE ( 'NONE', ( #1401 ), #1828, .F. ) ;
#2715 = ORIENTED_EDGE ( 'NONE', *, *, #237, .T. ) ;
#2716 = CYLINDRICAL_SURFACE ( 'NONE', #315, 0.04999999999999991257 ) ;
#2717 = DIRECTION ( 'NONE',  ( 0.0000000000000000000, 0.0000000000000000000, -1.000000000000000000 ) ) ;
#2718 = ORIENTED_EDGE ( 'NONE', *, *, #1483, .T. ) ;
#2719 = FACE_OUTER_BOUND ( 'NONE', #137, .T. ) ;
#2720 = CARTESIAN_POINT ( 'NONE',  ( -1.149999999999998135, 0.1300000000000000044, -1.029999999999998028 ) ) ;
#2721 = PLANE ( 'NONE',  #1255 ) ;
#2722 = CARTESIAN_POINT ( 'NONE',  ( 0.7999999999999983791, 0.6800000000000000488, -0.7999999999999986011 ) ) ;
#2723 = ORIENTED_EDGE ( 'NONE', *, *, #91, .F. ) ;
#2724 = CARTESIAN_POINT ( 'NONE',  ( -0.4999999999999989453, 0.02000000000000000042, -1.149999999999999911 ) ) ;
#2725 = CARTESIAN_POINT ( 'NONE',  ( 1.099999999999996980, 0.6800000000000000488, 0.8000000000000022649 ) ) ;
#2726 = EDGE_CURVE ( 'NONE', #8, #637, #402, .T. ) ;
#2727 = ORIENTED_EDGE ( 'NONE', *, *, #763, .T. ) ;
#2728 = FACE_BOUND ( 'NONE', #2644, .T. ) ;
#2729 = EDGE_CURVE ( 'NONE', #633, #515, #2139, .T. ) ;
#2730 = SURFACE_STYLE_FILL_AREA ( #1916 ) ;
#2731 = FACE_OUTER_BOUND ( 'NONE', #2669, .T. ) ;
#2732 = DIRECTION ( 'NONE',  ( 9.293161478447181990E-16, 0.0000000000000000000, 1.000000000000000000 ) ) ;
#2733 = CARTESIAN_POINT ( 'NONE',  ( -1.149999999999999023, 0.0000000000000000000, 1.149999999999999911 ) ) ;
#2734 = CARTESIAN_POINT ( 'NONE',  ( 0.1500000000000010492, 0.0000000000000000000, -1.149999999999999911 ) ) ;
#2735 = ORIENTED_EDGE ( 'NONE', *, *, #1094, .F. ) ;
#2736 = DIRECTION ( 'NONE',  ( 1.000000000000000000, 0.0000000000000000000, -0.0000000000000000000 ) ) ;
#2737 = PRESENTATION_STYLE_ASSIGNMENT (( #1044 ) ) ;
#2738 = CIRCLE ( 'NONE', #179, 0.04999999999999991257 ) ;
#2739 = ORIENTED_EDGE ( 'NONE', *, *, #2048, .T. ) ;
#2740 = MECHANICAL_DESIGN_GEOMETRIC_PRESENTATION_REPRESENTATION (  '', ( #1607 ), #1117 ) ;
#2741 = VERTEX_POINT ( 'NONE', #1499 ) ;
#2742 = DIRECTION ( 'NONE',  ( -0.0000000000000000000, -0.0000000000000000000, -1.000000000000000000 ) ) ;
#2743 = AXIS2_PLACEMENT_3D ( 'NONE', #341, #159, #353 ) ;
#2744 = DIRECTION ( 'NONE',  ( -0.0000000000000000000, -0.0000000000000000000, 1.000000000000000000 ) ) ;
#2745 = EDGE_CURVE ( 'NONE', #1384, #185, #646, .T. ) ;
#2746 = STYLED_ITEM ( 'NONE', ( #1707 ), #1771 ) ;
#2747 = DIRECTION ( 'NONE',  ( 0.0000000000000000000, 0.0000000000000000000, 1.000000000000000000 ) ) ;
#2748 = CARTESIAN_POINT ( 'NONE',  ( -0.1499999999999989675, 0.02000000000000000042, 1.149999999999999911 ) ) ;
#2749 = AXIS2_PLACEMENT_3D ( 'NONE', #1366, #153, #1252 ) ;
#2750 = CARTESIAN_POINT ( 'NONE',  ( 1.150000000000001688, 0.2300000000000000100, -1.149999999999997913 ) ) ;
#2751 = VECTOR ( 'NONE', #461, 1000.000000000000000 ) ;
#2752 = LINE ( 'NONE', #579, #1486 ) ;
#2753 = TOROIDAL_SURFACE ( 'NONE', #1534, 0.04999999999999996808, 0.2500000000000000000 ) ;
#2754 = ORIENTED_EDGE ( 'NONE', *, *, #1787, .F. ) ;
#2755 = DIRECTION ( 'NONE',  ( -0.0000000000000000000, -1.000000000000000000, -0.0000000000000000000 ) ) ;
#2756 = ORIENTED_EDGE ( 'NONE', *, *, #1259, .T. ) ;
#2757 = LINE ( 'NONE', #2468, #2206 ) ;
#2758 = DIRECTION ( 'NONE',  ( -0.0000000000000000000, 1.000000000000000000, -0.0000000000000000000 ) ) ;
#2759 = ADVANCED_FACE ( 'NONE', ( #2124 ), #1051, .T. ) ;
#2760 = CARTESIAN_POINT ( 'NONE',  ( 0.7999999999999971578, 0.2799999999999998601, 0.8000000000000020428 ) ) ;
#2761 = EDGE_CURVE ( 'NONE', #1578, #1291, #1441, .T. ) ;
#2762 = EDGE_CURVE ( 'NONE', #1743, #2465, #210, .T. ) ;
#2763 = DIRECTION ( 'NONE',  ( 1.000000000000000000, 0.0000000000000000000, 0.0000000000000000000 ) ) ;
#2764 = DIRECTION ( 'NONE',  ( 0.0000000000000000000, 0.0000000000000000000, -1.000000000000000000 ) ) ;
#2765 = LINE ( 'NONE', #2535, #993 ) ;
#2766 = VERTEX_POINT ( 'NONE', #2770 ) ;
#2767 = ORIENTED_EDGE ( 'NONE', *, *, #382, .T. ) ;
#2768 = LINE ( 'NONE', #1232, #1873 ) ;
#2769 = ORIENTED_EDGE ( 'NONE', *, *, #1708, .T. ) ;
#2770 = CARTESIAN_POINT ( 'NONE',  ( -1.149999999999998801, -0.0000000000000000000, -1.149999999999999911 ) ) ;
#2771 = LINE ( 'NONE', #1305, #1213 ) ;
#2772 = CARTESIAN_POINT ( 'NONE',  ( 1.150000000000001688, 0.2300000000000000100, -1.149999999999997913 ) ) ;
#2773 = SURFACE_SIDE_STYLE ('',( #1898 ) ) ;
#2774 = ADVANCED_FACE ( 'NONE', ( #438 ), #243, .T. ) ;
#2775 = VERTEX_POINT ( 'NONE', #1919 ) ;
#2776 = LINE ( 'NONE', #692, #2321 ) ;
#2777 =( NAMED_UNIT ( * ) PLANE_ANGLE_UNIT ( ) SI_UNIT ( $, .RADIAN. ) );
#2778 = ORIENTED_EDGE ( 'NONE', *, *, #903, .F. ) ;
#2779 = ORIENTED_EDGE ( 'NONE', *, *, #2507, .T. ) ;
#2780 = FACE_OUTER_BOUND ( 'NONE', #2482, .T. ) ;
#2781 = SURFACE_SIDE_STYLE ('',( #2730 ) ) ;
#2782 = VECTOR ( 'NONE', #675, 1000.000000000000000 ) ;
#2783 = VERTEX_POINT ( 'NONE', #2786 ) ;
#2784 = ORIENTED_EDGE ( 'NONE', *, *, #658, .F. ) ;
#2785 = AXIS2_PLACEMENT_3D ( 'NONE', #1270, #2121, #1647 ) ;
#2786 = CARTESIAN_POINT ( 'NONE',  ( -1.249999999999998890, 0.0000000000000000000, -1.249999999999999334 ) ) ;
#2787 = DIRECTION ( 'NONE',  ( 1.000000000000000000, 0.0000000000000000000, 0.0000000000000000000 ) ) ;
#2788 = STYLED_ITEM ( 'NONE', ( #1631 ), #1123 ) ;
#2789 = DIRECTION ( 'NONE',  ( 0.0000000000000000000, 0.0000000000000000000, 1.000000000000000000 ) ) ;
#2790 = CIRCLE ( 'NONE', #2060, 0.2500000000000000000 ) ;
ENDSEC;
END-ISO-10303-21;
